#         t          x          y          z         vx         vy         vz
      0.001     -0.630    -41.450    -27.120    -73.480   -218.630    217.070
     -0.001     -0.483    -41.012    -27.554    -73.575   -219.771    216.553
     -0.003     -0.336    -40.571    -27.986    -73.667   -220.907    216.022
     -0.005     -0.188    -40.128    -28.418    -73.756   -222.038    215.478
     -0.007     -0.041    -39.683    -28.848    -73.842   -223.163    214.919
     -0.009      0.107    -39.235    -29.277    -73.925   -224.282    214.348
     -0.011      0.255    -38.786    -29.705    -74.004   -225.394    213.762
     -0.013      0.403    -38.334    -30.132    -74.081   -226.499    213.163
     -0.015      0.551    -37.880    -30.558    -74.154   -227.597    212.551
     -0.017      0.700    -37.423    -30.983    -74.223   -228.688    211.926
     -0.019      0.848    -36.965    -31.406    -74.290   -229.771    211.288
     -0.021      0.997    -36.504    -31.828    -74.352   -230.845    210.637
     -0.023      1.146    -36.042    -32.248    -74.412   -231.910    209.973
     -0.025      1.295    -35.577    -32.668    -74.468   -232.966    209.297
     -0.027      1.444    -35.110    -33.086    -74.521   -234.013    208.608
     -0.029      1.593    -34.641    -33.502    -74.570   -235.050    207.907
     -0.031      1.742    -34.170    -33.917    -74.616   -236.077    207.195
     -0.033      1.891    -33.696    -34.331    -74.659   -237.093    206.471
     -0.035      2.040    -33.221    -34.743    -74.698   -238.099    205.735
     -0.037      2.190    -32.744    -35.154    -74.734   -239.093    204.989
     -0.039      2.339    -32.265    -35.563    -74.766   -240.075    204.232
     -0.041      2.489    -31.784    -35.971    -74.795   -241.046    203.464
     -0.043      2.639    -31.301    -36.377    -74.820   -242.004    202.686
     -0.045      2.788    -30.816    -36.781    -74.842   -242.949    201.898
     -0.047      2.938    -30.329    -37.184    -74.861   -243.882    201.101
     -0.049      3.088    -29.840    -37.586    -74.876   -244.801    200.294
     -0.051      3.237    -29.350    -37.986    -74.888   -245.707    199.479
     -0.053      3.387    -28.857    -38.384    -74.897   -246.599    198.655
     -0.055      3.537    -28.363    -38.780    -74.902   -247.476    197.823
     -0.057      3.687    -27.867    -39.175    -74.904   -248.339    196.984
     -0.059      3.837    -27.370    -39.568    -74.903   -249.188    196.137
     -0.061      3.986    -26.871    -39.960    -74.898   -250.021    195.283
     -0.063      4.136    -26.370    -40.349    -74.890   -250.839    194.423
     -0.065      4.286    -25.867    -40.737    -74.879   -251.641    193.557
     -0.067      4.436    -25.363    -41.123    -74.864   -252.428    192.685
     -0.069      4.585    -24.858    -41.508    -74.847   -253.198    191.808
     -0.071      4.735    -24.351    -41.891    -74.826   -253.953    190.926
     -0.073      4.885    -23.842    -42.272    -74.802   -254.690    190.040
     -0.075      5.034    -23.332    -42.651    -74.774   -255.411    189.150
     -0.077      5.184    -22.820    -43.028    -74.743   -256.115    188.257
     -0.079      5.333    -22.307    -43.404    -74.709   -256.801    187.360
     -0.081      5.483    -21.793    -43.778    -74.672   -257.470    186.461
     -0.083      5.632    -21.277    -44.150    -74.631   -258.122    185.560
     -0.085      5.781    -20.761    -44.520    -74.587   -258.755    184.658
     -0.087      5.930    -20.242    -44.888    -74.539   -259.371    183.754
     -0.089      6.079    -19.723    -45.255    -74.488   -259.968    182.850
     -0.091      6.228    -19.203    -45.620    -74.433   -260.547    181.945
     -0.093      6.377    -18.681    -45.983    -74.374   -261.107    181.040
     -0.095      6.526    -18.158    -46.344    -74.312   -261.648    180.135
     -0.097      6.674    -17.634    -46.703    -74.245   -262.171    179.232
     -0.099      6.823    -17.110    -47.061    -74.175   -262.674    178.329
     -0.101      6.971    -16.584    -47.417    -74.100   -263.158    177.428
     -0.103      7.119    -16.057    -47.771    -74.020   -263.622    176.528
     -0.105      7.267    -15.529    -48.123    -73.936   -264.067    175.631
     -0.107      7.415    -15.001    -48.473    -73.846   -264.492    174.735
     -0.109      7.562    -14.471    -48.822    -73.751   -264.897    173.842
     -0.111      7.710    -13.941    -49.168    -73.651   -265.282    172.951
     -0.113      7.857    -13.410    -49.513    -73.545   -265.647    172.063
     -0.115      8.004    -12.879    -49.857    -73.433   -265.993    171.177
     -0.117      8.151    -12.346    -50.198    -73.314   -266.318    170.294
     -0.119      8.297    -11.813    -50.538    -73.188   -266.624    169.413
     -0.121      8.443    -11.280    -50.876    -73.056   -266.909    168.534
     -0.123      8.589    -10.746    -51.212    -72.916   -267.176    167.657
     -0.125      8.735    -10.211    -51.546    -72.769   -267.422    166.782
     -0.127      8.881     -9.676    -51.879    -72.613   -267.650    165.908
     -0.129      9.026     -9.140    -52.210    -72.450   -267.860    165.035
     -0.131      9.170     -8.605    -52.539    -72.279   -268.051    164.163
     -0.133      9.315     -8.068    -52.867    -72.100   -268.224    163.291
     -0.135      9.459     -7.532    -53.192    -71.913   -268.380    162.419
     -0.137      9.602     -6.995    -53.516    -71.718   -268.520    161.546
     -0.139      9.746     -6.458    -53.839    -71.515   -268.643    160.673
     -0.141      9.888     -5.920    -54.159    -71.305   -268.752    159.799
     -0.143     10.031     -5.383    -54.478    -71.087   -268.846    158.923
     -0.145     10.173     -4.845    -54.795    -70.863   -268.926    158.046
     -0.147     10.314     -4.307    -55.110    -70.632   -268.993    157.167
     -0.149     10.455     -3.769    -55.423    -70.395   -269.048    156.287
     -0.151     10.596     -3.231    -55.735    -70.152   -269.092    155.404
     -0.153     10.736     -2.693    -56.045    -69.905   -269.125    154.520
     -0.155     10.875     -2.154    -56.353    -69.652   -269.147    153.634
     -0.157     11.014     -1.616    -56.660    -69.396   -269.160    152.747
     -0.159     11.153     -1.078    -56.964    -69.137   -269.164    151.858
     -0.161     11.291     -0.539    -57.267    -68.875   -269.160    150.969
     -0.163     11.429     -0.001    -57.568    -68.610   -269.147    150.078
     -0.165     11.565      0.537    -57.867    -68.343   -269.127    149.188
     -0.167     11.702      1.075    -58.165    -68.075   -269.100    148.297
     -0.169     11.838      1.614    -58.461    -67.806   -269.066    147.407
     -0.171     11.973      2.152    -58.754    -67.536   -269.026    146.518
     -0.173     12.108      2.690    -59.047    -67.265   -268.979    145.629
     -0.175     12.242      3.228    -59.337    -66.995   -268.927    144.742
     -0.177     12.376      3.765    -59.626    -66.725   -268.869    143.857
     -0.179     12.509      4.303    -59.912    -66.455   -268.805    142.974
     -0.181     12.642      4.841    -60.197    -66.186   -268.735    142.093
     -0.183     12.774      5.378    -60.481    -65.918   -268.661    141.215
     -0.185     12.905      5.915    -60.762    -65.651   -268.581    140.340
     -0.187     13.036      6.452    -61.042    -65.385   -268.497    139.468
     -0.189     13.167      6.989    -61.320    -65.121   -268.408    138.600
     -0.191     13.297      7.526    -61.597    -64.858   -268.313    137.736
     -0.193     13.426      8.063    -61.871    -64.596   -268.215    136.876
     -0.195     13.555      8.599    -62.144    -64.336   -268.111    136.020
     -0.197     13.684      9.135    -62.415    -64.078   -268.003    135.168
     -0.199     13.812      9.671    -62.685    -63.822   -267.891    134.321
     -0.201     13.939     10.207    -62.953    -63.567   -267.775    133.479
     -0.203     14.066     10.742    -63.219    -63.315   -267.654    132.642
     -0.205     14.192     11.277    -63.483    -63.064   -267.529    131.809
     -0.207     14.318     11.812    -63.746    -62.815   -267.400    130.982
     -0.209     14.444     12.347    -64.007    -62.568   -267.266    130.160
     -0.211     14.568     12.881    -64.267    -62.322   -267.129    129.344
     -0.213     14.693     13.415    -64.524    -62.079   -266.988    128.533
     -0.215     14.817     13.949    -64.781    -61.838   -266.844    127.727
     -0.217     14.940     14.483    -65.035    -61.598   -266.695    126.927
     -0.219     15.063     15.016    -65.288    -61.361   -266.543    126.133
     -0.221     15.186     15.549    -65.540    -61.125   -266.387    125.344
     -0.223     15.308     16.081    -65.790    -60.891   -266.228    124.561
     -0.225     15.429     16.614    -66.038    -60.659   -266.065    123.784
     -0.227     15.550     17.146    -66.285    -60.429   -265.899    123.012
     -0.229     15.671     17.677    -66.530    -60.201   -265.729    122.247
     -0.231     15.791     18.209    -66.774    -59.974   -265.556    121.487
     -0.233     15.911     18.740    -67.016    -59.750   -265.380    120.733
     -0.235     16.030     19.270    -67.257    -59.527   -265.201    119.984
     -0.237     16.149     19.800    -67.496    -59.306   -265.019    119.242
     -0.239     16.267     20.330    -67.734    -59.086   -264.834    118.505
     -0.241     16.385     20.860    -67.970    -58.869   -264.646    117.774
     -0.243     16.503     21.389    -68.205    -58.653   -264.455    117.049
     -0.245     16.620     21.917    -68.438    -58.439   -264.262    116.330
     -0.247     16.737     22.446    -68.670    -58.226   -264.066    115.616
     -0.249     16.853     22.974    -68.901    -58.015   -263.867    114.908
     -0.251     16.969     23.501    -69.130    -57.806   -263.665    114.206
     -0.253     17.084     24.028    -69.358    -57.599   -263.462    113.510
     -0.255     17.199     24.555    -69.584    -57.393   -263.255    112.819
     -0.257     17.314     25.081    -69.809    -57.188   -263.046    112.134
     -0.259     17.428     25.607    -70.032    -56.986   -262.836    111.454
     -0.261     17.541     26.133    -70.255    -56.785   -262.622    110.780
     -0.263     17.655     26.658    -70.476    -56.585   -262.407    110.112
     -0.265     17.768     27.182    -70.695    -56.387   -262.189    109.449
     -0.267     17.880     27.707    -70.913    -56.190   -261.970    108.791
     -0.269     17.993     28.230    -71.130    -55.995   -261.748    108.139
     -0.271     18.104     28.754    -71.346    -55.801   -261.525    107.493
     -0.273     18.216     29.276    -71.560    -55.609   -261.299    106.851
     -0.275     18.327     29.799    -71.773    -55.418   -261.072    106.215
     -0.277     18.437     30.321    -71.985    -55.229   -260.843    105.585
     -0.279     18.548     30.842    -72.196    -55.041   -260.613    104.959
     -0.281     18.658     31.363    -72.405    -54.855   -260.380    104.339
     -0.283     18.767     31.884    -72.613    -54.670   -260.146    103.724
     -0.285     18.876     32.404    -72.820    -54.486   -259.911    103.114
     -0.287     18.985     32.923    -73.026    -54.303   -259.674    102.509
     -0.289     19.094     33.442    -73.230    -54.122   -259.435    101.909
     -0.291     19.202     33.961    -73.433    -53.943   -259.195    101.314
     -0.293     19.309     34.479    -73.635    -53.764   -258.954    100.724
     -0.295     19.417     34.997    -73.836    -53.587   -258.712    100.139
     -0.297     19.524     35.514    -74.036    -53.411   -258.468     99.559
     -0.299     19.630     36.031    -74.234    -53.237   -258.223     98.984
     -0.301     19.737     36.547    -74.432    -53.063   -257.977     98.413
     -0.303     19.843     37.063    -74.628    -52.891   -257.729     97.847
     -0.305     19.948     37.578    -74.823    -52.720   -257.481     97.286
     -0.307     20.053     38.092    -75.017    -52.551   -257.231     96.730
     -0.309     20.158     38.607    -75.210    -52.382   -256.981     96.178
     -0.311     20.263     39.120    -75.402    -52.215   -256.729     95.630
     -0.313     20.367     39.634    -75.593    -52.049   -256.477     95.087
     -0.315     20.471     40.146    -75.782    -51.884   -256.223     94.549
     -0.317     20.575     40.659    -75.971    -51.720   -255.969     94.015
     -0.319     20.678     41.170    -76.158    -51.557   -255.714     93.485
     -0.321     20.781     41.681    -76.345    -51.396   -255.459     92.960
     -0.323     20.884     42.192    -76.530    -51.236   -255.202     92.439
     -0.325     20.986     42.702    -76.714    -51.076   -254.945     91.923
     -0.327     21.088     43.212    -76.898    -50.918   -254.687     91.410
     -0.329     21.190     43.721    -77.080    -50.761   -254.428     90.902
     -0.331     21.291     44.230    -77.261    -50.605   -254.169     90.398
     -0.333     21.392     44.738    -77.442    -50.450   -253.909     89.898
     -0.335     21.493     45.245    -77.621    -50.296   -253.649     89.402
     -0.337     21.593     45.752    -77.799    -50.143   -253.388     88.910
     -0.339     21.693     46.259    -77.977    -49.991   -253.126     88.422
     -0.341     21.793     46.765    -78.153    -49.841   -252.864     87.938
     -0.343     21.893     47.270    -78.328    -49.691   -252.602     87.458
     -0.345     21.992     47.775    -78.503    -49.542   -252.339     86.981
     -0.347     22.091     48.280    -78.676    -49.394   -252.076     86.509
     -0.349     22.190     48.783    -78.849    -49.247   -251.812     86.040
     -0.351     22.288     49.287    -79.020    -49.101   -251.548     85.575
     -0.353     22.386     49.790    -79.191    -48.957   -251.284     85.114
     -0.355     22.484     50.292    -79.361    -48.813   -251.020     84.656
     -0.357     22.581     50.794    -79.530    -48.670   -250.755     84.203
     -0.359     22.678     51.295    -79.698    -48.528   -250.490     83.752
     -0.361     22.775     51.796    -79.865    -48.386   -250.224     83.305
     -0.363     22.872     52.296    -80.031    -48.246   -249.959     82.862
     -0.365     22.968     52.795    -80.196    -48.107   -249.693     82.422
     -0.367     23.064     53.295    -80.361    -47.968   -249.427     81.986
     -0.369     23.160     53.793    -80.524    -47.831   -249.161     81.553
     -0.371     23.256     54.291    -80.687    -47.694   -248.895     81.124
     -0.373     23.351     54.789    -80.849    -47.558   -248.628     80.697
     -0.375     23.446     55.286    -81.010    -47.424   -248.362     80.275
     -0.377     23.541     55.782    -81.170    -47.290   -248.095     79.855
     -0.379     23.635     56.278    -81.329    -47.156   -247.829     79.439
     -0.381     23.729     56.774    -81.488    -47.024   -247.562     79.025
     -0.383     23.823     57.268    -81.645    -46.892   -247.295     78.615
     -0.385     23.917     57.763    -81.802    -46.762   -247.029     78.209
     -0.387     24.010     58.256    -81.958    -46.632   -246.762     77.805
     -0.389     24.103     58.750    -82.113    -46.503   -246.495     77.404
     -0.391     24.196     59.242    -82.268    -46.374   -246.229     77.007
     -0.393     24.289     59.735    -82.421    -46.247   -245.962     76.612
     -0.395     24.381     60.226    -82.574    -46.120   -245.695     76.221
     -0.397     24.473     60.717    -82.726    -45.994   -245.429     75.832
     -0.399     24.565     61.208    -82.877    -45.869   -245.162     75.447
     -0.401     24.657     61.698    -83.028    -45.745   -244.896     75.064
     -0.403     24.748     62.188    -83.178    -45.621   -244.630     74.684
     -0.405     24.839     62.677    -83.327    -45.498   -244.364     74.307
     -0.407     24.930     63.165    -83.475    -45.376   -244.098     73.933
     -0.409     25.021     63.653    -83.622    -45.255   -243.832     73.561
     -0.411     25.111     64.140    -83.769    -45.134   -243.566     73.193
     -0.413     25.201     64.627    -83.915    -45.014   -243.301     72.827
     -0.415     25.291     65.114    -84.060    -44.895   -243.035     72.463
     -0.417     25.381     65.599    -84.205    -44.776   -242.770     72.103
     -0.419     25.470     66.085    -84.349    -44.659   -242.505     71.745
     -0.421     25.560     66.569    -84.492    -44.541   -242.240     71.390
     -0.423     25.649     67.054    -84.634    -44.425   -241.976     71.037
     -0.425     25.737     67.537    -84.776    -44.309   -241.712     70.687
     -0.427     25.826     68.020    -84.917    -44.194   -241.447     70.339
     -0.429     25.914     68.503    -85.058    -44.080   -241.184     69.994
     -0.431     26.002     68.985    -85.197    -43.966   -240.920     69.652
     -0.433     26.090     69.467    -85.336    -43.853   -240.657     69.312
     -0.435     26.178     69.948    -85.474    -43.741   -240.393     68.974
     -0.437     26.265     70.428    -85.612    -43.629   -240.131     68.639
     -0.439     26.352     70.908    -85.749    -43.518   -239.868     68.306
     -0.441     26.439     71.388    -85.885    -43.407   -239.606     67.976
     -0.443     26.526     71.867    -86.021    -43.298   -239.344     67.648
     -0.445     26.612     72.345    -86.156    -43.188   -239.082     67.322
     -0.447     26.698     72.823    -86.290    -43.080   -238.821     66.999
     -0.449     26.784     73.301    -86.424    -42.972   -238.560     66.678
     -0.451     26.870     73.777    -86.557    -42.865   -238.299     66.359
     -0.453     26.956     74.254    -86.689    -42.758   -238.039     66.042
     -0.455     27.041     74.730    -86.821    -42.652   -237.779     65.728
     -0.457     27.127     75.205    -86.952    -42.547   -237.519     65.416
     -0.459     27.212     75.680    -87.083    -42.442   -237.260     65.107
     -0.461     27.296     76.154    -87.213    -42.338   -237.001     64.799
     -0.463     27.381     76.628    -87.342    -42.235   -236.742     64.494
     -0.465     27.465     77.101    -87.471    -42.132   -236.484     64.190
     -0.467     27.549     77.574    -87.599    -42.030   -236.226     63.889
     -0.469     27.633     78.046    -87.726    -41.928   -235.969     63.590
     -0.471     27.717     78.517    -87.853    -41.827   -235.712     63.293
     -0.473     27.801     78.989    -87.979    -41.726   -235.455     62.998
     -0.475     27.884     79.459    -88.105    -41.626   -235.199     62.706
     -0.477     27.967     79.929    -88.230    -41.527   -234.943     62.415
     -0.479     28.050     80.399    -88.355    -41.428   -234.687     62.126
     -0.481     28.133     80.868    -88.479    -41.330   -234.432     61.839
     -0.483     28.215     81.337    -88.602    -41.232   -234.177     61.554
     -0.485     28.298     81.805    -88.725    -41.135   -233.923     61.271
     -0.487     28.380     82.272    -88.847    -41.038   -233.669     60.990
     -0.489     28.462     82.740    -88.969    -40.942   -233.416     60.711
     -0.491     28.544     83.206    -89.090    -40.846   -233.163     60.434
     -0.493     28.625     83.672    -89.211    -40.751   -232.910     60.159
     -0.495     28.707     84.138    -89.331    -40.656   -232.658     59.885
     -0.497     28.788     84.603    -89.450    -40.562   -232.406     59.613
     -0.499     28.869     85.067    -89.569    -40.469   -232.154     59.344
     -0.501     28.950     85.531    -89.688    -40.376   -231.903     59.076
     -0.503     29.031     85.995    -89.805    -40.283   -231.653     58.809
     -0.505     29.111     86.458    -89.923    -40.191   -231.403     58.545
     -0.507     29.191     86.921    -90.040    -40.100   -231.153     58.282
     -0.509     29.271     87.383    -90.156    -40.009   -230.904     58.021
     -0.511     29.351     87.844    -90.272    -39.918   -230.655     57.762
     -0.513     29.431     88.305    -90.387    -39.828   -230.406     57.504
     -0.515     29.511     88.766    -90.502    -39.738   -230.158     57.248
     -0.517     29.590     89.226    -90.616    -39.649   -229.911     56.994
     -0.519     29.669     89.685    -90.730    -39.561   -229.664     56.741
     -0.521     29.748     90.145    -90.843    -39.472   -229.417     56.491
     -0.523     29.827     90.603    -90.956    -39.385   -229.171     56.241
     -0.525     29.906     91.061    -91.068    -39.297   -228.925     55.994
     -0.527     29.984     91.519    -91.180    -39.210   -228.680     55.747
     -0.529     30.063     91.976    -91.291    -39.124   -228.435     55.503
     -0.531     30.141     92.433    -91.402    -39.038   -228.191     55.260
     -0.533     30.219     92.889    -91.512    -38.953   -227.947     55.019
     -0.535     30.297     93.344    -91.622    -38.868   -227.704     54.779
     -0.537     30.374     93.800    -91.731    -38.783   -227.461     54.540
     -0.539     30.452     94.254    -91.840    -38.699   -227.218     54.304
     -0.541     30.529     94.708    -91.948    -38.615   -226.976     54.068
     -0.543     30.606     95.162    -92.056    -38.532   -226.734     53.834
     -0.545     30.683     95.615    -92.164    -38.449   -226.493     53.602
     -0.547     30.760     96.068    -92.271    -38.366   -226.253     53.371
     -0.549     30.837     96.520    -92.377    -38.284   -226.012     53.142
     -0.551     30.913     96.972    -92.483    -38.202   -225.773     52.913
     -0.553     30.989     97.423    -92.589    -38.121   -225.533     52.687
     -0.555     31.066     97.874    -92.694    -38.040   -225.294     52.462
     -0.557     31.142     98.325    -92.799    -37.959   -225.056     52.238
     -0.559     31.217     98.775    -92.903    -37.879   -224.818     52.015
     -0.561     31.293     99.224    -93.007    -37.800   -224.581     51.794
     -0.563     31.369     99.673    -93.110    -37.720   -224.344     51.575
     -0.565     31.444    100.121    -93.213    -37.641   -224.107     51.356
     -0.567     31.519    100.569    -93.315    -37.563   -223.871     51.139
     -0.569     31.594    101.017    -93.417    -37.485   -223.635     50.923
     -0.571     31.669    101.464    -93.519    -37.407   -223.400     50.709
     -0.573     31.744    101.910    -93.620    -37.329   -223.166     50.496
     -0.575     31.818    102.356    -93.721    -37.252   -222.931     50.284
     -0.577     31.893    102.802    -93.821    -37.176   -222.698     50.073
     -0.579     31.967    103.247    -93.921    -37.099   -222.464     49.864
     -0.581     32.041    103.692    -94.021    -37.023   -222.232     49.656
     -0.583     32.115    104.136    -94.120    -36.948   -221.999     49.449
     -0.585     32.189    104.580    -94.219    -36.872   -221.767     49.244
     -0.587     32.263    105.023    -94.317    -36.797   -221.536     49.039
     -0.589     32.336    105.466    -94.415    -36.723   -221.305     48.836
     -0.591     32.410    105.908    -94.512    -36.649   -221.075     48.634
     -0.593     32.483    106.350    -94.609    -36.575   -220.845     48.434
     -0.595     32.556    106.792    -94.706    -36.501   -220.615     48.234
     -0.597     32.629    107.233    -94.802    -36.428   -220.386     48.036
     -0.599     32.702    107.673    -94.898    -36.355   -220.157     47.838
     -0.601     32.774    108.113    -94.994    -36.283   -219.929     47.642
     -0.603     32.847    108.553    -95.089    -36.211   -219.702     47.447
     -0.605     32.919    108.992    -95.184    -36.139   -219.474     47.254
     -0.607     32.991    109.431    -95.278    -36.067   -219.248     47.061
     -0.609     33.063    109.869    -95.372    -35.996   -219.021     46.869
     -0.611     33.135    110.307    -95.465    -35.925   -218.795     46.679
     -0.613     33.207    110.744    -95.558    -35.855   -218.570     46.490
     -0.615     33.279    111.181    -95.651    -35.784   -218.345     46.301
     -0.617     33.350    111.618    -95.744    -35.714   -218.121     46.114
     -0.619     33.422    112.054    -95.836    -35.645   -217.897     45.928
     -0.621     33.493    112.489    -95.927    -35.575   -217.673     45.743
     -0.623     33.564    112.925    -96.019    -35.506   -217.450     45.559
     -0.625     33.635    113.359    -96.110    -35.438   -217.227     45.376
     -0.627     33.706    113.793    -96.200    -35.369   -217.005     45.194
     -0.629     33.776    114.227    -96.290    -35.301   -216.783     45.013
     -0.631     33.847    114.661    -96.380    -35.234   -216.562     44.833
     -0.633     33.917    115.093    -96.470    -35.166   -216.341     44.654
     -0.635     33.988    115.526    -96.559    -35.099   -216.121     44.477
     -0.637     34.058    115.958    -96.648    -35.032   -215.901     44.300
     -0.639     34.128    116.390    -96.736    -34.965   -215.682     44.124
     -0.641     34.198    116.821    -96.824    -34.899   -215.463     43.949
     -0.643     34.267    117.251    -96.912    -34.833   -215.244     43.775
     -0.645     34.337    117.682    -96.999    -34.767   -215.026     43.602
     -0.647     34.406    118.112    -97.086    -34.702   -214.808     43.430
     -0.649     34.476    118.541    -97.173    -34.637   -214.591     43.259
     -0.651     34.545    118.970    -97.259    -34.572   -214.374     43.089
     -0.653     34.614    119.398    -97.345    -34.507   -214.158     42.919
     -0.655     34.683    119.827    -97.431    -34.443   -213.942     42.751
     -0.657     34.752    120.254    -97.516    -34.379   -213.727     42.584
     -0.659     34.820    120.681    -97.601    -34.315   -213.512     42.417
     -0.661     34.889    121.108    -97.686    -34.251   -213.297     42.252
     -0.663     34.957    121.535    -97.770    -34.188   -213.083     42.087
     -0.665     35.026    121.961    -97.854    -34.125   -212.869     41.923
     -0.667     35.094    122.386    -97.938    -34.062   -212.656     41.760
     -0.669     35.162    122.811    -98.021    -34.000   -212.444     41.598
     -0.671     35.230    123.236    -98.104    -33.938   -212.231     41.437
     -0.673     35.298    123.660    -98.187    -33.876   -212.019     41.277
     -0.675     35.365    124.084    -98.270    -33.814   -211.808     41.117
     -0.677     35.433    124.507    -98.352    -33.752   -211.597     40.959
     -0.679     35.500    124.930    -98.433    -33.691   -211.386     40.801
     -0.681     35.568    125.353    -98.515    -33.630   -211.176     40.644
     -0.683     35.635    125.775    -98.596    -33.569   -210.966     40.488
     -0.685     35.702    126.197    -98.677    -33.509   -210.757     40.333
     -0.687     35.769    126.618    -98.757    -33.449   -210.548     40.178
     -0.689     35.836    127.039    -98.837    -33.389   -210.340     40.025
     -0.691     35.903    127.459    -98.917    -33.329   -210.132     39.872
     -0.693     35.969    127.879    -98.997    -33.270   -209.924     39.720
     -0.695     36.036    128.299    -99.076    -33.210   -209.717     39.569
     -0.697     36.102    128.718    -99.155    -33.151   -209.510     39.418
     -0.699     36.168    129.137    -99.234    -33.093   -209.304     39.269
     -0.701     36.234    129.556    -99.312    -33.034   -209.098     39.120
     -0.703     36.300    129.974    -99.390    -32.976   -208.893     38.972
     -0.705     36.366    130.391    -99.468    -32.918   -208.688     38.824
     -0.707     36.432    130.808    -99.546    -32.860   -208.483     38.678
     -0.709     36.498    131.225    -99.623    -32.802   -208.279     38.532
     -0.711     36.563    131.641    -99.700    -32.745   -208.075     38.387
     -0.713     36.629    132.057    -99.776    -32.688   -207.872     38.242
     -0.715     36.694    132.473    -99.853    -32.631   -207.669     38.099
     -0.717     36.759    132.888    -99.929    -32.574   -207.466     37.956
     -0.719     36.824    133.303   -100.005    -32.517   -207.264     37.814
     -0.721     36.889    133.717   -100.080    -32.461   -207.062     37.672
     -0.723     36.954    134.131   -100.155    -32.405   -206.861     37.531
     -0.725     37.019    134.545   -100.230    -32.349   -206.660     37.391
     -0.727     37.084    134.958   -100.305    -32.294   -206.460     37.252
     -0.729     37.148    135.370   -100.379    -32.238   -206.260     37.113
     -0.731     37.212    135.783   -100.453    -32.183   -206.060     36.976
     -0.733     37.277    136.195   -100.527    -32.128   -205.861     36.838
     -0.735     37.341    136.606   -100.601    -32.073   -205.662     36.702
     -0.737     37.405    137.017   -100.674    -32.018   -205.463     36.566
     -0.739     37.469    137.428   -100.747    -31.964   -205.265     36.431
     -0.741     37.533    137.838   -100.820    -31.910   -205.068     36.296
     -0.743     37.597    138.248   -100.892    -31.856   -204.870     36.162
     -0.745     37.660    138.658   -100.964    -31.802   -204.673     36.029
     -0.747     37.724    139.067   -101.036    -31.749   -204.477     35.897
     -0.749     37.787    139.476   -101.108    -31.695   -204.281     35.765
     -0.751     37.851    139.884   -101.179    -31.642   -204.085     35.633
     -0.753     37.914    140.292   -101.250    -31.589   -203.890     35.503
     -0.755     37.977    140.700   -101.321    -31.536   -203.695     35.373
     -0.757     38.040    141.107   -101.392    -31.484   -203.501     35.243
     -0.759     38.103    141.514   -101.462    -31.431   -203.307     35.115
     -0.761     38.166    141.920   -101.532    -31.379   -203.113     34.987
     -0.763     38.229    142.326   -101.602    -31.327   -202.919     34.859
     -0.765     38.291    142.732   -101.672    -31.275   -202.727     34.732
     -0.767     38.354    143.137   -101.741    -31.224   -202.534     34.606
     -0.769     38.416    143.542   -101.810    -31.172   -202.342     34.480
     -0.771     38.478    143.946   -101.879    -31.121   -202.150     34.355
     -0.773     38.540    144.350   -101.948    -31.070   -201.959     34.231
     -0.775     38.603    144.754   -102.016    -31.019   -201.768     34.107
     -0.777     38.665    145.158   -102.084    -30.969   -201.577     33.984
     -0.779     38.726    145.561   -102.152    -30.918   -201.387     33.861
     -0.781     38.788    145.963   -102.220    -30.868   -201.197     33.739
     -0.783     38.850    146.365   -102.287    -30.818   -201.007     33.618
     -0.785     38.912    146.767   -102.354    -30.768   -200.818     33.497
     -0.787     38.973    147.169   -102.421    -30.718   -200.629     33.376
     -0.789     39.034    147.570   -102.488    -30.668   -200.441     33.256
     -0.791     39.096    147.970   -102.554    -30.619   -200.253     33.137
     -0.793     39.157    148.371   -102.620    -30.570   -200.065     33.019
     -0.795     39.218    148.771   -102.686    -30.520   -199.878     32.900
     -0.797     39.279    149.170   -102.752    -30.472   -199.691     32.783
     -0.799     39.340    149.569   -102.817    -30.423   -199.505     32.666
     -0.801     39.401    149.968   -102.882    -30.374   -199.319     32.549
     -0.803     39.461    150.367   -102.947    -30.326   -199.133     32.433
     -0.805     39.522    150.765   -103.012    -30.278   -198.947     32.318
     -0.807     39.582    151.162   -103.077    -30.230   -198.762     32.203
     -0.809     39.643    151.560   -103.141    -30.182   -198.578     32.089
     -0.811     39.703    151.957   -103.205    -30.134   -198.393     31.975
     -0.813     39.763    152.353   -103.269    -30.086   -198.209     31.862
     -0.815     39.824    152.750   -103.332    -30.039   -198.026     31.749
     -0.817     39.884    153.145   -103.396    -29.992   -197.842     31.637
     -0.819     39.943    153.541   -103.459    -29.945   -197.659     31.525
     -0.821     40.003    153.936   -103.522    -29.898   -197.477     31.414
     -0.823     40.063    154.331   -103.585    -29.851   -197.295     31.303
     -0.825     40.123    154.725   -103.647    -29.805   -197.113     31.193
     -0.827     40.182    155.119   -103.709    -29.758   -196.931     31.083
     -0.829     40.242    155.513   -103.771    -29.712   -196.750     30.974
     -0.831     40.301    155.906   -103.833    -29.666   -196.569     30.865
     -0.833     40.360    156.299   -103.895    -29.620   -196.389     30.757
     -0.835     40.420    156.692   -103.956    -29.574   -196.209     30.649
     -0.837     40.479    157.084   -104.018    -29.528   -196.029     30.542
     -0.839     40.538    157.476   -104.078    -29.483   -195.850     30.435
     -0.841     40.597    157.868   -104.139    -29.437   -195.671     30.329
     -0.843     40.655    158.259   -104.200    -29.392   -195.492     30.223
     -0.845     40.714    158.649   -104.260    -29.347   -195.313     30.118
     -0.847     40.773    159.040   -104.320    -29.302   -195.135     30.013
     -0.849     40.831    159.430   -104.380    -29.258   -194.958     29.908
     -0.851     40.890    159.820   -104.440    -29.213   -194.780     29.804
     -0.853     40.948    160.209   -104.499    -29.169   -194.603     29.701
     -0.855     41.007    160.598   -104.559    -29.124   -194.427     29.598
     -0.857     41.065    160.987   -104.618    -29.080   -194.250     29.495
     -0.859     41.123    161.375   -104.677    -29.036   -194.074     29.393
     -0.861     41.181    161.763   -104.735    -28.992   -193.899     29.291
     -0.863     41.239    162.151   -104.794    -28.949   -193.723     29.190
     -0.865     41.297    162.538   -104.852    -28.905   -193.548     29.089
     -0.867     41.354    162.925   -104.910    -28.861   -193.374     28.989
     -0.869     41.412    163.312   -104.968    -28.818   -193.199     28.889
     -0.871     41.470    163.698   -105.026    -28.775   -193.025     28.789
     -0.873     41.527    164.084   -105.083    -28.732   -192.851     28.690
     -0.875     41.585    164.469   -105.141    -28.689   -192.678     28.592
     -0.877     41.642    164.854   -105.198    -28.646   -192.505     28.494
     -0.879     41.699    165.239   -105.255    -28.604   -192.332     28.396
     -0.881     41.756    165.624   -105.311    -28.561   -192.160     28.298
     -0.883     41.814    166.008   -105.368    -28.519   -191.988     28.201
     -0.885     41.871    166.392   -105.424    -28.477   -191.816     28.105
     -0.887     41.927    166.775   -105.480    -28.435   -191.645     28.009
     -0.889     41.984    167.158   -105.536    -28.393   -191.474     27.913
     -0.891     42.041    167.541   -105.592    -28.351   -191.303     27.818
     -0.893     42.098    167.923   -105.647    -28.309   -191.132     27.723
     -0.895     42.154    168.306   -105.703    -28.268   -190.962     27.628
     -0.897     42.211    168.687   -105.758    -28.226   -190.792     27.534
     -0.899     42.267    169.069   -105.813    -28.185   -190.623     27.441
     -0.901     42.323    169.450   -105.868    -28.144   -190.454     27.347
     -0.903     42.380    169.830   -105.922    -28.103   -190.285     27.254
     -0.905     42.436    170.211   -105.977    -28.062   -190.116     27.162
     -0.907     42.492    170.591   -106.031    -28.021   -189.948     27.070
     -0.909     42.548    170.971   -106.085    -27.981   -189.780     26.978
     -0.911     42.604    171.350   -106.139    -27.940   -189.612     26.887
     -0.913     42.660    171.729   -106.192    -27.900   -189.445     26.796
     -0.915     42.715    172.108   -106.246    -27.860   -189.278     26.705
     -0.917     42.771    172.486   -106.299    -27.819   -189.111     26.615
     -0.919     42.827    172.864   -106.352    -27.779   -188.945     26.525
     -0.921     42.882    173.242   -106.405    -27.740   -188.778     26.436
     -0.923     42.938    173.619   -106.458    -27.700   -188.613     26.346
     -0.925     42.993    173.996   -106.511    -27.660   -188.447     26.258
     -0.927     43.048    174.373   -106.563    -27.621   -188.282     26.169
     -0.929     43.104    174.750   -106.615    -27.581   -188.117     26.081
     -0.931     43.159    175.126   -106.667    -27.542   -187.952     25.994
     -0.933     43.214    175.501   -106.719    -27.503   -187.788     25.906
     -0.935     43.269    175.877   -106.771    -27.464   -187.624     25.820
     -0.937     43.324    176.252   -106.823    -27.425   -187.460     25.733
     -0.939     43.378    176.627   -106.874    -27.386   -187.297     25.647
     -0.941     43.433    177.001   -106.925    -27.347   -187.134     25.561
     -0.943     43.488    177.375   -106.976    -27.309   -186.971     25.475
     -0.945     43.542    177.749   -107.027    -27.270   -186.808     25.390
     -0.947     43.597    178.122   -107.078    -27.232   -186.646     25.305
     -0.949     43.651    178.496   -107.128    -27.194   -186.484     25.221
     -0.951     43.706    178.868   -107.179    -27.156   -186.322     25.137
     -0.953     43.760    179.241   -107.229    -27.117   -186.161     25.053
     -0.955     43.814    179.613   -107.279    -27.080   -186.000     24.970
     -0.957     43.868    179.985   -107.329    -27.042   -185.839     24.887
     -0.959     43.922    180.356   -107.379    -27.004   -185.678     24.804
     -0.961     43.976    180.728   -107.428    -26.967   -185.518     24.721
     -0.963     44.030    181.098   -107.477    -26.929   -185.358     24.639
     -0.965     44.084    181.469   -107.527    -26.892   -185.198     24.557
     -0.967     44.138    181.839   -107.576    -26.855   -185.039     24.476
     -0.969     44.191    182.209   -107.624    -26.817   -184.880     24.395
     -0.971     44.245    182.579   -107.673    -26.780   -184.721     24.314
     -0.973     44.299    182.948   -107.722    -26.744   -184.563     24.234
     -0.975     44.352    183.317   -107.770    -26.707   -184.404     24.153
     -0.977     44.405    183.686   -107.818    -26.670   -184.246     24.073
     -0.979     44.459    184.054   -107.866    -26.633   -184.089     23.994
     -0.981     44.512    184.422   -107.914    -26.597   -183.931     23.915
     -0.983     44.565    184.790   -107.962    -26.561   -183.774     23.836
     -0.985     44.618    185.157   -108.010    -26.524   -183.617     23.757
     -0.987     44.671    185.524   -108.057    -26.488   -183.460     23.679
     -0.989     44.724    185.891   -108.104    -26.452   -183.304     23.601
     -0.991     44.777    186.257   -108.152    -26.416   -183.148     23.523
     -0.993     44.830    186.624   -108.198    -26.380   -182.992     23.446
     -0.995     44.882    186.989   -108.245    -26.344   -182.837     23.369
     -0.997     44.935    187.355   -108.292    -26.309   -182.681     23.292
     -0.999     44.988    187.720   -108.338    -26.273   -182.526     23.216
     -1.001     45.040    188.085   -108.385    -26.238   -182.372     23.139
     -1.003     45.093    188.450   -108.431    -26.202   -182.217     23.063
     -1.005     45.145    188.814   -108.477    -26.167   -182.063     22.988
     -1.007     45.197    189.178   -108.523    -26.132   -181.909     22.913
     -1.009     45.250    189.541   -108.569    -26.097   -181.755     22.838
     -1.011     45.302    189.905   -108.614    -26.062   -181.602     22.763
     -1.013     45.354    190.268   -108.660    -26.027   -181.449     22.688
     -1.015     45.406    190.631   -108.705    -25.992   -181.296     22.614
     -1.017     45.458    190.993   -108.750    -25.958   -181.143     22.540
     -1.019     45.510    191.355   -108.795    -25.923   -180.991     22.467
     -1.021     45.561    191.717   -108.840    -25.889   -180.839     22.393
     -1.023     45.613    192.079   -108.885    -25.854   -180.687     22.320
     -1.025     45.665    192.440   -108.929    -25.820   -180.535     22.248
     -1.027     45.716    192.801   -108.974    -25.786   -180.384     22.175
     -1.029     45.768    193.161   -109.018    -25.752   -180.233     22.103
     -1.031     45.819    193.522   -109.062    -25.718   -180.082     22.031
     -1.033     45.871    193.882   -109.106    -25.684   -179.931     21.959
     -1.035     45.922    194.241   -109.150    -25.650   -179.781     21.888
     -1.037     45.973    194.601   -109.194    -25.616   -179.631     21.817
     -1.039     46.025    194.960   -109.237    -25.583   -179.481     21.746
     -1.041     46.076    195.319   -109.281    -25.549   -179.332     21.676
     -1.043     46.127    195.677   -109.324    -25.516   -179.182     21.605
     -1.045     46.178    196.035   -109.367    -25.482   -179.033     21.535
     -1.047     46.229    196.393   -109.410    -25.449   -178.885     21.465
     -1.049     46.280    196.751   -109.453    -25.416   -178.736     21.396
     -1.051     46.330    197.108   -109.496    -25.383   -178.588     21.327
     -1.053     46.381    197.465   -109.538    -25.350   -178.440     21.258
     -1.055     46.432    197.822   -109.581    -25.317   -178.292     21.189
     -1.057     46.482    198.179   -109.623    -25.284   -178.144     21.120
     -1.059     46.533    198.535   -109.665    -25.251   -177.997     21.052
     -1.061     46.583    198.890   -109.707    -25.218   -177.850     20.984
     -1.063     46.634    199.246   -109.749    -25.186   -177.703     20.916
     -1.065     46.684    199.601   -109.791    -25.153   -177.556     20.849
     -1.067     46.734    199.956   -109.833    -25.121   -177.410     20.782
     -1.069     46.785    200.311   -109.874    -25.089   -177.264     20.715
     -1.071     46.835    200.665   -109.915    -25.056   -177.118     20.648
     -1.073     46.885    201.019   -109.957    -25.024   -176.973     20.582
     -1.075     46.935    201.373   -109.998    -24.992   -176.827     20.515
     -1.077     46.985    201.727   -110.039    -24.960   -176.682     20.449
     -1.079     47.035    202.080   -110.080    -24.928   -176.537     20.384
     -1.081     47.085    202.433   -110.120    -24.897   -176.392     20.318
     -1.083     47.134    202.786   -110.161    -24.865   -176.248     20.253
     -1.085     47.184    203.138   -110.201    -24.833   -176.104     20.188
     -1.087     47.234    203.490   -110.242    -24.802   -175.960     20.123
     -1.089     47.283    203.842   -110.282    -24.770   -175.816     20.058
     -1.091     47.333    204.193   -110.322    -24.739   -175.672     19.994
     -1.093     47.382    204.544   -110.362    -24.708   -175.529     19.930
     -1.095     47.432    204.895   -110.402    -24.676   -175.386     19.866
     -1.097     47.481    205.246   -110.441    -24.645   -175.243     19.802
     -1.099     47.530    205.596   -110.481    -24.614   -175.101     19.739
     -1.101     47.579    205.946   -110.520    -24.583   -174.958     19.676
     -1.103     47.629    206.296   -110.559    -24.552   -174.816     19.613
     -1.105     47.678    206.646   -110.599    -24.521   -174.674     19.550
     -1.107     47.727    206.995   -110.638    -24.491   -174.533     19.487
     -1.109     47.776    207.344   -110.677    -24.460   -174.391     19.425
     -1.111     47.824    207.692   -110.715    -24.429   -174.250     19.363
     -1.113     47.873    208.041   -110.754    -24.399   -174.109     19.301
     -1.115     47.922    208.389   -110.793    -24.368   -173.968     19.240
     -1.117     47.971    208.737   -110.831    -24.338   -173.828     19.178
     -1.119     48.019    209.084   -110.869    -24.308   -173.687     19.117
     -1.121     48.068    209.431   -110.907    -24.278   -173.547     19.056
     -1.123     48.117    209.778   -110.946    -24.247   -173.407     18.995
     -1.125     48.165    210.125   -110.983    -24.217   -173.268     18.935
     -1.127     48.213    210.471   -111.021    -24.187   -173.128     18.874
     -1.129     48.262    210.818   -111.059    -24.157   -172.989     18.814
     -1.131     48.310    211.163   -111.097    -24.128   -172.850     18.754
     -1.133     48.358    211.509   -111.134    -24.098   -172.711     18.695
     -1.135     48.406    211.854   -111.171    -24.068   -172.573     18.635
     -1.137     48.455    212.199   -111.209    -24.039   -172.435     18.576
     -1.139     48.503    212.544   -111.246    -24.009   -172.296     18.517
     -1.141     48.551    212.888   -111.283    -23.980   -172.159     18.458
     -1.143     48.598    213.233   -111.319    -23.950   -172.021     18.399
     -1.145     48.646    213.576   -111.356    -23.921   -171.883     18.341
     -1.147     48.694    213.920   -111.393    -23.892   -171.746     18.283
     -1.149     48.742    214.263   -111.429    -23.862   -171.609     18.224
     -1.151     48.790    214.607   -111.466    -23.833   -171.472     18.167
     -1.153     48.837    214.949   -111.502    -23.804   -171.336     18.109
     -1.155     48.885    215.292   -111.538    -23.775   -171.199     18.052
     -1.157     48.932    215.634   -111.574    -23.746   -171.063     17.994
     -1.159     48.980    215.976   -111.610    -23.718   -170.927     17.937
     -1.161     49.027    216.318   -111.646    -23.689   -170.791     17.880
     -1.163     49.075    216.659   -111.682    -23.660   -170.656     17.824
     -1.165     49.122    217.000   -111.717    -23.632   -170.520     17.767
     -1.167     49.169    217.341   -111.753    -23.603   -170.385     17.711
     -1.169     49.216    217.682   -111.788    -23.575   -170.250     17.655
     -1.171     49.263    218.022   -111.823    -23.546   -170.115     17.599
     -1.173     49.310    218.362   -111.858    -23.518   -169.981     17.543
     -1.175     49.357    218.702   -111.893    -23.490   -169.847     17.488
     -1.177     49.404    219.042   -111.928    -23.461   -169.712     17.432
     -1.179     49.451    219.381   -111.963    -23.433   -169.579     17.377
     -1.181     49.498    219.720   -111.998    -23.405   -169.445     17.322
     -1.183     49.545    220.059   -112.033    -23.377   -169.311     17.268
     -1.185     49.592    220.397   -112.067    -23.349   -169.178     17.213
     -1.187     49.638    220.736   -112.101    -23.321   -169.045     17.159
     -1.189     49.685    221.074   -112.136    -23.294   -168.912     17.104
     -1.191     49.731    221.411   -112.170    -23.266   -168.779     17.050
     -1.193     49.778    221.749   -112.204    -23.238   -168.647     16.997
     -1.195     49.824    222.086   -112.238    -23.211   -168.514     16.943
     -1.197     49.871    222.423   -112.272    -23.183   -168.382     16.889
     -1.199     49.917    222.759   -112.305    -23.156   -168.250     16.836
     -1.201     49.963    223.096   -112.339    -23.128   -168.119     16.783
     -1.203     50.010    223.432   -112.372    -23.101   -167.987     16.730
     -1.205     50.056    223.768   -112.406    -23.074   -167.856     16.677
     -1.207     50.102    224.103   -112.439    -23.046   -167.725     16.625
     -1.209     50.148    224.439   -112.472    -23.019   -167.594     16.572
     -1.211     50.194    224.774   -112.505    -22.992   -167.463     16.520
     -1.213     50.240    225.108   -112.538    -22.965   -167.333     16.468
     -1.215     50.286    225.443   -112.571    -22.938   -167.202     16.416
     -1.217     50.332    225.777   -112.604    -22.911   -167.072     16.365
     -1.219     50.378    226.111   -112.637    -22.884   -166.942     16.313
     -1.221     50.423    226.445   -112.669    -22.858   -166.812     16.262
     -1.223     50.469    226.779   -112.702    -22.831   -166.683     16.210
     -1.225     50.515    227.112   -112.734    -22.804   -166.553     16.159
     -1.227     50.560    227.445   -112.766    -22.778   -166.424     16.108
     -1.229     50.606    227.777   -112.799    -22.751   -166.295     16.058
     -1.231     50.651    228.110   -112.831    -22.725   -166.166     16.007
     -1.233     50.697    228.442   -112.863    -22.698   -166.038     15.957
     -1.235     50.742    228.774   -112.895    -22.672   -165.909     15.907
     -1.237     50.787    229.106   -112.926    -22.646   -165.781     15.857
     -1.239     50.833    229.437   -112.958    -22.619   -165.653     15.807
     -1.241     50.878    229.768   -112.990    -22.593   -165.525     15.757
     -1.243     50.923    230.099   -113.021    -22.567   -165.398     15.708
     -1.245     50.968    230.430   -113.052    -22.541   -165.270     15.658
     -1.247     51.013    230.760   -113.084    -22.515   -165.143     15.609
     -1.249     51.058    231.091   -113.115    -22.489   -165.016     15.560
     -1.251     51.103    231.420   -113.146    -22.463   -164.889     15.511
     -1.253     51.148    231.750   -113.177    -22.437   -164.762     15.462
     -1.255     51.193    232.080   -113.208    -22.412   -164.635     15.414
     -1.257     51.238    232.409   -113.238    -22.386   -164.509     15.365
     -1.259     51.282    232.738   -113.269    -22.360   -164.383     15.317
     -1.261     51.327    233.066   -113.300    -22.335   -164.257     15.269
     -1.263     51.372    233.395   -113.330    -22.309   -164.131     15.221
     -1.265     51.416    233.723   -113.361    -22.284   -164.005     15.173
     -1.267     51.461    234.051   -113.391    -22.258   -163.880     15.125
     -1.269     51.505    234.378   -113.421    -22.233   -163.754     15.078
     -1.271     51.550    234.706   -113.451    -22.208   -163.629     15.031
     -1.273     51.594    235.033   -113.481    -22.182   -163.504     14.983
     -1.275     51.639    235.360   -113.511    -22.157   -163.380     14.936
     -1.277     51.683    235.686   -113.541    -22.132   -163.255     14.889
     -1.279     51.727    236.013   -113.571    -22.107   -163.131     14.843
     -1.281     51.771    236.339   -113.600    -22.082   -163.006     14.796
     -1.283     51.815    236.665   -113.630    -22.057   -162.882     14.750
     -1.285     51.859    236.990   -113.659    -22.032   -162.758     14.703
     -1.287     51.904    237.316   -113.689    -22.007   -162.635     14.657
     -1.289     51.947    237.641   -113.718    -21.982   -162.511     14.611
     -1.291     51.991    237.966   -113.747    -21.958   -162.388     14.565
     -1.293     52.035    238.290   -113.776    -21.933   -162.265     14.520
     -1.295     52.079    238.615   -113.805    -21.908   -162.142     14.474
     -1.297     52.123    238.939   -113.834    -21.884   -162.019     14.429
     -1.299     52.167    239.263   -113.863    -21.859   -161.896     14.383
     -1.301     52.210    239.587   -113.892    -21.835   -161.773     14.338
     -1.303     52.254    239.910   -113.920    -21.810   -161.651     14.293
     -1.305     52.298    240.233   -113.949    -21.786   -161.529     14.248
     -1.307     52.341    240.556   -113.977    -21.762   -161.407     14.204
     -1.309     52.385    240.879   -114.006    -21.737   -161.285     14.159
     -1.311     52.428    241.201   -114.034    -21.713   -161.164     14.115
     -1.313     52.472    241.523   -114.062    -21.689   -161.042     14.070
     -1.315     52.515    241.845   -114.090    -21.665   -160.921     14.026
     -1.317     52.558    242.167   -114.118    -21.641   -160.800     13.982
     -1.319     52.601    242.489   -114.146    -21.617   -160.679     13.938
     -1.321     52.645    242.810   -114.174    -21.593   -160.558     13.895
     -1.323     52.688    243.131   -114.202    -21.569   -160.437     13.851
     -1.325     52.731    243.452   -114.229    -21.545   -160.317     13.807
     -1.327     52.774    243.772   -114.257    -21.521   -160.196     13.764
     -1.329     52.817    244.092   -114.284    -21.498   -160.076     13.721
     -1.331     52.860    244.412   -114.312    -21.474   -159.956     13.678
     -1.333     52.903    244.732   -114.339    -21.450   -159.836     13.635
     -1.335     52.946    245.052   -114.366    -21.427   -159.717     13.592
     -1.337     52.989    245.371   -114.394    -21.403   -159.597     13.549
     -1.339     53.031    245.690   -114.421    -21.379   -159.478     13.507
     -1.341     53.074    246.009   -114.448    -21.356   -159.359     13.464
     -1.343     53.117    246.328   -114.474    -21.333   -159.240     13.422
     -1.345     53.159    246.646   -114.501    -21.309   -159.121     13.380
     -1.347     53.202    246.964   -114.528    -21.286   -159.002     13.338
     -1.349     53.245    247.282   -114.555    -21.263   -158.884     13.296
     -1.351     53.287    247.600   -114.581    -21.239   -158.765     13.254
     -1.353     53.330    247.917   -114.608    -21.216   -158.647     13.213
     -1.355     53.372    248.234   -114.634    -21.193   -158.529     13.171
     -1.357     53.414    248.551   -114.660    -21.170   -158.411     13.130
     -1.359     53.457    248.868   -114.687    -21.147   -158.293     13.089
     -1.361     53.499    249.184   -114.713    -21.124   -158.176     13.047
     -1.363     53.541    249.501   -114.739    -21.101   -158.058     13.006
     -1.365     53.583    249.817   -114.765    -21.078   -157.941     12.966
     -1.367     53.625    250.132   -114.791    -21.055   -157.824     12.925
     -1.369     53.668    250.448   -114.816    -21.033   -157.707     12.884
     -1.371     53.710    250.763   -114.842    -21.010   -157.590     12.844
     -1.373     53.752    251.078   -114.868    -20.987   -157.474     12.803
     -1.375     53.794    251.393   -114.893    -20.965   -157.357     12.763
     -1.377     53.835    251.708   -114.919    -20.942   -157.241     12.723
     -1.379     53.877    252.022   -114.944    -20.919   -157.125     12.683
     -1.381     53.919    252.336   -114.970    -20.897   -157.009     12.643
     -1.383     53.961    252.650   -114.995    -20.874   -156.893     12.603
     -1.385     54.003    252.964   -115.020    -20.852   -156.777     12.564
     -1.387     54.044    253.277   -115.045    -20.830   -156.662     12.524
     -1.389     54.086    253.590   -115.070    -20.807   -156.546     12.485
     -1.391     54.128    253.903   -115.095    -20.785   -156.431     12.445
     -1.393     54.169    254.216   -115.120    -20.763   -156.316     12.406
     -1.395     54.211    254.529   -115.145    -20.741   -156.201     12.367
     -1.397     54.252    254.841   -115.169    -20.719   -156.086     12.328
     -1.399     54.293    255.153   -115.194    -20.696   -155.972     12.289
     -1.401     54.335    255.465   -115.218    -20.674   -155.857     12.251
     -1.403     54.376    255.776   -115.243    -20.652   -155.743     12.212
     -1.405     54.417    256.088   -115.267    -20.630   -155.629     12.173
     -1.407     54.459    256.399   -115.292    -20.608   -155.514     12.135
     -1.409     54.500    256.710   -115.316    -20.587   -155.401     12.097
     -1.411     54.541    257.020   -115.340    -20.565   -155.287     12.059
     -1.413     54.582    257.331   -115.364    -20.543   -155.173     12.021
     -1.415     54.623    257.641   -115.388    -20.521   -155.060     11.983
     -1.417     54.664    257.951   -115.412    -20.499   -154.946     11.945
     -1.419     54.705    258.261   -115.436    -20.478   -154.833     11.907
     -1.421     54.746    258.571   -115.460    -20.456   -154.720     11.870
     -1.423     54.787    258.880   -115.483    -20.435   -154.607     11.832
     -1.425     54.828    259.189   -115.507    -20.413   -154.495     11.795
     -1.427     54.869    259.498   -115.531    -20.392   -154.382     11.757
     -1.429     54.909    259.806   -115.554    -20.370   -154.270     11.720
     -1.431     54.950    260.115   -115.577    -20.348   -154.137     11.690
     -1.433     54.991    260.423   -115.601    -20.325   -154.004     11.660
     -1.435     55.031    260.731   -115.624    -20.303   -153.871     11.630
     -1.437     55.072    261.039   -115.647    -20.280   -153.738     11.600
     -1.439     55.113    261.346   -115.670    -20.258   -153.606     11.570
     -1.441     55.153    261.653   -115.694    -20.236   -153.474     11.540
     -1.443     55.194    261.960   -115.717    -20.214   -153.342     11.510
     -1.445     55.234    262.266   -115.740    -20.191   -153.211     11.481
     -1.447     55.274    262.573   -115.763    -20.169   -153.079     11.452
     -1.449     55.315    262.879   -115.785    -20.147   -152.948     11.422
     -1.451     55.355    263.184   -115.808    -20.125   -152.817     11.393
     -1.453     55.395    263.490   -115.831    -20.103   -152.687     11.364
     -1.455     55.435    263.795   -115.854    -20.081   -152.556     11.335
     -1.457     55.475    264.100   -115.876    -20.060   -152.426     11.307
     -1.459     55.516    264.405   -115.899    -20.038   -152.296     11.278
     -1.461     55.556    264.709   -115.921    -20.016   -152.166     11.249
     -1.463     55.596    265.013   -115.944    -19.994   -152.036     11.221
     -1.465     55.636    265.317   -115.966    -19.973   -151.907     11.193
     -1.467     55.675    265.621   -115.989    -19.951   -151.778     11.165
     -1.469     55.715    265.925   -116.011    -19.930   -151.649     11.137
     -1.471     55.755    266.228   -116.033    -19.908   -151.520     11.109
     -1.473     55.795    266.531   -116.055    -19.887   -151.392     11.081
     -1.475     55.835    266.833   -116.078    -19.866   -151.263     11.053
     -1.477     55.874    267.136   -116.100    -19.844   -151.135     11.026
     -1.479     55.914    267.438   -116.122    -19.823   -151.007     10.998
     -1.481     55.954    267.740   -116.144    -19.802   -150.880     10.971
     -1.483     55.993    268.041   -116.166    -19.781   -150.752     10.944
     -1.485     56.033    268.343   -116.187    -19.760   -150.625     10.917
     -1.487     56.072    268.644   -116.209    -19.738   -150.498     10.890
     -1.489     56.112    268.945   -116.231    -19.717   -150.371     10.863
     -1.491     56.151    269.245   -116.253    -19.697   -150.245     10.836
     -1.493     56.191    269.546   -116.274    -19.676   -150.118     10.809
     -1.495     56.230    269.846   -116.296    -19.655   -149.992     10.783
     -1.497     56.269    270.146   -116.317    -19.634   -149.866     10.756
     -1.499     56.308    270.445   -116.339    -19.613   -149.740     10.730
     -1.501     56.348    270.745   -116.360    -19.593   -149.614     10.704
     -1.503     56.387    271.044   -116.382    -19.572   -149.489     10.678
     -1.505     56.426    271.343   -116.403    -19.551   -149.364     10.652
     -1.507     56.465    271.641   -116.424    -19.531   -149.239     10.626
     -1.509     56.504    271.940   -116.446    -19.510   -149.114     10.600
     -1.511     56.543    272.238   -116.467    -19.490   -148.989     10.574
     -1.513     56.582    272.535   -116.488    -19.469   -148.865     10.549
     -1.515     56.621    272.833   -116.509    -19.449   -148.741     10.523
     -1.517     56.660    273.130   -116.530    -19.429   -148.617     10.498
     -1.519     56.699    273.428   -116.551    -19.408   -148.493     10.473
     -1.521     56.737    273.724   -116.572    -19.388   -148.369     10.447
     -1.523     56.776    274.021   -116.593    -19.368   -148.246     10.422
     -1.525     56.815    274.317   -116.614    -19.348   -148.123     10.397
     -1.527     56.854    274.614   -116.634    -19.328   -148.000     10.373
     -1.529     56.892    274.909   -116.655    -19.308   -147.877     10.348
     -1.531     56.931    275.205   -116.676    -19.288   -147.754     10.323
     -1.533     56.969    275.500   -116.696    -19.268   -147.632     10.299
     -1.535     57.008    275.796   -116.717    -19.248   -147.510     10.274
     -1.537     57.046    276.090   -116.737    -19.228   -147.388     10.250
     -1.539     57.085    276.385   -116.758    -19.208   -147.266     10.226
     -1.541     57.123    276.680   -116.778    -19.189   -147.144     10.202
     -1.543     57.162    276.974   -116.799    -19.169   -147.023     10.178
     -1.545     57.200    277.268   -116.819    -19.149   -146.901     10.154
     -1.547     57.238    277.561   -116.839    -19.130   -146.780     10.130
     -1.549     57.276    277.855   -116.860    -19.110   -146.659     10.106
     -1.551     57.315    278.148   -116.880    -19.091   -146.539     10.082
     -1.553     57.353    278.441   -116.900    -19.071   -146.418     10.059
     -1.555     57.391    278.734   -116.920    -19.052   -146.298     10.035
     -1.557     57.429    279.026   -116.940    -19.032   -146.178     10.012
     -1.559     57.467    279.318   -116.960    -19.013   -146.058      9.989
     -1.561     57.505    279.610   -116.980    -18.994   -145.938      9.966
     -1.563     57.543    279.902   -117.000    -18.974   -145.818      9.943
     -1.565     57.581    280.194   -117.020    -18.955   -145.699      9.920
     -1.567     57.619    280.485   -117.040    -18.936   -145.580      9.897
     -1.569     57.657    280.776   -117.059    -18.917   -145.461      9.874
     -1.571     57.695    281.067   -117.079    -18.898   -145.342      9.851
     -1.573     57.732    281.357   -117.099    -18.879   -145.223      9.829
     -1.575     57.770    281.648   -117.118    -18.860   -145.105      9.806
     -1.577     57.808    281.938   -117.138    -18.841   -144.986      9.784
     -1.579     57.845    282.228   -117.158    -18.822   -144.868      9.762
     -1.581     57.883    282.517   -117.177    -18.803   -144.750      9.740
     -1.583     57.921    282.807   -117.196    -18.784   -144.632      9.717
     -1.585     57.958    283.096   -117.216    -18.765   -144.515      9.695
     -1.587     57.996    283.385   -117.235    -18.747   -144.397      9.673
     -1.589     58.033    283.673   -117.255    -18.728   -144.280      9.652
     -1.591     58.071    283.962   -117.274    -18.709   -144.163      9.630
     -1.593     58.108    284.250   -117.293    -18.691   -144.046      9.608
     -1.595     58.145    284.538   -117.312    -18.672   -143.929      9.587
     -1.597     58.183    284.826   -117.331    -18.653   -143.813      9.565
     -1.599     58.220    285.113   -117.351    -18.635   -143.696      9.544
     -1.601     58.257    285.400   -117.370    -18.616   -143.580      9.522
     -1.603     58.294    285.687   -117.389    -18.598   -143.464      9.501
     -1.605     58.332    285.974   -117.408    -18.580   -143.348      9.480
     -1.607     58.369    286.261   -117.427    -18.561   -143.232      9.459
     -1.609     58.406    286.547   -117.445    -18.543   -143.117      9.438
     -1.611     58.443    286.833   -117.464    -18.525   -143.002      9.417
     -1.613     58.480    287.119   -117.483    -18.507   -142.886      9.397
     -1.615     58.517    287.405   -117.502    -18.488   -142.771      9.376
     -1.617     58.554    287.690   -117.521    -18.470   -142.657      9.355
     -1.619     58.591    287.976   -117.539    -18.452   -142.542      9.335
     -1.621     58.628    288.260   -117.558    -18.434   -142.427      9.314
     -1.623     58.665    288.545   -117.577    -18.416   -142.313      9.294
     -1.625     58.701    288.830   -117.595    -18.398   -142.199      9.274
     -1.627     58.738    289.114   -117.614    -18.380   -142.085      9.253
     -1.629     58.775    289.398   -117.632    -18.362   -141.971      9.233
     -1.631     58.812    289.682   -117.651    -18.344   -141.857      9.213
     -1.633     58.848    289.966   -117.669    -18.327   -141.744      9.193
     -1.635     58.885    290.249   -117.687    -18.309   -141.630      9.174
     -1.637     58.922    290.532   -117.706    -18.291   -141.517      9.154
     -1.639     58.958    290.815   -117.724    -18.273   -141.404      9.134
     -1.641     58.995    291.098   -117.742    -18.256   -141.291      9.114
     -1.643     59.031    291.380   -117.760    -18.238   -141.179      9.095
     -1.645     59.068    291.662   -117.779    -18.220   -141.066      9.076
     -1.647     59.104    291.944   -117.797    -18.203   -140.954      9.056
     -1.649     59.140    292.226   -117.815    -18.185   -140.842      9.037
     -1.651     59.177    292.508   -117.833    -18.168   -140.730      9.018
     -1.653     59.213    292.789   -117.851    -18.150   -140.618      8.999
     -1.655     59.249    293.070   -117.869    -18.133   -140.506      8.979
     -1.657     59.286    293.351   -117.887    -18.116   -140.394      8.961
     -1.659     59.322    293.632   -117.905    -18.098   -140.283      8.942
     -1.661     59.358    293.912   -117.923    -18.081   -140.172      8.923
     -1.663     59.394    294.192   -117.940    -18.064   -140.061      8.904
     -1.665     59.430    294.472   -117.958    -18.047   -139.950      8.885
     -1.667     59.466    294.752   -117.976    -18.029   -139.839      8.867
     -1.669     59.502    295.032   -117.994    -18.012   -139.728      8.848
     -1.671     59.538    295.311   -118.011    -17.995   -139.618      8.830
     -1.673     59.574    295.590   -118.029    -17.978   -139.508      8.812
     -1.675     59.610    295.869   -118.047    -17.961   -139.397      8.793
     -1.677     59.646    296.148   -118.064    -17.944   -139.287      8.775
     -1.679     59.682    296.426   -118.082    -17.927   -139.178      8.757
     -1.681     59.718    296.705   -118.099    -17.910   -139.068      8.739
     -1.683     59.754    296.983   -118.117    -17.893   -138.958      8.721
     -1.685     59.789    297.260   -118.134    -17.876   -138.849      8.703
     -1.687     59.825    297.538   -118.151    -17.859   -138.740      8.685
     -1.689     59.861    297.815   -118.169    -17.843   -138.631      8.668
     -1.691     59.897    298.093   -118.186    -17.826   -138.522      8.650
     -1.693     59.932    298.370   -118.203    -17.809   -138.413      8.632
     -1.695     59.968    298.646   -118.221    -17.792   -138.304      8.615
     -1.697     60.003    298.923   -118.238    -17.776   -138.196      8.597
     -1.699     60.039    299.199   -118.255    -17.759   -138.087      8.580
     -1.701     60.074    299.475   -118.272    -17.743   -137.979      8.563
     -1.703     60.110    299.751   -118.289    -17.726   -137.871      8.545
     -1.705     60.145    300.027   -118.306    -17.710   -137.763      8.528
     -1.707     60.181    300.302   -118.323    -17.693   -137.656      8.511
     -1.709     60.216    300.577   -118.340    -17.677   -137.548      8.494
     -1.711     60.251    300.852   -118.357    -17.660   -137.441      8.477
     -1.713     60.287    301.127   -118.374    -17.644   -137.333      8.460
     -1.715     60.322    301.402   -118.391    -17.627   -137.226      8.444
     -1.717     60.357    301.676   -118.408    -17.611   -137.119      8.427
     -1.719     60.392    301.950   -118.425    -17.595   -137.012      8.410
     -1.721     60.428    302.224   -118.442    -17.579   -136.906      8.394
     -1.723     60.463    302.498   -118.459    -17.562   -136.799      8.377
     -1.725     60.498    302.771   -118.475    -17.546   -136.693      8.361
     -1.727     60.533    303.044   -118.492    -17.530   -136.586      8.344
     -1.729     60.568    303.317   -118.509    -17.514   -136.480      8.328
     -1.731     60.603    303.590   -118.525    -17.498   -136.374      8.312
     -1.733     60.638    303.863   -118.542    -17.482   -136.268      8.296
     -1.735     60.673    304.135   -118.558    -17.466   -136.163      8.279
     -1.737     60.708    304.408   -118.575    -17.450   -136.057      8.263
     -1.739     60.743    304.680   -118.592    -17.434   -135.952      8.247
     -1.741     60.778    304.951   -118.608    -17.418   -135.846      8.232
     -1.743     60.812    305.223   -118.624    -17.402   -135.741      8.216
     -1.745     60.847    305.494   -118.641    -17.386   -135.636      8.200
     -1.747     60.882    305.766   -118.657    -17.370   -135.531      8.184
     -1.749     60.917    306.036   -118.674    -17.354   -135.426      8.169
     -1.751     60.951    306.307   -118.690    -17.339   -135.322      8.153
     -1.753     60.986    306.578   -118.706    -17.323   -135.217      8.138
     -1.755     61.021    306.848   -118.722    -17.307   -135.113      8.122
     -1.757     61.055    307.118   -118.739    -17.292   -135.009      8.107
     -1.759     61.090    307.388   -118.755    -17.276   -134.905      8.091
     -1.761     61.124    307.658   -118.771    -17.260   -134.801      8.076
     -1.763     61.159    307.927   -118.787    -17.245   -134.697      8.061
     -1.765     61.193    308.197   -118.803    -17.229   -134.594      8.046
     -1.767     61.228    308.466   -118.819    -17.214   -134.490      8.031
     -1.769     61.262    308.735   -118.835    -17.198   -134.387      8.016
     -1.771     61.297    309.003   -118.851    -17.183   -134.283      8.001
     -1.773     61.331    309.272   -118.867    -17.167   -134.180      7.986
     -1.775     61.365    309.540   -118.883    -17.152   -134.077      7.971
     -1.777     61.400    309.808   -118.899    -17.136   -133.975      7.957
     -1.779     61.434    310.076   -118.915    -17.121   -133.872      7.942
     -1.781     61.468    310.344   -118.931    -17.106   -133.769      7.927
     -1.783     61.502    310.611   -118.947    -17.091   -133.667      7.913
     -1.785     61.536    310.878   -118.963    -17.075   -133.565      7.898
     -1.787     61.570    311.145   -118.979    -17.060   -133.462      7.884
     -1.789     61.605    311.412   -118.994    -17.045   -133.360      7.869
     -1.791     61.639    311.679   -119.010    -17.030   -133.259      7.855
     -1.793     61.673    311.945   -119.026    -17.015   -133.157      7.841
     -1.795     61.707    312.211   -119.041    -17.000   -133.055      7.827
     -1.797     61.741    312.477   -119.057    -16.984   -132.954      7.813
     -1.799     61.775    312.743   -119.073    -16.969   -132.852      7.799
     -1.801     61.809    313.009   -119.088    -16.954   -132.751      7.785
     -1.803     61.842    313.274   -119.104    -16.939   -132.650      7.771
     -1.805     61.876    313.539   -119.119    -16.924   -132.549      7.757
     -1.807     61.910    313.804   -119.135    -16.910   -132.448      7.743
     -1.809     61.944    314.069   -119.150    -16.895   -132.347      7.729
     -1.811     61.978    314.334   -119.166    -16.880   -132.247      7.715
     -1.813     62.012    314.598   -119.181    -16.865   -132.146      7.702
     -1.815     62.045    314.862   -119.197    -16.850   -132.046      7.688
     -1.817     62.079    315.126   -119.212    -16.835   -131.946      7.675
     -1.819     62.113    315.390   -119.227    -16.821   -131.845      7.661
     -1.821     62.146    315.654   -119.243    -16.806   -131.745      7.648
     -1.823     62.180    315.917   -119.258    -16.791   -131.646      7.634
     -1.825     62.213    316.180   -119.273    -16.776   -131.546      7.621
     -1.827     62.247    316.443   -119.288    -16.762   -131.446      7.608
     -1.829     62.280    316.706   -119.303    -16.747   -131.347      7.595
     -1.831     62.314    316.969   -119.319    -16.733   -131.247      7.582
     -1.833     62.347    317.231   -119.334    -16.718   -131.148      7.569
     -1.835     62.381    317.493   -119.349    -16.704   -131.049      7.556
     -1.837     62.414    317.755   -119.364    -16.689   -130.950      7.543
     -1.839     62.448    318.017   -119.379    -16.675   -130.851      7.530
     -1.841     62.481    318.279   -119.394    -16.660   -130.753      7.517
     -1.843     62.514    318.540   -119.409    -16.646   -130.654      7.504
     -1.845     62.547    318.801   -119.424    -16.631   -130.555      7.491
     -1.847     62.581    319.062   -119.439    -16.617   -130.457      7.479
     -1.849     62.614    319.323   -119.454    -16.603   -130.359      7.466
     -1.851     62.647    319.584   -119.469    -16.588   -130.261      7.454
     -1.853     62.680    319.844   -119.484    -16.574   -130.163      7.441
     -1.855     62.713    320.104   -119.499    -16.560   -130.065      7.429
     -1.857     62.746    320.364   -119.514    -16.545   -129.967      7.416
     -1.859     62.780    320.624   -119.528    -16.531   -129.869      7.404
     -1.861     62.813    320.884   -119.543    -16.517   -129.772      7.392
     -1.863     62.846    321.143   -119.558    -16.503   -129.674      7.379
     -1.865     62.879    321.403   -119.573    -16.489   -129.577      7.367
     -1.867     62.912    321.662   -119.587    -16.475   -129.480      7.355
     -1.869     62.945    321.920   -119.602    -16.461   -129.383      7.343
     -1.871     62.977    322.179   -119.617    -16.447   -129.286      7.331
     -1.873     63.010    322.438   -119.632    -16.433   -129.189      7.319
     -1.875     63.043    322.696   -119.646    -16.419   -129.092      7.307
     -1.877     63.076    322.954   -119.661    -16.405   -128.996      7.295
     -1.879     63.109    323.212   -119.675    -16.391   -128.899      7.284
     -1.881     63.142    323.470   -119.690    -16.377   -128.803      7.272
     -1.883     63.174    323.727   -119.704    -16.363   -128.707      7.260
     -1.885     63.207    323.984   -119.719    -16.349   -128.611      7.249
     -1.887     63.240    324.242   -119.733    -16.335   -128.515      7.237
     -1.889     63.272    324.498   -119.748    -16.321   -128.419      7.225
     -1.891     63.305    324.755   -119.762    -16.308   -128.323      7.214
     -1.893     63.338    325.012   -119.777    -16.294   -128.227      7.202
     -1.895     63.370    325.268   -119.791    -16.280   -128.132      7.191
     -1.897     63.403    325.524   -119.805    -16.266   -128.036      7.180
     -1.899     63.435    325.780   -119.820    -16.253   -127.941      7.168
     -1.901     63.468    326.036   -119.834    -16.239   -127.846      7.157
     -1.903     63.500    326.292   -119.848    -16.225   -127.751      7.146
     -1.905     63.533    326.547   -119.863    -16.212   -127.656      7.135
     -1.907     63.565    326.802   -119.877    -16.198   -127.561      7.124
     -1.909     63.597    327.057   -119.891    -16.184   -127.466      7.113
     -1.911     63.630    327.312   -119.905    -16.171   -127.371      7.102
     -1.913     63.662    327.567   -119.920    -16.157   -127.277      7.091
     -1.915     63.694    327.821   -119.934    -16.144   -127.182      7.080
     -1.917     63.727    328.075   -119.948    -16.130   -127.088      7.069
     -1.919     63.759    328.330   -119.962    -16.117   -126.994      7.058
     -1.921     63.791    328.583   -119.976    -16.104   -126.900      7.048
     -1.923     63.823    328.837   -119.990    -16.090   -126.806      7.037
     -1.925     63.855    329.091   -120.004    -16.077   -126.712      7.026
     -1.927     63.888    329.344   -120.018    -16.063   -126.618      7.016
     -1.929     63.920    329.597   -120.032    -16.050   -126.524      7.005
     -1.931     63.952    329.850   -120.046    -16.037   -126.431      6.995
     -1.933     63.984    330.103   -120.060    -16.024   -126.337      6.984
     -1.935     64.016    330.355   -120.074    -16.010   -126.244      6.974
     -1.937     64.048    330.608   -120.088    -15.997   -126.151      6.964
     -1.939     64.080    330.860   -120.102    -15.984   -126.058      6.953
     -1.941     64.112    331.112   -120.116    -15.971   -125.965      6.943
     -1.943     64.144    331.364   -120.130    -15.958   -125.872      6.933
     -1.945     64.176    331.616   -120.144    -15.944   -125.779      6.923
     -1.947     64.208    331.867   -120.158    -15.931   -125.686      6.913
     -1.949     64.239    332.118   -120.171    -15.918   -125.594      6.903
     -1.951     64.271    332.369   -120.185    -15.905   -125.501      6.893
     -1.953     64.303    332.620   -120.199    -15.892   -125.409      6.883
     -1.955     64.335    332.871   -120.213    -15.879   -125.317      6.873
     -1.957     64.367    333.122   -120.227    -15.866   -125.224      6.863
     -1.959     64.398    333.372   -120.240    -15.853   -125.132      6.853
     -1.961     64.430    333.622   -120.254    -15.840   -125.040      6.843
     -1.963     64.462    333.872   -120.268    -15.827   -124.949      6.833
     -1.965     64.493    334.122   -120.281    -15.814   -124.857      6.824
     -1.967     64.525    334.372   -120.295    -15.801   -124.765      6.814
     -1.969     64.556    334.621   -120.309    -15.789   -124.674      6.804
     -1.971     64.588    334.870   -120.322    -15.776   -124.582      6.795
     -1.973     64.620    335.119   -120.336    -15.763   -124.491      6.785
     -1.975     64.651    335.368   -120.349    -15.750   -124.400      6.776
     -1.977     64.683    335.617   -120.363    -15.737   -124.308      6.767
     -1.979     64.714    335.865   -120.376    -15.725   -124.217      6.757
     -1.981     64.745    336.114   -120.390    -15.712   -124.127      6.748
     -1.983     64.777    336.362   -120.403    -15.699   -124.036      6.739
     -1.985     64.808    336.610   -120.417    -15.686   -123.945      6.729
     -1.987     64.840    336.858   -120.430    -15.674   -123.854      6.720
     -1.989     64.871    337.105   -120.444    -15.661   -123.764      6.711
     -1.991     64.902    337.353   -120.457    -15.649   -123.673      6.702
     -1.993     64.934    337.600   -120.470    -15.636   -123.583      6.693
     -1.995     64.965    337.847   -120.484    -15.623   -123.493      6.684
     -1.997     64.996    338.094   -120.497    -15.611   -123.403      6.675
     -1.999     65.027    338.341   -120.511    -15.598   -123.313      6.666
     -2.001     65.058    338.587   -120.524    -15.586   -123.223      6.657
     -2.003     65.090    338.834   -120.537    -15.573   -123.133      6.648
     -2.005     65.121    339.080   -120.550    -15.561   -123.043      6.639
     -2.007     65.152    339.326   -120.564    -15.548   -122.954      6.631
     -2.009     65.183    339.572   -120.577    -15.536   -122.864      6.622
     -2.011     65.214    339.817   -120.590    -15.524   -122.775      6.613
     -2.013     65.245    340.063   -120.603    -15.511   -122.685      6.605
     -2.015     65.276    340.308   -120.617    -15.499   -122.596      6.596
     -2.017     65.307    340.553   -120.630    -15.486   -122.507      6.587
     -2.019     65.338    340.798   -120.643    -15.474   -122.418      6.579
     -2.021     65.369    341.043   -120.656    -15.462   -122.329      6.570
     -2.023     65.400    341.287   -120.669    -15.450   -122.240      6.562
     -2.025     65.431    341.532   -120.682    -15.437   -122.151      6.554
     -2.027     65.462    341.776   -120.696    -15.425   -122.063      6.545
     -2.029     65.492    342.020   -120.709    -15.413   -121.974      6.537
     -2.031     65.523    342.264   -120.722    -15.401   -121.886      6.529
     -2.033     65.554    342.508   -120.735    -15.389   -121.797      6.521
     -2.035     65.585    342.751   -120.748    -15.376   -121.709      6.512
     -2.037     65.616    342.994   -120.761    -15.364   -121.621      6.504
     -2.039     65.646    343.237   -120.774    -15.352   -121.533      6.496
     -2.041     65.677    343.480   -120.787    -15.340   -121.445      6.488
     -2.043     65.708    343.723   -120.800    -15.328   -121.357      6.480
     -2.045     65.738    343.966   -120.813    -15.316   -121.269      6.472
     -2.047     65.769    344.208   -120.826    -15.304   -121.182      6.464
     -2.049     65.799    344.451   -120.839    -15.292   -121.094      6.456
     -2.051     65.830    344.693   -120.851    -15.280   -121.006      6.448
     -2.053     65.861    344.935   -120.864    -15.268   -120.919      6.441
     -2.055     65.891    345.176   -120.877    -15.256   -120.832      6.433
     -2.057     65.922    345.418   -120.890    -15.244   -120.745      6.425
     -2.059     65.952    345.659   -120.903    -15.232   -120.657      6.417
     -2.061     65.983    345.901   -120.916    -15.220   -120.570      6.410
     -2.063     66.013    346.142   -120.929    -15.208   -120.483      6.402
     -2.065     66.043    346.383   -120.941    -15.197   -120.397      6.395
     -2.067     66.074    346.623   -120.954    -15.185   -120.310      6.387
     -2.069     66.104    346.864   -120.967    -15.173   -120.223      6.380
     -2.071     66.134    347.104   -120.980    -15.161   -120.136      6.372
     -2.073     66.165    347.344   -120.992    -15.149   -120.050      6.365
     -2.075     66.195    347.584   -121.005    -15.138   -119.964      6.357
     -2.077     66.225    347.824   -121.018    -15.126   -119.877      6.350
     -2.079     66.256    348.064   -121.030    -15.114   -119.791      6.343
     -2.081     66.286    348.303   -121.043    -15.102   -119.705      6.335
     -2.083     66.316    348.543   -121.056    -15.091   -119.619      6.328
     -2.085     66.346    348.782   -121.068    -15.079   -119.533      6.321
     -2.087     66.376    349.021   -121.081    -15.067   -119.447      6.314
     -2.089     66.406    349.260   -121.094    -15.056   -119.361      6.307
     -2.091     66.436    349.498   -121.106    -15.044   -119.276      6.300
     -2.093     66.467    349.737   -121.119    -15.033   -119.190      6.293
     -2.095     66.497    349.975   -121.131    -15.021   -119.105      6.286
     -2.097     66.527    350.213   -121.144    -15.010   -119.019      6.279
     -2.099     66.557    350.451   -121.157    -14.998   -118.934      6.272
     -2.101     66.587    350.689   -121.169    -14.987   -118.849      6.265
     -2.103     66.617    350.926   -121.182    -14.975   -118.763      6.258
     -2.105     66.647    351.164   -121.194    -14.964   -118.678      6.251
     -2.107     66.676    351.401   -121.207    -14.952   -118.593      6.244
     -2.109     66.706    351.638   -121.219    -14.941   -118.508      6.238
     -2.111     66.736    351.875   -121.232    -14.929   -118.424      6.231
     -2.113     66.766    352.112   -121.244    -14.918   -118.339      6.224
     -2.115     66.796    352.349   -121.257    -14.907   -118.254      6.218
     -2.117     66.826    352.585   -121.269    -14.895   -118.170      6.211
     -2.119     66.855    352.821   -121.281    -14.884   -118.085      6.204
     -2.121     66.885    353.057   -121.294    -14.873   -118.001      6.198
     -2.123     66.915    353.293   -121.306    -14.861   -117.917      6.191
     -2.125     66.945    353.529   -121.319    -14.850   -117.832      6.185
     -2.127     66.974    353.765   -121.331    -14.839   -117.748      6.179
     -2.129     67.004    354.000   -121.343    -14.827   -117.664      6.172
     -2.131     67.034    354.235   -121.356    -14.816   -117.580      6.166
     -2.133     67.063    354.470   -121.368    -14.805   -117.497      6.160
     -2.135     67.093    354.705   -121.380    -14.794   -117.413      6.153
     -2.137     67.122    354.940   -121.393    -14.783   -117.329      6.147
     -2.139     67.152    355.175   -121.405    -14.771   -117.245      6.141
     -2.141     67.182    355.409   -121.417    -14.760   -117.162      6.135
     -2.143     67.211    355.643   -121.429    -14.749   -117.079      6.129
     -2.145     67.241    355.877   -121.442    -14.738   -116.995      6.122
     -2.147     67.270    356.111   -121.454    -14.727   -116.912      6.116
     -2.149     67.299    356.345   -121.466    -14.716   -116.829      6.110
     -2.151     67.329    356.579   -121.478    -14.705   -116.746      6.104
     -2.153     67.358    356.812   -121.490    -14.694   -116.663      6.098
     -2.155     67.388    357.045   -121.503    -14.683   -116.580      6.092
     -2.157     67.417    357.278   -121.515    -14.672   -116.497      6.087
     -2.159     67.446    357.511   -121.527    -14.661   -116.414      6.081
     -2.161     67.476    357.744   -121.539    -14.650   -116.331      6.075
     -2.163     67.505    357.976   -121.551    -14.639   -116.249      6.069
     -2.165     67.534    358.209   -121.563    -14.628   -116.166      6.063
     -2.167     67.563    358.441   -121.576    -14.617   -116.084      6.058
     -2.169     67.593    358.673   -121.588    -14.606   -116.001      6.052
     -2.171     67.622    358.905   -121.600    -14.595   -115.919      6.046
     -2.173     67.651    359.137   -121.612    -14.584   -115.837      6.041
     -2.175     67.680    359.368   -121.624    -14.574   -115.755      6.035
     -2.177     67.709    359.600   -121.636    -14.563   -115.673      6.030
     -2.179     67.738    359.831   -121.648    -14.552   -115.591      6.024
     -2.181     67.768    360.062   -121.660    -14.541   -115.509      6.019
     -2.183     67.797    360.293   -121.672    -14.530   -115.427      6.013
     -2.185     67.826    360.524   -121.684    -14.520   -115.345      6.008
     -2.187     67.855    360.755   -121.696    -14.509   -115.264      6.002
     -2.189     67.884    360.985   -121.708    -14.498   -115.182      5.997
     -2.191     67.913    361.215   -121.720    -14.488   -115.101      5.992
     -2.193     67.942    361.445   -121.732    -14.477   -115.019      5.986
     -2.195     67.971    361.675   -121.744    -14.466   -114.938      5.981
     -2.197     68.000    361.905   -121.756    -14.455   -114.857      5.976
     -2.199     68.028    362.135   -121.768    -14.445   -114.776      5.971
     -2.201     68.057    362.364   -121.780    -14.434   -114.695      5.965
     -2.203     68.086    362.594   -121.792    -14.424   -114.614      5.960
     -2.205     68.115    362.823   -121.804    -14.413   -114.533      5.955
     -2.207     68.144    363.052   -121.816    -14.402   -114.452      5.950
     -2.209     68.173    363.281   -121.828    -14.392   -114.371      5.945
     -2.211     68.201    363.509   -121.839    -14.381   -114.290      5.940
     -2.213     68.230    363.738   -121.851    -14.371   -114.210      5.935
     -2.215     68.259    363.966   -121.863    -14.360   -114.129      5.930
     -2.217     68.288    364.194   -121.875    -14.350   -114.049      5.925
     -2.219     68.316    364.422   -121.887    -14.339   -113.968      5.920
     -2.221     68.345    364.650   -121.899    -14.329   -113.888      5.916
     -2.223     68.374    364.878   -121.911    -14.318   -113.808      5.911
     -2.225     68.402    365.105   -121.922    -14.308   -113.728      5.906
     -2.227     68.431    365.333   -121.934    -14.298   -113.648      5.901
     -2.229     68.459    365.560   -121.946    -14.287   -113.568      5.897
     -2.231     68.488    365.787   -121.958    -14.277   -113.488      5.892
     -2.233     68.517    366.014   -121.970    -14.266   -113.408      5.887
     -2.235     68.545    366.241   -121.981    -14.256   -113.328      5.883
     -2.237     68.574    366.467   -121.993    -14.246   -113.248      5.878
     -2.239     68.602    366.694   -122.005    -14.235   -113.169      5.873
     -2.241     68.630    366.920   -122.017    -14.225   -113.089      5.869
     -2.243     68.659    367.146   -122.028    -14.215   -113.010      5.864
     -2.245     68.687    367.372   -122.040    -14.205   -112.930      5.860
     -2.247     68.716    367.598   -122.052    -14.194   -112.851      5.856
     -2.249     68.744    367.823   -122.063    -14.184   -112.772      5.851
     -2.251     68.772    368.049   -122.075    -14.174   -112.693      5.847
     -2.253     68.801    368.274   -122.087    -14.164   -112.614      5.842
     -2.255     68.829    368.499   -122.099    -14.153   -112.534      5.838
     -2.257     68.857    368.724   -122.110    -14.143   -112.456      5.834
     -2.259     68.886    368.949   -122.122    -14.133   -112.377      5.830
     -2.261     68.914    369.174   -122.134    -14.123   -112.298      5.825
     -2.263     68.942    369.398   -122.145    -14.113   -112.219      5.821
     -2.265     68.970    369.623   -122.157    -14.103   -112.140      5.817
     -2.267     68.999    369.847   -122.168    -14.093   -112.062      5.813
     -2.269     69.027    370.071   -122.180    -14.082   -111.983      5.809
     -2.271     69.055    370.295   -122.192    -14.072   -111.905      5.805
     -2.273     69.083    370.518   -122.203    -14.062   -111.827      5.801
     -2.275     69.111    370.742   -122.215    -14.052   -111.748      5.796
     -2.277     69.139    370.965   -122.226    -14.042   -111.670      5.792
     -2.279     69.167    371.189   -122.238    -14.032   -111.592      5.789
     -2.281     69.195    371.412   -122.250    -14.022   -111.514      5.785
     -2.283     69.223    371.635   -122.261    -14.012   -111.436      5.781
     -2.285     69.251    371.858   -122.273    -14.002   -111.358      5.777
     -2.287     69.279    372.080   -122.284    -13.992   -111.280      5.773
     -2.289     69.307    372.303   -122.296    -13.982   -111.202      5.769
     -2.291     69.335    372.525   -122.307    -13.972   -111.125      5.765
     -2.293     69.363    372.747   -122.319    -13.963   -111.047      5.762
     -2.295     69.391    372.969   -122.330    -13.953   -110.969      5.758
     -2.297     69.419    373.191   -122.342    -13.943   -110.892      5.754
     -2.299     69.447    373.413   -122.353    -13.933   -110.814      5.750
     -2.301     69.475    373.634   -122.365    -13.923   -110.737      5.747
     -2.303     69.503    373.856   -122.376    -13.913   -110.660      5.743
     -2.305     69.531    374.077   -122.388    -13.903   -110.583      5.740
     -2.307     69.558    374.298   -122.399    -13.894   -110.505      5.736
     -2.309     69.586    374.519   -122.411    -13.884   -110.428      5.732
     -2.311     69.614    374.740   -122.422    -13.874   -110.351      5.729
     -2.313     69.642    374.960   -122.434    -13.864   -110.274      5.725
     -2.315     69.669    375.181   -122.445    -13.854   -110.197      5.722
     -2.317     69.697    375.401   -122.457    -13.845   -110.121      5.719
     -2.319     69.725    375.621   -122.468    -13.835   -110.044      5.715
     -2.321     69.752    375.841   -122.480    -13.825   -109.967      5.712
     -2.323     69.780    376.061   -122.491    -13.816   -109.891      5.708
     -2.325     69.808    376.281   -122.502    -13.806   -109.814      5.705
     -2.327     69.835    376.500   -122.514    -13.796   -109.738      5.702
     -2.329     69.863    376.720   -122.525    -13.787   -109.661      5.699
     -2.331     69.890    376.939   -122.537    -13.777   -109.585      5.695
     -2.333     69.918    377.158   -122.548    -13.767   -109.509      5.692
     -2.335     69.945    377.377   -122.559    -13.758   -109.433      5.689
     -2.337     69.973    377.596   -122.571    -13.748   -109.356      5.686
     -2.339     70.000    377.815   -122.582    -13.739   -109.280      5.683
     -2.341     70.028    378.033   -122.593    -13.729   -109.204      5.680
     -2.343     70.055    378.251   -122.605    -13.719   -109.128      5.676
     -2.345     70.083    378.470   -122.616    -13.710   -109.053      5.673
     -2.347     70.110    378.688   -122.627    -13.700   -108.977      5.670
     -2.349     70.138    378.905   -122.639    -13.691   -108.901      5.667
     -2.351     70.165    379.123   -122.650    -13.681   -108.825      5.664
     -2.353     70.192    379.341   -122.661    -13.672   -108.750      5.661
     -2.355     70.220    379.558   -122.673    -13.662   -108.674      5.659
     -2.357     70.247    379.775   -122.684    -13.653   -108.599      5.656
     -2.359     70.274    379.993   -122.695    -13.643   -108.523      5.653
     -2.361     70.302    380.210   -122.707    -13.634   -108.448      5.650
     -2.363     70.329    380.426   -122.718    -13.625   -108.373      5.647
     -2.365     70.356    380.643   -122.729    -13.615   -108.298      5.644
     -2.367     70.383    380.860   -122.741    -13.606   -108.223      5.642
     -2.369     70.410    381.076   -122.752    -13.596   -108.148      5.639
     -2.371     70.438    381.292   -122.763    -13.587   -108.073      5.636
     -2.373     70.465    381.508   -122.774    -13.578   -107.998      5.633
     -2.375     70.492    381.724   -122.786    -13.568   -107.923      5.631
     -2.377     70.519    381.940   -122.797    -13.559   -107.848      5.628
     -2.379     70.546    382.156   -122.808    -13.550   -107.773      5.626
     -2.381     70.573    382.371   -122.819    -13.540   -107.699      5.623
     -2.383     70.600    382.586   -122.831    -13.531   -107.624      5.620
     -2.385     70.627    382.802   -122.842    -13.522   -107.549      5.618
     -2.387     70.654    383.017   -122.853    -13.513   -107.475      5.615
     -2.389     70.681    383.231   -122.864    -13.503   -107.401      5.613
     -2.391     70.708    383.446   -122.876    -13.494   -107.326      5.610
     -2.393     70.735    383.661   -122.887    -13.485   -107.252      5.608
     -2.395     70.762    383.875   -122.898    -13.476   -107.178      5.606
     -2.397     70.789    384.089   -122.909    -13.466   -107.104      5.603
     -2.399     70.816    384.304   -122.920    -13.457   -107.030      5.601
     -2.401     70.843    384.518   -122.932    -13.448   -106.956      5.599
     -2.403     70.870    384.731   -122.943    -13.439   -106.882      5.596
     -2.405     70.897    384.945   -122.954    -13.430   -106.808      5.594
     -2.407     70.924    385.159   -122.965    -13.421   -106.734      5.592
     -2.409     70.951    385.372   -122.976    -13.412   -106.660      5.589
     -2.411     70.977    385.585   -122.988    -13.402   -106.586      5.587
     -2.413     71.004    385.798   -122.999    -13.393   -106.513      5.585
     -2.415     71.031    386.011   -123.010    -13.384   -106.439      5.583
     -2.417     71.058    386.224   -123.021    -13.375   -106.366      5.581
     -2.419     71.084    386.437   -123.032    -13.366   -106.292      5.579
     -2.421     71.111    386.649   -123.043    -13.357   -106.219      5.577
     -2.423     71.138    386.862   -123.055    -13.348   -106.145      5.575
     -2.425     71.165    387.074   -123.066    -13.339   -106.072      5.572
     -2.427     71.191    387.286   -123.077    -13.330   -105.999      5.570
     -2.429     71.218    387.498   -123.088    -13.321   -105.926      5.568
     -2.431     71.245    387.710   -123.099    -13.312   -105.853      5.567
     -2.433     71.271    387.921   -123.110    -13.303   -105.780      5.565
     -2.435     71.298    388.133   -123.121    -13.294   -105.707      5.563
     -2.437     71.324    388.344   -123.132    -13.285   -105.634      5.561
     -2.439     71.351    388.555   -123.144    -13.276   -105.561      5.559
     -2.441     71.377    388.766   -123.155    -13.267   -105.488      5.557
     -2.443     71.404    388.977   -123.166    -13.258   -105.415      5.555
     -2.445     71.430    389.188   -123.177    -13.249   -105.343      5.553
     -2.447     71.457    389.399   -123.188    -13.241   -105.270      5.552
     -2.449     71.483    389.609   -123.199    -13.232   -105.198      5.550
     -2.451     71.510    389.819   -123.210    -13.223   -105.125      5.548
     -2.453     71.536    390.030   -123.221    -13.214   -105.053      5.546
     -2.455     71.563    390.240   -123.232    -13.205   -104.980      5.545
     -2.457     71.589    390.450   -123.244    -13.196   -104.908      5.543
     -2.459     71.616    390.659   -123.255    -13.188   -104.836      5.541
     -2.461     71.642    390.869   -123.266    -13.179   -104.764      5.540
     -2.463     71.668    391.078   -123.277    -13.170   -104.692      5.538
     -2.465     71.695    391.288   -123.288    -13.161   -104.620      5.537
     -2.467     71.721    391.497   -123.299    -13.152   -104.548      5.535
     -2.469     71.747    391.706   -123.310    -13.144   -104.476      5.534
     -2.471     71.773    391.915   -123.321    -13.135   -104.404      5.532
     -2.473     71.800    392.123   -123.332    -13.126   -104.332      5.531
     -2.475     71.826    392.332   -123.343    -13.117   -104.260      5.529
     -2.477     71.852    392.540   -123.354    -13.109   -104.188      5.528
     -2.479     71.878    392.749   -123.365    -13.100   -104.117      5.526
     -2.481     71.905    392.957   -123.376    -13.091   -104.045      5.525
     -2.483     71.931    393.165   -123.387    -13.083   -103.974      5.524
     -2.485     71.957    393.373   -123.398    -13.074   -103.902      5.522
     -2.487     71.983    393.581   -123.409    -13.065   -103.831      5.521
     -2.489     72.009    393.788   -123.421    -13.057   -103.759      5.520
     -2.491     72.035    393.996   -123.432    -13.048   -103.688      5.518
     -2.493     72.061    394.203   -123.443    -13.040   -103.617      5.517
     -2.495     72.087    394.410   -123.454    -13.031   -103.546      5.516
     -2.497     72.113    394.617   -123.465    -13.022   -103.475      5.515
     -2.499     72.140    394.824   -123.476    -13.014   -103.403      5.514
     -2.501     72.166    395.031   -123.487    -13.005   -103.332      5.512
     -2.503     72.192    395.237   -123.498    -12.997   -103.262      5.511
     -2.505     72.218    395.444   -123.509    -12.988   -103.191      5.510
     -2.507     72.243    395.650   -123.520    -12.980   -103.120      5.509
     -2.509     72.269    395.856   -123.531    -12.971   -103.049      5.508
     -2.511     72.295    396.062   -123.542    -12.963   -102.978      5.507
     -2.513     72.321    396.268   -123.553    -12.954   -102.908      5.506
     -2.515     72.347    396.474   -123.564    -12.946   -102.837      5.505
     -2.517     72.373    396.679   -123.575    -12.937   -102.766      5.504
     -2.519     72.399    396.885   -123.586    -12.929   -102.696      5.503
     -2.521     72.425    397.090   -123.597    -12.920   -102.626      5.502
     -2.523     72.451    397.295   -123.608    -12.912   -102.555      5.501
     -2.525     72.476    397.501   -123.619    -12.903   -102.485      5.500
     -2.527     72.502    397.705   -123.630    -12.895   -102.415      5.499
     -2.529     72.528    397.910   -123.641    -12.887   -102.344      5.498
     -2.531     72.554    398.115   -123.652    -12.878   -102.274      5.498
     -2.533     72.580    398.319   -123.663    -12.870   -102.204      5.497
     -2.535     72.605    398.524   -123.674    -12.861   -102.134      5.496
     -2.537     72.631    398.728   -123.685    -12.853   -102.064      5.495
     -2.539     72.657    398.932   -123.696    -12.845   -101.994      5.494
     -2.541     72.682    399.136   -123.707    -12.836   -101.924      5.494
     -2.543     72.708    399.340   -123.718    -12.828   -101.854      5.493
     -2.545     72.734    399.543   -123.729    -12.820   -101.785      5.492
     -2.547     72.759    399.747   -123.740    -12.811   -101.715      5.492
     -2.549     72.785    399.950   -123.751    -12.803   -101.645      5.491
     -2.551     72.811    400.153   -123.762    -12.795   -101.576      5.490
     -2.553     72.836    400.356   -123.773    -12.786   -101.506      5.490
     -2.555     72.862    400.559   -123.784    -12.778   -101.437      5.489
     -2.557     72.887    400.762   -123.795    -12.770   -101.367      5.489
     -2.559     72.913    400.965   -123.806    -12.762   -101.298      5.488
     -2.561     72.938    401.167   -123.817    -12.753   -101.228      5.487
     -2.563     72.964    401.370   -123.828    -12.745   -101.159      5.487
     -2.565     72.989    401.572   -123.839    -12.737   -101.090      5.486
     -2.567     73.015    401.774   -123.850    -12.729   -101.021      5.486
     -2.569     73.040    401.976   -123.860    -12.721   -100.952      5.486
     -2.571     73.066    402.178   -123.871    -12.712   -100.882      5.485
     -2.573     73.091    402.380   -123.882    -12.704   -100.813      5.485
     -2.575     73.116    402.581   -123.893    -12.696   -100.744      5.484
     -2.577     73.142    402.783   -123.904    -12.688   -100.676      5.484
     -2.579     73.167    402.984   -123.915    -12.680   -100.607      5.484
     -2.581     73.193    403.185   -123.926    -12.672   -100.538      5.483
     -2.583     73.218    403.386   -123.937    -12.664   -100.469      5.483
     -2.585     73.243    403.587   -123.948    -12.655   -100.400      5.483
     -2.587     73.268    403.788   -123.959    -12.647   -100.332      5.482
     -2.589     73.294    403.988   -123.970    -12.639   -100.263      5.482
     -2.591     73.319    404.189   -123.981    -12.631   -100.195      5.482
     -2.593     73.344    404.389   -123.992    -12.623   -100.126      5.482
     -2.595     73.370    404.589   -124.003    -12.615   -100.058      5.482
     -2.597     73.395    404.789   -124.014    -12.607    -99.989      5.481
     -2.599     73.420    404.989   -124.025    -12.599    -99.921      5.481
     -2.601     73.445    405.189   -124.036    -12.591    -99.853      5.481
     -2.603     73.470    405.388   -124.047    -12.583    -99.785      5.481
     -2.605     73.495    405.588   -124.058    -12.575    -99.716      5.481
     -2.607     73.521    405.787   -124.069    -12.567    -99.648      5.481
     -2.609     73.546    405.987   -124.080    -12.559    -99.580      5.481
     -2.611     73.571    406.186   -124.091    -12.551    -99.512      5.481
     -2.613     73.596    406.385   -124.102    -12.543    -99.444      5.481
     -2.615     73.621    406.583   -124.113    -12.535    -99.376      5.481
     -2.617     73.646    406.782   -124.124    -12.527    -99.308      5.481
     -2.619     73.671    406.981   -124.135    -12.519    -99.241      5.481
     -2.621     73.696    407.179   -124.146    -12.511    -99.173      5.481
     -2.623     73.721    407.377   -124.157    -12.503    -99.105      5.481
     -2.625     73.746    407.576   -124.167    -12.496    -99.037      5.481
     -2.627     73.771    407.774   -124.178    -12.488    -98.970      5.481
     -2.629     73.796    407.971   -124.189    -12.480    -98.902      5.481
     -2.631     73.821    408.169   -124.200    -12.472    -98.835      5.482
     -2.633     73.846    408.367   -124.211    -12.464    -98.767      5.482
     -2.635     73.871    408.564   -124.222    -12.456    -98.700      5.482
     -2.637     73.896    408.762   -124.233    -12.448    -98.633      5.482
     -2.639     73.921    408.959   -124.244    -12.440    -98.565      5.483
     -2.641     73.946    409.156   -124.255    -12.433    -98.498      5.483
     -2.643     73.970    409.353   -124.266    -12.425    -98.431      5.483
     -2.645     73.995    409.550   -124.277    -12.417    -98.364      5.483
     -2.647     74.020    409.746   -124.288    -12.409    -98.296      5.484
     -2.649     74.045    409.943   -124.299    -12.401    -98.229      5.484
     -2.651     74.070    410.139   -124.310    -12.394    -98.162      5.484
     -2.653     74.095    410.335   -124.321    -12.386    -98.095      5.485
     -2.655     74.119    410.531   -124.332    -12.378    -98.029      5.485
     -2.657     74.144    410.727   -124.343    -12.370    -97.962      5.486
     -2.659     74.169    410.923   -124.354    -12.363    -97.895      5.486
     -2.661     74.193    411.119   -124.365    -12.355    -97.828      5.486
     -2.663     74.218    411.315   -124.376    -12.347    -97.761      5.487
     -2.665     74.243    411.510   -124.387    -12.339    -97.695      5.487
     -2.667     74.268    411.705   -124.398    -12.332    -97.628      5.488
     -2.669     74.292    411.901   -124.409    -12.324    -97.562      5.488
     -2.671     74.317    412.096   -124.420    -12.316    -97.495      5.489
     -2.673     74.341    412.291   -124.431    -12.309    -97.429      5.489
     -2.675     74.366    412.485   -124.442    -12.301    -97.362      5.490
     -2.677     74.391    412.680   -124.453    -12.293    -97.296      5.491
     -2.679     74.415    412.875   -124.464    -12.286    -97.229      5.491
     -2.681     74.440    413.069   -124.475    -12.278    -97.163      5.492
     -2.683     74.464    413.263   -124.486    -12.271    -97.097      5.493
     -2.685     74.489    413.457   -124.497    -12.263    -97.031      5.493
     -2.687     74.513    413.651   -124.508    -12.255    -96.965      5.494
     -2.689     74.538    413.845   -124.519    -12.248    -96.899      5.495
     -2.691     74.562    414.039   -124.530    -12.240    -96.833      5.495
     -2.693     74.587    414.233   -124.541    -12.233    -96.767      5.496
     -2.695     74.611    414.426   -124.552    -12.225    -96.701      5.497
     -2.697     74.636    414.619   -124.563    -12.217    -96.635      5.498
     -2.699     74.660    414.813   -124.574    -12.210    -96.569      5.498
     -2.701     74.685    415.006   -124.585    -12.202    -96.503      5.499
     -2.703     74.709    415.199   -124.596    -12.195    -96.437      5.500
     -2.705     74.733    415.391   -124.607    -12.187    -96.372      5.501
     -2.707     74.758    415.584   -124.618    -12.180    -96.306      5.502
     -2.709     74.782    415.777   -124.629    -12.172    -96.240      5.503
     -2.711     74.806    415.969   -124.640    -12.165    -96.175      5.503
     -2.713     74.831    416.161   -124.651    -12.157    -96.109      5.504
     -2.715     74.855    416.353   -124.662    -12.150    -96.044      5.505
     -2.717     74.879    416.545   -124.673    -12.142    -95.978      5.506
     -2.719     74.904    416.737   -124.684    -12.135    -95.913      5.507
     -2.721     74.928    416.929   -124.695    -12.127    -95.848      5.508
     -2.723     74.952    417.121   -124.706    -12.120    -95.782      5.509
     -2.725     74.976    417.312   -124.717    -12.113    -95.717      5.510
     -2.727     75.001    417.504   -124.728    -12.105    -95.652      5.511
     -2.729     75.025    417.695   -124.739    -12.098    -95.587      5.512
     -2.731     75.049    417.886   -124.750    -12.090    -95.522      5.513
     -2.733     75.073    418.077   -124.761    -12.083    -95.457      5.514
     -2.735     75.097    418.268   -124.772    -12.076    -95.392      5.515
     -2.737     75.121    418.458   -124.783    -12.068    -95.327      5.517
     -2.739     75.146    418.649   -124.794    -12.061    -95.262      5.518
     -2.741     75.170    418.840   -124.805    -12.053    -95.197      5.519
     -2.743     75.194    419.030   -124.816    -12.046    -95.132      5.520
     -2.745     75.218    419.220   -124.827    -12.039    -95.067      5.521
     -2.747     75.242    419.410   -124.838    -12.031    -95.003      5.522
     -2.749     75.266    419.600   -124.849    -12.024    -94.938      5.524
     -2.751     75.290    419.790   -124.860    -12.017    -94.873      5.525
     -2.753     75.314    419.980   -124.871    -12.009    -94.809      5.526
     -2.755     75.338    420.169   -124.882    -12.002    -94.744      5.527
     -2.757     75.362    420.359   -124.893    -11.995    -94.680      5.529
     -2.759     75.386    420.548   -124.904    -11.988    -94.615      5.530
     -2.761     75.410    420.737   -124.915    -11.980    -94.551      5.531
     -2.763     75.434    420.926   -124.926    -11.973    -94.486      5.533
     -2.765     75.458    421.115   -124.938    -11.966    -94.422      5.534
     -2.767     75.482    421.304   -124.949    -11.959    -94.358      5.535
     -2.769     75.506    421.492   -124.960    -11.951    -94.294      5.537
     -2.771     75.530    421.681   -124.971    -11.944    -94.229      5.538
     -2.773     75.554    421.869   -124.982    -11.937    -94.165      5.540
     -2.775     75.577    422.058   -124.993    -11.930    -94.101      5.541
     -2.777     75.601    422.246   -125.004    -11.922    -94.037      5.542
     -2.779     75.625    422.434   -125.015    -11.915    -93.973      5.544
     -2.781     75.649    422.622   -125.026    -11.908    -93.909      5.545
     -2.783     75.673    422.809   -125.037    -11.901    -93.845      5.547
     -2.785     75.697    422.997   -125.048    -11.894    -93.781      5.548
     -2.787     75.720    423.184   -125.059    -11.887    -93.717      5.550
     -2.789     75.744    423.372   -125.071    -11.879    -93.654      5.551
     -2.791     75.768    423.559   -125.082    -11.872    -93.590      5.553
     -2.793     75.792    423.746   -125.093    -11.865    -93.526      5.555
     -2.795     75.815    423.933   -125.104    -11.858    -93.463      5.556
     -2.797     75.839    424.120   -125.115    -11.851    -93.399      5.558
     -2.799     75.863    424.307   -125.126    -11.844    -93.335      5.559
     -2.801     75.886    424.493   -125.137    -11.837    -93.272      5.561
     -2.803     75.910    424.680   -125.148    -11.830    -93.208      5.563
     -2.805     75.934    424.866   -125.159    -11.822    -93.145      5.564
     -2.807     75.957    425.052   -125.171    -11.815    -93.082      5.566
     -2.809     75.981    425.239   -125.182    -11.808    -93.018      5.568
     -2.811     76.005    425.425   -125.193    -11.801    -92.955      5.569
     -2.813     76.028    425.610   -125.204    -11.794    -92.892      5.571
     -2.815     76.052    425.796   -125.215    -11.787    -92.828      5.573
     -2.817     76.075    425.982   -125.226    -11.780    -92.765      5.575
     -2.819     76.099    426.167   -125.237    -11.773    -92.702      5.577
     -2.821     76.122    426.353   -125.249    -11.766    -92.639      5.578
     -2.823     76.146    426.538   -125.260    -11.759    -92.576      5.580
     -2.825     76.169    426.723   -125.271    -11.752    -92.513      5.582
     -2.827     76.193    426.908   -125.282    -11.745    -92.450      5.584
     -2.829     76.216    427.093   -125.293    -11.738    -92.387      5.586
     -2.831     76.240    427.277   -125.304    -11.731    -92.324      5.588
     -2.833     76.263    427.462   -125.316    -11.724    -92.261      5.589
     -2.835     76.287    427.646   -125.327    -11.717    -92.198      5.591
     -2.837     76.310    427.831   -125.338    -11.710    -92.136      5.593
     -2.839     76.334    428.015   -125.349    -11.703    -92.073      5.595
     -2.841     76.357    428.199   -125.360    -11.696    -92.010      5.597
     -2.843     76.380    428.383   -125.372    -11.689    -91.948      5.599
     -2.845     76.404    428.567   -125.383    -11.682    -91.885      5.601
     -2.847     76.427    428.750   -125.394    -11.675    -91.822      5.603
     -2.849     76.450    428.934   -125.405    -11.669    -91.760      5.605
     -2.851     76.474    429.118   -125.416    -11.662    -91.697      5.607
     -2.853     76.497    429.301   -125.428    -11.655    -91.635      5.609
     -2.855     76.520    429.484   -125.439    -11.648    -91.573      5.611
     -2.857     76.544    429.667   -125.450    -11.641    -91.510      5.613
     -2.859     76.567    429.850   -125.461    -11.634    -91.448      5.615
     -2.861     76.590    430.033   -125.473    -11.627    -91.386      5.617
     -2.863     76.613    430.216   -125.484    -11.620    -91.323      5.620
     -2.865     76.637    430.398   -125.495    -11.614    -91.261      5.622
     -2.867     76.660    430.581   -125.506    -11.607    -91.199      5.624
     -2.869     76.683    430.763   -125.517    -11.600    -91.137      5.626
     -2.871     76.706    430.945   -125.529    -11.593    -91.075      5.628
     -2.873     76.730    431.127   -125.540    -11.586    -91.013      5.630
     -2.875     76.753    431.309   -125.551    -11.579    -90.951      5.633
     -2.877     76.776    431.491   -125.563    -11.573    -90.889      5.635
     -2.879     76.799    431.673   -125.574    -11.566    -90.827      5.637
     -2.881     76.822    431.854   -125.585    -11.559    -90.765      5.639
     -2.883     76.845    432.036   -125.596    -11.552    -90.703      5.642
     -2.885     76.868    432.217   -125.608    -11.545    -90.642      5.644
     -2.887     76.891    432.398   -125.619    -11.539    -90.580      5.646
     -2.889     76.914    432.580   -125.630    -11.532    -90.518      5.648
     -2.891     76.938    432.761   -125.642    -11.525    -90.456      5.651
     -2.893     76.961    432.941   -125.653    -11.518    -90.395      5.653
     -2.895     76.984    433.122   -125.664    -11.512    -90.333      5.655
     -2.897     77.007    433.303   -125.675    -11.505    -90.272      5.658
     -2.899     77.030    433.483   -125.687    -11.498    -90.210      5.660
     -2.901     77.053    433.664   -125.698    -11.492    -90.149      5.663
     -2.903     77.076    433.844   -125.709    -11.485    -90.087      5.665
     -2.905     77.099    434.024   -125.721    -11.478    -90.026      5.667
     -2.907     77.121    434.204   -125.732    -11.471    -89.965      5.670
     -2.909     77.144    434.384   -125.743    -11.465    -89.903      5.672
     -2.911     77.167    434.564   -125.755    -11.458    -89.842      5.675
     -2.913     77.190    434.743   -125.766    -11.451    -89.781      5.677
     -2.915     77.213    434.923   -125.777    -11.445    -89.720      5.680
     -2.917     77.236    435.102   -125.789    -11.438    -89.658      5.682
     -2.919     77.259    435.281   -125.800    -11.431    -89.597      5.685
     -2.921     77.282    435.460   -125.812    -11.425    -89.536      5.687
     -2.923     77.305    435.639   -125.823    -11.418    -89.475      5.690
     -2.925     77.327    435.818   -125.834    -11.412    -89.414      5.692
     -2.927     77.350    435.997   -125.846    -11.405    -89.353      5.695
     -2.929     77.373    436.176   -125.857    -11.398    -89.292      5.698
     -2.931     77.396    436.354   -125.869    -11.392    -89.232      5.700
     -2.933     77.419    436.533   -125.880    -11.385    -89.171      5.703
     -2.935     77.441    436.711   -125.891    -11.379    -89.110      5.706
     -2.937     77.464    436.889   -125.903    -11.372    -89.049      5.708
     -2.939     77.487    437.067   -125.914    -11.365    -88.988      5.711
     -2.941     77.510    437.245   -125.926    -11.359    -88.928      5.713
     -2.943     77.532    437.423   -125.937    -11.352    -88.867      5.716
     -2.945     77.555    437.601   -125.948    -11.346    -88.806      5.719
     -2.947     77.578    437.778   -125.960    -11.339    -88.746      5.722
     -2.949     77.600    437.956   -125.971    -11.333    -88.685      5.724
     -2.951     77.623    438.133   -125.983    -11.326    -88.625      5.727
     -2.953     77.646    438.310   -125.994    -11.320    -88.564      5.730
     -2.955     77.668    438.487   -126.006    -11.313    -88.504      5.733
     -2.957     77.691    438.664   -126.017    -11.307    -88.444      5.735
     -2.959     77.714    438.841   -126.029    -11.300    -88.383      5.738
     -2.961     77.736    439.018   -126.040    -11.294    -88.323      5.741
     -2.963     77.759    439.194   -126.052    -11.287    -88.263      5.744
     -2.965     77.781    439.371   -126.063    -11.281    -88.202      5.747
     -2.967     77.804    439.547   -126.075    -11.274    -88.142      5.750
     -2.969     77.826    439.723   -126.086    -11.268    -88.082      5.752
     -2.971     77.849    439.899   -126.098    -11.261    -88.022      5.755
     -2.973     77.871    440.075   -126.109    -11.255    -87.962      5.758
     -2.975     77.894    440.251   -126.121    -11.248    -87.902      5.761
     -2.977     77.916    440.427   -126.132    -11.242    -87.842      5.764
     -2.979     77.939    440.602   -126.144    -11.235    -87.782      5.767
     -2.981     77.961    440.778   -126.155    -11.229    -87.722      5.770
     -2.983     77.984    440.953   -126.167    -11.223    -87.662      5.773
     -2.985     78.006    441.129   -126.178    -11.216    -87.602      5.776
     -2.987     78.029    441.304   -126.190    -11.210    -87.542      5.779
     -2.989     78.051    441.479   -126.201    -11.203    -87.483      5.782
     -2.991     78.073    441.654   -126.213    -11.197    -87.423      5.785
     -2.993     78.096    441.829   -126.225    -11.191    -87.363      5.788
     -2.995     78.118    442.003   -126.236    -11.184    -87.303      5.791
     -2.997     78.141    442.178   -126.248    -11.178    -87.244      5.794
     -2.999     78.163    442.352   -126.259    -11.172    -87.184      5.797
     -3.001     78.185    442.526   -126.271    -11.165    -87.125      5.800
     -3.003     78.208    442.701   -126.283    -11.159    -87.065      5.803
     -3.005     78.230    442.875   -126.294    -11.152    -87.006      5.806
     -3.007     78.252    443.049   -126.306    -11.146    -86.946      5.809
     -3.009     78.275    443.222   -126.317    -11.140    -86.887      5.813
     -3.011     78.297    443.396   -126.329    -11.134    -86.827      5.816
     -3.013     78.319    443.570   -126.341    -11.127    -86.768      5.819
     -3.015     78.341    443.743   -126.352    -11.121    -86.709      5.822
     -3.017     78.364    443.917   -126.364    -11.115    -86.649      5.825
     -3.019     78.386    444.090   -126.376    -11.108    -86.590      5.828
     -3.021     78.408    444.263   -126.387    -11.102    -86.531      5.832
     -3.023     78.430    444.436   -126.399    -11.096    -86.472      5.835
     -3.025     78.452    444.609   -126.411    -11.089    -86.413      5.838
     -3.027     78.475    444.782   -126.422    -11.083    -86.354      5.841
     -3.029     78.497    444.954   -126.434    -11.077    -86.294      5.845
     -3.031     78.519    445.127   -126.446    -11.071    -86.235      5.848
     -3.033     78.541    445.299   -126.457    -11.064    -86.176      5.851
     -3.035     78.563    445.472   -126.469    -11.058    -86.118      5.854
     -3.037     78.585    445.644   -126.481    -11.052    -86.059      5.858
     -3.039     78.607    445.816   -126.493    -11.046    -86.000      5.861
     -3.041     78.629    445.988   -126.504    -11.039    -85.941      5.864
     -3.043     78.651    446.160   -126.516    -11.033    -85.882      5.868
     -3.045     78.674    446.331   -126.528    -11.027    -85.823      5.871
     -3.047     78.696    446.503   -126.539    -11.021    -85.764      5.875
     -3.049     78.718    446.674   -126.551    -11.015    -85.706      5.878
     -3.051     78.740    446.846   -126.563    -11.008    -85.647      5.881
     -3.053     78.762    447.017   -126.575    -11.002    -85.588      5.885
     -3.055     78.784    447.188   -126.586    -10.996    -85.530      5.888
     -3.057     78.806    447.359   -126.598    -10.990    -85.471      5.892
     -3.059     78.828    447.530   -126.610    -10.984    -85.413      5.895
     -3.061     78.850    447.701   -126.622    -10.978    -85.354      5.898
     -3.063     78.872    447.871   -126.634    -10.971    -85.296      5.902
     -3.065     78.893    448.042   -126.645    -10.965    -85.237      5.905
     -3.067     78.915    448.212   -126.657    -10.959    -85.179      5.909
     -3.069     78.937    448.383   -126.669    -10.953    -85.121      5.912
     -3.071     78.959    448.553   -126.681    -10.947    -85.062      5.916
     -3.073     78.981    448.723   -126.693    -10.941    -85.004      5.920
     -3.075     79.003    448.893   -126.705    -10.935    -84.946      5.923
     -3.077     79.025    449.063   -126.716    -10.929    -84.887      5.927
     -3.079     79.047    449.232   -126.728    -10.922    -84.829      5.930
     -3.081     79.068    449.402   -126.740    -10.916    -84.771      5.934
     -3.083     79.090    449.571   -126.752    -10.910    -84.713      5.937
     -3.085     79.112    449.741   -126.764    -10.904    -84.655      5.941
     -3.087     79.134    449.910   -126.776    -10.898    -84.597      5.945
     -3.089     79.156    450.079   -126.788    -10.892    -84.539      5.948
     -3.091     79.178    450.248   -126.800    -10.886    -84.481      5.952
     -3.093     79.199    450.417   -126.812    -10.880    -84.423      5.956
     -3.095     79.221    450.586   -126.823    -10.874    -84.365      5.959
     -3.097     79.243    450.755   -126.835    -10.868    -84.307      5.963
     -3.099     79.264    450.923   -126.847    -10.862    -84.249      5.967
     -3.101     79.286    451.092   -126.859    -10.856    -84.191      5.970
     -3.103     79.308    451.260   -126.871    -10.850    -84.133      5.974
     -3.105     79.330    451.428   -126.883    -10.844    -84.076      5.978
     -3.107     79.351    451.596   -126.895    -10.838    -84.018      5.981
     -3.109     79.373    451.764   -126.907    -10.832    -83.960      5.985
     -3.111     79.395    451.932   -126.919    -10.826    -83.903      5.989
     -3.113     79.416    452.100   -126.931    -10.820    -83.845      5.993
     -3.115     79.438    452.267   -126.943    -10.814    -83.787      5.997
     -3.117     79.460    452.435   -126.955    -10.808    -83.730      6.000
     -3.119     79.481    452.602   -126.967    -10.802    -83.672      6.004
     -3.121     79.503    452.770   -126.979    -10.796    -83.615      6.008
     -3.123     79.524    452.937   -126.991    -10.790    -83.557      6.012
     -3.125     79.546    453.104   -127.003    -10.784    -83.500      6.016
     -3.127     79.567    453.271   -127.015    -10.778    -83.443      6.020
     -3.129     79.589    453.438   -127.027    -10.772    -83.385      6.023
     -3.131     79.611    453.604   -127.039    -10.766    -83.328      6.027
     -3.133     79.632    453.771   -127.051    -10.760    -83.271      6.031
     -3.135     79.654    453.937   -127.063    -10.754    -83.213      6.035
     -3.137     79.675    454.104   -127.075    -10.748    -83.156      6.039
     -3.139     79.697    454.270   -127.087    -10.742    -83.099      6.043
     -3.141     79.718    454.436   -127.100    -10.736    -83.042      6.047
     -3.143     79.740    454.602   -127.112    -10.730    -82.985      6.051
     -3.145     79.761    454.768   -127.124    -10.725    -82.927      6.055
     -3.147     79.782    454.934   -127.136    -10.719    -82.870      6.059
     -3.149     79.804    455.100   -127.148    -10.713    -82.813      6.063
     -3.151     79.825    455.265   -127.160    -10.707    -82.756      6.067
     -3.153     79.847    455.431   -127.172    -10.701    -82.699      6.071
     -3.155     79.868    455.596   -127.184    -10.695    -82.642      6.075
     -3.157     79.889    455.761   -127.197    -10.689    -82.585      6.079
     -3.159     79.911    455.926   -127.209    -10.683    -82.529      6.083
     -3.161     79.932    456.091   -127.221    -10.678    -82.472      6.087
     -3.163     79.954    456.256   -127.233    -10.672    -82.415      6.091
     -3.165     79.975    456.421   -127.245    -10.666    -82.358      6.095
     -3.167     79.996    456.586   -127.257    -10.660    -82.301      6.099
     -3.169     80.018    456.750   -127.270    -10.654    -82.245      6.103
     -3.171     80.039    456.915   -127.282    -10.648    -82.188      6.107
     -3.173     80.060    457.079   -127.294    -10.643    -82.131      6.111
     -3.175     80.081    457.243   -127.306    -10.637    -82.075      6.116
     -3.177     80.103    457.407   -127.319    -10.631    -82.018      6.120
     -3.179     80.124    457.571   -127.331    -10.625    -81.961      6.124
     -3.181     80.145    457.735   -127.343    -10.619    -81.905      6.128
     -3.183     80.166    457.899   -127.355    -10.614    -81.848      6.132
     -3.185     80.188    458.062   -127.368    -10.608    -81.792      6.136
     -3.187     80.209    458.226   -127.380    -10.602    -81.736      6.141
     -3.189     80.230    458.389   -127.392    -10.596    -81.679      6.145
     -3.191     80.251    458.553   -127.404    -10.591    -81.623      6.149
     -3.193     80.272    458.716   -127.417    -10.585    -81.566      6.153
     -3.195     80.294    458.879   -127.429    -10.579    -81.510      6.157
     -3.197     80.315    459.042   -127.441    -10.573    -81.454      6.162
     -3.199     80.336    459.205   -127.454    -10.568    -81.397      6.166
     -3.201     80.357    459.367   -127.466    -10.562    -81.341      6.170
     -3.203     80.378    459.530   -127.478    -10.556    -81.285      6.175
     -3.205     80.399    459.693   -127.491    -10.550    -81.229      6.179
     -3.207     80.420    459.855   -127.503    -10.545    -81.173      6.183
     -3.209     80.441    460.017   -127.515    -10.539    -81.117      6.188
     -3.211     80.462    460.179   -127.528    -10.533    -81.061      6.192
     -3.213     80.484    460.342   -127.540    -10.527    -81.005      6.196
     -3.215     80.505    460.504   -127.553    -10.522    -80.949      6.201
     -3.217     80.526    460.665   -127.565    -10.516    -80.893      6.205
     -3.219     80.547    460.827   -127.577    -10.510    -80.837      6.209
     -3.221     80.568    460.989   -127.590    -10.505    -80.781      6.214
     -3.223     80.589    461.150   -127.602    -10.499    -80.725      6.218
     -3.225     80.610    461.312   -127.615    -10.493    -80.669      6.222
     -3.227     80.631    461.473   -127.627    -10.488    -80.613      6.227
     -3.229     80.652    461.634   -127.640    -10.482    -80.557      6.231
     -3.231     80.673    461.795   -127.652    -10.476    -80.501      6.236
     -3.233     80.693    461.956   -127.665    -10.471    -80.446      6.240
     -3.235     80.714    462.117   -127.677    -10.465    -80.390      6.245
     -3.237     80.735    462.278   -127.690    -10.459    -80.334      6.249
     -3.239     80.756    462.438   -127.702    -10.454    -80.279      6.254
     -3.241     80.777    462.599   -127.715    -10.448    -80.223      6.258
     -3.243     80.798    462.759   -127.727    -10.443    -80.167      6.263
     -3.245     80.819    462.919   -127.740    -10.437    -80.112      6.267
     -3.247     80.840    463.080   -127.752    -10.431    -80.056      6.272
     -3.249     80.861    463.240   -127.765    -10.426    -80.001      6.276
     -3.251     80.882    463.400   -127.777    -10.420    -79.945      6.281
     -3.253     80.902    463.559   -127.790    -10.415    -79.890      6.285
     -3.255     80.923    463.719   -127.802    -10.409    -79.835      6.290
     -3.257     80.944    463.879   -127.815    -10.403    -79.779      6.294
     -3.259     80.965    464.038   -127.828    -10.398    -79.724      6.299
     -3.261     80.986    464.198   -127.840    -10.392    -79.668      6.304
     -3.263     81.006    464.357   -127.853    -10.387    -79.613      6.308
     -3.265     81.027    464.516   -127.865    -10.381    -79.558      6.313
     -3.267     81.048    464.675   -127.878    -10.376    -79.503      6.317
     -3.269     81.069    464.834   -127.891    -10.370    -79.447      6.322
     -3.271     81.089    464.993   -127.903    -10.364    -79.392      6.327
     -3.273     81.110    465.152   -127.916    -10.359    -79.337      6.331
     -3.275     81.131    465.310   -127.929    -10.353    -79.282      6.336
     -3.277     81.151    465.469   -127.941    -10.348    -79.227      6.341
     -3.279     81.172    465.627   -127.954    -10.342    -79.172      6.345
     -3.281     81.193    465.785   -127.967    -10.337    -79.117      6.350
     -3.283     81.214    465.944   -127.979    -10.331    -79.062      6.355
     -3.285     81.234    466.102   -127.992    -10.326    -79.007      6.360
     -3.287     81.255    466.260   -128.005    -10.320    -78.952      6.364
     -3.289     81.275    466.418   -128.018    -10.315    -78.897      6.369
     -3.291     81.296    466.575   -128.030    -10.309    -78.842      6.374
     -3.293     81.317    466.733   -128.043    -10.304    -78.787      6.379
     -3.295     81.337    466.890   -128.056    -10.298    -78.732      6.383
     -3.297     81.358    467.048   -128.069    -10.293    -78.677      6.388
     -3.299     81.378    467.205   -128.081    -10.287    -78.623      6.393
     -3.301     81.399    467.362   -128.094    -10.282    -78.568      6.398
     -3.303     81.420    467.519   -128.107    -10.276    -78.513      6.403
     -3.305     81.440    467.676   -128.120    -10.271    -78.458      6.407
     -3.307     81.461    467.833   -128.133    -10.266    -78.404      6.412
     -3.309     81.481    467.990   -128.145    -10.260    -78.349      6.417
     -3.311     81.502    468.147   -128.158    -10.255    -78.295      6.422
     -3.313     81.522    468.303   -128.171    -10.249    -78.240      6.427
     -3.315     81.543    468.460   -128.184    -10.244    -78.185      6.432
     -3.317     81.563    468.616   -128.197    -10.238    -78.131      6.437
     -3.319     81.584    468.772   -128.210    -10.233    -78.076      6.441
     -3.321     81.604    468.928   -128.223    -10.228    -78.022      6.446
     -3.323     81.625    469.084   -128.236    -10.222    -77.967      6.451
     -3.325     81.645    469.240   -128.248    -10.217    -77.913      6.456
     -3.327     81.665    469.396   -128.261    -10.211    -77.859      6.461
     -3.329     81.686    469.552   -128.274    -10.206    -77.804      6.466
     -3.331     81.706    469.707   -128.287    -10.201    -77.750      6.471
     -3.333     81.727    469.863   -128.300    -10.195    -77.696      6.476
     -3.335     81.747    470.018   -128.313    -10.190    -77.641      6.481
     -3.337     81.767    470.173   -128.326    -10.184    -77.587      6.486
     -3.339     81.788    470.328   -128.339    -10.179    -77.533      6.491
     -3.341     81.808    470.483   -128.352    -10.174    -77.479      6.496
     -3.343     81.828    470.638   -128.365    -10.168    -77.424      6.501
     -3.345     81.849    470.793   -128.378    -10.163    -77.370      6.506
     -3.347     81.869    470.948   -128.391    -10.158    -77.316      6.511
     -3.349     81.889    471.102   -128.404    -10.152    -77.262      6.516
     -3.351     81.910    471.257   -128.417    -10.147    -77.208      6.521
     -3.353     81.930    471.411   -128.430    -10.142    -77.154      6.526
     -3.355     81.950    471.565   -128.443    -10.136    -77.100      6.531
     -3.357     81.971    471.719   -128.456    -10.131    -77.046      6.536
     -3.359     81.991    471.873   -128.469    -10.126    -76.992      6.541
     -3.361     82.011    472.027   -128.482    -10.120    -76.938      6.546
     -3.363     82.031    472.181   -128.496    -10.115    -76.884      6.552
     -3.365     82.052    472.335   -128.509    -10.110    -76.830      6.557
     -3.367     82.072    472.489   -128.522    -10.104    -76.776      6.562
     -3.369     82.092    472.642   -128.535    -10.099    -76.723      6.567
     -3.371     82.112    472.795   -128.548    -10.094    -76.669      6.572
     -3.373     82.132    472.949   -128.561    -10.088    -76.615      6.577
     -3.375     82.153    473.102   -128.574    -10.083    -76.561      6.582
     -3.377     82.173    473.255   -128.588    -10.078    -76.508      6.588
     -3.379     82.193    473.408   -128.601    -10.073    -76.454      6.593
     -3.381     82.213    473.561   -128.614    -10.067    -76.400      6.598
     -3.383     82.233    473.714   -128.627    -10.062    -76.347      6.603
     -3.385     82.253    473.866   -128.640    -10.057    -76.293      6.608
     -3.387     82.273    474.019   -128.654    -10.052    -76.239      6.614
     -3.389     82.293    474.171   -128.667    -10.046    -76.186      6.619
     -3.391     82.313    474.323   -128.680    -10.041    -76.132      6.624
     -3.393     82.334    474.476   -128.693    -10.036    -76.079      6.629
     -3.395     82.354    474.628   -128.707    -10.031    -76.025      6.635
     -3.397     82.374    474.780   -128.720    -10.025    -75.972      6.640
     -3.399     82.394    474.932   -128.733    -10.020    -75.918      6.645
     -3.401     82.414    475.083   -128.746    -10.015    -75.865      6.650
     -3.403     82.434    475.235   -128.760    -10.010    -75.812      6.656
     -3.405     82.454    475.387   -128.773    -10.005    -75.758      6.661
     -3.407     82.474    475.538   -128.786     -9.999    -75.705      6.666
     -3.409     82.494    475.689   -128.800     -9.994    -75.652      6.672
     -3.411     82.514    475.841   -128.813     -9.989    -75.598      6.677
     -3.413     82.534    475.992   -128.826     -9.984    -75.545      6.682
     -3.415     82.554    476.143   -128.840     -9.979    -75.492      6.688
     -3.417     82.574    476.294   -128.853     -9.973    -75.439      6.693
     -3.419     82.594    476.445   -128.867     -9.968    -75.386      6.699
     -3.421     82.614    476.595   -128.880     -9.963    -75.332      6.704
     -3.423     82.633    476.746   -128.893     -9.958    -75.279      6.709
     -3.425     82.653    476.896   -128.907     -9.953    -75.226      6.715
     -3.427     82.673    477.047   -128.920     -9.948    -75.173      6.720
     -3.429     82.693    477.197   -128.934     -9.942    -75.120      6.726
     -3.431     82.713    477.347   -128.947     -9.937    -75.067      6.731
     -3.433     82.733    477.497   -128.961     -9.932    -75.014      6.736
     -3.435     82.753    477.647   -128.974     -9.927    -74.961      6.742
     -3.437     82.773    477.797   -128.988     -9.922    -74.908      6.747
     -3.439     82.792    477.947   -129.001     -9.917    -74.855      6.753
     -3.441     82.812    478.097   -129.015     -9.912    -74.802      6.758
     -3.443     82.832    478.246   -129.028     -9.906    -74.749      6.764
     -3.445     82.852    478.396   -129.042     -9.901    -74.697      6.769
     -3.447     82.872    478.545   -129.055     -9.896    -74.644      6.775
     -3.449     82.892    478.694   -129.069     -9.891    -74.591      6.780
     -3.451     82.911    478.843   -129.082     -9.886    -74.538      6.786
     -3.453     82.931    478.992   -129.096     -9.881    -74.485      6.791
     -3.455     82.951    479.141   -129.109     -9.876    -74.433      6.797
     -3.457     82.971    479.290   -129.123     -9.871    -74.380      6.802
     -3.459     82.990    479.439   -129.137     -9.866    -74.327      6.808
     -3.461     83.010    479.587   -129.150     -9.861    -74.275      6.814
     -3.463     83.030    479.736   -129.164     -9.856    -74.222      6.819
     -3.465     83.049    479.884   -129.178     -9.850    -74.170      6.825
     -3.467     83.069    480.033   -129.191     -9.845    -74.117      6.830
     -3.469     83.089    480.181   -129.205     -9.840    -74.064      6.836
     -3.471     83.109    480.329   -129.219     -9.835    -74.012      6.841
     -3.473     83.128    480.477   -129.232     -9.830    -73.959      6.847
     -3.475     83.148    480.625   -129.246     -9.825    -73.907      6.853
     -3.477     83.167    480.773   -129.260     -9.820    -73.855      6.858
     -3.479     83.187    480.920   -129.273     -9.815    -73.802      6.864
     -3.481     83.207    481.068   -129.287     -9.810    -73.750      6.870
     -3.483     83.226    481.215   -129.301     -9.805    -73.697      6.875
     -3.485     83.246    481.363   -129.315     -9.800    -73.645      6.881
     -3.487     83.266    481.510   -129.328     -9.795    -73.593      6.887
     -3.489     83.285    481.657   -129.342     -9.790    -73.540      6.892
     -3.491     83.305    481.804   -129.356     -9.785    -73.488      6.898
     -3.493     83.324    481.951   -129.370     -9.780    -73.436      6.904
     -3.495     83.344    482.098   -129.384     -9.775    -73.384      6.910
     -3.497     83.363    482.244   -129.397     -9.770    -73.331      6.915
     -3.499     83.383    482.391   -129.411     -9.765    -73.279      6.921
     -3.501     83.402    482.537   -129.425     -9.760    -73.227      6.927
     -3.503     83.422    482.684   -129.439     -9.755    -73.175      6.932
     -3.505     83.441    482.830   -129.453     -9.750    -73.123      6.938
     -3.507     83.461    482.976   -129.467     -9.745    -73.071      6.944
     -3.509     83.480    483.122   -129.481     -9.740    -73.019      6.950
     -3.511     83.500    483.268   -129.494     -9.735    -72.967      6.956
     -3.513     83.519    483.414   -129.508     -9.730    -72.915      6.961
     -3.515     83.539    483.560   -129.522     -9.725    -72.863      6.967
     -3.517     83.558    483.706   -129.536     -9.720    -72.811      6.973
     -3.519     83.578    483.851   -129.550     -9.715    -72.759      6.979
     -3.521     83.597    483.997   -129.564     -9.710    -72.707      6.985
     -3.523     83.617    484.142   -129.578     -9.705    -72.655      6.990
     -3.525     83.636    484.287   -129.592     -9.700    -72.603      6.996
     -3.527     83.655    484.433   -129.606     -9.695    -72.551      7.002
     -3.529     83.675    484.578   -129.620     -9.691    -72.499      7.008
     -3.531     83.694    484.723   -129.634     -9.686    -72.448      7.014
     -3.533     83.713    484.867   -129.648     -9.681    -72.396      7.020
     -3.535     83.733    485.012   -129.662     -9.676    -72.344      7.026
     -3.537     83.752    485.157   -129.676     -9.671    -72.292      7.032
     -3.539     83.772    485.301   -129.690     -9.666    -72.241      7.038
     -3.541     83.791    485.446   -129.704     -9.661    -72.189      7.043
     -3.543     83.810    485.590   -129.719     -9.656    -72.137      7.049
     -3.545     83.829    485.734   -129.733     -9.651    -72.086      7.055
     -3.547     83.849    485.878   -129.747     -9.646    -72.034      7.061
     -3.549     83.868    486.022   -129.761     -9.641    -71.982      7.067
     -3.551     83.887    486.166   -129.775     -9.637    -71.931      7.073
     -3.553     83.907    486.310   -129.789     -9.632    -71.879      7.079
     -3.555     83.926    486.454   -129.803     -9.627    -71.828      7.085
     -3.557     83.945    486.598   -129.818     -9.622    -71.776      7.091
     -3.559     83.964    486.741   -129.832     -9.617    -71.725      7.097
     -3.561     83.984    486.884   -129.846     -9.612    -71.673      7.103
     -3.563     84.003    487.028   -129.860     -9.607    -71.622      7.109
     -3.565     84.022    487.171   -129.874     -9.603    -71.570      7.115
     -3.567     84.041    487.314   -129.889     -9.598    -71.519      7.121
     -3.569     84.060    487.457   -129.903     -9.593    -71.468      7.127
     -3.571     84.080    487.600   -129.917     -9.588    -71.416      7.133
     -3.573     84.099    487.743   -129.931     -9.583    -71.365      7.139
     -3.575     84.118    487.885   -129.946     -9.578    -71.314      7.145
     -3.577     84.137    488.028   -129.960     -9.574    -71.262      7.151
     -3.579     84.156    488.170   -129.974     -9.569    -71.211      7.157
     -3.581     84.175    488.313   -129.989     -9.564    -71.160      7.164
     -3.583     84.194    488.455   -130.003     -9.559    -71.109      7.170
     -3.585     84.214    488.597   -130.017     -9.554    -71.058      7.176
     -3.587     84.233    488.739   -130.032     -9.549    -71.006      7.182
     -3.589     84.252    488.881   -130.046     -9.545    -70.955      7.188
     -3.591     84.271    489.023   -130.060     -9.540    -70.904      7.194
     -3.593     84.290    489.165   -130.075     -9.535    -70.853      7.200
     -3.595     84.309    489.306   -130.089     -9.530    -70.802      7.206
     -3.597     84.328    489.448   -130.104     -9.525    -70.751      7.213
     -3.599     84.347    489.589   -130.118     -9.521    -70.700      7.219
     -3.601     84.366    489.731   -130.132     -9.516    -70.649      7.225
     -3.603     84.385    489.872   -130.147     -9.511    -70.598      7.231
     -3.605     84.404    490.013   -130.161     -9.506    -70.547      7.237
     -3.607     84.423    490.154   -130.176     -9.502    -70.496      7.243
     -3.609     84.442    490.295   -130.190     -9.497    -70.445      7.250
     -3.611     84.461    490.436   -130.205     -9.492    -70.394      7.256
     -3.613     84.480    490.577   -130.219     -9.487    -70.343      7.262
     -3.615     84.499    490.717   -130.234     -9.483    -70.292      7.268
     -3.617     84.518    490.858   -130.248     -9.478    -70.242      7.275
     -3.619     84.537    490.998   -130.263     -9.473    -70.191      7.281
     -3.621     84.556    491.139   -130.278     -9.468    -70.140      7.287
     -3.623     84.575    491.279   -130.292     -9.464    -70.089      7.293
     -3.625     84.594    491.419   -130.307     -9.459    -70.039      7.300
     -3.627     84.613    491.559   -130.321     -9.454    -69.988      7.306
     -3.629     84.632    491.699   -130.336     -9.449    -69.937      7.312
     -3.631     84.651    491.839   -130.351     -9.445    -69.886      7.318
     -3.633     84.669    491.979   -130.365     -9.440    -69.836      7.325
     -3.635     84.688    492.118   -130.380     -9.435    -69.785      7.331
     -3.637     84.707    492.258   -130.395     -9.431    -69.735      7.337
     -3.639     84.726    492.397   -130.409     -9.426    -69.684      7.344
     -3.641     84.745    492.536   -130.424     -9.421    -69.633      7.350
     -3.643     84.764    492.676   -130.439     -9.417    -69.583      7.356
     -3.645     84.783    492.815   -130.453     -9.412    -69.532      7.363
     -3.647     84.801    492.954   -130.468     -9.407    -69.482      7.369
     -3.649     84.820    493.093   -130.483     -9.402    -69.431      7.375
     -3.651     84.839    493.232   -130.498     -9.398    -69.381      7.382
     -3.653     84.858    493.370   -130.512     -9.393    -69.330      7.388
     -3.655     84.877    493.509   -130.527     -9.388    -69.280      7.395
     -3.657     84.895    493.647   -130.542     -9.384    -69.230      7.401
     -3.659     84.914    493.786   -130.557     -9.379    -69.179      7.407
     -3.661     84.933    493.924   -130.572     -9.374    -69.129      7.414
     -3.663     84.952    494.062   -130.586     -9.370    -69.078      7.420
     -3.665     84.970    494.200   -130.601     -9.365    -69.028      7.427
     -3.667     84.989    494.338   -130.616     -9.360    -68.978      7.433
     -3.669     85.008    494.476   -130.631     -9.356    -68.928      7.439
     -3.671     85.026    494.614   -130.646     -9.351    -68.877      7.446
     -3.673     85.045    494.752   -130.661     -9.347    -68.827      7.452
     -3.675     85.064    494.889   -130.676     -9.342    -68.777      7.459
     -3.677     85.083    495.027   -130.691     -9.337    -68.727      7.465
     -3.679     85.101    495.164   -130.706     -9.333    -68.676      7.472
     -3.681     85.120    495.302   -130.721     -9.328    -68.626      7.478
     -3.683     85.139    495.439   -130.735     -9.323    -68.576      7.485
     -3.685     85.157    495.576   -130.750     -9.319    -68.526      7.491
     -3.687     85.176    495.713   -130.765     -9.314    -68.476      7.498
     -3.689     85.194    495.850   -130.780     -9.310    -68.426      7.504
     -3.691     85.213    495.987   -130.795     -9.305    -68.376      7.511
     -3.693     85.232    496.123   -130.810     -9.300    -68.326      7.517
     -3.695     85.250    496.260   -130.826     -9.296    -68.276      7.524
     -3.697     85.269    496.396   -130.841     -9.291    -68.226      7.530
     -3.699     85.287    496.533   -130.856     -9.287    -68.176      7.537
     -3.701     85.306    496.669   -130.871     -9.282    -68.126      7.544
     -3.703     85.325    496.805   -130.886     -9.277    -68.076      7.550
     -3.705     85.343    496.941   -130.901     -9.273    -68.026      7.557
     -3.707     85.362    497.077   -130.916     -9.268    -67.976      7.563
     -3.709     85.380    497.213   -130.931     -9.264    -67.926      7.570
     -3.711     85.399    497.349   -130.946     -9.259    -67.876      7.577
     -3.713     85.417    497.485   -130.961     -9.255    -67.827      7.583
     -3.715     85.436    497.620   -130.977     -9.250    -67.777      7.590
     -3.717     85.454    497.756   -130.992     -9.246    -67.727      7.596
     -3.719     85.473    497.891   -131.007     -9.241    -67.677      7.603
     -3.721     85.491    498.027   -131.022     -9.236    -67.627      7.610
     -3.723     85.510    498.162   -131.037     -9.232    -67.578      7.616
     -3.725     85.528    498.297   -131.053     -9.227    -67.528      7.623
     -3.727     85.547    498.432   -131.068     -9.223    -67.478      7.630
     -3.729     85.565    498.567   -131.083     -9.218    -67.429      7.636
     -3.731     85.583    498.702   -131.099     -9.214    -67.379      7.643
     -3.733     85.602    498.836   -131.114     -9.209    -67.329      7.650
     -3.735     85.620    498.971   -131.129     -9.205    -67.280      7.656
     -3.737     85.639    499.106   -131.144     -9.200    -67.230      7.663
     -3.739     85.657    499.240   -131.160     -9.196    -67.181      7.670
     -3.741     85.675    499.374   -131.175     -9.191    -67.131      7.677
     -3.743     85.694    499.508   -131.190     -9.187    -67.082      7.683
     -3.745     85.712    499.643   -131.206     -9.182    -67.032      7.690
     -3.747     85.731    499.777   -131.221     -9.178    -66.983      7.697
     -3.749     85.749    499.910   -131.237     -9.173    -66.933      7.704
     -3.751     85.767    500.044   -131.252     -9.169    -66.884      7.710
     -3.753     85.786    500.178   -131.267     -9.164    -66.834      7.717
     -3.755     85.804    500.312   -131.283     -9.160    -66.785      7.724
     -3.757     85.822    500.445   -131.298     -9.155    -66.735      7.731
     -3.759     85.840    500.579   -131.314     -9.151    -66.686      7.737
     -3.761     85.859    500.712   -131.329     -9.146    -66.637      7.744
     -3.763     85.877    500.845   -131.345     -9.142    -66.587      7.751
     -3.765     85.895    500.978   -131.360     -9.137    -66.538      7.758
     -3.767     85.914    501.111   -131.376     -9.133    -66.489      7.765
     -3.769     85.932    501.244   -131.391     -9.129    -66.439      7.772
     -3.771     85.950    501.377   -131.407     -9.124    -66.390      7.778
     -3.773     85.968    501.510   -131.423     -9.120    -66.341      7.785
     -3.775     85.987    501.642   -131.438     -9.115    -66.292      7.792
     -3.777     86.005    501.775   -131.454     -9.111    -66.243      7.799
     -3.779     86.023    501.907   -131.469     -9.106    -66.193      7.806
     -3.781     86.041    502.040   -131.485     -9.102    -66.144      7.813
     -3.783     86.059    502.172   -131.501     -9.097    -66.095      7.820
     -3.785     86.078    502.304   -131.516     -9.093    -66.046      7.826
     -3.787     86.096    502.436   -131.532     -9.089    -65.997      7.833
     -3.789     86.114    502.568   -131.548     -9.084    -65.948      7.840
     -3.791     86.132    502.700   -131.563     -9.080    -65.899      7.847
     -3.793     86.150    502.832   -131.579     -9.075    -65.850      7.854
     -3.795     86.168    502.963   -131.595     -9.071    -65.801      7.861
     -3.797     86.187    503.095   -131.610     -9.067    -65.752      7.868
     -3.799     86.205    503.226   -131.626     -9.062    -65.703      7.875
     -3.801     86.223    503.358   -131.642     -9.058    -65.654      7.882
     -3.803     86.241    503.489   -131.658     -9.053    -65.605      7.889
     -3.805     86.259    503.620   -131.673     -9.049    -65.556      7.896
     -3.807     86.277    503.751   -131.689     -9.045    -65.507      7.903
     -3.809     86.295    503.882   -131.705     -9.040    -65.458      7.910
     -3.811     86.313    504.013   -131.721     -9.036    -65.409      7.917
     -3.813     86.331    504.144   -131.737     -9.031    -65.360      7.924
     -3.815     86.349    504.274   -131.753     -9.027    -65.311      7.931
     -3.817     86.368    504.405   -131.768     -9.023    -65.262      7.938
     -3.819     86.386    504.535   -131.784     -9.018    -65.214      7.945
     -3.821     86.404    504.666   -131.800     -9.014    -65.165      7.952
     -3.823     86.422    504.796   -131.816     -9.010    -65.116      7.959
     -3.825     86.440    504.926   -131.832     -9.005    -65.067      7.966
     -3.827     86.458    505.056   -131.848     -9.001    -65.019      7.973
     -3.829     86.476    505.186   -131.864     -8.997    -64.970      7.980
     -3.831     86.494    505.316   -131.880     -8.992    -64.921      7.987
     -3.833     86.512    505.446   -131.896     -8.988    -64.872      7.994
     -3.835     86.530    505.576   -131.912     -8.983    -64.824      8.001
     -3.837     86.548    505.705   -131.928     -8.979    -64.775      8.008
     -3.839     86.565    505.835   -131.944     -8.975    -64.727      8.015
     -3.841     86.583    505.964   -131.960     -8.970    -64.678      8.022
     -3.843     86.601    506.094   -131.976     -8.966    -64.629      8.029
     -3.845     86.619    506.223   -131.992     -8.962    -64.581      8.036
     -3.847     86.637    506.352   -132.008     -8.958    -64.532      8.044
     -3.849     86.655    506.481   -132.024     -8.953    -64.484      8.051
     -3.851     86.673    506.610   -132.040     -8.949    -64.435      8.058
     -3.853     86.691    506.739   -132.056     -8.945    -64.387      8.065
     -3.855     86.709    506.867   -132.073     -8.940    -64.338      8.072
     -3.857     86.727    506.996   -132.089     -8.936    -64.290      8.079
     -3.859     86.745    507.125   -132.105     -8.932    -64.241      8.086
     -3.861     86.762    507.253   -132.121     -8.927    -64.193      8.094
     -3.863     86.780    507.381   -132.137     -8.923    -64.144      8.101
     -3.865     86.798    507.510   -132.153     -8.919    -64.096      8.108
     -3.867     86.816    507.638   -132.170     -8.915    -64.048      8.115
     -3.869     86.834    507.766   -132.186     -8.910    -63.999      8.122
     -3.871     86.852    507.894   -132.202     -8.906    -63.951      8.130
     -3.873     86.869    508.022   -132.218     -8.902    -63.903      8.137
     -3.875     86.887    508.149   -132.235     -8.897    -63.854      8.144
     -3.877     86.905    508.277   -132.251     -8.893    -63.806      8.151
     -3.879     86.923    508.405   -132.267     -8.889    -63.758      8.158
     -3.881     86.941    508.532   -132.284     -8.885    -63.710      8.166
     -3.883     86.958    508.659   -132.300     -8.880    -63.661      8.173
     -3.885     86.976    508.787   -132.316     -8.876    -63.613      8.180
     -3.887     86.994    508.914   -132.333     -8.872    -63.565      8.187
     -3.889     87.012    509.041   -132.349     -8.868    -63.517      8.195
     -3.891     87.029    509.168   -132.365     -8.863    -63.469      8.202
     -3.893     87.047    509.295   -132.382     -8.859    -63.420      8.209
     -3.895     87.065    509.422   -132.398     -8.855    -63.372      8.217
     -3.897     87.082    509.548   -132.415     -8.851    -63.324      8.224
     -3.899     87.100    509.675   -132.431     -8.846    -63.276      8.231
     -3.901     87.118    509.801   -132.448     -8.842    -63.228      8.238
     -3.903     87.135    509.928   -132.464     -8.838    -63.180      8.246
     -3.905     87.153    510.054   -132.481     -8.834    -63.132      8.253
     -3.907     87.171    510.180   -132.497     -8.830    -63.084      8.260
     -3.909     87.188    510.306   -132.514     -8.825    -63.036      8.268
     -3.911     87.206    510.432   -132.530     -8.821    -62.988      8.275
     -3.913     87.224    510.558   -132.547     -8.817    -62.940      8.282
     -3.915     87.241    510.684   -132.563     -8.813    -62.892      8.290
     -3.917     87.259    510.810   -132.580     -8.808    -62.844      8.297
     -3.919     87.277    510.936   -132.597     -8.804    -62.796      8.304
     -3.921     87.294    511.061   -132.613     -8.800    -62.748      8.312
     -3.923     87.312    511.187   -132.630     -8.796    -62.700      8.319
     -3.925     87.329    511.312   -132.646     -8.792    -62.652      8.327
     -3.927     87.347    511.437   -132.663     -8.788    -62.604      8.334
     -3.929     87.365    511.562   -132.680     -8.783    -62.557      8.341
     -3.931     87.382    511.687   -132.697     -8.779    -62.509      8.349
     -3.933     87.400    511.812   -132.713     -8.775    -62.461      8.356
     -3.935     87.417    511.937   -132.730     -8.771    -62.413      8.364
     -3.937     87.435    512.062   -132.747     -8.767    -62.365      8.371
     -3.939     87.452    512.187   -132.763     -8.762    -62.318      8.379
     -3.941     87.470    512.311   -132.780     -8.758    -62.270      8.386
     -3.943     87.487    512.436   -132.797     -8.754    -62.222      8.393
     -3.945     87.505    512.560   -132.814     -8.750    -62.174      8.401
     -3.947     87.522    512.685   -132.831     -8.746    -62.127      8.408
     -3.949     87.540    512.809   -132.847     -8.742    -62.079      8.416
     -3.951     87.557    512.933   -132.864     -8.738    -62.031      8.423
     -3.953     87.575    513.057   -132.881     -8.733    -61.984      8.431
     -3.955     87.592    513.181   -132.898     -8.729    -61.936      8.438
     -3.957     87.610    513.305   -132.915     -8.725    -61.889      8.446
     -3.959     87.627    513.428   -132.932     -8.721    -61.841      8.453
     -3.961     87.645    513.552   -132.949     -8.717    -61.793      8.461
     -3.963     87.662    513.675   -132.966     -8.713    -61.746      8.468
     -3.965     87.679    513.799   -132.983     -8.709    -61.698      8.476
     -3.967     87.697    513.922   -132.999     -8.705    -61.651      8.483
     -3.969     87.714    514.046   -133.016     -8.700    -61.603      8.491
     -3.971     87.732    514.169   -133.033     -8.696    -61.556      8.499
     -3.973     87.749    514.292   -133.050     -8.692    -61.508      8.506
     -3.975     87.766    514.415   -133.067     -8.688    -61.461      8.514
     -3.977     87.784    514.538   -133.085     -8.684    -61.413      8.521
     -3.979     87.801    514.660   -133.102     -8.680    -61.366      8.529
     -3.981     87.818    514.783   -133.119     -8.676    -61.319      8.536
     -3.983     87.836    514.906   -133.136     -8.672    -61.271      8.544
     -3.985     87.853    515.028   -133.153     -8.668    -61.224      8.552
     -3.987     87.870    515.151   -133.170     -8.663    -61.176      8.559
     -3.989     87.888    515.273   -133.187     -8.659    -61.129      8.567
     -3.991     87.905    515.395   -133.204     -8.655    -61.082      8.574
     -3.993     87.922    515.517   -133.221     -8.651    -61.034      8.582
     -3.995     87.940    515.639   -133.239     -8.647    -60.987      8.590
     -3.997     87.957    515.761   -133.256     -8.643    -60.940      8.597
     -3.999     87.974    515.883   -133.273     -8.639    -60.893      8.605
     -4.001     87.992    516.005   -133.290     -8.635    -60.845      8.613
     -4.003     88.009    516.126   -133.307     -8.631    -60.798      8.620
     -4.005     88.026    516.248   -133.325     -8.627    -60.751      8.628
     -4.007     88.043    516.369   -133.342     -8.623    -60.704      8.636
     -4.009     88.061    516.491   -133.359     -8.619    -60.656      8.643
     -4.011     88.078    516.612   -133.376     -8.615    -60.609      8.651
     -4.013     88.095    516.733   -133.394     -8.611    -60.562      8.659
     -4.015     88.112    516.854   -133.411     -8.607    -60.515      8.666
     -4.017     88.129    516.975   -133.428     -8.603    -60.468      8.674
     -4.019     88.147    517.096   -133.446     -8.598    -60.421      8.682
     -4.021     88.164    517.217   -133.463     -8.594    -60.374      8.690
     -4.023     88.181    517.338   -133.481     -8.590    -60.326      8.697
     -4.025     88.198    517.458   -133.498     -8.586    -60.279      8.705
     -4.027     88.215    517.579   -133.515     -8.582    -60.232      8.713
     -4.029     88.233    517.699   -133.533     -8.578    -60.185      8.721
     -4.031     88.250    517.819   -133.550     -8.574    -60.138      8.728
     -4.033     88.267    517.940   -133.568     -8.570    -60.091      8.736
     -4.035     88.284    518.060   -133.585     -8.566    -60.044      8.744
     -4.037     88.301    518.180   -133.603     -8.562    -59.997      8.752
     -4.039     88.318    518.300   -133.620     -8.558    -59.950      8.759
     -4.041     88.335    518.420   -133.638     -8.554    -59.903      8.767
     -4.043     88.352    518.539   -133.655     -8.550    -59.857      8.775
     -4.045     88.370    518.659   -133.673     -8.546    -59.810      8.783
     -4.047     88.387    518.779   -133.690     -8.542    -59.763      8.791
     -4.049     88.404    518.898   -133.708     -8.538    -59.716      8.798
     -4.051     88.421    519.018   -133.726     -8.534    -59.669      8.806
     -4.053     88.438    519.137   -133.743     -8.530    -59.622      8.814
     -4.055     88.455    519.256   -133.761     -8.526    -59.575      8.822
     -4.057     88.472    519.375   -133.778     -8.522    -59.528      8.830
     -4.059     88.489    519.494   -133.796     -8.518    -59.482      8.838
     -4.061     88.506    519.613   -133.814     -8.514    -59.435      8.845
     -4.063     88.523    519.732   -133.832     -8.510    -59.388      8.853
     -4.065     88.540    519.851   -133.849     -8.506    -59.341      8.861
     -4.067     88.557    519.969   -133.867     -8.502    -59.295      8.869
     -4.069     88.574    520.088   -133.885     -8.498    -59.248      8.877
     -4.071     88.591    520.206   -133.902     -8.495    -59.201      8.885
     -4.073     88.608    520.325   -133.920     -8.491    -59.154      8.893
     -4.075     88.625    520.443   -133.938     -8.487    -59.108      8.901
     -4.077     88.642    520.561   -133.956     -8.483    -59.061      8.909
     -4.079     88.659    520.679   -133.974     -8.479    -59.014      8.916
     -4.081     88.676    520.797   -133.992     -8.475    -58.968      8.924
     -4.083     88.693    520.915   -134.009     -8.471    -58.921      8.932
     -4.085     88.710    521.033   -134.027     -8.467    -58.874      8.940
     -4.087     88.727    521.150   -134.045     -8.463    -58.828      8.948
     -4.089     88.744    521.268   -134.063     -8.459    -58.781      8.956
     -4.091     88.761    521.386   -134.081     -8.455    -58.735      8.964
     -4.093     88.777    521.503   -134.099     -8.451    -58.688      8.972
     -4.095     88.794    521.620   -134.117     -8.447    -58.642      8.980
     -4.097     88.811    521.738   -134.135     -8.443    -58.595      8.988
     -4.099     88.828    521.855   -134.153     -8.439    -58.549      8.996
     -4.101     88.845    521.972   -134.171     -8.435    -58.502      9.004
     -4.103     88.862    522.089   -134.189     -8.432    -58.456      9.012
     -4.105     88.879    522.206   -134.207     -8.428    -58.409      9.020
     -4.107     88.896    522.322   -134.225     -8.424    -58.363      9.028
     -4.109     88.912    522.439   -134.243     -8.420    -58.316      9.036
     -4.111     88.929    522.556   -134.261     -8.416    -58.270      9.044
     -4.113     88.946    522.672   -134.279     -8.412    -58.223      9.052
     -4.115     88.963    522.789   -134.297     -8.408    -58.177      9.060
     -4.117     88.980    522.905   -134.315     -8.404    -58.131      9.068
     -4.119     88.997    523.021   -134.334     -8.400    -58.084      9.076
     -4.121     89.013    523.137   -134.352     -8.396    -58.038      9.084
     -4.123     89.030    523.253   -134.370     -8.393    -57.992      9.092
     -4.125     89.047    523.369   -134.388     -8.389    -57.945      9.100
     -4.127     89.064    523.485   -134.406     -8.385    -57.899      9.108
     -4.129     89.080    523.601   -134.424     -8.381    -57.853      9.116
     -4.131     89.097    523.716   -134.443     -8.377    -57.806      9.125
     -4.133     89.114    523.832   -134.461     -8.373    -57.760      9.133
     -4.135     89.131    523.947   -134.479     -8.369    -57.714      9.141
     -4.137     89.147    524.063   -134.498     -8.365    -57.668      9.149
     -4.139     89.164    524.178   -134.516     -8.362    -57.621      9.157
     -4.141     89.181    524.293   -134.534     -8.358    -57.575      9.165
     -4.143     89.198    524.408   -134.553     -8.354    -57.529      9.173
     -4.145     89.214    524.523   -134.571     -8.350    -57.483      9.181
     -4.147     89.231    524.638   -134.589     -8.346    -57.437      9.189
     -4.149     89.248    524.753   -134.608     -8.342    -57.390      9.198
     -4.151     89.264    524.868   -134.626     -8.338    -57.344      9.206
     -4.153     89.281    524.983   -134.644     -8.335    -57.298      9.214
     -4.155     89.298    525.097   -134.663     -8.331    -57.252      9.222
     -4.157     89.314    525.212   -134.681     -8.327    -57.206      9.230
     -4.159     89.331    525.326   -134.700     -8.323    -57.160      9.238
     -4.161     89.348    525.440   -134.718     -8.319    -57.114      9.247
     -4.163     89.364    525.554   -134.737     -8.315    -57.068      9.255
     -4.165     89.381    525.668   -134.755     -8.312    -57.022      9.263
     -4.167     89.398    525.782   -134.774     -8.308    -56.976      9.271
     -4.169     89.414    525.896   -134.792     -8.304    -56.930      9.279
     -4.171     89.431    526.010   -134.811     -8.300    -56.884      9.288
     -4.173     89.447    526.124   -134.830     -8.296    -56.838      9.296
     -4.175     89.464    526.237   -134.848     -8.293    -56.792      9.304
     -4.177     89.481    526.351   -134.867     -8.289    -56.746      9.312
     -4.179     89.497    526.464   -134.885     -8.285    -56.700      9.321
     -4.181     89.514    526.578   -134.904     -8.281    -56.654      9.329
     -4.183     89.530    526.691   -134.923     -8.277    -56.608      9.337
     -4.185     89.547    526.804   -134.941     -8.274    -56.562      9.345
     -4.187     89.563    526.917   -134.960     -8.270    -56.516      9.354
     -4.189     89.580    527.030   -134.979     -8.266    -56.470      9.362
     -4.191     89.596    527.143   -134.998     -8.262    -56.424      9.370
     -4.193     89.613    527.256   -135.016     -8.258    -56.378      9.378
     -4.195     89.629    527.369   -135.035     -8.255    -56.332      9.387
     -4.197     89.646    527.481   -135.054     -8.251    -56.287      9.395
     -4.199     89.662    527.594   -135.073     -8.247    -56.241      9.403
     -4.201     89.679    527.706   -135.091     -8.243    -56.195      9.412
     -4.203     89.695    527.819   -135.110     -8.240    -56.149      9.420
     -4.205     89.712    527.931   -135.129     -8.236    -56.103      9.428
     -4.207     89.728    528.043   -135.148     -8.232    -56.058      9.437
     -4.209     89.745    528.155   -135.167     -8.228    -56.012      9.445
     -4.211     89.761    528.267   -135.186     -8.224    -55.966      9.453
     -4.213     89.778    528.379   -135.205     -8.221    -55.920      9.462
     -4.215     89.794    528.491   -135.224     -8.217    -55.875      9.470
     -4.217     89.811    528.603   -135.243     -8.213    -55.829      9.478
     -4.219     89.827    528.714   -135.262     -8.209    -55.783      9.487
     -4.221     89.843    528.826   -135.281     -8.206    -55.738      9.495
     -4.223     89.860    528.937   -135.300     -8.202    -55.692      9.503
     -4.225     89.876    529.048   -135.319     -8.198    -55.646      9.512
     -4.227     89.893    529.160   -135.338     -8.194    -55.601      9.520
     -4.229     89.909    529.271   -135.357     -8.191    -55.555      9.529
     -4.231     89.925    529.382   -135.376     -8.187    -55.510      9.537
     -4.233     89.942    529.493   -135.395     -8.183    -55.464      9.546
     -4.235     89.958    529.604   -135.414     -8.180    -55.418      9.554
     -4.237     89.974    529.715   -135.433     -8.176    -55.373      9.562
     -4.239     89.991    529.825   -135.452     -8.172    -55.327      9.571
     -4.241     90.007    529.936   -135.471     -8.168    -55.282      9.579
     -4.243     90.023    530.046   -135.490     -8.165    -55.236      9.588
     -4.245     90.040    530.157   -135.510     -8.161    -55.191      9.596
     -4.247     90.056    530.267   -135.529     -8.157    -55.145      9.605
     -4.249     90.072    530.377   -135.548     -8.154    -55.100      9.613
     -4.251     90.089    530.488   -135.567     -8.150    -55.054      9.622
     -4.253     90.105    530.598   -135.587     -8.146    -55.009      9.630
     -4.255     90.121    530.708   -135.606     -8.142    -54.963      9.638
     -4.257     90.138    530.817   -135.625     -8.139    -54.918      9.647
     -4.259     90.154    530.927   -135.644     -8.135    -54.872      9.655
     -4.261     90.170    531.037   -135.664     -8.131    -54.827      9.664
     -4.263     90.186    531.147   -135.683     -8.128    -54.782      9.672
     -4.265     90.203    531.256   -135.702     -8.124    -54.736      9.681
     -4.267     90.219    531.365   -135.722     -8.120    -54.691      9.690
     -4.269     90.235    531.475   -135.741     -8.117    -54.645      9.698
     -4.271     90.251    531.584   -135.761     -8.113    -54.600      9.707
     -4.273     90.268    531.693   -135.780     -8.109    -54.555      9.715
     -4.275     90.284    531.802   -135.799     -8.106    -54.509      9.724
     -4.277     90.300    531.911   -135.819     -8.102    -54.464      9.732
     -4.279     90.316    532.020   -135.838     -8.098    -54.419      9.741
     -4.281     90.332    532.129   -135.858     -8.095    -54.373      9.749
     -4.283     90.349    532.238   -135.877     -8.091    -54.328      9.758
     -4.285     90.365    532.346   -135.897     -8.087    -54.283      9.766
     -4.287     90.381    532.455   -135.916     -8.084    -54.238      9.775
     -4.289     90.397    532.563   -135.936     -8.080    -54.192      9.784
     -4.291     90.413    532.672   -135.956     -8.076    -54.147      9.792
     -4.293     90.429    532.780   -135.975     -8.073    -54.102      9.801
     -4.295     90.446    532.888   -135.995     -8.069    -54.057      9.809
     -4.297     90.462    532.996   -136.014     -8.065    -54.012      9.818
     -4.299     90.478    533.104   -136.034     -8.062    -53.966      9.827
     -4.301     90.494    533.212   -136.054     -8.058    -53.921      9.835
     -4.303     90.510    533.320   -136.073     -8.054    -53.876      9.844
     -4.305     90.526    533.427   -136.093     -8.051    -53.831      9.853
     -4.307     90.542    533.535   -136.113     -8.047    -53.786      9.861
     -4.309     90.558    533.643   -136.132     -8.043    -53.741      9.870
     -4.311     90.574    533.750   -136.152     -8.040    -53.695      9.879
     -4.313     90.590    533.857   -136.172     -8.036    -53.650      9.887
     -4.315     90.607    533.965   -136.192     -8.033    -53.605      9.896
     -4.317     90.623    534.072   -136.212     -8.029    -53.560      9.905
     -4.319     90.639    534.179   -136.231     -8.025    -53.515      9.913
     -4.321     90.655    534.286   -136.251     -8.022    -53.470      9.922
     -4.323     90.671    534.393   -136.271     -8.018    -53.425      9.931
     -4.325     90.687    534.499   -136.291     -8.015    -53.380      9.939
     -4.327     90.703    534.606   -136.311     -8.011    -53.335      9.948
     -4.329     90.719    534.713   -136.331     -8.007    -53.290      9.957
     -4.331     90.735    534.819   -136.351     -8.004    -53.245      9.966
     -4.333     90.751    534.926   -136.371     -8.000    -53.200      9.974
     -4.335     90.767    535.032   -136.391     -7.997    -53.155      9.983
     -4.337     90.783    535.138   -136.411     -7.993    -53.110      9.992
     -4.339     90.799    535.245   -136.431     -7.989    -53.065     10.000
     -4.341     90.815    535.351   -136.451     -7.986    -53.020     10.009
     -4.343     90.831    535.457   -136.471     -7.982    -52.975     10.018
     -4.345     90.847    535.563   -136.491     -7.979    -52.930     10.027
     -4.347     90.863    535.668   -136.511     -7.975    -52.886     10.036
     -4.349     90.879    535.774   -136.531     -7.971    -52.841     10.044
     -4.351     90.895    535.880   -136.551     -7.968    -52.796     10.053
     -4.353     90.910    535.985   -136.571     -7.964    -52.751     10.062
     -4.355     90.926    536.091   -136.591     -7.961    -52.706     10.071
     -4.357     90.942    536.196   -136.611     -7.957    -52.661     10.079
     -4.359     90.958    536.301   -136.631     -7.954    -52.616     10.088
     -4.361     90.974    536.407   -136.652     -7.950    -52.572     10.097
     -4.363     90.990    536.512   -136.672     -7.946    -52.527     10.106
     -4.365     91.006    536.617   -136.692     -7.943    -52.482     10.115
     -4.367     91.022    536.722   -136.712     -7.939    -52.437     10.124
     -4.369     91.038    536.826   -136.733     -7.936    -52.392     10.132
     -4.371     91.054    536.931   -136.753     -7.932    -52.348     10.141
     -4.373     91.069    537.036   -136.773     -7.929    -52.303     10.150
     -4.375     91.085    537.140   -136.793     -7.925    -52.258     10.159
     -4.377     91.101    537.245   -136.814     -7.922    -52.213     10.168
     -4.379     91.117    537.349   -136.834     -7.918    -52.169     10.177
     -4.381     91.133    537.454   -136.854     -7.914    -52.124     10.186
     -4.383     91.149    537.558   -136.875     -7.911    -52.079     10.195
     -4.385     91.164    537.662   -136.895     -7.907    -52.035     10.203
     -4.387     91.180    537.766   -136.916     -7.904    -51.990     10.212
     -4.389     91.196    537.870   -136.936     -7.900    -51.945     10.221
     -4.391     91.212    537.974   -136.957     -7.897    -51.901     10.230
     -4.393     91.228    538.077   -136.977     -7.893    -51.856     10.239
     -4.395     91.243    538.181   -136.997     -7.890    -51.811     10.248
     -4.397     91.259    538.285   -137.018     -7.886    -51.767     10.257
     -4.399     91.275    538.388   -137.038     -7.883    -51.722     10.266
     -4.401     91.291    538.492   -137.059     -7.879    -51.678     10.275
     -4.403     91.306    538.595   -137.080     -7.876    -51.633     10.284
     -4.405     91.322    538.698   -137.100     -7.872    -51.588     10.293
     -4.407     91.338    538.801   -137.121     -7.869    -51.544     10.302
     -4.409     91.354    538.904   -137.141     -7.865    -51.499     10.311
     -4.411     91.369    539.007   -137.162     -7.862    -51.455     10.320
     -4.413     91.385    539.110   -137.183     -7.858    -51.410     10.329
     -4.415     91.401    539.213   -137.203     -7.855    -51.366     10.338
     -4.417     91.417    539.316   -137.224     -7.851    -51.321     10.346
     -4.419     91.432    539.418   -137.245     -7.848    -51.277     10.355
     -4.421     91.448    539.521   -137.265     -7.844    -51.232     10.364
     -4.423     91.464    539.623   -137.286     -7.841    -51.188     10.373
     -4.425     91.479    539.725   -137.307     -7.837    -51.143     10.383
     -4.427     91.495    539.828   -137.328     -7.834    -51.099     10.392
     -4.429     91.511    539.930   -137.348     -7.830    -51.054     10.401
     -4.431     91.526    540.032   -137.369     -7.827    -51.010     10.410
     -4.433     91.542    540.134   -137.390     -7.823    -50.966     10.419
     -4.435     91.558    540.236   -137.411     -7.820    -50.921     10.428
     -4.437     91.573    540.338   -137.432     -7.816    -50.877     10.437
     -4.439     91.589    540.439   -137.453     -7.813    -50.832     10.446
     -4.441     91.605    540.541   -137.474     -7.809    -50.788     10.455
     -4.443     91.620    540.642   -137.495     -7.806    -50.744     10.464
     -4.445     91.636    540.744   -137.515     -7.803    -50.699     10.473
     -4.447     91.651    540.845   -137.536     -7.799    -50.655     10.482
     -4.449     91.667    540.946   -137.557     -7.796    -50.611     10.491
     -4.451     91.683    541.048   -137.578     -7.792    -50.566     10.500
     -4.453     91.698    541.149   -137.599     -7.789    -50.522     10.509
     -4.455     91.714    541.250   -137.620     -7.785    -50.478     10.518
     -4.457     91.729    541.351   -137.641     -7.782    -50.433     10.528
     -4.459     91.745    541.451   -137.663     -7.778    -50.389     10.537
     -4.461     91.760    541.552   -137.684     -7.775    -50.345     10.546
     -4.463     91.776    541.653   -137.705     -7.772    -50.301     10.555
     -4.465     91.791    541.753   -137.726     -7.768    -50.256     10.564
     -4.467     91.807    541.854   -137.747     -7.765    -50.212     10.573
     -4.469     91.822    541.954   -137.768     -7.761    -50.168     10.582
     -4.471     91.838    542.055   -137.789     -7.758    -50.124     10.592
     -4.473     91.854    542.155   -137.811     -7.754    -50.080     10.601
     -4.475     91.869    542.255   -137.832     -7.751    -50.035     10.610
     -4.477     91.885    542.355   -137.853     -7.748    -49.991     10.619
     -4.479     91.900    542.455   -137.874     -7.744    -49.947     10.628
     -4.481     91.916    542.555   -137.895     -7.741    -49.903     10.637
     -4.483     91.931    542.654   -137.917     -7.737    -49.859     10.647
     -4.485     91.946    542.754   -137.938     -7.734    -49.815     10.656
     -4.487     91.962    542.854   -137.959     -7.730    -49.770     10.665
     -4.489     91.977    542.953   -137.981     -7.727    -49.726     10.674
     -4.491     91.993    543.053   -138.002     -7.724    -49.682     10.683
     -4.493     92.008    543.152   -138.023     -7.720    -49.638     10.693
     -4.495     92.024    543.251   -138.045     -7.717    -49.594     10.702
     -4.497     92.039    543.350   -138.066     -7.713    -49.550     10.711
     -4.499     92.055    543.449   -138.088     -7.710    -49.506     10.720
     -4.501     92.070    543.548   -138.109     -7.707    -49.462     10.730
     -4.503     92.085    543.647   -138.131     -7.703    -49.418     10.739
     -4.505     92.101    543.746   -138.152     -7.700    -49.374     10.748
     -4.507     92.116    543.845   -138.174     -7.696    -49.330     10.757
     -4.509     92.132    543.943   -138.195     -7.693    -49.286     10.767
     -4.511     92.147    544.042   -138.217     -7.690    -49.242     10.776
     -4.513     92.162    544.140   -138.238     -7.686    -49.198     10.785
     -4.515     92.178    544.239   -138.260     -7.683    -49.154     10.794
     -4.517     92.193    544.337   -138.281     -7.680    -49.110     10.804
     -4.519     92.208    544.435   -138.303     -7.676    -49.066     10.813
     -4.521     92.224    544.533   -138.325     -7.673    -49.022     10.822
     -4.523     92.239    544.631   -138.346     -7.669    -48.978     10.832
     -4.525     92.254    544.729   -138.368     -7.666    -48.934     10.841
     -4.527     92.270    544.827   -138.390     -7.663    -48.890     10.850
     -4.529     92.285    544.925   -138.411     -7.659    -48.846     10.860
     -4.531     92.300    545.022   -138.433     -7.656    -48.802     10.869
     -4.533     92.316    545.120   -138.455     -7.653    -48.758     10.878
     -4.535     92.331    545.217   -138.477     -7.649    -48.714     10.888
     -4.537     92.346    545.315   -138.498     -7.646    -48.670     10.897
     -4.539     92.362    545.412   -138.520     -7.643    -48.626     10.906
     -4.541     92.377    545.509   -138.542     -7.639    -48.583     10.916
     -4.543     92.392    545.606   -138.564     -7.636    -48.539     10.925
     -4.545     92.407    545.703   -138.586     -7.633    -48.495     10.935
     -4.547     92.423    545.800   -138.608     -7.629    -48.451     10.944
     -4.549     92.438    545.897   -138.630     -7.626    -48.407     10.953
     -4.551     92.453    545.994   -138.651     -7.623    -48.363     10.963
     -4.553     92.468    546.091   -138.673     -7.619    -48.320     10.972
     -4.555     92.484    546.187   -138.695     -7.616    -48.276     10.982
     -4.557     92.499    546.284   -138.717     -7.613    -48.232     10.991
     -4.559     92.514    546.380   -138.739     -7.609    -48.188     11.000
     -4.561     92.529    546.476   -138.761     -7.606    -48.144     11.010
     -4.563     92.545    546.573   -138.783     -7.603    -48.101     11.019
     -4.565     92.560    546.669   -138.805     -7.599    -48.057     11.029
     -4.567     92.575    546.765   -138.827     -7.596    -48.013     11.038
     -4.569     92.590    546.861   -138.850     -7.593    -47.969     11.048
     -4.571     92.605    546.957   -138.872     -7.589    -47.926     11.057
     -4.573     92.620    547.053   -138.894     -7.586    -47.882     11.067
     -4.575     92.636    547.148   -138.916     -7.583    -47.838     11.076
     -4.577     92.651    547.244   -138.938     -7.579    -47.795     11.085
     -4.579     92.666    547.340   -138.960     -7.576    -47.751     11.095
     -4.581     92.681    547.435   -138.982     -7.573    -47.707     11.104
     -4.583     92.696    547.530   -139.005     -7.569    -47.664     11.114
     -4.585     92.711    547.626   -139.027     -7.566    -47.620     11.123
     -4.587     92.727    547.721   -139.049     -7.563    -47.576     11.133
     -4.589     92.742    547.816   -139.071     -7.560    -47.533     11.142
     -4.591     92.757    547.911   -139.094     -7.556    -47.489     11.152
     -4.593     92.772    548.006   -139.116     -7.553    -47.445     11.162
     -4.595     92.787    548.101   -139.138     -7.550    -47.402     11.171
     -4.597     92.802    548.195   -139.161     -7.546    -47.358     11.181
     -4.599     92.817    548.290   -139.183     -7.543    -47.315     11.190
     -4.601     92.832    548.385   -139.205     -7.540    -47.271     11.200
     -4.603     92.847    548.479   -139.228     -7.537    -47.227     11.209
     -4.605     92.862    548.574   -139.250     -7.533    -47.184     11.219
     -4.607     92.877    548.668   -139.273     -7.530    -47.140     11.228
     -4.609     92.893    548.762   -139.295     -7.527    -47.097     11.238
     -4.611     92.908    548.856   -139.318     -7.523    -47.053     11.248
     -4.613     92.923    548.950   -139.340     -7.520    -47.010     11.257
     -4.615     92.938    549.044   -139.363     -7.517    -46.966     11.267
     -4.617     92.953    549.138   -139.385     -7.514    -46.923     11.276
     -4.619     92.968    549.232   -139.408     -7.510    -46.879     11.286
     -4.621     92.983    549.326   -139.430     -7.507    -46.836     11.296
     -4.623     92.998    549.419   -139.453     -7.504    -46.792     11.305
     -4.625     93.013    549.513   -139.476     -7.501    -46.749     11.315
     -4.627     93.028    549.606   -139.498     -7.497    -46.705     11.324
     -4.629     93.043    549.700   -139.521     -7.494    -46.662     11.334
     -4.631     93.058    549.793   -139.544     -7.491    -46.618     11.344
     -4.633     93.073    549.886   -139.566     -7.488    -46.575     11.353
     -4.635     93.088    549.979   -139.589     -7.484    -46.531     11.363
     -4.637     93.103    550.072   -139.612     -7.481    -46.488     11.373
     -4.639     93.118    550.165   -139.635     -7.478    -46.445     11.382
     -4.641     93.133    550.258   -139.657     -7.475    -46.401     11.392
     -4.643     93.147    550.351   -139.680     -7.471    -46.358     11.402
     -4.645     93.162    550.444   -139.703     -7.468    -46.314     11.411
     -4.647     93.177    550.536   -139.726     -7.465    -46.271     11.421
     -4.649     93.192    550.629   -139.749     -7.462    -46.228     11.431
     -4.651     93.207    550.721   -139.771     -7.458    -46.184     11.440
     -4.653     93.222    550.813   -139.794     -7.455    -46.141     11.450
     -4.655     93.237    550.906   -139.817     -7.452    -46.097     11.460
     -4.657     93.252    550.998   -139.840     -7.449    -46.054     11.470
     -4.659     93.267    551.090   -139.863     -7.445    -46.011     11.479
     -4.661     93.282    551.182   -139.886     -7.442    -45.967     11.489
     -4.663     93.297    551.274   -139.909     -7.439    -45.924     11.499
     -4.665     93.311    551.366   -139.932     -7.436    -45.881     11.509
     -4.667     93.326    551.457   -139.955     -7.433    -45.838     11.518
     -4.669     93.341    551.549   -139.978     -7.429    -45.794     11.528
     -4.671     93.356    551.640   -140.001     -7.426    -45.751     11.538
     -4.673     93.371    551.732   -140.024     -7.423    -45.708     11.548
     -4.675     93.386    551.823   -140.047     -7.420    -45.664     11.557
     -4.677     93.401    551.915   -140.071     -7.417    -45.621     11.567
     -4.679     93.415    552.006   -140.094     -7.413    -45.578     11.577
     -4.681     93.430    552.097   -140.117     -7.410    -45.535     11.587
     -4.683     93.445    552.188   -140.140     -7.407    -45.491     11.597
     -4.685     93.460    552.279   -140.163     -7.404    -45.448     11.606
     -4.687     93.475    552.370   -140.186     -7.401    -45.405     11.616
     -4.689     93.489    552.460   -140.210     -7.397    -45.362     11.626
     -4.691     93.504    552.551   -140.233     -7.394    -45.318     11.636
     -4.693     93.519    552.642   -140.256     -7.391    -45.275     11.646
     -4.695     93.534    552.732   -140.280     -7.388    -45.232     11.655
     -4.697     93.549    552.823   -140.303     -7.385    -45.189     11.665
     -4.699     93.563    552.913   -140.326     -7.381    -45.146     11.675
     -4.701     93.578    553.003   -140.350     -7.378    -45.103     11.685
     -4.703     93.593    553.093   -140.373     -7.375    -45.059     11.695
     -4.705     93.608    553.183   -140.396     -7.372    -45.016     11.705
     -4.707     93.622    553.273   -140.420     -7.369    -44.973     11.715
     -4.709     93.637    553.363   -140.443     -7.366    -44.930     11.724
     -4.711     93.652    553.453   -140.467     -7.362    -44.887     11.734
     -4.713     93.667    553.543   -140.490     -7.359    -44.844     11.744
     -4.715     93.681    553.633   -140.514     -7.356    -44.801     11.754
     -4.717     93.696    553.722   -140.537     -7.353    -44.757     11.764
     -4.719     93.711    553.812   -140.561     -7.350    -44.714     11.774
     -4.721     93.725    553.901   -140.584     -7.347    -44.671     11.784
     -4.723     93.740    553.990   -140.608     -7.343    -44.628     11.794
     -4.725     93.755    554.080   -140.631     -7.340    -44.585     11.804
     -4.727     93.769    554.169   -140.655     -7.337    -44.542     11.814
     -4.729     93.784    554.258   -140.679     -7.334    -44.499     11.824
     -4.731     93.799    554.347   -140.702     -7.331    -44.456     11.834
     -4.733     93.813    554.436   -140.726     -7.328    -44.413     11.844
     -4.735     93.828    554.524   -140.750     -7.325    -44.370     11.853
     -4.737     93.843    554.613   -140.773     -7.321    -44.327     11.863
     -4.739     93.857    554.702   -140.797     -7.318    -44.284     11.873
     -4.741     93.872    554.790   -140.821     -7.315    -44.241     11.883
     -4.743     93.887    554.879   -140.845     -7.312    -44.198     11.893
     -4.745     93.901    554.967   -140.869     -7.309    -44.155     11.903
     -4.747     93.916    555.055   -140.892     -7.306    -44.112     11.913
     -4.749     93.930    555.143   -140.916     -7.303    -44.069     11.923
     -4.751     93.945    555.231   -140.940     -7.300    -44.026     11.933
     -4.753     93.960    555.319   -140.964     -7.296    -43.983     11.943
     -4.755     93.974    555.407   -140.988     -7.293    -43.940     11.953
     -4.757     93.989    555.495   -141.012     -7.290    -43.897     11.963
     -4.759     94.003    555.583   -141.036     -7.287    -43.854     11.973
     -4.761     94.018    555.671   -141.060     -7.284    -43.811     11.984
     -4.763     94.033    555.758   -141.084     -7.281    -43.768     11.994
     -4.765     94.047    555.846   -141.108     -7.278    -43.725     12.004
     -4.767     94.062    555.933   -141.132     -7.275    -43.682     12.014
     -4.769     94.076    556.020   -141.156     -7.271    -43.639     12.024
     -4.771     94.091    556.108   -141.180     -7.268    -43.596     12.034
     -4.773     94.105    556.195   -141.204     -7.265    -43.553     12.044
     -4.775     94.120    556.282   -141.228     -7.262    -43.511     12.054
     -4.777     94.134    556.369   -141.252     -7.259    -43.468     12.064
     -4.779     94.149    556.456   -141.276     -7.256    -43.425     12.074
     -4.781     94.163    556.543   -141.300     -7.253    -43.382     12.084
     -4.783     94.178    556.629   -141.324     -7.250    -43.339     12.094
     -4.785     94.192    556.716   -141.349     -7.247    -43.296     12.104
     -4.787     94.207    556.802   -141.373     -7.244    -43.253     12.115
     -4.789     94.221    556.889   -141.397     -7.240    -43.211     12.125
     -4.791     94.236    556.975   -141.421     -7.237    -43.168     12.135
     -4.793     94.250    557.062   -141.446     -7.234    -43.125     12.145
     -4.795     94.265    557.148   -141.470     -7.231    -43.082     12.155
     -4.797     94.279    557.234   -141.494     -7.228    -43.039     12.165
     -4.799     94.294    557.320   -141.519     -7.225    -42.996     12.175
     -4.801     94.308    557.406   -141.543     -7.222    -42.954     12.186
     -4.803     94.323    557.492   -141.567     -7.219    -42.911     12.196
     -4.805     94.337    557.578   -141.592     -7.216    -42.868     12.206
     -4.807     94.351    557.663   -141.616     -7.213    -42.825     12.216
     -4.809     94.366    557.749   -141.641     -7.210    -42.783     12.226
     -4.811     94.380    557.834   -141.665     -7.207    -42.740     12.237
     -4.813     94.395    557.920   -141.690     -7.204    -42.697     12.247
     -4.815     94.409    558.005   -141.714     -7.201    -42.654     12.257
     -4.817     94.423    558.090   -141.739     -7.197    -42.611     12.267
     -4.819     94.438    558.176   -141.763     -7.194    -42.569     12.277
     -4.821     94.452    558.261   -141.788     -7.191    -42.526     12.288
     -4.823     94.467    558.346   -141.812     -7.188    -42.483     12.298
     -4.825     94.481    558.431   -141.837     -7.185    -42.441     12.308
     -4.827     94.495    558.515   -141.862     -7.182    -42.398     12.318
     -4.829     94.510    558.600   -141.886     -7.179    -42.355     12.329
     -4.831     94.524    558.685   -141.911     -7.176    -42.312     12.339
     -4.833     94.538    558.769   -141.936     -7.173    -42.270     12.349
     -4.835     94.553    558.854   -141.960     -7.170    -42.227     12.359
     -4.837     94.567    558.938   -141.985     -7.167    -42.184     12.370
     -4.839     94.581    559.023   -142.010     -7.164    -42.142     12.380
     -4.841     94.596    559.107   -142.034     -7.161    -42.099     12.390
     -4.843     94.610    559.191   -142.059     -7.158    -42.056     12.401
     -4.845     94.624    559.275   -142.084     -7.155    -42.014     12.411
     -4.847     94.639    559.359   -142.109     -7.152    -41.971     12.421
     -4.849     94.653    559.443   -142.134     -7.149    -41.928     12.431
     -4.851     94.667    559.527   -142.159     -7.146    -41.886     12.442
     -4.853     94.682    559.611   -142.184     -7.143    -41.843     12.452
     -4.855     94.696    559.694   -142.208     -7.140    -41.801     12.462
     -4.857     94.710    559.778   -142.233     -7.137    -41.758     12.473
     -4.859     94.724    559.861   -142.258     -7.134    -41.715     12.483
     -4.861     94.739    559.945   -142.283     -7.131    -41.673     12.493
     -4.863     94.753    560.028   -142.308     -7.128    -41.630     12.504
     -4.865     94.767    560.111   -142.333     -7.125    -41.588     12.514
     -4.867     94.781    560.194   -142.358     -7.122    -41.545     12.525
     -4.869     94.796    560.277   -142.383     -7.119    -41.502     12.535
     -4.871     94.810    560.360   -142.409     -7.116    -41.460     12.545
     -4.873     94.824    560.443   -142.434     -7.113    -41.417     12.556
     -4.875     94.838    560.526   -142.459     -7.110    -41.375     12.566
     -4.877     94.853    560.609   -142.484     -7.107    -41.332     12.576
     -4.879     94.867    560.691   -142.509     -7.104    -41.290     12.587
     -4.881     94.881    560.774   -142.534     -7.101    -41.247     12.597
     -4.883     94.895    560.856   -142.559     -7.098    -41.205     12.608
     -4.885     94.909    560.939   -142.585     -7.095    -41.162     12.618
     -4.887     94.924    561.021   -142.610     -7.092    -41.120     12.629
     -4.889     94.938    561.103   -142.635     -7.089    -41.077     12.639
     -4.891     94.952    561.185   -142.660     -7.086    -41.035     12.649
     -4.893     94.966    561.267   -142.686     -7.083    -40.992     12.660
     -4.895     94.980    561.349   -142.711     -7.080    -40.950     12.670
     -4.897     94.994    561.431   -142.736     -7.077    -40.907     12.681
     -4.899     95.009    561.513   -142.762     -7.074    -40.865     12.691
     -4.901     95.023    561.595   -142.787     -7.071    -40.822     12.702
     -4.903     95.037    561.676   -142.813     -7.068    -40.780     12.712
     -4.905     95.051    561.758   -142.838     -7.065    -40.737     12.723
     -4.907     95.065    561.839   -142.864     -7.062    -40.695     12.733
     -4.909     95.079    561.920   -142.889     -7.059    -40.652     12.744
     -4.911     95.093    562.002   -142.914     -7.056    -40.610     12.754
     -4.913     95.107    562.083   -142.940     -7.053    -40.567     12.765
     -4.915     95.122    562.164   -142.966     -7.050    -40.525     12.775
     -4.917     95.136    562.245   -142.991     -7.047    -40.483     12.786
     -4.919     95.150    562.326   -143.017     -7.044    -40.440     12.796
     -4.921     95.164    562.407   -143.042     -7.041    -40.398     12.807
     -4.923     95.178    562.488   -143.068     -7.038    -40.355     12.817
     -4.925     95.192    562.568   -143.094     -7.035    -40.313     12.828
     -4.927     95.206    562.649   -143.119     -7.032    -40.270     12.839
     -4.929     95.220    562.729   -143.145     -7.029    -40.228     12.849
     -4.931     95.234    562.810   -143.171     -7.026    -40.186     12.860
     -4.933     95.248    562.890   -143.196     -7.023    -40.143     12.870
     -4.935     95.262    562.970   -143.222     -7.021    -40.101     12.881
     -4.937     95.276    563.050   -143.248     -7.018    -40.059     12.891
     -4.939     95.290    563.130   -143.274     -7.015    -40.016     12.902
     -4.941     95.304    563.210   -143.299     -7.012    -39.974     12.913
     -4.943     95.318    563.290   -143.325     -7.009    -39.931     12.923
     -4.945     95.332    563.370   -143.351     -7.006    -39.889     12.934
     -4.947     95.346    563.450   -143.377     -7.003    -39.847     12.944
     -4.949     95.360    563.530   -143.403     -7.000    -39.804     12.955
     -4.951     95.374    563.609   -143.429     -6.997    -39.762     12.966
     -4.953     95.388    563.689   -143.455     -6.994    -39.720     12.976
     -4.955     95.402    563.768   -143.481     -6.991    -39.677     12.987
     -4.957     95.416    563.847   -143.507     -6.988    -39.635     12.998
     -4.959     95.430    563.927   -143.533     -6.985    -39.593     13.008
     -4.961     95.444    564.006   -143.559     -6.982    -39.551     13.019
     -4.963     95.458    564.085   -143.585     -6.980    -39.508     13.030
     -4.965     95.472    564.164   -143.611     -6.977    -39.466     13.040
     -4.967     95.486    564.243   -143.637     -6.974    -39.424     13.051
     -4.969     95.500    564.321   -143.663     -6.971    -39.381     13.062
     -4.971     95.514    564.400   -143.689     -6.968    -39.339     13.072
     -4.973     95.528    564.479   -143.715     -6.965    -39.297     13.083
     -4.975     95.542    564.557   -143.742     -6.962    -39.255     13.094
     -4.977     95.556    564.636   -143.768     -6.959    -39.212     13.104
     -4.979     95.570    564.714   -143.794     -6.956    -39.170     13.115
     -4.981     95.584    564.793   -143.820     -6.953    -39.128     13.126
     -4.983     95.598    564.871   -143.847     -6.951    -39.086     13.137
     -4.985     95.611    564.949   -143.873     -6.948    -39.043     13.147
     -4.987     95.625    565.027   -143.899     -6.945    -39.001     13.158
     -4.989     95.639    565.105   -143.925     -6.942    -38.959     13.169
     -4.991     95.653    565.183   -143.952     -6.939    -38.917     13.180
     -4.993     95.667    565.261   -143.978     -6.936    -38.875     13.190
     -4.995     95.681    565.338   -144.005     -6.933    -38.832     13.201
     -4.997     95.695    565.416   -144.031     -6.930    -38.790     13.212
     -4.999     95.709    565.493   -144.057     -6.927    -38.748     13.223
     -5.001     95.722    565.571   -144.084     -6.925    -38.706     13.234
     -5.003     95.736    565.648   -144.110     -6.922    -38.664     13.244
     -5.005     95.750    565.725   -144.137     -6.919    -38.621     13.255
     -5.007     95.764    565.803   -144.163     -6.916    -38.579     13.266
     -5.009     95.778    565.880   -144.190     -6.913    -38.537     13.277
     -5.011     95.792    565.957   -144.216     -6.910    -38.495     13.288
     -5.013     95.805    566.034   -144.243     -6.907    -38.453     13.298
     -5.015     95.819    566.111   -144.270     -6.904    -38.411     13.309
     -5.017     95.833    566.187   -144.296     -6.902    -38.368     13.320
     -5.019     95.847    566.264   -144.323     -6.899    -38.326     13.331
     -5.021     95.861    566.341   -144.350     -6.896    -38.284     13.342
     -5.023     95.874    566.417   -144.376     -6.893    -38.242     13.353
     -5.025     95.888    566.494   -144.403     -6.890    -38.200     13.364
     -5.027     95.902    566.570   -144.430     -6.887    -38.158     13.374
     -5.029     95.916    566.646   -144.457     -6.884    -38.116     13.385
     -5.031     95.930    566.723   -144.483     -6.882    -38.073     13.396
     -5.033     95.943    566.799   -144.510     -6.879    -38.031     13.407
     -5.035     95.957    566.875   -144.537     -6.876    -37.989     13.418
     -5.037     95.971    566.951   -144.564     -6.873    -37.947     13.429
     -5.039     95.985    567.026   -144.591     -6.870    -37.905     13.440
     -5.041     95.998    567.102   -144.618     -6.867    -37.863     13.451
     -5.043     96.012    567.178   -144.644     -6.865    -37.821     13.462
     -5.045     96.026    567.253   -144.671     -6.862    -37.779     13.473
     -5.047     96.039    567.329   -144.698     -6.859    -37.737     13.484
     -5.049     96.053    567.404   -144.725     -6.856    -37.695     13.494
     -5.051     96.067    567.480   -144.752     -6.853    -37.653     13.505
     -5.053     96.081    567.555   -144.779     -6.850    -37.611     13.516
     -5.055     96.094    567.630   -144.806     -6.848    -37.568     13.527
     -5.057     96.108    567.705   -144.833     -6.845    -37.526     13.538
     -5.059     96.122    567.780   -144.861     -6.842    -37.484     13.549
     -5.061     96.135    567.855   -144.888     -6.839    -37.442     13.560
     -5.063     96.149    567.930   -144.915     -6.836    -37.400     13.571
     -5.065     96.163    568.005   -144.942     -6.833    -37.358     13.582
     -5.067     96.176    568.080   -144.969     -6.831    -37.316     13.593
     -5.069     96.190    568.154   -144.996     -6.828    -37.274     13.604
     -5.071     96.204    568.229   -145.024     -6.825    -37.232     13.615
     -5.073     96.217    568.303   -145.051     -6.822    -37.190     13.626
     -5.075     96.231    568.377   -145.078     -6.819    -37.148     13.637
     -5.077     96.245    568.452   -145.105     -6.817    -37.106     13.648
     -5.079     96.258    568.526   -145.133     -6.814    -37.064     13.659
     -5.081     96.272    568.600   -145.160     -6.811    -37.022     13.670
     -5.083     96.285    568.674   -145.187     -6.808    -36.980     13.682
     -5.085     96.299    568.748   -145.215     -6.805    -36.938     13.693
     -5.087     96.313    568.822   -145.242     -6.803    -36.896     13.704
     -5.089     96.326    568.895   -145.269     -6.800    -36.854     13.715
     -5.091     96.340    568.969   -145.297     -6.797    -36.812     13.726
     -5.093     96.353    569.043   -145.324     -6.794    -36.770     13.737
     -5.095     96.367    569.116   -145.352     -6.791    -36.728     13.748
     -5.097     96.381    569.190   -145.379     -6.789    -36.686     13.759
     -5.099     96.394    569.263   -145.407     -6.786    -36.644     13.770
     -5.101     96.408    569.336   -145.434     -6.783    -36.602     13.781
     -5.103     96.421    569.409   -145.462     -6.780    -36.561     13.792
     -5.105     96.435    569.482   -145.490     -6.777    -36.519     13.804
     -5.107     96.448    569.555   -145.517     -6.775    -36.477     13.815
     -5.109     96.462    569.628   -145.545     -6.772    -36.435     13.826
     -5.111     96.476    569.701   -145.573     -6.769    -36.393     13.837
     -5.113     96.489    569.774   -145.600     -6.766    -36.351     13.848
     -5.115     96.503    569.847   -145.628     -6.764    -36.309     13.859
     -5.117     96.516    569.919   -145.656     -6.761    -36.267     13.870
     -5.119     96.530    569.992   -145.683     -6.758    -36.225     13.882
     -5.121     96.543    570.064   -145.711     -6.755    -36.183     13.893
     -5.123     96.557    570.136   -145.739     -6.753    -36.141     13.904
     -5.125     96.570    570.209   -145.767     -6.750    -36.099     13.915
     -5.127     96.584    570.281   -145.795     -6.747    -36.058     13.926
     -5.129     96.597    570.353   -145.823     -6.744    -36.016     13.938
     -5.131     96.611    570.425   -145.850     -6.741    -35.974     13.949
     -5.133     96.624    570.497   -145.878     -6.739    -35.932     13.960
     -5.135     96.638    570.569   -145.906     -6.736    -35.890     13.971
     -5.137     96.651    570.640   -145.934     -6.733    -35.848     13.982
     -5.139     96.665    570.712   -145.962     -6.730    -35.806     13.994
     -5.141     96.678    570.783   -145.990     -6.728    -35.764     14.005
     -5.143     96.691    570.855   -146.018     -6.725    -35.723     14.016
     -5.145     96.705    570.926   -146.046     -6.722    -35.681     14.027
     -5.147     96.718    570.998   -146.074     -6.720    -35.639     14.039
     -5.149     96.732    571.069   -146.102     -6.717    -35.597     14.050
     -5.151     96.745    571.140   -146.131     -6.714    -35.555     14.061
     -5.153     96.759    571.211   -146.159     -6.711    -35.513     14.072
     -5.155     96.772    571.282   -146.187     -6.709    -35.472     14.084
     -5.157     96.785    571.353   -146.215     -6.706    -35.430     14.095
     -5.159     96.799    571.424   -146.243     -6.703    -35.388     14.106
     -5.161     96.812    571.495   -146.271     -6.700    -35.346     14.118
     -5.163     96.826    571.565   -146.300     -6.698    -35.304     14.129
     -5.165     96.839    571.636   -146.328     -6.695    -35.262     14.140
     -5.167     96.852    571.706   -146.356     -6.692    -35.221     14.152
     -5.169     96.866    571.777   -146.385     -6.689    -35.179     14.163
     -5.171     96.879    571.847   -146.413     -6.687    -35.137     14.174
     -5.173     96.893    571.917   -146.441     -6.684    -35.095     14.186
     -5.175     96.906    571.987   -146.470     -6.681    -35.053     14.197
     -5.177     96.919    572.057   -146.498     -6.679    -35.012     14.208
     -5.179     96.933    572.127   -146.526     -6.676    -34.970     14.220
     -5.181     96.946    572.197   -146.555     -6.673    -34.928     14.231
     -5.183     96.959    572.267   -146.583     -6.670    -34.886     14.243
     -5.185     96.973    572.337   -146.612     -6.668    -34.845     14.254
     -5.187     96.986    572.407   -146.640     -6.665    -34.803     14.265
     -5.189     96.999    572.476   -146.669     -6.662    -34.761     14.277
     -5.191     97.013    572.546   -146.697     -6.660    -34.719     14.288
     -5.193     97.026    572.615   -146.726     -6.657    -34.677     14.300
     -5.195     97.039    572.684   -146.755     -6.654    -34.636     14.311
     -5.197     97.053    572.754   -146.783     -6.652    -34.594     14.322
     -5.199     97.066    572.823   -146.812     -6.649    -34.552     14.334
     -5.201     97.079    572.892   -146.841     -6.646    -34.510     14.345
     -5.203     97.092    572.961   -146.869     -6.643    -34.469     14.357
     -5.205     97.106    573.030   -146.898     -6.641    -34.427     14.368
     -5.207     97.119    573.098   -146.927     -6.638    -34.385     14.380
     -5.209     97.132    573.167   -146.956     -6.635    -34.344     14.391
     -5.211     97.146    573.236   -146.984     -6.633    -34.302     14.403
     -5.213     97.159    573.304   -147.013     -6.630    -34.260     14.414
     -5.215     97.172    573.373   -147.042     -6.627    -34.218     14.426
     -5.217     97.185    573.441   -147.071     -6.625    -34.177     14.437
     -5.219     97.199    573.510   -147.100     -6.622    -34.135     14.449
     -5.221     97.212    573.578   -147.129     -6.619    -34.093     14.460
     -5.223     97.225    573.646   -147.158     -6.617    -34.052     14.472
     -5.225     97.238    573.714   -147.187     -6.614    -34.010     14.483
     -5.227     97.252    573.782   -147.216     -6.611    -33.968     14.495
     -5.229     97.265    573.850   -147.245     -6.609    -33.926     14.506
     -5.231     97.278    573.918   -147.274     -6.606    -33.885     14.518
     -5.233     97.291    573.985   -147.303     -6.603    -33.843     14.529
     -5.235     97.304    574.053   -147.332     -6.601    -33.801     14.541
     -5.237     97.318    574.121   -147.361     -6.598    -33.760     14.552
     -5.239     97.331    574.188   -147.390     -6.595    -33.718     14.564
     -5.241     97.344    574.255   -147.419     -6.593    -33.676     14.575
     -5.243     97.357    574.323   -147.448     -6.590    -33.635     14.587
     -5.245     97.370    574.390   -147.477     -6.587    -33.593     14.599
     -5.247     97.383    574.457   -147.507     -6.585    -33.551     14.610
     -5.249     97.397    574.524   -147.536     -6.582    -33.510     14.622
     -5.251     97.410    574.591   -147.565     -6.579    -33.468     14.633
     -5.253     97.423    574.658   -147.594     -6.577    -33.426     14.645
     -5.255     97.436    574.725   -147.624     -6.574    -33.385     14.657
     -5.257     97.449    574.792   -147.653     -6.571    -33.343     14.668
     -5.259     97.462    574.858   -147.682     -6.569    -33.301     14.680
     -5.261     97.476    574.925   -147.712     -6.566    -33.260     14.692
     -5.263     97.489    574.991   -147.741     -6.564    -33.218     14.703
     -5.265     97.502    575.058   -147.771     -6.561    -33.177     14.715
     -5.267     97.515    575.124   -147.800     -6.558    -33.135     14.727
     -5.269     97.528    575.190   -147.829     -6.556    -33.093     14.738
     -5.271     97.541    575.256   -147.859     -6.553    -33.052     14.750
     -5.273     97.554    575.322   -147.888     -6.550    -33.010     14.762
     -5.275     97.567    575.388   -147.918     -6.548    -32.968     14.773
     -5.277     97.580    575.454   -147.948     -6.545    -32.927     14.785
     -5.279     97.594    575.520   -147.977     -6.542    -32.885     14.797
     -5.281     97.607    575.586   -148.007     -6.540    -32.844     14.808
     -5.283     97.620    575.651   -148.036     -6.537    -32.802     14.820
     -5.285     97.633    575.717   -148.066     -6.535    -32.760     14.832
     -5.287     97.646    575.783   -148.096     -6.532    -32.719     14.844
     -5.289     97.659    575.848   -148.125     -6.529    -32.677     14.855
     -5.291     97.672    575.913   -148.155     -6.527    -32.636     14.867
     -5.293     97.685    575.978   -148.185     -6.524    -32.594     14.879
     -5.295     97.698    576.044   -148.215     -6.522    -32.552     14.891
     -5.297     97.711    576.109   -148.244     -6.519    -32.511     14.902
     -5.299     97.724    576.174   -148.274     -6.516    -32.469     14.914
     -5.301     97.737    576.239   -148.304     -6.514    -32.428     14.926
     -5.303     97.750    576.303   -148.334     -6.511    -32.386     14.938
     -5.305     97.763    576.368   -148.364     -6.509    -32.345     14.949
     -5.307     97.776    576.433   -148.394     -6.506    -32.303     14.961
     -5.309     97.789    576.497   -148.424     -6.503    -32.261     14.973
     -5.311     97.802    576.562   -148.454     -6.501    -32.220     14.985
     -5.313     97.815    576.626   -148.484     -6.498    -32.178     14.997
     -5.315     97.828    576.691   -148.514     -6.496    -32.137     15.008
     -5.317     97.841    576.755   -148.544     -6.493    -32.095     15.020
     -5.319     97.854    576.819   -148.574     -6.490    -32.054     15.032
     -5.321     97.867    576.883   -148.604     -6.488    -32.012     15.044
     -5.323     97.880    576.947   -148.634     -6.485    -31.971     15.056
     -5.325     97.893    577.011   -148.664     -6.483    -31.929     15.068
     -5.327     97.906    577.075   -148.694     -6.480    -31.887     15.080
     -5.329     97.919    577.138   -148.724     -6.477    -31.846     15.091
     -5.331     97.932    577.202   -148.754     -6.475    -31.804     15.103
     -5.333     97.945    577.266   -148.785     -6.472    -31.763     15.115
     -5.335     97.958    577.329   -148.815     -6.470    -31.721     15.127
     -5.337     97.971    577.392   -148.845     -6.467    -31.680     15.139
     -5.339     97.984    577.456   -148.876     -6.465    -31.638     15.151
     -5.341     97.997    577.519   -148.906     -6.462    -31.597     15.163
     -5.343     98.010    577.582   -148.936     -6.459    -31.555     15.175
     -5.345     98.022    577.645   -148.967     -6.457    -31.514     15.187
     -5.347     98.035    577.708   -148.997     -6.454    -31.472     15.199
     -5.349     98.048    577.771   -149.027     -6.452    -31.431     15.211
     -5.351     98.061    577.834   -149.058     -6.449    -31.389     15.222
     -5.353     98.074    577.897   -149.088     -6.447    -31.348     15.234
     -5.355     98.087    577.959   -149.119     -6.444    -31.306     15.246
     -5.357     98.100    578.022   -149.149     -6.442    -31.265     15.258
     -5.359     98.113    578.084   -149.180     -6.439    -31.223     15.270
     -5.361     98.126    578.147   -149.210     -6.436    -31.182     15.282
     -5.363     98.139    578.209   -149.241     -6.434    -31.140     15.294
     -5.365     98.151    578.271   -149.271     -6.431    -31.099     15.306
     -5.367     98.164    578.334   -149.302     -6.429    -31.057     15.318
     -5.369     98.177    578.396   -149.333     -6.426    -31.016     15.330
     -5.371     98.190    578.458   -149.363     -6.424    -30.974     15.342
     -5.373     98.203    578.520   -149.394     -6.421    -30.933     15.354
     -5.375     98.216    578.581   -149.425     -6.419    -30.891     15.366
     -5.377     98.228    578.643   -149.456     -6.416    -30.850     15.378
     -5.379     98.241    578.705   -149.486     -6.414    -30.808     15.390
     -5.381     98.254    578.766   -149.517     -6.411    -30.767     15.403
     -5.383     98.267    578.828   -149.548     -6.408    -30.725     15.415
     -5.385     98.280    578.889   -149.579     -6.406    -30.684     15.427
     -5.387     98.293    578.951   -149.610     -6.403    -30.643     15.439
     -5.389     98.305    579.012   -149.641     -6.401    -30.601     15.451
     -5.391     98.318    579.073   -149.671     -6.398    -30.560     15.463
     -5.393     98.331    579.134   -149.702     -6.396    -30.518     15.475
     -5.395     98.344    579.195   -149.733     -6.393    -30.477     15.487
     -5.397     98.357    579.256   -149.764     -6.391    -30.435     15.499
     -5.399     98.369    579.317   -149.795     -6.388    -30.394     15.511
     -5.401     98.382    579.377   -149.826     -6.386    -30.352     15.523
     -5.403     98.395    579.438   -149.857     -6.383    -30.311     15.536
     -5.405     98.408    579.499   -149.889     -6.381    -30.269     15.548
     -5.407     98.420    579.559   -149.920     -6.378    -30.228     15.560
     -5.409     98.433    579.620   -149.951     -6.376    -30.187     15.572
     -5.411     98.446    579.680   -149.982     -6.373    -30.145     15.584
     -5.413     98.459    579.740   -150.013     -6.371    -30.104     15.596
     -5.415     98.471    579.800   -150.044     -6.368    -30.062     15.608
     -5.417     98.484    579.860   -150.076     -6.366    -30.021     15.621
     -5.419     98.497    579.920   -150.107     -6.363    -29.979     15.633
     -5.421     98.510    579.980   -150.138     -6.361    -29.938     15.645
     -5.423     98.522    580.040   -150.169     -6.358    -29.897     15.657
     -5.425     98.535    580.100   -150.201     -6.356    -29.855     15.669
     -5.427     98.548    580.160   -150.232     -6.353    -29.814     15.682
     -5.429     98.560    580.219   -150.263     -6.351    -29.772     15.694
     -5.431     98.573    580.279   -150.295     -6.348    -29.731     15.706
     -5.433     98.586    580.338   -150.326     -6.346    -29.690     15.718
     -5.435     98.598    580.398   -150.358     -6.343    -29.648     15.731
     -5.437     98.611    580.457   -150.389     -6.341    -29.607     15.743
     -5.439     98.624    580.516   -150.421     -6.338    -29.565     15.755
     -5.441     98.636    580.575   -150.452     -6.336    -29.524     15.767
     -5.443     98.649    580.634   -150.484     -6.333    -29.482     15.780
     -5.445     98.662    580.693   -150.515     -6.331    -29.441     15.792
     -5.447     98.674    580.752   -150.547     -6.328    -29.400     15.804
     -5.449     98.687    580.811   -150.579     -6.326    -29.358     15.816
     -5.451     98.700    580.869   -150.610     -6.323    -29.317     15.829
     -5.453     98.712    580.928   -150.642     -6.321    -29.275     15.841
     -5.455     98.725    580.986   -150.674     -6.318    -29.234     15.853
     -5.457     98.738    581.045   -150.705     -6.316    -29.193     15.866
     -5.459     98.750    581.103   -150.737     -6.313    -29.151     15.878
     -5.461     98.763    581.161   -150.769     -6.311    -29.110     15.890
     -5.463     98.776    581.220   -150.801     -6.308    -29.069     15.903
     -5.465     98.788    581.278   -150.832     -6.306    -29.027     15.915
     -5.467     98.801    581.336   -150.864     -6.304    -28.986     15.927
     -5.469     98.813    581.394   -150.896     -6.301    -28.944     15.940
     -5.471     98.826    581.451   -150.928     -6.299    -28.903     15.952
     -5.473     98.839    581.509   -150.960     -6.296    -28.862     15.964
     -5.475     98.851    581.567   -150.992     -6.294    -28.820     15.977
     -5.477     98.864    581.624   -151.024     -6.291    -28.779     15.989
     -5.479     98.876    581.682   -151.056     -6.289    -28.738     16.002
     -5.481     98.889    581.739   -151.088     -6.286    -28.696     16.014
     -5.483     98.902    581.797   -151.120     -6.284    -28.655     16.026
     -5.485     98.914    581.854   -151.152     -6.281    -28.613     16.039
     -5.487     98.927    581.911   -151.184     -6.279    -28.572     16.051
     -5.489     98.939    581.968   -151.216     -6.277    -28.531     16.064
     -5.491     98.952    582.025   -151.248     -6.274    -28.489     16.076
     -5.493     98.964    582.082   -151.280     -6.272    -28.448     16.089
     -5.495     98.977    582.139   -151.313     -6.269    -28.407     16.101
     -5.497     98.989    582.196   -151.345     -6.267    -28.365     16.114
     -5.499     99.002    582.253   -151.377     -6.264    -28.324     16.126
     -5.501     99.014    582.309   -151.409     -6.262    -28.283     16.139
     -5.503     99.027    582.366   -151.442     -6.259    -28.241     16.151
     -5.505     99.039    582.422   -151.474     -6.257    -28.200     16.163
     -5.507     99.052    582.479   -151.506     -6.255    -28.159     16.176
     -5.509     99.064    582.535   -151.539     -6.252    -28.117     16.189
     -5.511     99.077    582.591   -151.571     -6.250    -28.076     16.201
     -5.513     99.089    582.647   -151.603     -6.247    -28.035     16.214
     -5.515     99.102    582.703   -151.636     -6.245    -27.993     16.226
     -5.517     99.114    582.759   -151.668     -6.243    -27.952     16.239
     -5.519     99.127    582.815   -151.701     -6.240    -27.910     16.251
     -5.521     99.139    582.871   -151.733     -6.238    -27.869     16.264
     -5.523     99.152    582.926   -151.766     -6.235    -27.828     16.276
     -5.525     99.164    582.982   -151.798     -6.233    -27.786     16.289
     -5.527     99.177    583.038   -151.831     -6.230    -27.745     16.301
     -5.529     99.189    583.093   -151.864     -6.228    -27.704     16.314
     -5.531     99.202    583.148   -151.896     -6.226    -27.662     16.327
     -5.533     99.214    583.204   -151.929     -6.223    -27.621     16.339
     -5.535     99.227    583.259   -151.962     -6.221    -27.580     16.352
     -5.537     99.239    583.314   -151.994     -6.218    -27.539     16.364
     -5.539     99.251    583.369   -152.027     -6.216    -27.497     16.377
     -5.541     99.264    583.424   -152.060     -6.214    -27.456     16.390
     -5.543     99.276    583.479   -152.093     -6.211    -27.415     16.402
     -5.545     99.289    583.534   -152.125     -6.209    -27.373     16.415
     -5.547     99.301    583.588   -152.158     -6.206    -27.332     16.427
     -5.549     99.314    583.643   -152.191     -6.204    -27.291     16.440
     -5.551     99.326    583.697   -152.224     -6.202    -27.249     16.453
     -5.553     99.338    583.752   -152.257     -6.199    -27.208     16.465
     -5.555     99.351    583.806   -152.290     -6.197    -27.167     16.478
     -5.557     99.363    583.861   -152.323     -6.194    -27.125     16.491
     -5.559     99.376    583.915   -152.356     -6.192    -27.084     16.504
     -5.561     99.388    583.969   -152.389     -6.190    -27.043     16.516
     -5.563     99.400    584.023   -152.422     -6.187    -27.001     16.529
     -5.565     99.413    584.077   -152.455     -6.185    -26.960     16.542
     -5.567     99.425    584.131   -152.488     -6.183    -26.919     16.554
     -5.569     99.437    584.185   -152.521     -6.180    -26.877     16.567
     -5.571     99.450    584.238   -152.554     -6.178    -26.836     16.580
     -5.573     99.462    584.292   -152.588     -6.175    -26.795     16.593
     -5.575     99.474    584.346   -152.621     -6.173    -26.754     16.605
     -5.577     99.487    584.399   -152.654     -6.171    -26.712     16.618
     -5.579     99.499    584.452   -152.687     -6.168    -26.671     16.631
     -5.581     99.512    584.506   -152.721     -6.166    -26.630     16.644
     -5.583     99.524    584.559   -152.754     -6.164    -26.588     16.656
     -5.585     99.536    584.612   -152.787     -6.161    -26.547     16.669
     -5.587     99.548    584.665   -152.821     -6.159    -26.506     16.682
     -5.589     99.561    584.718   -152.854     -6.156    -26.464     16.695
     -5.591     99.573    584.771   -152.887     -6.154    -26.423     16.708
     -5.593     99.585    584.824   -152.921     -6.152    -26.382     16.720
     -5.595     99.598    584.876   -152.954     -6.149    -26.341     16.733
     -5.597     99.610    584.929   -152.988     -6.147    -26.299     16.746
     -5.599     99.622    584.982   -153.021     -6.145    -26.258     16.759
     -5.601     99.635    585.034   -153.055     -6.142    -26.217     16.772
     -5.603     99.647    585.087   -153.088     -6.140    -26.175     16.785
     -5.605     99.659    585.139   -153.122     -6.138    -26.134     16.797
     -5.607     99.671    585.191   -153.155     -6.135    -26.093     16.810
     -5.609     99.684    585.243   -153.189     -6.133    -26.051     16.823
     -5.611     99.696    585.295   -153.223     -6.131    -26.010     16.836
     -5.613     99.708    585.347   -153.256     -6.128    -25.969     16.849
     -5.615     99.720    585.399   -153.290     -6.126    -25.928     16.862
     -5.617     99.733    585.451   -153.324     -6.124    -25.886     16.875
     -5.619     99.745    585.503   -153.358     -6.121    -25.845     16.888
     -5.621     99.757    585.554   -153.391     -6.119    -25.804     16.901
     -5.623     99.769    585.606   -153.425     -6.117    -25.762     16.913
     -5.625     99.782    585.657   -153.459     -6.114    -25.721     16.926
     -5.627     99.794    585.709   -153.493     -6.112    -25.680     16.939
     -5.629     99.806    585.760   -153.527     -6.110    -25.639     16.952
     -5.631     99.818    585.811   -153.561     -6.107    -25.597     16.965
     -5.633     99.831    585.863   -153.595     -6.105    -25.556     16.978
     -5.635     99.843    585.914   -153.629     -6.103    -25.515     16.991
     -5.637     99.855    585.965   -153.663     -6.100    -25.473     17.004
     -5.639     99.867    586.015   -153.697     -6.098    -25.432     17.017
     -5.641     99.879    586.066   -153.731     -6.096    -25.391     17.030
     -5.643     99.892    586.117   -153.765     -6.093    -25.350     17.043
     -5.645     99.904    586.168   -153.799     -6.091    -25.308     17.056
     -5.647     99.916    586.218   -153.833     -6.089    -25.267     17.069
     -5.649     99.928    586.269   -153.867     -6.086    -25.226     17.082
     -5.651     99.940    586.319   -153.901     -6.084    -25.184     17.095
     -5.653     99.952    586.369   -153.936     -6.082    -25.143     17.108
     -5.655     99.965    586.420   -153.970     -6.079    -25.102     17.121
     -5.657     99.977    586.470   -154.004     -6.077    -25.061     17.134
     -5.659     99.989    586.520   -154.038     -6.075    -25.019     17.147
     -5.661    100.001    586.570   -154.073     -6.072    -24.978     17.161
     -5.663    100.013    586.620   -154.107     -6.070    -24.937     17.174
     -5.665    100.025    586.670   -154.141     -6.068    -24.896     17.187
     -5.667    100.037    586.719   -154.176     -6.066    -24.854     17.200
     -5.669    100.050    586.769   -154.210     -6.063    -24.813     17.213
     -5.671    100.062    586.819   -154.245     -6.061    -24.772     17.226
     -5.673    100.074    586.868   -154.279     -6.059    -24.730     17.239
     -5.675    100.086    586.918   -154.314     -6.056    -24.689     17.252
     -5.677    100.098    586.967   -154.348     -6.054    -24.648     17.265
     -5.679    100.110    587.016   -154.383     -6.052    -24.607     17.278
     -5.681    100.122    587.065   -154.417     -6.050    -24.565     17.292
     -5.683    100.134    587.115   -154.452     -6.047    -24.524     17.305
     -5.685    100.146    587.164   -154.486     -6.045    -24.483     17.318
     -5.687    100.159    587.212   -154.521     -6.043    -24.442     17.331
     -5.689    100.171    587.261   -154.556     -6.040    -24.400     17.344
     -5.691    100.183    587.310   -154.590     -6.038    -24.359     17.357
     -5.693    100.195    587.359   -154.625     -6.036    -24.318     17.371
     -5.695    100.207    587.407   -154.660     -6.034    -24.276     17.384
     -5.697    100.219    587.456   -154.695     -6.031    -24.235     17.397
     -5.699    100.231    587.504   -154.729     -6.029    -24.194     17.410
     -5.701    100.243    587.553   -154.764     -6.027    -24.153     17.424
     -5.703    100.255    587.601   -154.799     -6.024    -24.111     17.437
     -5.705    100.267    587.649   -154.834     -6.022    -24.070     17.450
     -5.707    100.279    587.697   -154.869     -6.020    -24.029     17.463
     -5.709    100.291    587.745   -154.904     -6.018    -23.988     17.476
     -5.711    100.303    587.793   -154.939     -6.015    -23.946     17.490
     -5.713    100.315    587.841   -154.974     -6.013    -23.905     17.503
     -5.715    100.327    587.889   -155.009     -6.011    -23.864     17.516
     -5.717    100.339    587.936   -155.044     -6.009    -23.822     17.530
     -5.719    100.351    587.984   -155.079     -6.006    -23.781     17.543
     -5.721    100.363    588.032   -155.114     -6.004    -23.740     17.556
     -5.723    100.375    588.079   -155.149     -6.002    -23.699     17.570
     -5.725    100.387    588.126   -155.184     -6.000    -23.657     17.583
     -5.727    100.399    588.174   -155.220     -5.997    -23.616     17.596
     -5.729    100.411    588.221   -155.255     -5.995    -23.575     17.609
     -5.731    100.423    588.268   -155.290     -5.993    -23.534     17.623
     -5.733    100.435    588.315   -155.325     -5.991    -23.492     17.636
     -5.735    100.447    588.362   -155.361     -5.988    -23.451     17.650
     -5.737    100.459    588.409   -155.396     -5.986    -23.410     17.663
     -5.739    100.471    588.455   -155.431     -5.984    -23.368     17.676
     -5.741    100.483    588.502   -155.467     -5.982    -23.327     17.690
     -5.743    100.495    588.549   -155.502     -5.979    -23.286     17.703
     -5.745    100.507    588.595   -155.537     -5.977    -23.245     17.716
     -5.747    100.519    588.642   -155.573     -5.975    -23.203     17.730
     -5.749    100.531    588.688   -155.608     -5.973    -23.162     17.743
     -5.751    100.543    588.734   -155.644     -5.970    -23.121     17.757
     -5.753    100.555    588.781   -155.679     -5.968    -23.080     17.770
     -5.755    100.567    588.827   -155.715     -5.966    -23.038     17.784
     -5.757    100.579    588.873   -155.750     -5.964    -22.997     17.797
     -5.759    100.591    588.919   -155.786     -5.962    -22.956     17.810
     -5.761    100.603    588.965   -155.822     -5.959    -22.914     17.824
     -5.763    100.615    589.010   -155.857     -5.957    -22.873     17.837
     -5.765    100.626    589.056   -155.893     -5.955    -22.832     17.851
     -5.767    100.638    589.102   -155.929     -5.953    -22.791     17.864
     -5.769    100.650    589.147   -155.964     -5.950    -22.749     17.878
     -5.771    100.662    589.193   -156.000     -5.948    -22.708     17.891
     -5.773    100.674    589.238   -156.036     -5.946    -22.667     17.905
     -5.775    100.686    589.283   -156.072     -5.944    -22.626     17.918
     -5.777    100.698    589.329   -156.108     -5.942    -22.584     17.932
     -5.779    100.710    589.374   -156.144     -5.939    -22.543     17.945
     -5.781    100.722    589.419   -156.179     -5.937    -22.502     17.959
     -5.783    100.733    589.464   -156.215     -5.935    -22.460     17.972
     -5.785    100.745    589.509   -156.251     -5.933    -22.419     17.986
     -5.787    100.757    589.553   -156.287     -5.931    -22.378     18.000
     -5.789    100.769    589.598   -156.323     -5.928    -22.337     18.013
     -5.791    100.781    589.643   -156.359     -5.926    -22.295     18.027
     -5.793    100.793    589.687   -156.395     -5.924    -22.254     18.040
     -5.795    100.805    589.732   -156.432     -5.922    -22.213     18.054
     -5.797    100.816    589.776   -156.468     -5.920    -22.171     18.067
     -5.799    100.828    589.820   -156.504     -5.917    -22.130     18.081
     -5.801    100.840    589.865   -156.540     -5.915    -22.089     18.095
     -5.803    100.852    589.909   -156.576     -5.913    -22.048     18.108
     -5.805    100.864    589.953   -156.612     -5.911    -22.006     18.122
     -5.807    100.876    589.997   -156.649     -5.909    -21.965     18.136
     -5.809    100.887    590.041   -156.685     -5.906    -21.924     18.149
     -5.811    100.899    590.085   -156.721     -5.904    -21.882     18.163
     -5.813    100.911    590.128   -156.758     -5.902    -21.841     18.177
     -5.815    100.923    590.172   -156.794     -5.900    -21.800     18.190
     -5.817    100.935    590.215   -156.830     -5.898    -21.759     18.204
     -5.819    100.946    590.259   -156.867     -5.896    -21.717     18.218
     -5.821    100.958    590.302   -156.903     -5.893    -21.676     18.231
     -5.823    100.970    590.346   -156.940     -5.891    -21.635     18.245
     -5.825    100.982    590.389   -156.976     -5.889    -21.593     18.259
     -5.827    100.993    590.432   -157.013     -5.887    -21.552     18.272
     -5.829    101.005    590.475   -157.049     -5.885    -21.511     18.286
     -5.831    101.017    590.518   -157.086     -5.882    -21.470     18.300
     -5.833    101.029    590.561   -157.123     -5.880    -21.428     18.314
     -5.835    101.041    590.604   -157.159     -5.878    -21.387     18.327
     -5.837    101.052    590.647   -157.196     -5.876    -21.346     18.341
     -5.839    101.064    590.689   -157.233     -5.874    -21.304     18.355
     -5.841    101.076    590.732   -157.269     -5.872    -21.263     18.369
     -5.843    101.088    590.774   -157.306     -5.870    -21.222     18.383
     -5.845    101.099    590.817   -157.343     -5.867    -21.180     18.396
     -5.847    101.111    590.859   -157.380     -5.865    -21.139     18.410
     -5.849    101.123    590.901   -157.416     -5.863    -21.098     18.424
     -5.851    101.134    590.943   -157.453     -5.861    -21.057     18.438
     -5.853    101.146    590.985   -157.490     -5.859    -21.015     18.452
     -5.855    101.158    591.027   -157.527     -5.857    -20.974     18.465
     -5.857    101.170    591.069   -157.564     -5.854    -20.933     18.479
     -5.859    101.181    591.111   -157.601     -5.852    -20.891     18.493
     -5.861    101.193    591.153   -157.638     -5.850    -20.850     18.507
     -5.863    101.205    591.195   -157.675     -5.848    -20.809     18.521
     -5.865    101.216    591.236   -157.712     -5.846    -20.767     18.535
     -5.867    101.228    591.278   -157.749     -5.844    -20.726     18.549
     -5.869    101.240    591.319   -157.786     -5.842    -20.685     18.563
     -5.871    101.251    591.360   -157.823     -5.839    -20.643     18.576
     -5.873    101.263    591.402   -157.861     -5.837    -20.602     18.590
     -5.875    101.275    591.443   -157.898     -5.835    -20.561     18.604
     -5.877    101.286    591.484   -157.935     -5.833    -20.519     18.618
     -5.879    101.298    591.525   -157.972     -5.831    -20.478     18.632
     -5.881    101.310    591.566   -158.010     -5.829    -20.437     18.646
     -5.883    101.321    591.607   -158.047     -5.827    -20.396     18.660
     -5.885    101.333    591.647   -158.084     -5.825    -20.354     18.674
     -5.887    101.345    591.688   -158.122     -5.822    -20.313     18.688
     -5.889    101.356    591.729   -158.159     -5.820    -20.272     18.702
     -5.891    101.368    591.769   -158.196     -5.818    -20.230     18.716
     -5.893    101.380    591.809   -158.234     -5.816    -20.189     18.730
     -5.895    101.391    591.850   -158.271     -5.814    -20.148     18.744
     -5.897    101.403    591.890   -158.309     -5.812    -20.106     18.758
     -5.899    101.415    591.930   -158.346     -5.810    -20.065     18.772
     -5.901    101.426    591.970   -158.384     -5.808    -20.024     18.786
     -5.903    101.438    592.010   -158.421     -5.805    -19.982     18.800
     -5.905    101.449    592.050   -158.459     -5.803    -19.941     18.814
     -5.907    101.461    592.090   -158.497     -5.801    -19.900     18.828
     -5.909    101.473    592.130   -158.534     -5.799    -19.858     18.842
     -5.911    101.484    592.170   -158.572     -5.797    -19.817     18.856
     -5.913    101.496    592.209   -158.610     -5.795    -19.776     18.870
     -5.915    101.507    592.249   -158.648     -5.793    -19.734     18.884
     -5.917    101.519    592.288   -158.685     -5.791    -19.693     18.899
     -5.919    101.531    592.327   -158.723     -5.789    -19.651     18.913
     -5.921    101.542    592.367   -158.761     -5.787    -19.610     18.927
     -5.923    101.554    592.406   -158.799     -5.784    -19.569     18.941
     -5.925    101.565    592.445   -158.837     -5.782    -19.527     18.955
     -5.927    101.577    592.484   -158.875     -5.780    -19.486     18.969
     -5.929    101.588    592.523   -158.913     -5.778    -19.445     18.983
     -5.931    101.600    592.562   -158.951     -5.776    -19.403     18.997
     -5.933    101.611    592.600   -158.989     -5.774    -19.362     19.012
     -5.935    101.623    592.639   -159.027     -5.772    -19.321     19.026
     -5.937    101.635    592.678   -159.065     -5.770    -19.279     19.040
     -5.939    101.646    592.716   -159.103     -5.768    -19.238     19.054
     -5.941    101.658    592.755   -159.141     -5.766    -19.197     19.068
     -5.943    101.669    592.793   -159.179     -5.764    -19.155     19.083
     -5.945    101.681    592.831   -159.217     -5.761    -19.114     19.097
     -5.947    101.692    592.870   -159.256     -5.759    -19.072     19.111
     -5.949    101.704    592.908   -159.294     -5.757    -19.031     19.125
     -5.951    101.715    592.946   -159.332     -5.755    -18.990     19.140
     -5.953    101.727    592.984   -159.370     -5.753    -18.948     19.154
     -5.955    101.738    593.021   -159.409     -5.751    -18.907     19.168
     -5.957    101.750    593.059   -159.447     -5.749    -18.866     19.182
     -5.959    101.761    593.097   -159.485     -5.747    -18.824     19.197
     -5.961    101.773    593.135   -159.524     -5.745    -18.783     19.211
     -5.963    101.784    593.172   -159.562     -5.743    -18.741     19.225
     -5.965    101.796    593.209   -159.601     -5.741    -18.700     19.239
     -5.967    101.807    593.247   -159.639     -5.739    -18.659     19.254
     -5.969    101.819    593.284   -159.678     -5.737    -18.617     19.268
     -5.971    101.830    593.321   -159.716     -5.735    -18.576     19.282
     -5.973    101.842    593.358   -159.755     -5.733    -18.535     19.297
     -5.975    101.853    593.395   -159.793     -5.730    -18.493     19.311
     -5.977    101.865    593.432   -159.832     -5.728    -18.452     19.325
     -5.979    101.876    593.469   -159.871     -5.726    -18.410     19.340
     -5.981    101.887    593.506   -159.909     -5.724    -18.369     19.354
     -5.983    101.899    593.543   -159.948     -5.722    -18.328     19.369
     -5.985    101.910    593.579   -159.987     -5.720    -18.286     19.383
     -5.987    101.922    593.616   -160.026     -5.718    -18.245     19.397
     -5.989    101.933    593.652   -160.064     -5.716    -18.203     19.412
     -5.991    101.945    593.689   -160.103     -5.714    -18.162     19.426
     -5.993    101.956    593.725   -160.142     -5.712    -18.121     19.441
     -5.995    101.967    593.761   -160.181     -5.710    -18.079     19.455
     -5.997    101.979    593.797   -160.220     -5.708    -18.038     19.469
     -5.999    101.990    593.833   -160.259     -5.706    -17.996     19.484
     -6.001    102.002    593.869   -160.298     -5.704    -17.955     19.498
     -6.003    102.013    593.905   -160.337     -5.702    -17.913     19.513
     -6.005    102.025    593.941   -160.376     -5.700    -17.872     19.527
     -6.007    102.036    593.977   -160.415     -5.698    -17.831     19.542
     -6.009    102.047    594.012   -160.454     -5.696    -17.789     19.556
     -6.011    102.059    594.048   -160.493     -5.694    -17.748     19.571
     -6.013    102.070    594.083   -160.532     -5.692    -17.706     19.585
     -6.015    102.081    594.119   -160.572     -5.690    -17.665     19.600
     -6.017    102.093    594.154   -160.611     -5.688    -17.623     19.614
     -6.019    102.104    594.189   -160.650     -5.686    -17.582     19.629
     -6.021    102.116    594.224   -160.689     -5.684    -17.541     19.643
     -6.023    102.127    594.259   -160.729     -5.682    -17.499     19.658
     -6.025    102.138    594.294   -160.768     -5.680    -17.458     19.672
     -6.027    102.150    594.329   -160.807     -5.678    -17.416     19.687
     -6.029    102.161    594.364   -160.847     -5.676    -17.375     19.702
     -6.031    102.172    594.399   -160.886     -5.674    -17.333     19.716
     -6.033    102.184    594.433   -160.926     -5.672    -17.292     19.731
     -6.035    102.195    594.468   -160.965     -5.670    -17.250     19.745
     -6.037    102.206    594.502   -161.005     -5.668    -17.209     19.760
     -6.039    102.218    594.537   -161.044     -5.666    -17.168     19.775
     -6.041    102.229    594.571   -161.084     -5.664    -17.126     19.789
     -6.043    102.240    594.605   -161.123     -5.662    -17.085     19.804
     -6.045    102.252    594.639   -161.163     -5.660    -17.043     19.819
     -6.047    102.263    594.673   -161.203     -5.658    -17.002     19.833
     -6.049    102.274    594.707   -161.242     -5.656    -16.960     19.848
     -6.051    102.286    594.741   -161.282     -5.654    -16.919     19.863
     -6.053    102.297    594.775   -161.322     -5.652    -16.877     19.877
     -6.055    102.308    594.809   -161.361     -5.650    -16.836     19.892
     -6.057    102.320    594.842   -161.401     -5.648    -16.794     19.907
     -6.059    102.331    594.876   -161.441     -5.646    -16.753     19.921
     -6.061    102.342    594.909   -161.481     -5.644    -16.711     19.936
     -6.063    102.353    594.943   -161.521     -5.642    -16.670     19.951
     -6.065    102.365    594.976   -161.561     -5.640    -16.628     19.966
     -6.067    102.376    595.009   -161.601     -5.638    -16.587     19.980
     -6.069    102.387    595.042   -161.641     -5.636    -16.545     19.995
     -6.071    102.399    595.075   -161.681     -5.634    -16.504     20.010
     -6.073    102.410    595.108   -161.721     -5.632    -16.462     20.025
     -6.075    102.421    595.141   -161.761     -5.630    -16.421     20.039
     -6.077    102.432    595.174   -161.801     -5.628    -16.379     20.054
     -6.079    102.444    595.207   -161.841     -5.626    -16.338     20.069
     -6.081    102.455    595.239   -161.881     -5.624    -16.296     20.084
     -6.083    102.466    595.272   -161.921     -5.622    -16.255     20.099
     -6.085    102.477    595.304   -161.962     -5.620    -16.213     20.113
     -6.087    102.489    595.337   -162.002     -5.618    -16.172     20.128
     -6.089    102.500    595.369   -162.042     -5.616    -16.130     20.143
     -6.091    102.511    595.401   -162.082     -5.614    -16.089     20.158
     -6.093    102.522    595.433   -162.123     -5.612    -16.047     20.173
     -6.095    102.533    595.465   -162.163     -5.610    -16.006     20.188
     -6.097    102.545    595.497   -162.203     -5.608    -15.964     20.203
     -6.099    102.556    595.529   -162.244     -5.606    -15.923     20.218
     -6.101    102.567    595.561   -162.284     -5.604    -15.881     20.232
     -6.103    102.578    595.593   -162.325     -5.602    -15.839     20.247
     -6.105    102.589    595.624   -162.365     -5.600    -15.798     20.262
     -6.107    102.601    595.656   -162.406     -5.598    -15.756     20.277
     -6.109    102.612    595.688   -162.446     -5.596    -15.715     20.292
     -6.111    102.623    595.719   -162.487     -5.594    -15.673     20.307
     -6.113    102.634    595.750   -162.528     -5.592    -15.632     20.322
     -6.115    102.645    595.781   -162.568     -5.590    -15.590     20.337
     -6.117    102.657    595.813   -162.609     -5.589    -15.549     20.352
     -6.119    102.668    595.844   -162.650     -5.587    -15.507     20.367
     -6.121    102.679    595.875   -162.690     -5.585    -15.465     20.382
     -6.123    102.690    595.905   -162.731     -5.583    -15.424     20.397
     -6.125    102.701    595.936   -162.772     -5.581    -15.382     20.412
     -6.127    102.712    595.967   -162.813     -5.579    -15.341     20.427
     -6.129    102.724    595.998   -162.854     -5.577    -15.299     20.442
     -6.131    102.735    596.028   -162.895     -5.575    -15.258     20.457
     -6.133    102.746    596.059   -162.936     -5.573    -15.216     20.472
     -6.135    102.757    596.089   -162.977     -5.571    -15.174     20.487
     -6.137    102.768    596.119   -163.018     -5.569    -15.133     20.502
     -6.139    102.779    596.150   -163.059     -5.567    -15.091     20.517
     -6.141    102.790    596.180   -163.100     -5.565    -15.050     20.532
     -6.143    102.802    596.210   -163.141     -5.563    -15.008     20.548
     -6.145    102.813    596.240   -163.182     -5.561    -14.966     20.563
     -6.147    102.824    596.270   -163.223     -5.560    -14.925     20.578
     -6.149    102.835    596.299   -163.264     -5.558    -14.883     20.593
     -6.151    102.846    596.329   -163.305     -5.556    -14.842     20.608
     -6.153    102.857    596.359   -163.347     -5.554    -14.800     20.623
     -6.155    102.868    596.388   -163.388     -5.552    -14.758     20.638
     -6.157    102.879    596.418   -163.429     -5.550    -14.717     20.654
     -6.159    102.890    596.447   -163.470     -5.548    -14.675     20.669
     -6.161    102.902    596.477   -163.512     -5.546    -14.633     20.684
     -6.163    102.913    596.506   -163.553     -5.544    -14.592     20.699
     -6.165    102.924    596.535   -163.595     -5.542    -14.550     20.714
     -6.167    102.935    596.564   -163.636     -5.540    -14.509     20.729
     -6.169    102.946    596.593   -163.677     -5.538    -14.467     20.745
     -6.171    102.957    596.622   -163.719     -5.537    -14.425     20.760
     -6.173    102.968    596.651   -163.760     -5.535    -14.384     20.775
     -6.175    102.979    596.679   -163.802     -5.533    -14.342     20.790
     -6.177    102.990    596.708   -163.844     -5.531    -14.300     20.806
     -6.179    103.001    596.737   -163.885     -5.529    -14.259     20.821
     -6.181    103.012    596.765   -163.927     -5.527    -14.217     20.836
     -6.183    103.023    596.793   -163.969     -5.525    -14.175     20.851
     -6.185    103.034    596.822   -164.010     -5.523    -14.134     20.867
     -6.187    103.045    596.850   -164.052     -5.521    -14.092     20.882
     -6.189    103.057    596.878   -164.094     -5.519    -14.050     20.897
     -6.191    103.068    596.906   -164.136     -5.518    -14.009     20.913
     -6.193    103.079    596.934   -164.178     -5.516    -13.967     20.928
     -6.195    103.090    596.962   -164.219     -5.514    -13.925     20.943
     -6.197    103.101    596.990   -164.261     -5.512    -13.884     20.959
     -6.199    103.112    597.018   -164.303     -5.510    -13.842     20.974
     -6.201    103.123    597.045   -164.345     -5.508    -13.800     20.989
     -6.203    103.134    597.073   -164.387     -5.506    -13.758     21.005
     -6.205    103.145    597.100   -164.429     -5.504    -13.717     21.020
     -6.207    103.156    597.128   -164.471     -5.503    -13.675     21.036
     -6.209    103.167    597.155   -164.513     -5.501    -13.633     21.051
     -6.211    103.178    597.182   -164.555     -5.499    -13.592     21.066
     -6.213    103.189    597.209   -164.598     -5.497    -13.550     21.082
     -6.215    103.200    597.236   -164.640     -5.495    -13.508     21.097
     -6.217    103.211    597.263   -164.682     -5.493    -13.466     21.113
     -6.219    103.222    597.290   -164.724     -5.491    -13.425     21.128
     -6.221    103.233    597.317   -164.767     -5.489    -13.383     21.144
     -6.223    103.244    597.344   -164.809     -5.488    -13.341     21.159
     -6.225    103.255    597.370   -164.851     -5.486    -13.299     21.175
     -6.227    103.266    597.397   -164.894     -5.484    -13.258     21.190
     -6.229    103.277    597.423   -164.936     -5.482    -13.216     21.206
     -6.231    103.287    597.450   -164.978     -5.480    -13.174     21.221
     -6.233    103.298    597.476   -165.021     -5.478    -13.132     21.237
     -6.235    103.309    597.502   -165.063     -5.476    -13.091     21.252
     -6.237    103.320    597.529   -165.106     -5.475    -13.049     21.268
     -6.239    103.331    597.555   -165.148     -5.473    -13.007     21.283
     -6.241    103.342    597.581   -165.191     -5.471    -12.965     21.299
     -6.243    103.353    597.606   -165.234     -5.469    -12.924     21.315
     -6.245    103.364    597.632   -165.276     -5.467    -12.882     21.330
     -6.247    103.375    597.658   -165.319     -5.465    -12.840     21.346
     -6.249    103.386    597.684   -165.362     -5.464    -12.798     21.361
     -6.251    103.397    597.709   -165.404     -5.462    -12.756     21.377
     -6.253    103.408    597.735   -165.447     -5.460    -12.715     21.393
     -6.255    103.419    597.760   -165.490     -5.458    -12.673     21.408
     -6.257    103.430    597.785   -165.533     -5.456    -12.631     21.424
     -6.259    103.441    597.811   -165.576     -5.454    -12.589     21.439
     -6.261    103.451    597.836   -165.618     -5.452    -12.547     21.455
     -6.263    103.462    597.861   -165.661     -5.451    -12.506     21.471
     -6.265    103.473    597.886   -165.704     -5.449    -12.464     21.487
     -6.267    103.484    597.911   -165.747     -5.447    -12.422     21.502
     -6.269    103.495    597.935   -165.790     -5.445    -12.380     21.518
     -6.271    103.506    597.960   -165.833     -5.443    -12.338     21.534
     -6.273    103.517    597.985   -165.877     -5.442    -12.297     21.549
     -6.275    103.528    598.009   -165.920     -5.440    -12.255     21.565
     -6.277    103.539    598.034   -165.963     -5.438    -12.213     21.581
     -6.279    103.549    598.058   -166.006     -5.436    -12.171     21.597
     -6.281    103.560    598.082   -166.049     -5.434    -12.129     21.612
     -6.283    103.571    598.107   -166.092     -5.432    -12.087     21.628
     -6.285    103.582    598.131   -166.136     -5.431    -12.045     21.644
     -6.287    103.593    598.155   -166.179     -5.429    -12.004     21.660
     -6.289    103.604    598.179   -166.222     -5.427    -11.962     21.675
     -6.291    103.615    598.203   -166.266     -5.425    -11.920     21.691
     -6.293    103.626    598.227   -166.309     -5.423    -11.878     21.707
     -6.295    103.636    598.250   -166.353     -5.422    -11.836     21.723
     -6.297    103.647    598.274   -166.396     -5.420    -11.794     21.739
     -6.299    103.658    598.297   -166.439     -5.418    -11.752     21.755
     -6.301    103.669    598.321   -166.483     -5.416    -11.710     21.771
     -6.303    103.680    598.344   -166.527     -5.414    -11.668     21.786
     -6.305    103.691    598.368   -166.570     -5.413    -11.627     21.802
     -6.307    103.701    598.391   -166.614     -5.411    -11.585     21.818
     -6.309    103.712    598.414   -166.657     -5.409    -11.543     21.834
     -6.311    103.723    598.437   -166.701     -5.407    -11.501     21.850
     -6.313    103.734    598.460   -166.745     -5.405    -11.459     21.866
     -6.315    103.745    598.483   -166.789     -5.404    -11.417     21.882
     -6.317    103.755    598.506   -166.832     -5.402    -11.375     21.898
     -6.319    103.766    598.528   -166.876     -5.400    -11.333     21.914
     -6.321    103.777    598.551   -166.920     -5.398    -11.291     21.930
     -6.323    103.788    598.573   -166.964     -5.396    -11.249     21.946
     -6.325    103.799    598.596   -167.008     -5.395    -11.207     21.962
     -6.327    103.809    598.618   -167.052     -5.393    -11.165     21.978
     -6.329    103.820    598.641   -167.096     -5.391    -11.123     21.994
     -6.331    103.831    598.663   -167.140     -5.389    -11.081     22.010
     -6.333    103.842    598.685   -167.184     -5.388    -11.039     22.026
     -6.335    103.852    598.707   -167.228     -5.386    -10.997     22.042
     -6.337    103.863    598.729   -167.272     -5.384    -10.956     22.058
     -6.339    103.874    598.751   -167.316     -5.382    -10.914     22.074
     -6.341    103.885    598.773   -167.360     -5.380    -10.872     22.090
     -6.343    103.896    598.794   -167.404     -5.379    -10.830     22.106
     -6.345    103.906    598.816   -167.449     -5.377    -10.788     22.122
     -6.347    103.917    598.837   -167.493     -5.375    -10.746     22.138
     -6.349    103.928    598.859   -167.537     -5.373    -10.704     22.154
     -6.351    103.939    598.880   -167.581     -5.372    -10.662     22.170
     -6.353    103.949    598.901   -167.626     -5.370    -10.620     22.187
     -6.355    103.960    598.923   -167.670     -5.368    -10.578     22.203
     -6.357    103.971    598.944   -167.715     -5.366    -10.536     22.219
     -6.359    103.981    598.965   -167.759     -5.365    -10.493     22.235
     -6.361    103.992    598.986   -167.804     -5.363    -10.451     22.251
     -6.363    104.003    599.007   -167.848     -5.361    -10.409     22.267
     -6.365    104.014    599.027   -167.893     -5.359    -10.367     22.284
     -6.367    104.024    599.048   -167.937     -5.358    -10.325     22.300
     -6.369    104.035    599.069   -167.982     -5.356    -10.283     22.316
     -6.371    104.046    599.089   -168.027     -5.354    -10.241     22.332
     -6.373    104.057    599.110   -168.071     -5.352    -10.199     22.348
     -6.375    104.067    599.130   -168.116     -5.351    -10.157     22.365
     -6.377    104.078    599.150   -168.161     -5.349    -10.115     22.381
     -6.379    104.089    599.170   -168.205     -5.347    -10.073     22.397
     -6.381    104.099    599.191   -168.250     -5.345    -10.031     22.413
     -6.383    104.110    599.211   -168.295     -5.344     -9.989     22.430
     -6.385    104.121    599.231   -168.340     -5.342     -9.947     22.446
     -6.387    104.131    599.250   -168.385     -5.340     -9.905     22.462
     -6.389    104.142    599.270   -168.430     -5.338     -9.863     22.479
     -6.391    104.153    599.290   -168.475     -5.337     -9.820     22.495
     -6.393    104.163    599.309   -168.520     -5.335     -9.778     22.511
     -6.395    104.174    599.329   -168.565     -5.333     -9.736     22.528
     -6.397    104.185    599.348   -168.610     -5.331     -9.694     22.544
     -6.399    104.195    599.368   -168.655     -5.330     -9.652     22.560
     -6.401    104.206    599.387   -168.700     -5.328     -9.610     22.577
     -6.403    104.217    599.406   -168.745     -5.326     -9.568     22.593
     -6.405    104.227    599.425   -168.791     -5.325     -9.526     22.610
     -6.407    104.238    599.444   -168.836     -5.323     -9.483     22.626
     -6.409    104.249    599.463   -168.881     -5.321     -9.441     22.642
     -6.411    104.259    599.482   -168.926     -5.319     -9.399     22.659
     -6.413    104.270    599.501   -168.972     -5.318     -9.357     22.675
     -6.415    104.281    599.519   -169.017     -5.316     -9.315     22.692
     -6.417    104.291    599.538   -169.062     -5.314     -9.273     22.708
     -6.419    104.302    599.557   -169.108     -5.313     -9.230     22.725
     -6.421    104.312    599.575   -169.153     -5.311     -9.188     22.741
     -6.423    104.323    599.593   -169.199     -5.309     -9.146     22.758
     -6.425    104.334    599.612   -169.244     -5.307     -9.104     22.774
     -6.427    104.344    599.630   -169.290     -5.306     -9.062     22.791
     -6.429    104.355    599.648   -169.336     -5.304     -9.019     22.807
     -6.431    104.365    599.666   -169.381     -5.302     -8.977     22.824
     -6.433    104.376    599.684   -169.427     -5.301     -8.935     22.840
     -6.435    104.387    599.702   -169.473     -5.299     -8.893     22.857
     -6.437    104.397    599.719   -169.518     -5.297     -8.851     22.873
     -6.439    104.408    599.737   -169.564     -5.296     -8.808     22.890
     -6.441    104.418    599.754   -169.610     -5.294     -8.766     22.907
     -6.443    104.429    599.772   -169.656     -5.292     -8.724     22.923
     -6.445    104.440    599.789   -169.701     -5.290     -8.682     22.940
     -6.447    104.450    599.807   -169.747     -5.289     -8.639     22.956
     -6.449    104.461    599.824   -169.793     -5.287     -8.597     22.973
     -6.451    104.471    599.841   -169.839     -5.285     -8.555     22.990
     -6.453    104.482    599.858   -169.885     -5.284     -8.513     23.006
     -6.455    104.493    599.875   -169.931     -5.282     -8.470     23.023
     -6.457    104.503    599.892   -169.977     -5.280     -8.428     23.040
     -6.459    104.514    599.909   -170.023     -5.279     -8.386     23.056
     -6.461    104.524    599.926   -170.070     -5.277     -8.343     23.073
     -6.463    104.535    599.942   -170.116     -5.275     -8.301     23.090
     -6.465    104.545    599.959   -170.162     -5.274     -8.259     23.107
     -6.467    104.556    599.975   -170.208     -5.272     -8.217     23.123
     -6.469    104.566    599.992   -170.254     -5.270     -8.174     23.140
     -6.471    104.577    600.008   -170.301     -5.269     -8.132     23.157
     -6.473    104.587    600.024   -170.347     -5.267     -8.090     23.174
     -6.475    104.598    600.040   -170.393     -5.265     -8.047     23.190
     -6.477    104.609    600.056   -170.440     -5.264     -8.005     23.207
     -6.479    104.619    600.072   -170.486     -5.262     -7.963     23.224
     -6.481    104.630    600.088   -170.533     -5.260     -7.920     23.241
     -6.483    104.640    600.104   -170.579     -5.259     -7.878     23.258
     -6.485    104.651    600.120   -170.626     -5.257     -7.835     23.274
     -6.487    104.661    600.135   -170.672     -5.255     -7.793     23.291
     -6.489    104.672    600.151   -170.719     -5.254     -7.751     23.308
     -6.491    104.682    600.166   -170.766     -5.252     -7.708     23.325
     -6.493    104.693    600.182   -170.812     -5.250     -7.666     23.342
     -6.495    104.703    600.197   -170.859     -5.249     -7.624     23.359
     -6.497    104.714    600.212   -170.906     -5.247     -7.581     23.376
     -6.499    104.724    600.227   -170.952     -5.245     -7.539     23.393
     -6.501    104.735    600.242   -170.999     -5.244     -7.496     23.410
     -6.503    104.745    600.257   -171.046     -5.242     -7.454     23.427
     -6.505    104.756    600.272   -171.093     -5.241     -7.412     23.443
     -6.507    104.766    600.287   -171.140     -5.239     -7.369     23.460
     -6.509    104.777    600.302   -171.187     -5.237     -7.327     23.477
     -6.511    104.787    600.316   -171.234     -5.236     -7.284     23.494
     -6.513    104.797    600.331   -171.281     -5.234     -7.242     23.511
     -6.515    104.808    600.345   -171.328     -5.232     -7.199     23.528
     -6.517    104.818    600.360   -171.375     -5.231     -7.157     23.545
     -6.519    104.829    600.374   -171.422     -5.229     -7.114     23.562
     -6.521    104.839    600.388   -171.469     -5.227     -7.072     23.579
     -6.523    104.850    600.402   -171.516     -5.226     -7.030     23.597
     -6.525    104.860    600.416   -171.564     -5.224     -6.987     23.614
     -6.527    104.871    600.430   -171.611     -5.223     -6.945     23.631
     -6.529    104.881    600.444   -171.658     -5.221     -6.902     23.648
     -6.531    104.892    600.458   -171.705     -5.219     -6.860     23.665
     -6.533    104.902    600.471   -171.753     -5.218     -6.817     23.682
     -6.535    104.912    600.485   -171.800     -5.216     -6.775     23.699
     -6.537    104.923    600.499   -171.847     -5.214     -6.732     23.716
     -6.539    104.933    600.512   -171.895     -5.213     -6.690     23.733
     -6.541    104.944    600.525   -171.942     -5.211     -6.647     23.750
     -6.543    104.954    600.539   -171.990     -5.210     -6.604     23.768
     -6.545    104.965    600.552   -172.037     -5.208     -6.562     23.785
     -6.547    104.975    600.565   -172.085     -5.206     -6.519     23.802
     -6.549    104.985    600.578   -172.133     -5.205     -6.477     23.819
     -6.551    104.996    600.591   -172.180     -5.203     -6.434     23.836
     -6.553    105.006    600.603   -172.228     -5.202     -6.392     23.854
     -6.555    105.017    600.616   -172.276     -5.200     -6.349     23.871
     -6.557    105.027    600.629   -172.324     -5.198     -6.307     23.888
     -6.559    105.037    600.641   -172.371     -5.197     -6.264     23.905
     -6.561    105.048    600.654   -172.419     -5.195     -6.221     23.923
     -6.563    105.058    600.666   -172.467     -5.194     -6.179     23.940
     -6.565    105.069    600.679   -172.515     -5.192     -6.136     23.957
     -6.567    105.079    600.691   -172.563     -5.190     -6.094     23.974
     -6.569    105.089    600.703   -172.611     -5.189     -6.051     23.992
     -6.571    105.100    600.715   -172.659     -5.187     -6.008     24.009
     -6.573    105.110    600.727   -172.707     -5.186     -5.966     24.026
     -6.575    105.120    600.739   -172.755     -5.184     -5.923     24.044
     -6.577    105.131    600.751   -172.803     -5.182     -5.880     24.061
     -6.579    105.141    600.762   -172.851     -5.181     -5.838     24.079
     -6.581    105.151    600.774   -172.899     -5.179     -5.795     24.096
     -6.583    105.162    600.786   -172.948     -5.178     -5.752     24.113
     -6.585    105.172    600.797   -172.996     -5.176     -5.710     24.131
     -6.587    105.183    600.809   -173.044     -5.175     -5.667     24.148
     -6.589    105.193    600.820   -173.092     -5.173     -5.624     24.166
     -6.591    105.203    600.831   -173.141     -5.171     -5.582     24.183
     -6.593    105.214    600.842   -173.189     -5.170     -5.539     24.200
     -6.595    105.224    600.853   -173.238     -5.168     -5.496     24.218
     -6.597    105.234    600.864   -173.286     -5.167     -5.454     24.235
     -6.599    105.245    600.875   -173.334     -5.165     -5.411     24.253
     -6.601    105.255    600.886   -173.383     -5.164     -5.368     24.270
     -6.603    105.265    600.896   -173.432     -5.162     -5.325     24.288
     -6.605    105.276    600.907   -173.480     -5.160     -5.283     24.305
     -6.607    105.286    600.918   -173.529     -5.159     -5.240     24.323
     -6.609    105.296    600.928   -173.577     -5.157     -5.197     24.341
     -6.611    105.307    600.938   -173.626     -5.156     -5.154     24.358
     -6.613    105.317    600.949   -173.675     -5.154     -5.112     24.376
     -6.615    105.327    600.959   -173.724     -5.153     -5.069     24.393
     -6.617    105.337    600.969   -173.772     -5.151     -5.026     24.411
     -6.619    105.348    600.979   -173.821     -5.150     -4.983     24.428
     -6.621    105.358    600.989   -173.870     -5.148     -4.941     24.446
     -6.623    105.368    600.999   -173.919     -5.146     -4.898     24.464
     -6.625    105.379    601.008   -173.968     -5.145     -4.855     24.481
     -6.627    105.389    601.018   -174.017     -5.143     -4.812     24.499
     -6.629    105.399    601.028   -174.066     -5.142     -4.769     24.517
     -6.631    105.409    601.037   -174.115     -5.140     -4.726     24.534
     -6.633    105.420    601.047   -174.164     -5.139     -4.684     24.552
     -6.635    105.430    601.056   -174.213     -5.137     -4.641     24.570
     -6.637    105.440    601.065   -174.262     -5.136     -4.598     24.587
     -6.639    105.451    601.074   -174.312     -5.134     -4.555     24.605
     -6.641    105.461    601.083   -174.361     -5.133     -4.512     24.623
     -6.643    105.471    601.092   -174.410     -5.131     -4.469     24.641
     -6.645    105.481    601.101   -174.459     -5.130     -4.426     24.658
     -6.647    105.492    601.110   -174.509     -5.128     -4.384     24.676
     -6.649    105.502    601.119   -174.558     -5.127     -4.341     24.694
     -6.651    105.512    601.127   -174.608     -5.125     -4.298     24.712
     -6.653    105.522    601.136   -174.657     -5.123     -4.255     24.730
     -6.655    105.533    601.144   -174.706     -5.122     -4.212     24.747
     -6.657    105.543    601.153   -174.756     -5.120     -4.169     24.765
     -6.659    105.553    601.161   -174.805     -5.119     -4.126     24.783
     -6.661    105.563    601.169   -174.855     -5.117     -4.083     24.801
     -6.663    105.574    601.177   -174.905     -5.116     -4.040     24.819
     -6.665    105.584    601.185   -174.954     -5.114     -3.997     24.837
     -6.667    105.594    601.193   -175.004     -5.113     -3.954     24.855
     -6.669    105.604    601.201   -175.054     -5.111     -3.911     24.873
     -6.671    105.614    601.209   -175.104     -5.110     -3.868     24.891
     -6.673    105.625    601.217   -175.153     -5.108     -3.825     24.908
     -6.675    105.635    601.224   -175.203     -5.107     -3.782     24.926
     -6.677    105.645    601.232   -175.253     -5.105     -3.739     24.944
     -6.679    105.655    601.239   -175.303     -5.104     -3.696     24.962
     -6.681    105.666    601.247   -175.353     -5.102     -3.653     24.980
     -6.683    105.676    601.254   -175.403     -5.101     -3.610     24.998
     -6.685    105.686    601.261   -175.453     -5.099     -3.567     25.016
     -6.687    105.696    601.268   -175.503     -5.098     -3.524     25.034
     -6.689    105.706    601.275   -175.553     -5.096     -3.481     25.052
     -6.691    105.717    601.282   -175.603     -5.095     -3.438     25.070
     -6.693    105.727    601.289   -175.653     -5.093     -3.395     25.089
     -6.695    105.737    601.296   -175.704     -5.092     -3.352     25.107
     -6.697    105.747    601.302   -175.754     -5.090     -3.309     25.125
     -6.699    105.757    601.309   -175.804     -5.089     -3.266     25.143
     -6.701    105.767    601.315   -175.854     -5.087     -3.223     25.161
     -6.703    105.778    601.322   -175.905     -5.086     -3.180     25.179
     -6.705    105.788    601.328   -175.955     -5.084     -3.137     25.197
     -6.707    105.798    601.334   -176.005     -5.083     -3.094     25.215
     -6.709    105.808    601.341   -176.056     -5.082     -3.050     25.233
     -6.711    105.818    601.347   -176.106     -5.080     -3.007     25.252
     -6.713    105.828    601.353   -176.157     -5.079     -2.964     25.270
     -6.715    105.839    601.358   -176.207     -5.077     -2.921     25.288
     -6.717    105.849    601.364   -176.258     -5.076     -2.878     25.306
     -6.719    105.859    601.370   -176.309     -5.074     -2.835     25.324
     -6.721    105.869    601.376   -176.359     -5.073     -2.792     25.343
     -6.723    105.879    601.381   -176.410     -5.071     -2.748     25.361
     -6.725    105.889    601.387   -176.461     -5.070     -2.705     25.379
     -6.727    105.899    601.392   -176.512     -5.068     -2.662     25.397
     -6.729    105.910    601.397   -176.562     -5.067     -2.619     25.416
     -6.731    105.920    601.402   -176.613     -5.065     -2.576     25.434
     -6.733    105.930    601.408   -176.664     -5.064     -2.532     25.452
     -6.735    105.940    601.413   -176.715     -5.063     -2.489     25.471
     -6.737    105.950    601.417   -176.766     -5.061     -2.446     25.489
     -6.739    105.960    601.422   -176.817     -5.060     -2.403     25.507
     -6.741    105.970    601.427   -176.868     -5.058     -2.360     25.526
     -6.743    105.980    601.432   -176.919     -5.057     -2.316     25.544
     -6.745    105.991    601.436   -176.970     -5.055     -2.273     25.563
     -6.747    106.001    601.441   -177.021     -5.054     -2.230     25.581
     -6.749    106.011    601.445   -177.073     -5.052     -2.186     25.599
     -6.751    106.021    601.450   -177.124     -5.051     -2.143     25.618
     -6.753    106.031    601.454   -177.175     -5.049     -2.100     25.636
     -6.755    106.041    601.458   -177.226     -5.048     -2.057     25.655
     -6.757    106.051    601.462   -177.278     -5.047     -2.013     25.673
     -6.759    106.061    601.466   -177.329     -5.045     -1.970     25.692
     -6.761    106.071    601.470   -177.380     -5.044     -1.927     25.710
     -6.763    106.081    601.474   -177.432     -5.042     -1.883     25.729
     -6.765    106.092    601.478   -177.483     -5.041     -1.840     25.747
     -6.767    106.102    601.481   -177.535     -5.039     -1.797     25.766
     -6.769    106.112    601.485   -177.586     -5.038     -1.753     25.784
     -6.771    106.122    601.488   -177.638     -5.037     -1.710     25.803
     -6.773    106.132    601.492   -177.690     -5.035     -1.667     25.821
     -6.775    106.142    601.495   -177.741     -5.034     -1.623     25.840
     -6.777    106.152    601.498   -177.793     -5.032     -1.580     25.859
     -6.779    106.162    601.501   -177.845     -5.031     -1.536     25.877
     -6.781    106.172    601.504   -177.896     -5.030     -1.493     25.896
     -6.783    106.182    601.507   -177.948     -5.028     -1.450     25.914
     -6.785    106.192    601.510   -178.000     -5.027     -1.406     25.933
     -6.787    106.202    601.513   -178.052     -5.025     -1.363     25.952
     -6.789    106.212    601.515   -178.104     -5.024     -1.319     25.970
     -6.791    106.222    601.518   -178.156     -5.022     -1.276     25.989
     -6.793    106.232    601.521   -178.208     -5.021     -1.232     26.008
     -6.795    106.242    601.523   -178.260     -5.020     -1.189     26.027
     -6.797    106.252    601.525   -178.312     -5.018     -1.145     26.045
     -6.799    106.263    601.528   -178.364     -5.017     -1.102     26.064
     -6.801    106.273    601.530   -178.416     -5.015     -1.058     26.083
     -6.803    106.283    601.532   -178.468     -5.014     -1.015     26.102
     -6.805    106.293    601.534   -178.521     -5.013     -0.971     26.120
     -6.807    106.303    601.536   -178.573     -5.011     -0.928     26.139
     -6.809    106.313    601.537   -178.625     -5.010     -0.884     26.158
     -6.811    106.323    601.539   -178.678     -5.009     -0.841     26.177
     -6.813    106.333    601.541   -178.730     -5.007     -0.797     26.196
     -6.815    106.343    601.542   -178.782     -5.006     -0.754     26.214
     -6.817    106.353    601.544   -178.835     -5.004     -0.710     26.233
     -6.819    106.363    601.545   -178.887     -5.003     -0.667     26.252
     -6.821    106.373    601.546   -178.940     -5.002     -0.623     26.271
     -6.823    106.383    601.548   -178.992     -5.000     -0.579     26.290
     -6.825    106.393    601.549   -179.045     -4.999     -0.536     26.309
     -6.827    106.403    601.550   -179.098     -4.997     -0.492     26.328
     -6.829    106.413    601.551   -179.150     -4.996     -0.449     26.347
     -6.831    106.423    601.552   -179.203     -4.995     -0.405     26.366
     -6.833    106.433    601.552   -179.256     -4.993     -0.361     26.385
     -6.835    106.443    601.553   -179.308     -4.992     -0.318     26.404
     -6.837    106.453    601.554   -179.361     -4.991     -0.274     26.423
     -6.839    106.463    601.554   -179.414     -4.989     -0.230     26.442
     -6.841    106.473    601.555   -179.467     -4.988     -0.187     26.461
     -6.843    106.483    601.555   -179.520     -4.987     -0.143     26.480
     -6.845    106.493    601.555   -179.573     -4.985     -0.099     26.499
     -6.847    106.503    601.555   -179.626     -4.984     -0.056     26.518
     -6.849    106.513    601.555   -179.679     -4.982     -0.012     26.537
     -6.851    106.522    601.555   -179.732     -4.981      0.032     26.556
     -6.853    106.532    601.555   -179.785     -4.980      0.076     26.575
     -6.855    106.542    601.555   -179.838     -4.978      0.119     26.594
     -6.857    106.552    601.555   -179.892     -4.977      0.163     26.613
     -6.859    106.562    601.554   -179.945     -4.976      0.207     26.633
     -6.861    106.572    601.554   -179.998     -4.974      0.251     26.652
     -6.863    106.582    601.553   -180.052     -4.973      0.294     26.671
     -6.865    106.592    601.553   -180.105     -4.972      0.338     26.690
     -6.867    106.602    601.552   -180.158     -4.970      0.382     26.709
     -6.869    106.612    601.551   -180.212     -4.969      0.426     26.729
     -6.871    106.622    601.550   -180.265     -4.968      0.469     26.748
     -6.873    106.632    601.549   -180.319     -4.966      0.513     26.767
     -6.875    106.642    601.548   -180.372     -4.965      0.557     26.786
     -6.877    106.652    601.547   -180.426     -4.964      0.601     26.806
     -6.879    106.662    601.546   -180.479     -4.962      0.645     26.825
     -6.881    106.672    601.545   -180.533     -4.961      0.689     26.844
     -6.883    106.682    601.543   -180.587     -4.960      0.732     26.863
     -6.885    106.691    601.542   -180.641     -4.958      0.776     26.883
     -6.887    106.701    601.540   -180.694     -4.957      0.820     26.902
     -6.889    106.711    601.538   -180.748     -4.956      0.864     26.921
     -6.891    106.721    601.537   -180.802     -4.954      0.908     26.941
     -6.893    106.731    601.535   -180.856     -4.953      0.952     26.960
     -6.895    106.741    601.533   -180.910     -4.952      0.996     26.980
     -6.897    106.751    601.531   -180.964     -4.950      1.040     26.999
     -6.899    106.761    601.529   -181.018     -4.949      1.084     27.018
     -6.901    106.771    601.526   -181.072     -4.948      1.128     27.038
     -6.903    106.781    601.524   -181.126     -4.946      1.172     27.057
     -6.905    106.790    601.522   -181.180     -4.945      1.216     27.077
     -6.907    106.800    601.519   -181.234     -4.944      1.260     27.096
     -6.909    106.810    601.517   -181.289     -4.943      1.304     27.116
     -6.911    106.820    601.514   -181.343     -4.941      1.348     27.135
     -6.913    106.830    601.511   -181.397     -4.940      1.392     27.155
     -6.915    106.840    601.508   -181.451     -4.939      1.436     27.174
     -6.917    106.850    601.506   -181.506     -4.937      1.480     27.194
     -6.919    106.860    601.503   -181.560     -4.936      1.524     27.214
     -6.921    106.870    601.499   -181.615     -4.935      1.568     27.233
     -6.923    106.879    601.496   -181.669     -4.933      1.612     27.253
     -6.925    106.889    601.493   -181.724     -4.932      1.656     27.272
     -6.927    106.899    601.490   -181.778     -4.931      1.700     27.292
     -6.929    106.909    601.486   -181.833     -4.930      1.744     27.312
     -6.931    106.919    601.483   -181.887     -4.928      1.788     27.331
     -6.933    106.929    601.479   -181.942     -4.927      1.832     27.351
     -6.935    106.939    601.475   -181.997     -4.926      1.876     27.371
     -6.937    106.948    601.472   -182.052     -4.924      1.920     27.390
     -6.939    106.958    601.468   -182.106     -4.923      1.965     27.410
     -6.941    106.968    601.464   -182.161     -4.922      2.009     27.430
     -6.943    106.978    601.460   -182.216     -4.921      2.053     27.450
     -6.945    106.988    601.455   -182.271     -4.919      2.097     27.469
     -6.947    106.998    601.451   -182.326     -4.918      2.141     27.489
     -6.949    107.007    601.447   -182.381     -4.917      2.185     27.509
     -6.951    107.017    601.443   -182.436     -4.916      2.230     27.529
     -6.953    107.027    601.438   -182.491     -4.914      2.274     27.549
     -6.955    107.037    601.433   -182.546     -4.913      2.318     27.568
     -6.957    107.047    601.429   -182.601     -4.912      2.362     27.588
     -6.959    107.057    601.424   -182.657     -4.911      2.406     27.608
     -6.961    107.066    601.419   -182.712     -4.909      2.451     27.628
     -6.963    107.076    601.414   -182.767     -4.908      2.495     27.648
     -6.965    107.086    601.409   -182.822     -4.907      2.539     27.668
     -6.967    107.096    601.404   -182.878     -4.906      2.583     27.688
     -6.969    107.106    601.399   -182.933     -4.904      2.628     27.708
     -6.971    107.115    601.393   -182.989     -4.903      2.672     27.728
     -6.973    107.125    601.388   -183.044     -4.902      2.716     27.748
     -6.975    107.135    601.383   -183.100     -4.901      2.761     27.767
     -6.977    107.145    601.377   -183.155     -4.899      2.805     27.787
     -6.979    107.155    601.371   -183.211     -4.898      2.849     27.807
     -6.981    107.164    601.366   -183.266     -4.897      2.894     27.828
     -6.983    107.174    601.360   -183.322     -4.896      2.938     27.848
     -6.985    107.184    601.354   -183.378     -4.894      2.982     27.868
     -6.987    107.194    601.348   -183.434     -4.893      3.027     27.888
     -6.989    107.204    601.342   -183.489     -4.892      3.071     27.908
     -6.991    107.213    601.336   -183.545     -4.891      3.116     27.928
     -6.993    107.223    601.329   -183.601     -4.889      3.160     27.948
     -6.995    107.233    601.323   -183.657     -4.888      3.204     27.968
     -6.997    107.243    601.317   -183.713     -4.887      3.249     27.988
     -6.999    107.252    601.310   -183.769     -4.886      3.293     28.008
     -7.001    107.262    601.303   -183.825     -4.885      3.338     28.029
     -7.003    107.272    601.297   -183.881     -4.883      3.382     28.049
     -7.005    107.282    601.290   -183.937     -4.882      3.427     28.069
     -7.007    107.292    601.283   -183.993     -4.881      3.471     28.089
     -7.009    107.301    601.276   -184.050     -4.880      3.516     28.109
     -7.011    107.311    601.269   -184.106     -4.878      3.560     28.130
     -7.013    107.321    601.262   -184.162     -4.877      3.605     28.150
     -7.015    107.331    601.254   -184.218     -4.876      3.649     28.170
     -7.017    107.340    601.247   -184.275     -4.875      3.694     28.191
     -7.019    107.350    601.240   -184.331     -4.874      3.738     28.211
     -7.021    107.360    601.232   -184.388     -4.872      3.783     28.231
     -7.023    107.370    601.225   -184.444     -4.871      3.827     28.252
     -7.025    107.379    601.217   -184.501     -4.870      3.872     28.272
     -7.027    107.389    601.209   -184.557     -4.869      3.917     28.292
     -7.029    107.399    601.201   -184.614     -4.868      3.961     28.313
     -7.031    107.409    601.193   -184.670     -4.866      4.006     28.333
     -7.033    107.418    601.185   -184.727     -4.865      4.051     28.353
     -7.035    107.428    601.177   -184.784     -4.864      4.095     28.374
     -7.037    107.438    601.169   -184.841     -4.863      4.140     28.394
     -7.039    107.447    601.160   -184.897     -4.862      4.184     28.415
     -7.041    107.457    601.152   -184.954     -4.860      4.229     28.435
     -7.043    107.467    601.144   -185.011     -4.859      4.274     28.456
     -7.045    107.477    601.135   -185.068     -4.858      4.319     28.476
     -7.047    107.486    601.126   -185.125     -4.857      4.363     28.497
     -7.049    107.496    601.117   -185.182     -4.856      4.408     28.517
     -7.051    107.506    601.109   -185.239     -4.855      4.453     28.538
     -7.053    107.515    601.100   -185.296     -4.853      4.497     28.559
     -7.055    107.525    601.091   -185.353     -4.852      4.542     28.579
     -7.057    107.535    601.081   -185.411     -4.851      4.587     28.600
     -7.059    107.545    601.072   -185.468     -4.850      4.632     28.620
     -7.061    107.554    601.063   -185.525     -4.849      4.676     28.641
     -7.063    107.564    601.054   -185.582     -4.848      4.721     28.662
     -7.065    107.574    601.044   -185.640     -4.846      4.766     28.682
     -7.067    107.583    601.035   -185.697     -4.845      4.811     28.703
     -7.069    107.593    601.025   -185.754     -4.844      4.856     28.724
     -7.071    107.603    601.015   -185.812     -4.843      4.901     28.744
     -7.073    107.612    601.005   -185.869     -4.842      4.945     28.765
     -7.075    107.622    600.995   -185.927     -4.841      4.990     28.786
     -7.077    107.632    600.985   -185.985     -4.839      5.035     28.807
     -7.079    107.641    600.975   -186.042     -4.838      5.080     28.827
     -7.081    107.651    600.965   -186.100     -4.837      5.125     28.848
     -7.083    107.661    600.955   -186.158     -4.836      5.170     28.869
     -7.085    107.670    600.944   -186.215     -4.835      5.215     28.890
     -7.087    107.680    600.934   -186.273     -4.834      5.260     28.911
     -7.089    107.690    600.923   -186.331     -4.833      5.305     28.932
     -7.091    107.699    600.913   -186.389     -4.832      5.350     28.952
     -7.093    107.709    600.902   -186.447     -4.830      5.395     28.973
     -7.095    107.719    600.891   -186.505     -4.829      5.440     28.994
     -7.097    107.728    600.880   -186.563     -4.828      5.485     29.015
     -7.099    107.738    600.869   -186.621     -4.827      5.530     29.036
     -7.101    107.748    600.858   -186.679     -4.826      5.575     29.057
     -7.103    107.757    600.847   -186.737     -4.825      5.620     29.078
     -7.105    107.767    600.835   -186.795     -4.824      5.665     29.099
     -7.107    107.777    600.824   -186.853     -4.822      5.710     29.120
     -7.109    107.786    600.813   -186.912     -4.821      5.755     29.141
     -7.111    107.796    600.801   -186.970     -4.820      5.800     29.162
     -7.113    107.806    600.789   -187.028     -4.819      5.845     29.183
     -7.115    107.815    600.778   -187.087     -4.818      5.890     29.204
     -7.117    107.825    600.766   -187.145     -4.817      5.935     29.225
     -7.119    107.835    600.754   -187.204     -4.816      5.980     29.246
     -7.121    107.844    600.742   -187.262     -4.815      6.025     29.268
     -7.123    107.854    600.730   -187.321     -4.814      6.070     29.289
     -7.125    107.863    600.718   -187.379     -4.812      6.116     29.310
     -7.127    107.873    600.705   -187.438     -4.811      6.161     29.331
     -7.129    107.883    600.693   -187.497     -4.810      6.206     29.352
     -7.131    107.892    600.681   -187.555     -4.809      6.251     29.373
     -7.133    107.902    600.668   -187.614     -4.808      6.296     29.395
     -7.135    107.911    600.655   -187.673     -4.807      6.342     29.416
     -7.137    107.921    600.643   -187.732     -4.806      6.387     29.437
     -7.139    107.931    600.630   -187.791     -4.805      6.432     29.458
     -7.141    107.940    600.617   -187.850     -4.804      6.477     29.480
     -7.143    107.950    600.604   -187.909     -4.803      6.523     29.501
     -7.145    107.960    600.591   -187.968     -4.802      6.568     29.522
     -7.147    107.969    600.578   -188.027     -4.800      6.613     29.544
     -7.149    107.979    600.564   -188.086     -4.799      6.658     29.565
     -7.151    107.988    600.551   -188.145     -4.798      6.704     29.586
     -7.153    107.998    600.538   -188.204     -4.797      6.749     29.608
     -7.155    108.008    600.524   -188.263     -4.796      6.794     29.629
     -7.157    108.017    600.510   -188.323     -4.795      6.840     29.651
     -7.159    108.027    600.497   -188.382     -4.794      6.885     29.672
     -7.161    108.036    600.483   -188.441     -4.793      6.931     29.693
     -7.163    108.046    600.469   -188.501     -4.792      6.976     29.715
     -7.165    108.055    600.455   -188.560     -4.791      7.021     29.736
     -7.167    108.065    600.441   -188.620     -4.790      7.067     29.758
     -7.169    108.075    600.427   -188.679     -4.789      7.112     29.779
     -7.171    108.084    600.412   -188.739     -4.788      7.158     29.801
     -7.173    108.094    600.398   -188.798     -4.787      7.203     29.823
     -7.175    108.103    600.384   -188.858     -4.786      7.249     29.844
     -7.177    108.113    600.369   -188.918     -4.784      7.294     29.866
     -7.179    108.122    600.354   -188.978     -4.783      7.339     29.887
     -7.181    108.132    600.340   -189.037     -4.782      7.385     29.909
     -7.183    108.142    600.325   -189.097     -4.781      7.431     29.931
     -7.185    108.151    600.310   -189.157     -4.780      7.476     29.952
     -7.187    108.161    600.295   -189.217     -4.779      7.522     29.974
     -7.189    108.170    600.280   -189.277     -4.778      7.567     29.996
     -7.191    108.180    600.265   -189.337     -4.777      7.613     30.017
     -7.193    108.189    600.249   -189.397     -4.776      7.658     30.039
     -7.195    108.199    600.234   -189.457     -4.775      7.704     30.061
     -7.197    108.208    600.219   -189.517     -4.774      7.749     30.082
     -7.199    108.218    600.203   -189.578     -4.773      7.795     30.104
     -7.201    108.228    600.187   -189.638     -4.772      7.841     30.126
     -7.203    108.237    600.172   -189.698     -4.771      7.886     30.148
     -7.205    108.247    600.156   -189.758     -4.770      7.932     30.170
     -7.207    108.256    600.140   -189.819     -4.769      7.978     30.192
     -7.209    108.266    600.124   -189.879     -4.768      8.023     30.213
     -7.211    108.275    600.108   -189.940     -4.767      8.069     30.235
     -7.213    108.285    600.092   -190.000     -4.766      8.115     30.257
     -7.215    108.294    600.075   -190.061     -4.765      8.160     30.279
     -7.217    108.304    600.059   -190.121     -4.764      8.206     30.301
     -7.219    108.313    600.043   -190.182     -4.763      8.252     30.323
     -7.221    108.323    600.026   -190.242     -4.762      8.298     30.345
     -7.223    108.332    600.009   -190.303     -4.761      8.344     30.367
     -7.225    108.342    599.993   -190.364     -4.760      8.389     30.389
     -7.227    108.351    599.976   -190.425     -4.759      8.435     30.411
     -7.229    108.361    599.959   -190.486     -4.758      8.481     30.433
     -7.231    108.371    599.942   -190.546     -4.757      8.527     30.455
     -7.233    108.380    599.925   -190.607     -4.756      8.573     30.477
     -7.235    108.390    599.908   -190.668     -4.755      8.618     30.499
     -7.237    108.399    599.890   -190.729     -4.754      8.664     30.521
     -7.239    108.409    599.873   -190.790     -4.753      8.710     30.543
     -7.241    108.418    599.856   -190.852     -4.752      8.756     30.566
     -7.243    108.428    599.838   -190.913     -4.751      8.802     30.588
     -7.245    108.437    599.820   -190.974     -4.750      8.848     30.610
     -7.247    108.447    599.803   -191.035     -4.749      8.894     30.632
     -7.249    108.456    599.785   -191.096     -4.748      8.940     30.654
     -7.251    108.466    599.767   -191.158     -4.747      8.986     30.677
     -7.253    108.475    599.749   -191.219     -4.746      9.032     30.699
     -7.255    108.485    599.731   -191.281     -4.745      9.078     30.721
     -7.257    108.494    599.713   -191.342     -4.744      9.124     30.743
     -7.259    108.504    599.694   -191.404     -4.743      9.170     30.766
     -7.261    108.513    599.676   -191.465     -4.742      9.216     30.788
     -7.263    108.522    599.657   -191.527     -4.741      9.262     30.810
     -7.265    108.532    599.639   -191.588     -4.740      9.308     30.833
     -7.267    108.541    599.620   -191.650     -4.739      9.354     30.855
     -7.269    108.551    599.601   -191.712     -4.738      9.400     30.878
     -7.271    108.560    599.583   -191.774     -4.737      9.446     30.900
     -7.273    108.570    599.564   -191.835     -4.736      9.492     30.922
     -7.275    108.579    599.545   -191.897     -4.735      9.538     30.945
     -7.277    108.589    599.525   -191.959     -4.734      9.584     30.967
     -7.279    108.598    599.506   -192.021     -4.733      9.631     30.990
     -7.281    108.608    599.487   -192.083     -4.733      9.677     31.012
     -7.283    108.617    599.468   -192.145     -4.732      9.723     31.035
     -7.285    108.627    599.448   -192.207     -4.731      9.769     31.057
     -7.287    108.636    599.428   -192.269     -4.730      9.815     31.080
     -7.289    108.646    599.409   -192.332     -4.729      9.862     31.102
     -7.291    108.655    599.389   -192.394     -4.728      9.908     31.125
     -7.293    108.665    599.369   -192.456     -4.727      9.954     31.148
     -7.295    108.674    599.349   -192.518     -4.726     10.000     31.170
     -7.297    108.683    599.329   -192.581     -4.725     10.047     31.193
     -7.299    108.693    599.309   -192.643     -4.724     10.093     31.216
     -7.301    108.702    599.289   -192.706     -4.723     10.139     31.238
     -7.303    108.712    599.268   -192.768     -4.722     10.186     31.261
     -7.305    108.721    599.248   -192.831     -4.721     10.232     31.284
     -7.307    108.731    599.227   -192.893     -4.720     10.278     31.307
     -7.309    108.740    599.207   -192.956     -4.720     10.325     31.329
     -7.311    108.750    599.186   -193.019     -4.719     10.371     31.352
     -7.313    108.759    599.165   -193.081     -4.718     10.417     31.375
     -7.315    108.768    599.145   -193.144     -4.717     10.464     31.398
     -7.317    108.778    599.124   -193.207     -4.716     10.510     31.421
     -7.319    108.787    599.102   -193.270     -4.715     10.557     31.443
     -7.321    108.797    599.081   -193.333     -4.714     10.603     31.466
     -7.323    108.806    599.060   -193.396     -4.713     10.650     31.489
     -7.325    108.816    599.039   -193.459     -4.712     10.696     31.512
     -7.327    108.825    599.017   -193.522     -4.711     10.743     31.535
     -7.329    108.834    598.996   -193.585     -4.710     10.789     31.558
     -7.331    108.844    598.974   -193.648     -4.710     10.836     31.581
     -7.333    108.853    598.952   -193.711     -4.709     10.882     31.604
     -7.335    108.863    598.931   -193.774     -4.708     10.929     31.627
     -7.337    108.872    598.909   -193.838     -4.707     10.975     31.650
     -7.339    108.881    598.887   -193.901     -4.706     11.022     31.673
     -7.341    108.891    598.865   -193.964     -4.705     11.068     31.696
     -7.343    108.900    598.842   -194.028     -4.704     11.115     31.719
     -7.345    108.910    598.820   -194.091     -4.703     11.162     31.742
     -7.347    108.919    598.798   -194.155     -4.703     11.208     31.765
     -7.349    108.928    598.775   -194.218     -4.702     11.255     31.789
     -7.351    108.938    598.753   -194.282     -4.701     11.302     31.812
     -7.353    108.947    598.730   -194.345     -4.700     11.348     31.835
     -7.355    108.957    598.707   -194.409     -4.699     11.395     31.858
     -7.357    108.966    598.685   -194.473     -4.698     11.442     31.881
     -7.359    108.975    598.662   -194.537     -4.697     11.488     31.905
     -7.361    108.985    598.639   -194.601     -4.696     11.535     31.928
     -7.363    108.994    598.615   -194.664     -4.696     11.582     31.951
     -7.365    109.004    598.592   -194.728     -4.695     11.629     31.974
     -7.367    109.013    598.569   -194.792     -4.694     11.676     31.998
     -7.369    109.022    598.546   -194.856     -4.693     11.722     32.021
     -7.371    109.032    598.522   -194.920     -4.692     11.769     32.044
     -7.373    109.041    598.498   -194.984     -4.691     11.816     32.068
     -7.375    109.051    598.475   -195.049     -4.690     11.863     32.091
     -7.377    109.060    598.451   -195.113     -4.690     11.910     32.115
     -7.379    109.069    598.427   -195.177     -4.689     11.957     32.138
     -7.381    109.079    598.403   -195.241     -4.688     12.004     32.162
     -7.383    109.088    598.379   -195.306     -4.687     12.050     32.185
     -7.385    109.097    598.355   -195.370     -4.686     12.097     32.208
     -7.387    109.107    598.331   -195.435     -4.685     12.144     32.232
     -7.389    109.116    598.306   -195.499     -4.685     12.191     32.256
     -7.391    109.126    598.282   -195.564     -4.684     12.238     32.279
     -7.393    109.135    598.257   -195.628     -4.683     12.285     32.303
     -7.395    109.144    598.233   -195.693     -4.682     12.332     32.326
     -7.397    109.154    598.208   -195.757     -4.681     12.379     32.350
     -7.399    109.163    598.183   -195.822     -4.681     12.426     32.374
     -7.401    109.172    598.158   -195.887     -4.680     12.473     32.397
     -7.403    109.182    598.133   -195.952     -4.679     12.520     32.421
     -7.405    109.191    598.108   -196.017     -4.678     12.567     32.445
     -7.407    109.200    598.083   -196.082     -4.677     12.615     32.468
     -7.409    109.210    598.058   -196.147     -4.676     12.662     32.492
     -7.411    109.219    598.033   -196.212     -4.676     12.709     32.516
     -7.413    109.229    598.007   -196.277     -4.675     12.756     32.540
     -7.415    109.238    597.981   -196.342     -4.674     12.803     32.563
     -7.417    109.247    597.956   -196.407     -4.673     12.850     32.587
     -7.419    109.257    597.930   -196.472     -4.672     12.898     32.611
     -7.421    109.266    597.904   -196.537     -4.672     12.945     32.635
     -7.423    109.275    597.878   -196.603     -4.671     12.992     32.659
     -7.425    109.285    597.852   -196.668     -4.670     13.039     32.683
     -7.427    109.294    597.826   -196.733     -4.669     13.086     32.707
     -7.429    109.303    597.800   -196.799     -4.669     13.134     32.730
     -7.431    109.313    597.774   -196.864     -4.668     13.181     32.754
     -7.433    109.322    597.747   -196.930     -4.667     13.228     32.778
     -7.435    109.331    597.721   -196.995     -4.666     13.276     32.802
     -7.437    109.341    597.694   -197.061     -4.665     13.323     32.826
     -7.439    109.350    597.667   -197.127     -4.665     13.370     32.850
     -7.441    109.359    597.641   -197.192     -4.664     13.418     32.875
     -7.443    109.369    597.614   -197.258     -4.663     13.465     32.899
     -7.445    109.378    597.587   -197.324     -4.662     13.512     32.923
     -7.447    109.387    597.560   -197.390     -4.662     13.560     32.947
     -7.449    109.397    597.533   -197.456     -4.661     13.607     32.971
     -7.451    109.406    597.505   -197.522     -4.660     13.655     32.995
     -7.453    109.415    597.478   -197.588     -4.659     13.702     33.019
     -7.455    109.425    597.450   -197.654     -4.659     13.750     33.044
     -7.457    109.434    597.423   -197.720     -4.658     13.797     33.068
     -7.459    109.443    597.395   -197.786     -4.657     13.845     33.092
     -7.461    109.452    597.368   -197.852     -4.656     13.892     33.116
     -7.463    109.462    597.340   -197.919     -4.656     13.940     33.141
     -7.465    109.471    597.312   -197.985     -4.655     13.987     33.165
     -7.467    109.480    597.284   -198.051     -4.654     14.035     33.189
     -7.469    109.490    597.256   -198.118     -4.653     14.083     33.214
     -7.471    109.499    597.227   -198.184     -4.653     14.130     33.238
     -7.473    109.508    597.199   -198.251     -4.652     14.178     33.262
     -7.475    109.518    597.171   -198.317     -4.651     14.225     33.287
     -7.477    109.527    597.142   -198.384     -4.650     14.273     33.311
     -7.479    109.536    597.114   -198.450     -4.650     14.321     33.336
     -7.481    109.546    597.085   -198.517     -4.649     14.368     33.360
     -7.483    109.555    597.056   -198.584     -4.648     14.416     33.385
     -7.485    109.564    597.027   -198.651     -4.648     14.464     33.409
     -7.487    109.573    596.998   -198.717     -4.647     14.512     33.434
     -7.489    109.583    596.969   -198.784     -4.646     14.559     33.458
     -7.491    109.592    596.940   -198.851     -4.645     14.607     33.483
     -7.493    109.601    596.911   -198.918     -4.645     14.655     33.507
     -7.495    109.611    596.881   -198.985     -4.644     14.703     33.532
     -7.497    109.620    596.852   -199.052     -4.643     14.751     33.557
     -7.499    109.629    596.822   -199.120     -4.643     14.798     33.581
     -7.501    109.638    596.793   -199.187     -4.642     14.846     33.606
     -7.503    109.648    596.763   -199.254     -4.641     14.894     33.631
     -7.505    109.657    596.733   -199.321     -4.640     14.942     33.656
     -7.507    109.666    596.703   -199.389     -4.640     14.990     33.680
     -7.509    109.676    596.673   -199.456     -4.639     15.038     33.705
     -7.511    109.685    596.643   -199.523     -4.638     15.086     33.730
     -7.513    109.694    596.613   -199.591     -4.638     15.134     33.755
     -7.515    109.703    596.583   -199.658     -4.637     15.182     33.780
     -7.517    109.713    596.552   -199.726     -4.636     15.230     33.804
     -7.519    109.722    596.522   -199.794     -4.636     15.278     33.829
     -7.521    109.731    596.491   -199.861     -4.635     15.326     33.854
     -7.523    109.740    596.460   -199.929     -4.634     15.374     33.879
     -7.525    109.750    596.430   -199.997     -4.634     15.422     33.904
     -7.527    109.759    596.399   -200.065     -4.633     15.470     33.929
     -7.529    109.768    596.368   -200.133     -4.632     15.518     33.954
     -7.531    109.778    596.337   -200.200     -4.632     15.566     33.979
     -7.533    109.787    596.305   -200.268     -4.631     15.615     34.004
     -7.535    109.796    596.274   -200.336     -4.630     15.663     34.029
     -7.537    109.805    596.243   -200.405     -4.630     15.711     34.054
     -7.539    109.815    596.211   -200.473     -4.629     15.759     34.079
     -7.541    109.824    596.180   -200.541     -4.628     15.807     34.105
     -7.543    109.833    596.148   -200.609     -4.628     15.855     34.130
     -7.545    109.842    596.116   -200.677     -4.627     15.904     34.155
     -7.547    109.852    596.084   -200.746     -4.626     15.952     34.180
     -7.549    109.861    596.052   -200.814     -4.626     16.000     34.205
     -7.551    109.870    596.020   -200.883     -4.625     16.049     34.231
     -7.553    109.879    595.988   -200.951     -4.625     16.097     34.256
     -7.555    109.889    595.956   -201.020     -4.624     16.145     34.281
     -7.557    109.898    595.924   -201.088     -4.623     16.194     34.306
     -7.559    109.907    595.891   -201.157     -4.623     16.242     34.332
     -7.561    109.916    595.859   -201.226     -4.622     16.290     34.357
     -7.563    109.926    595.826   -201.294     -4.621     16.339     34.383
     -7.565    109.935    595.793   -201.363     -4.621     16.387     34.408
     -7.567    109.944    595.761   -201.432     -4.620     16.436     34.433
     -7.569    109.953    595.728   -201.501     -4.620     16.484     34.459
     -7.571    109.963    595.695   -201.570     -4.619     16.533     34.484
     -7.573    109.972    595.662   -201.639     -4.618     16.581     34.510
     -7.575    109.981    595.628   -201.708     -4.618     16.630     34.535
     -7.577    109.990    595.595   -201.777     -4.617     16.678     34.561
     -7.579    109.999    595.562   -201.846     -4.617     16.727     34.586
     -7.581    110.009    595.528   -201.915     -4.616     16.775     34.612
     -7.583    110.018    595.495   -201.984     -4.615     16.824     34.638
     -7.585    110.027    595.461   -202.054     -4.615     16.872     34.663
     -7.587    110.036    595.427   -202.123     -4.614     16.921     34.689
     -7.589    110.046    595.393   -202.192     -4.614     16.970     34.715
     -7.591    110.055    595.359   -202.262     -4.613     17.018     34.740
     -7.593    110.064    595.325   -202.331     -4.612     17.067     34.766
     -7.595    110.073    595.291   -202.401     -4.612     17.116     34.792
     -7.597    110.083    595.257   -202.471     -4.611     17.164     34.817
     -7.599    110.092    595.222   -202.540     -4.611     17.213     34.843
     -7.601    110.101    595.188   -202.610     -4.610     17.262     34.869
     -7.603    110.110    595.153   -202.680     -4.610     17.311     34.895
     -7.605    110.119    595.118   -202.750     -4.609     17.360     34.921
     -7.607    110.129    595.084   -202.819     -4.608     17.408     34.947
     -7.609    110.138    595.049   -202.889     -4.608     17.457     34.973
     -7.611    110.147    595.014   -202.959     -4.607     17.506     34.999
     -7.613    110.156    594.979   -203.029     -4.607     17.555     35.025
     -7.615    110.165    594.944   -203.099     -4.606     17.604     35.050
     -7.617    110.175    594.908   -203.170     -4.606     17.653     35.077
     -7.619    110.184    594.873   -203.240     -4.605     17.702     35.103
     -7.621    110.193    594.838   -203.310     -4.604     17.751     35.129
     -7.623    110.202    594.802   -203.380     -4.604     17.800     35.155
     -7.625    110.212    594.766   -203.451     -4.603     17.848     35.181
     -7.627    110.221    594.731   -203.521     -4.603     17.897     35.207
     -7.629    110.230    594.695   -203.591     -4.602     17.947     35.233
     -7.631    110.239    594.659   -203.662     -4.602     17.996     35.259
     -7.633    110.248    594.623   -203.732     -4.601     18.045     35.285
     -7.635    110.258    594.587   -203.803     -4.601     18.094     35.312
     -7.637    110.267    594.550   -203.874     -4.600     18.143     35.338
     -7.639    110.276    594.514   -203.944     -4.600     18.192     35.364
     -7.641    110.285    594.478   -204.015     -4.599     18.241     35.390
     -7.643    110.294    594.441   -204.086     -4.599     18.290     35.417
     -7.645    110.304    594.405   -204.157     -4.598     18.339     35.443
     -7.647    110.313    594.368   -204.228     -4.598     18.389     35.469
     -7.649    110.322    594.331   -204.299     -4.597     18.438     35.496
     -7.651    110.331    594.294   -204.370     -4.597     18.487     35.522
     -7.653    110.340    594.257   -204.441     -4.596     18.536     35.549
     -7.655    110.350    594.220   -204.512     -4.596     18.585     35.575
     -7.657    110.359    594.183   -204.583     -4.595     18.635     35.602
     -7.659    110.368    594.145   -204.654     -4.595     18.684     35.628
     -7.661    110.377    594.108   -204.726     -4.594     18.733     35.655
     -7.663    110.386    594.070   -204.797     -4.594     18.783     35.681
     -7.665    110.395    594.033   -204.868     -4.593     18.832     35.708
     -7.667    110.405    593.995   -204.940     -4.593     18.882     35.734
     -7.669    110.414    593.957   -205.011     -4.592     18.931     35.761
     -7.671    110.423    593.919   -205.083     -4.592     18.980     35.788
     -7.673    110.432    593.881   -205.154     -4.591     19.030     35.814
     -7.675    110.441    593.843   -205.226     -4.591     19.079     35.841
     -7.677    110.451    593.805   -205.298     -4.590     19.129     35.868
     -7.679    110.460    593.767   -205.370     -4.590     19.178     35.895
     -7.681    110.469    593.728   -205.441     -4.589     19.228     35.921
     -7.683    110.478    593.690   -205.513     -4.589     19.277     35.948
     -7.685    110.487    593.651   -205.585     -4.588     19.327     35.975
     -7.687    110.496    593.613   -205.657     -4.588     19.376     36.002
     -7.689    110.506    593.574   -205.729     -4.587     19.426     36.029
     -7.691    110.515    593.535   -205.801     -4.587     19.476     36.056
     -7.693    110.524    593.496   -205.873     -4.587     19.525     36.083
     -7.695    110.533    593.457   -205.946     -4.586     19.575     36.110
     -7.697    110.542    593.418   -206.018     -4.586     19.625     36.137
     -7.699    110.552    593.378   -206.090     -4.585     19.674     36.164
     -7.701    110.561    593.339   -206.162     -4.585     19.724     36.191
     -7.703    110.570    593.299   -206.235     -4.584     19.774     36.218
     -7.705    110.579    593.260   -206.307     -4.584     19.824     36.245
     -7.707    110.588    593.220   -206.380     -4.583     19.873     36.272
     -7.709    110.597    593.180   -206.452     -4.583     19.923     36.299
     -7.711    110.607    593.140   -206.525     -4.583     19.973     36.326
     -7.713    110.616    593.100   -206.598     -4.582     20.023     36.353
     -7.715    110.625    593.060   -206.670     -4.582     20.073     36.381
     -7.717    110.634    593.020   -206.743     -4.581     20.123     36.408
     -7.719    110.643    592.980   -206.816     -4.581     20.173     36.435
     -7.721    110.652    592.939   -206.889     -4.581     20.223     36.462
     -7.723    110.661    592.899   -206.962     -4.580     20.273     36.490
     -7.725    110.671    592.858   -207.035     -4.580     20.322     36.517
     -7.727    110.680    592.818   -207.108     -4.579     20.372     36.544
     -7.729    110.689    592.777   -207.181     -4.579     20.423     36.572
     -7.731    110.698    592.736   -207.254     -4.579     20.473     36.599
     -7.733    110.707    592.695   -207.328     -4.578     20.523     36.627
     -7.735    110.716    592.654   -207.401     -4.578     20.573     36.654
     -7.737    110.726    592.613   -207.474     -4.577     20.623     36.682
     -7.739    110.735    592.571   -207.548     -4.577     20.673     36.709
     -7.741    110.744    592.530   -207.621     -4.577     20.723     36.737
     -7.743    110.753    592.488   -207.694     -4.576     20.773     36.764
     -7.745    110.762    592.447   -207.768     -4.576     20.823     36.792
     -7.747    110.771    592.405   -207.842     -4.575     20.874     36.820
     -7.749    110.781    592.363   -207.915     -4.575     20.924     36.847
     -7.751    110.790    592.321   -207.989     -4.575     20.974     36.875
     -7.753    110.799    592.279   -208.063     -4.574     21.024     36.903
     -7.755    110.808    592.237   -208.137     -4.574     21.075     36.930
     -7.757    110.817    592.195   -208.211     -4.574     21.125     36.958
     -7.759    110.826    592.153   -208.284     -4.573     21.175     36.986
     -7.761    110.835    592.110   -208.358     -4.573     21.226     37.014
     -7.763    110.845    592.068   -208.433     -4.573     21.276     37.042
     -7.765    110.854    592.025   -208.507     -4.572     21.326     37.069
     -7.767    110.863    591.983   -208.581     -4.572     21.377     37.097
     -7.769    110.872    591.940   -208.655     -4.572     21.427     37.125
     -7.771    110.881    591.897   -208.729     -4.571     21.478     37.153
     -7.773    110.890    591.854   -208.804     -4.571     21.528     37.181
     -7.775    110.899    591.811   -208.878     -4.571     21.579     37.209
     -7.777    110.909    591.768   -208.953     -4.570     21.629     37.237
     -7.779    110.918    591.724   -209.027     -4.570     21.680     37.265
     -7.781    110.927    591.681   -209.102     -4.570     21.730     37.293
     -7.783    110.936    591.637   -209.176     -4.569     21.781     37.322
     -7.785    110.945    591.594   -209.251     -4.569     21.832     37.350
     -7.787    110.954    591.550   -209.326     -4.569     21.882     37.378
     -7.789    110.963    591.506   -209.400     -4.568     21.933     37.406
     -7.791    110.973    591.462   -209.475     -4.568     21.984     37.434
     -7.793    110.982    591.418   -209.550     -4.568     22.034     37.463
     -7.795    110.991    591.374   -209.625     -4.567     22.085     37.491
     -7.797    111.000    591.330   -209.700     -4.567     22.136     37.519
     -7.799    111.009    591.286   -209.775     -4.567     22.186     37.547
     -7.801    111.018    591.241   -209.850     -4.566     22.237     37.576
     -7.803    111.027    591.197   -209.925     -4.566     22.288     37.604
     -7.805    111.036    591.152   -210.001     -4.566     22.339     37.633
     -7.807    111.046    591.107   -210.076     -4.566     22.390     37.661
     -7.809    111.055    591.062   -210.151     -4.565     22.441     37.689
     -7.811    111.064    591.018   -210.227     -4.565     22.492     37.718
     -7.813    111.073    590.973   -210.302     -4.565     22.543     37.747
     -7.815    111.082    590.927   -210.378     -4.564     22.593     37.775
     -7.817    111.091    590.882   -210.453     -4.564     22.644     37.804
     -7.819    111.100    590.837   -210.529     -4.564     22.695     37.832
     -7.821    111.109    590.791   -210.605     -4.564     22.746     37.861
     -7.823    111.119    590.746   -210.680     -4.563     22.797     37.890
     -7.825    111.128    590.700   -210.756     -4.563     22.849     37.918
     -7.827    111.137    590.654   -210.832     -4.563     22.900     37.947
     -7.829    111.146    590.609   -210.908     -4.563     22.951     37.976
     -7.831    111.155    590.563   -210.984     -4.562     23.002     38.005
     -7.833    111.164    590.517   -211.060     -4.562     23.053     38.033
     -7.835    111.173    590.470   -211.136     -4.562     23.104     38.062
     -7.837    111.182    590.424   -211.212     -4.562     23.155     38.091
     -7.839    111.192    590.378   -211.288     -4.561     23.207     38.120
     -7.841    111.201    590.331   -211.365     -4.561     23.258     38.149
     -7.843    111.210    590.285   -211.441     -4.561     23.309     38.178
     -7.845    111.219    590.238   -211.517     -4.561     23.360     38.207
     -7.847    111.228    590.191   -211.594     -4.561     23.412     38.236
     -7.849    111.237    590.144   -211.670     -4.560     23.463     38.265
     -7.851    111.246    590.097   -211.747     -4.560     23.514     38.294
     -7.853    111.255    590.050   -211.824     -4.560     23.566     38.323
     -7.855    111.265    590.003   -211.900     -4.560     23.617     38.352
     -7.857    111.274    589.956   -211.977     -4.559     23.669     38.381
     -7.859    111.283    589.909   -212.054     -4.559     23.720     38.410
     -7.861    111.292    589.861   -212.131     -4.559     23.772     38.440
     -7.863    111.301    589.813   -212.207     -4.559     23.823     38.469
     -7.865    111.310    589.766   -212.284     -4.559     23.875     38.498
     -7.867    111.319    589.718   -212.361     -4.558     23.926     38.527
     -7.869    111.328    589.670   -212.439     -4.558     23.978     38.557
     -7.871    111.338    589.622   -212.516     -4.558     24.029     38.586
     -7.873    111.347    589.574   -212.593     -4.558     24.081     38.616
     -7.875    111.356    589.526   -212.670     -4.558     24.133     38.645
     -7.877    111.365    589.477   -212.747     -4.558     24.184     38.674
     -7.879    111.374    589.429   -212.825     -4.557     24.236     38.704
     -7.881    111.383    589.380   -212.902     -4.557     24.288     38.733
     -7.883    111.392    589.332   -212.980     -4.557     24.339     38.763
     -7.885    111.401    589.283   -213.057     -4.557     24.391     38.792
     -7.887    111.410    589.234   -213.135     -4.557     24.443     38.822
     -7.889    111.420    589.185   -213.213     -4.557     24.495     38.852
     -7.891    111.429    589.136   -213.290     -4.556     24.547     38.881
     -7.893    111.438    589.087   -213.368     -4.556     24.598     38.911
     -7.895    111.447    589.038   -213.446     -4.556     24.650     38.941
     -7.897    111.456    588.989   -213.524     -4.556     24.702     38.971
     -7.899    111.465    588.939   -213.602     -4.556     24.754     39.000
     -7.901    111.474    588.890   -213.680     -4.556     24.806     39.030
     -7.903    111.483    588.840   -213.758     -4.556     24.858     39.060
     -7.905    111.492    588.790   -213.836     -4.555     24.910     39.090
     -7.907    111.502    588.740   -213.914     -4.555     24.962     39.120
     -7.909    111.511    588.690   -213.993     -4.555     25.014     39.150
     -7.911    111.520    588.640   -214.071     -4.555     25.066     39.180
     -7.913    111.529    588.590   -214.149     -4.555     25.118     39.210
     -7.915    111.538    588.540   -214.228     -4.555     25.170     39.240
     -7.917    111.547    588.489   -214.306     -4.555     25.223     39.270
     -7.919    111.556    588.439   -214.385     -4.555     25.275     39.300
     -7.921    111.565    588.388   -214.464     -4.555     25.327     39.330
     -7.923    111.574    588.337   -214.542     -4.554     25.379     39.360
     -7.925    111.584    588.287   -214.621     -4.554     25.431     39.390
     -7.927    111.593    588.236   -214.700     -4.554     25.484     39.420
     -7.929    111.602    588.185   -214.779     -4.554     25.536     39.451
     -7.931    111.611    588.134   -214.858     -4.554     25.588     39.481
     -7.933    111.620    588.082   -214.937     -4.554     25.641     39.511
     -7.935    111.629    588.031   -215.016     -4.554     25.693     39.541
     -7.937    111.638    587.980   -215.095     -4.554     25.745     39.572
     -7.939    111.647    587.928   -215.174     -4.554     25.798     39.602
     -7.941    111.656    587.876   -215.253     -4.554     25.850     39.633
     -7.943    111.666    587.825   -215.332     -4.554     25.903     39.663
     -7.945    111.675    587.773   -215.412     -4.554     25.955     39.694
     -7.947    111.684    587.721   -215.491     -4.554     26.008     39.724
     -7.949    111.693    587.669   -215.571     -4.553     26.060     39.755
     -7.951    111.702    587.617   -215.650     -4.553     26.113     39.785
     -7.953    111.711    587.564   -215.730     -4.553     26.166     39.816
     -7.955    111.720    587.512   -215.810     -4.553     26.218     39.846
     -7.957    111.729    587.459   -215.889     -4.553     26.271     39.877
     -7.959    111.738    587.407   -215.969     -4.553     26.323     39.908
     -7.961    111.747    587.354   -216.049     -4.553     26.376     39.939
     -7.963    111.757    587.301   -216.129     -4.553     26.429     39.969
     -7.965    111.766    587.248   -216.209     -4.553     26.482     40.000
     -7.967    111.775    587.195   -216.289     -4.553     26.534     40.031
     -7.969    111.784    587.142   -216.369     -4.553     26.587     40.062
     -7.971    111.793    587.089   -216.449     -4.553     26.640     40.093
     -7.973    111.802    587.036   -216.529     -4.553     26.693     40.124
     -7.975    111.811    586.982   -216.610     -4.553     26.746     40.155
     -7.977    111.820    586.929   -216.690     -4.553     26.799     40.186
     -7.979    111.829    586.875   -216.770     -4.553     26.852     40.217
     -7.981    111.839    586.821   -216.851     -4.553     26.905     40.248
     -7.983    111.848    586.767   -216.931     -4.553     26.958     40.279
     -7.985    111.857    586.714   -217.012     -4.553     27.011     40.310
     -7.987    111.866    586.659   -217.092     -4.553     27.064     40.341
     -7.989    111.875    586.605   -217.173     -4.553     27.117     40.372
     -7.991    111.884    586.551   -217.254     -4.553     27.170     40.403
     -7.993    111.893    586.497   -217.335     -4.553     27.223     40.435
     -7.995    111.902    586.442   -217.416     -4.553     27.276     40.466
     -7.997    111.911    586.387   -217.497     -4.553     27.329     40.497
     -7.999    111.920    586.333   -217.578     -4.553     27.382     40.529
     -8.001    111.930    586.278   -217.659     -4.553     27.436     40.560
     -8.003    111.939    586.223   -217.740     -4.553     27.489     40.591
     -8.005    111.948    586.168   -217.821     -4.553     27.542     40.623
     -8.007    111.957    586.113   -217.902     -4.553     27.596     40.654
     -8.009    111.966    586.058   -217.984     -4.553     27.649     40.686
     -8.011    111.975    586.002   -218.065     -4.554     27.702     40.717
     -8.013    111.984    585.947   -218.147     -4.554     27.756     40.749
     -8.015    111.993    585.891   -218.228     -4.554     27.809     40.781
     -8.017    112.002    585.836   -218.310     -4.554     27.862     40.812
     -8.019    112.012    585.780   -218.391     -4.554     27.916     40.844
     -8.021    112.021    585.724   -218.473     -4.554     27.969     40.876
     -8.023    112.030    585.668   -218.555     -4.554     28.023     40.907
     -8.025    112.039    585.612   -218.637     -4.554     28.076     40.939
     -8.027    112.048    585.556   -218.719     -4.554     28.130     40.971
     -8.029    112.057    585.499   -218.801     -4.554     28.184     41.003
     -8.031    112.066    585.443   -218.883     -4.554     28.237     41.035
     -8.033    112.075    585.386   -218.965     -4.554     28.291     41.067
     -8.035    112.084    585.330   -219.047     -4.554     28.345     41.099
     -8.037    112.094    585.273   -219.129     -4.555     28.398     41.131
     -8.039    112.103    585.216   -219.211     -4.555     28.452     41.163
     -8.041    112.112    585.159   -219.294     -4.555     28.506     41.195
     -8.043    112.121    585.102   -219.376     -4.555     28.560     41.227
     -8.045    112.130    585.045   -219.459     -4.555     28.613     41.259
     -8.047    112.139    584.988   -219.541     -4.555     28.667     41.291
     -8.049    112.148    584.930   -219.624     -4.555     28.721     41.323
     -8.051    112.157    584.873   -219.707     -4.555     28.775     41.356
     -8.053    112.166    584.815   -219.789     -4.556     28.829     41.388
     -8.055    112.176    584.757   -219.872     -4.556     28.883     41.420
     -8.057    112.185    584.700   -219.955     -4.556     28.937     41.452
     -8.059    112.194    584.642   -220.038     -4.556     28.991     41.485
     -8.061    112.203    584.584   -220.121     -4.556     29.045     41.517
     -8.063    112.212    584.526   -220.204     -4.556     29.099     41.550
     -8.065    112.221    584.467   -220.287     -4.556     29.153     41.582
     -8.067    112.230    584.409   -220.370     -4.557     29.207     41.615
     -8.069    112.239    584.350   -220.454     -4.557     29.261     41.647
     -8.071    112.248    584.292   -220.537     -4.557     29.316     41.680
     -8.073    112.258    584.233   -220.620     -4.557     29.370     41.712
     -8.075    112.267    584.174   -220.704     -4.557     29.424     41.745
     -8.077    112.276    584.115   -220.787     -4.557     29.478     41.778
     -8.079    112.285    584.056   -220.871     -4.558     29.533     41.810
     -8.081    112.294    583.997   -220.955     -4.558     29.587     41.843
     -8.083    112.303    583.938   -221.038     -4.558     29.641     41.876
     -8.085    112.312    583.879   -221.122     -4.558     29.696     41.909
     -8.087    112.321    583.819   -221.206     -4.558     29.750     41.942
     -8.089    112.330    583.760   -221.290     -4.559     29.805     41.975
     -8.091    112.340    583.700   -221.374     -4.559     29.859     42.008
     -8.093    112.349    583.640   -221.458     -4.559     29.914     42.041
     -8.095    112.358    583.580   -221.542     -4.559     29.968     42.074
     -8.097    112.367    583.520   -221.626     -4.559     30.023     42.107
     -8.099    112.376    583.460   -221.710     -4.560     30.077     42.140
     -8.101    112.385    583.400   -221.795     -4.560     30.132     42.173
     -8.103    112.394    583.340   -221.879     -4.560     30.187     42.206
     -8.105    112.403    583.279   -221.964     -4.560     30.241     42.239
     -8.107    112.413    583.219   -222.048     -4.561     30.296     42.272
     -8.109    112.422    583.158   -222.133     -4.561     30.351     42.306
     -8.111    112.431    583.097   -222.217     -4.561     30.405     42.339
     -8.113    112.440    583.037   -222.302     -4.561     30.460     42.372
     -8.115    112.449    582.976   -222.387     -4.562     30.515     42.406
     -8.117    112.458    582.915   -222.472     -4.562     30.570     42.439
     -8.119    112.467    582.853   -222.557     -4.562     30.625     42.473
     -8.121    112.476    582.792   -222.641     -4.562     30.680     42.506
     -8.123    112.486    582.731   -222.727     -4.563     30.735     42.540
     -8.125    112.495    582.669   -222.812     -4.563     30.790     42.573
     -8.127    112.504    582.607   -222.897     -4.563     30.845     42.607
     -8.129    112.513    582.546   -222.982     -4.564     30.900     42.640
     -8.131    112.522    582.484   -223.067     -4.564     30.955     42.674
     -8.133    112.531    582.422   -223.153     -4.564     31.010     42.708
     -8.135    112.540    582.360   -223.238     -4.564     31.065     42.741
     -8.137    112.549    582.298   -223.324     -4.565     31.120     42.775
     -8.139    112.559    582.235   -223.409     -4.565     31.175     42.809
     -8.141    112.568    582.173   -223.495     -4.565     31.230     42.843
     -8.143    112.577    582.110   -223.581     -4.566     31.286     42.877
     -8.145    112.586    582.048   -223.666     -4.566     31.341     42.911
     -8.147    112.595    581.985   -223.752     -4.566     31.396     42.945
     -8.149    112.604    581.922   -223.838     -4.567     31.452     42.979
     -8.151    112.613    581.859   -223.924     -4.567     31.507     43.013
     -8.153    112.622    581.796   -224.010     -4.567     31.562     43.047
     -8.155    112.632    581.733   -224.096     -4.568     31.618     43.081
     -8.157    112.641    581.670   -224.183     -4.568     31.673     43.115
     -8.159    112.650    581.606   -224.269     -4.568     31.729     43.149
     -8.161    112.659    581.543   -224.355     -4.569     31.784     43.184
     -8.163    112.668    581.479   -224.442     -4.569     31.840     43.218
     -8.165    112.677    581.415   -224.528     -4.569     31.895     43.252
     -8.167    112.686    581.352   -224.615     -4.570     31.951     43.287
     -8.169    112.696    581.288   -224.701     -4.570     32.007     43.321
     -8.171    112.705    581.224   -224.788     -4.571     32.062     43.355
     -8.173    112.714    581.159   -224.875     -4.571     32.118     43.390
     -8.175    112.723    581.095   -224.961     -4.571     32.174     43.424
     -8.177    112.732    581.031   -225.048     -4.572     32.229     43.459
     -8.179    112.741    580.966   -225.135     -4.572     32.285     43.494
     -8.181    112.750    580.902   -225.222     -4.572     32.341     43.528
     -8.183    112.760    580.837   -225.309     -4.573     32.397     43.563
     -8.185    112.769    580.772   -225.397     -4.573     32.453     43.598
     -8.187    112.778    580.707   -225.484     -4.574     32.509     43.632
     -8.189    112.787    580.642   -225.571     -4.574     32.565     43.667
     -8.191    112.796    580.577   -225.658     -4.575     32.621     43.702
     -8.193    112.805    580.511   -225.746     -4.575     32.677     43.737
     -8.195    112.814    580.446   -225.833     -4.575     32.733     43.772
     -8.197    112.824    580.381   -225.921     -4.576     32.789     43.807
     -8.199    112.833    580.315   -226.009     -4.576     32.845     43.842
     -8.201    112.842    580.249   -226.096     -4.577     32.901     43.877
     -8.203    112.851    580.183   -226.184     -4.577     32.957     43.912
     -8.205    112.860    580.117   -226.272     -4.578     33.013     43.947
     -8.207    112.869    580.051   -226.360     -4.578     33.070     43.982
     -8.209    112.879    579.985   -226.448     -4.578     33.126     44.017
     -8.211    112.888    579.919   -226.536     -4.579     33.182     44.053
     -8.213    112.897    579.852   -226.624     -4.579     33.239     44.088
     -8.215    112.906    579.786   -226.712     -4.580     33.295     44.123
     -8.217    112.915    579.719   -226.801     -4.580     33.351     44.158
     -8.219    112.924    579.652   -226.889     -4.581     33.408     44.194
     -8.221    112.933    579.586   -226.977     -4.581     33.464     44.229
     -8.223    112.943    579.519   -227.066     -4.582     33.521     44.265
     -8.225    112.952    579.451   -227.155     -4.582     33.577     44.300
     -8.227    112.961    579.384   -227.243     -4.583     33.634     44.336
     -8.229    112.970    579.317   -227.332     -4.583     33.690     44.371
     -8.231    112.979    579.249   -227.421     -4.584     33.747     44.407
     -8.233    112.988    579.182   -227.509     -4.584     33.804     44.443
     -8.235    112.998    579.114   -227.598     -4.585     33.860     44.479
     -8.237    113.007    579.046   -227.687     -4.585     33.917     44.514
     -8.239    113.016    578.979   -227.776     -4.586     33.974     44.550
     -8.241    113.025    578.911   -227.866     -4.586     34.031     44.586
     -8.243    113.034    578.842   -227.955     -4.587     34.087     44.622
     -8.245    113.044    578.774   -228.044     -4.587     34.144     44.658
     -8.247    113.053    578.706   -228.133     -4.588     34.201     44.694
     -8.249    113.062    578.637   -228.223     -4.589     34.258     44.730
     -8.251    113.071    578.569   -228.312     -4.589     34.315     44.766
     -8.253    113.080    578.500   -228.402     -4.590     34.372     44.802
     -8.255    113.089    578.431   -228.492     -4.590     34.429     44.838
     -8.257    113.099    578.362   -228.581     -4.591     34.486     44.874
     -8.259    113.108    578.293   -228.671     -4.591     34.543     44.911
     -8.261    113.117    578.224   -228.761     -4.592     34.600     44.947
     -8.263    113.126    578.155   -228.851     -4.593     34.658     44.983
     -8.265    113.135    578.086   -228.941     -4.593     34.715     45.020
     -8.267    113.145    578.016   -229.031     -4.594     34.772     45.056
     -8.269    113.154    577.947   -229.121     -4.594     34.829     45.092
     -8.271    113.163    577.877   -229.211     -4.595     34.887     45.129
     -8.273    113.172    577.807   -229.302     -4.596     34.944     45.165
     -8.275    113.181    577.737   -229.392     -4.596     35.001     45.202
     -8.277    113.190    577.667   -229.482     -4.597     35.059     45.239
     -8.279    113.200    577.597   -229.573     -4.597     35.116     45.275
     -8.281    113.209    577.527   -229.663     -4.598     35.173     45.312
     -8.283    113.218    577.456   -229.754     -4.599     35.231     45.349
     -8.285    113.227    577.386   -229.845     -4.599     35.289     45.386
     -8.287    113.236    577.315   -229.936     -4.600     35.346     45.422
     -8.289    113.246    577.244   -230.027     -4.601     35.404     45.459
     -8.291    113.255    577.173   -230.118     -4.601     35.461     45.496
     -8.293    113.264    577.102   -230.209     -4.602     35.519     45.533
     -8.295    113.273    577.031   -230.300     -4.603     35.577     45.570
     -8.297    113.282    576.960   -230.391     -4.603     35.634     45.607
     -8.299    113.292    576.889   -230.482     -4.604     35.692     45.644
     -8.301    113.301    576.817   -230.573     -4.605     35.750     45.681
     -8.303    113.310    576.746   -230.665     -4.605     35.808     45.719
     -8.305    113.319    576.674   -230.756     -4.606     35.866     45.756
     -8.307    113.329    576.602   -230.848     -4.607     35.924     45.793
     -8.309    113.338    576.530   -230.939     -4.607     35.982     45.831
     -8.311    113.347    576.458   -231.031     -4.608     36.040     45.868
     -8.313    113.356    576.386   -231.123     -4.609     36.098     45.905
     -8.315    113.365    576.314   -231.215     -4.609     36.156     45.943
     -8.317    113.375    576.242   -231.307     -4.610     36.214     45.980
     -8.319    113.384    576.169   -231.399     -4.611     36.272     46.018
     -8.321    113.393    576.097   -231.491     -4.612     36.330     46.055
     -8.323    113.402    576.024   -231.583     -4.612     36.388     46.093
     -8.325    113.411    575.951   -231.675     -4.613     36.447     46.131
     -8.327    113.421    575.878   -231.767     -4.614     36.505     46.169
     -8.329    113.430    575.805   -231.860     -4.615     36.563     46.206
     -8.331    113.439    575.732   -231.952     -4.615     36.622     46.244
     -8.333    113.448    575.658   -232.045     -4.616     36.680     46.282
     -8.335    113.458    575.585   -232.137     -4.617     36.738     46.320
     -8.337    113.467    575.511   -232.230     -4.618     36.797     46.358
     -8.339    113.476    575.438   -232.323     -4.618     36.855     46.396
     -8.341    113.485    575.364   -232.416     -4.619     36.914     46.434
     -8.343    113.495    575.290   -232.509     -4.620     36.972     46.472
     -8.345    113.504    575.216   -232.602     -4.621     37.031     46.510
     -8.347    113.513    575.142   -232.695     -4.621     37.090     46.548
     -8.349    113.522    575.068   -232.788     -4.622     37.148     46.587
     -8.351    113.532    574.993   -232.881     -4.623     37.207     46.625
     -8.353    113.541    574.919   -232.974     -4.624     37.266     46.663
     -8.355    113.550    574.844   -233.068     -4.625     37.325     46.702
     -8.357    113.559    574.770   -233.161     -4.626     37.383     46.740
     -8.359    113.569    574.695   -233.255     -4.626     37.442     46.779
     -8.361    113.578    574.620   -233.348     -4.627     37.501     46.817
     -8.363    113.587    574.545   -233.442     -4.628     37.560     46.856
     -8.365    113.596    574.470   -233.536     -4.629     37.619     46.894
     -8.367    113.606    574.394   -233.629     -4.630     37.678     46.933
     -8.369    113.615    574.319   -233.723     -4.631     37.737     46.972
     -8.371    113.624    574.243   -233.817     -4.631     37.796     47.011
     -8.373    113.633    574.168   -233.911     -4.632     37.855     47.049
     -8.375    113.643    574.092   -234.006     -4.633     37.914     47.088
     -8.377    113.652    574.016   -234.100     -4.634     37.974     47.127
     -8.379    113.661    573.940   -234.194     -4.635     38.033     47.166
     -8.381    113.670    573.864   -234.288     -4.636     38.092     47.205
     -8.383    113.680    573.788   -234.383     -4.637     38.152     47.244
     -8.385    113.689    573.711   -234.477     -4.638     38.211     47.283
     -8.387    113.698    573.635   -234.572     -4.638     38.270     47.322
     -8.389    113.708    573.558   -234.667     -4.639     38.330     47.362
     -8.391    113.717    573.482   -234.761     -4.640     38.389     47.401
     -8.393    113.726    573.405   -234.856     -4.641     38.449     47.440
     -8.395    113.735    573.328   -234.951     -4.642     38.508     47.480
     -8.397    113.745    573.251   -235.046     -4.643     38.568     47.519
     -8.399    113.754    573.174   -235.141     -4.644     38.627     47.558
     -8.401    113.763    573.096   -235.236     -4.645     38.687     47.598
     -8.403    113.773    573.019   -235.332     -4.646     38.747     47.637
     -8.405    113.782    572.941   -235.427     -4.647     38.806     47.677
     -8.407    113.791    572.864   -235.522     -4.648     38.866     47.717
     -8.409    113.800    572.786   -235.618     -4.649     38.926     47.756
     -8.411    113.810    572.708   -235.713     -4.650     38.986     47.796
     -8.413    113.819    572.630   -235.809     -4.651     39.046     47.836
     -8.415    113.828    572.552   -235.905     -4.652     39.106     47.876
     -8.417    113.838    572.473   -236.001     -4.653     39.166     47.916
     -8.419    113.847    572.395   -236.096     -4.654     39.226     47.956
     -8.421    113.856    572.316   -236.192     -4.655     39.286     47.996
     -8.423    113.866    572.238   -236.288     -4.656     39.346     48.036
     -8.425    113.875    572.159   -236.384     -4.657     39.406     48.076
     -8.427    113.884    572.080   -236.481     -4.658     39.466     48.116
     -8.429    113.893    572.001   -236.577     -4.659     39.526     48.156
     -8.431    113.903    571.922   -236.673     -4.660     39.587     48.197
     -8.433    113.912    571.843   -236.770     -4.661     39.647     48.237
     -8.435    113.921    571.764   -236.866     -4.662     39.707     48.277
     -8.437    113.931    571.684   -236.963     -4.663     39.767     48.318
     -8.439    113.940    571.604   -237.060     -4.664     39.828     48.358
     -8.441    113.949    571.525   -237.156     -4.665     39.888     48.399
     -8.443    113.959    571.445   -237.253     -4.666     39.949     48.439
     -8.445    113.968    571.365   -237.350     -4.667     40.009     48.480
     -8.447    113.977    571.285   -237.447     -4.668     40.070     48.520
     -8.449    113.987    571.205   -237.544     -4.669     40.131     48.561
     -8.451    113.996    571.124   -237.641     -4.670     40.191     48.602
     -8.453    114.005    571.044   -237.739     -4.671     40.252     48.643
     -8.455    114.015    570.963   -237.836     -4.672     40.313     48.684
     -8.457    114.024    570.883   -237.933     -4.674     40.373     48.725
     -8.459    114.033    570.802   -238.031     -4.675     40.434     48.766
     -8.461    114.043    570.721   -238.128     -4.676     40.495     48.807
     -8.463    114.052    570.640   -238.226     -4.677     40.556     48.848
     -8.465    114.062    570.559   -238.324     -4.678     40.617     48.889
     -8.467    114.071    570.477   -238.422     -4.679     40.678     48.930
     -8.469    114.080    570.396   -238.519     -4.680     40.739     48.971
     -8.471    114.090    570.314   -238.617     -4.681     40.800     49.013
     -8.473    114.099    570.233   -238.715     -4.683     40.861     49.054
     -8.475    114.108    570.151   -238.814     -4.684     40.922     49.095
     -8.477    114.118    570.069   -238.912     -4.685     40.983     49.137
     -8.479    114.127    569.987   -239.010     -4.686     41.044     49.178
     -8.481    114.136    569.905   -239.109     -4.687     41.106     49.220
     -8.483    114.146    569.823   -239.207     -4.688     41.167     49.262
     -8.485    114.155    569.740   -239.306     -4.690     41.228     49.303
     -8.487    114.165    569.658   -239.404     -4.691     41.290     49.345
     -8.489    114.174    569.575   -239.503     -4.692     41.351     49.387
     -8.491    114.183    569.492   -239.602     -4.693     41.413     49.429
     -8.493    114.193    569.409   -239.701     -4.694     41.474     49.471
     -8.495    114.202    569.326   -239.800     -4.696     41.536     49.513
     -8.497    114.212    569.243   -239.899     -4.697     41.597     49.555
     -8.499    114.221    569.160   -239.998     -4.698     41.659     49.597
     -8.501    114.230    569.077   -240.097     -4.699     41.721     49.639
     -8.503    114.240    568.993   -240.196     -4.701     41.782     49.681
     -8.505    114.249    568.910   -240.296     -4.702     41.844     49.723
     -8.507    114.259    568.826   -240.395     -4.703     41.906     49.766
     -8.509    114.268    568.742   -240.495     -4.704     41.968     49.808
     -8.511    114.277    568.658   -240.595     -4.706     42.030     49.850
     -8.513    114.287    568.574   -240.694     -4.707     42.092     49.893
     -8.515    114.296    568.490   -240.794     -4.708     42.154     49.935
     -8.517    114.306    568.405   -240.894     -4.710     42.216     49.978
     -8.519    114.315    568.321   -240.994     -4.711     42.278     50.021
     -8.521    114.324    568.236   -241.094     -4.712     42.340     50.063
     -8.523    114.334    568.151   -241.194     -4.713     42.402     50.106
     -8.525    114.343    568.066   -241.295     -4.715     42.464     50.149
     -8.527    114.353    567.981   -241.395     -4.716     42.526     50.192
     -8.529    114.362    567.896   -241.495     -4.717     42.589     50.235
     -8.531    114.372    567.811   -241.596     -4.719     42.651     50.278
     -8.533    114.381    567.726   -241.696     -4.720     42.713     50.321
     -8.535    114.390    567.640   -241.797     -4.721     42.776     50.364
     -8.537    114.400    567.555   -241.898     -4.723     42.838     50.407
     -8.539    114.409    567.469   -241.999     -4.724     42.901     50.450
     -8.541    114.419    567.383   -242.100     -4.726     42.963     50.493
     -8.543    114.428    567.297   -242.201     -4.727     43.026     50.537
     -8.545    114.438    567.211   -242.302     -4.728     43.089     50.580
     -8.547    114.447    567.125   -242.403     -4.730     43.151     50.624
     -8.549    114.457    567.038   -242.504     -4.731     43.214     50.667
     -8.551    114.466    566.952   -242.606     -4.733     43.277     50.711
     -8.553    114.476    566.865   -242.707     -4.734     43.340     50.754
     -8.555    114.485    566.778   -242.809     -4.735     43.403     50.798
     -8.557    114.495    566.692   -242.910     -4.737     43.465     50.842
     -8.559    114.504    566.605   -243.012     -4.738     43.528     50.886
     -8.561    114.513    566.518   -243.114     -4.740     43.591     50.929
     -8.563    114.523    566.430   -243.216     -4.741     43.654     50.973
     -8.565    114.532    566.343   -243.318     -4.743     43.718     51.017
     -8.567    114.542    566.255   -243.420     -4.744     43.781     51.061
     -8.569    114.551    566.168   -243.522     -4.745     43.844     51.105
     -8.571    114.561    566.080   -243.624     -4.747     43.907     51.150
     -8.573    114.570    565.992   -243.727     -4.748     43.970     51.194
     -8.575    114.580    565.904   -243.829     -4.750     44.034     51.238
     -8.577    114.589    565.816   -243.932     -4.751     44.097     51.282
     -8.579    114.599    565.728   -244.034     -4.753     44.160     51.327
     -8.581    114.608    565.639   -244.137     -4.754     44.224     51.371
     -8.583    114.618    565.551   -244.240     -4.756     44.287     51.416
     -8.585    114.627    565.462   -244.343     -4.757     44.351     51.460
     -8.587    114.637    565.373   -244.446     -4.759     44.415     51.505
     -8.589    114.646    565.285   -244.549     -4.760     44.478     51.550
     -8.591    114.656    565.196   -244.652     -4.762     44.542     51.595
     -8.593    114.666    565.106   -244.755     -4.764     44.606     51.639
     -8.595    114.675    565.017   -244.858     -4.765     44.669     51.684
     -8.597    114.685    564.928   -244.962     -4.767     44.733     51.729
     -8.599    114.694    564.838   -245.065     -4.768     44.797     51.774
     -8.601    114.704    564.749   -245.169     -4.770     44.861     51.819
     -8.603    114.713    564.659   -245.273     -4.771     44.925     51.865
     -8.605    114.723    564.569   -245.376     -4.773     44.989     51.910
     -8.607    114.732    564.479   -245.480     -4.775     45.053     51.955
     -8.609    114.742    564.389   -245.584     -4.776     45.117     52.000
     -8.611    114.751    564.298   -245.688     -4.778     45.181     52.046
     -8.613    114.761    564.208   -245.792     -4.779     45.246     52.091
     -8.615    114.771    564.117   -245.897     -4.781     45.310     52.137
     -8.617    114.780    564.027   -246.001     -4.783     45.374     52.182
     -8.619    114.790    563.936   -246.105     -4.784     45.438     52.228
     -8.621    114.799    563.845   -246.210     -4.786     45.503     52.274
     -8.623    114.809    563.754   -246.314     -4.788     45.567     52.319
     -8.625    114.818    563.663   -246.419     -4.789     45.632     52.365
     -8.627    114.828    563.571   -246.524     -4.791     45.696     52.411
     -8.629    114.838    563.480   -246.629     -4.793     45.761     52.457
     -8.631    114.847    563.388   -246.734     -4.794     45.826     52.503
     -8.633    114.857    563.297   -246.839     -4.796     45.890     52.549
     -8.635    114.866    563.205   -246.944     -4.798     45.955     52.596
     -8.637    114.876    563.113   -247.049     -4.800     46.020     52.642
     -8.639    114.886    563.021   -247.154     -4.801     46.085     52.688
     -8.641    114.895    562.928   -247.260     -4.803     46.149     52.734
     -8.643    114.905    562.836   -247.365     -4.805     46.214     52.781
     -8.645    114.914    562.744   -247.471     -4.806     46.279     52.827
     -8.647    114.924    562.651   -247.577     -4.808     46.344     52.874
     -8.649    114.934    562.558   -247.682     -4.810     46.410     52.921
     -8.651    114.943    562.465   -247.788     -4.812     46.475     52.967
     -8.653    114.953    562.372   -247.894     -4.814     46.540     53.014
     -8.655    114.962    562.279   -248.000     -4.815     46.605     53.061
     -8.657    114.972    562.186   -248.107     -4.817     46.670     53.108
     -8.659    114.982    562.092   -248.213     -4.819     46.736     53.155
     -8.661    114.991    561.999   -248.319     -4.821     46.801     53.202
     -8.663    115.001    561.905   -248.426     -4.823     46.866     53.249
     -8.665    115.011    561.811   -248.532     -4.824     46.932     53.296
     -8.667    115.020    561.717   -248.639     -4.826     46.997     53.343
     -8.669    115.030    561.623   -248.746     -4.828     47.063     53.391
     -8.671    115.040    561.529   -248.852     -4.830     47.129     53.438
     -8.673    115.049    561.435   -248.959     -4.832     47.194     53.485
     -8.675    115.059    561.340   -249.066     -4.834     47.260     53.533
     -8.677    115.069    561.246   -249.173     -4.835     47.326     53.581
     -8.679    115.078    561.151   -249.281     -4.837     47.392     53.628
     -8.681    115.088    561.056   -249.388     -4.839     47.458     53.676
     -8.683    115.098    560.961   -249.495     -4.841     47.524     53.724
     -8.685    115.107    560.866   -249.603     -4.843     47.590     53.772
     -8.687    115.117    560.771   -249.710     -4.845     47.656     53.819
     -8.689    115.127    560.676   -249.818     -4.847     47.722     53.867
     -8.691    115.136    560.580   -249.926     -4.849     47.788     53.916
     -8.693    115.146    560.484   -250.034     -4.851     47.854     53.964
     -8.695    115.156    560.389   -250.142     -4.853     47.920     54.012
     -8.697    115.165    560.293   -250.250     -4.855     47.987     54.060
     -8.699    115.175    560.197   -250.358     -4.857     48.053     54.108
     -8.701    115.185    560.101   -250.466     -4.859     48.119     54.157
     -8.703    115.195    560.004   -250.575     -4.861     48.186     54.205
     -8.705    115.204    559.908   -250.683     -4.863     48.252     54.254
     -8.707    115.214    559.811   -250.792     -4.865     48.319     54.303
     -8.709    115.224    559.715   -250.900     -4.867     48.385     54.351
     -8.711    115.234    559.618   -251.009     -4.869     48.452     54.400
     -8.713    115.243    559.521   -251.118     -4.871     48.519     54.449
     -8.715    115.253    559.424   -251.227     -4.873     48.586     54.498
     -8.717    115.263    559.326   -251.336     -4.875     48.652     54.547
     -8.719    115.273    559.229   -251.445     -4.877     48.719     54.596
     -8.721    115.282    559.131   -251.554     -4.879     48.786     54.645
     -8.723    115.292    559.034   -251.664     -4.881     48.853     54.694
     -8.725    115.302    558.936   -251.773     -4.883     48.920     54.744
     -8.727    115.312    558.838   -251.883     -4.885     48.987     54.793
     -8.729    115.321    558.740   -251.992     -4.887     49.055     54.842
     -8.731    115.331    558.642   -252.102     -4.889     49.122     54.892
     -8.733    115.341    558.544   -252.212     -4.891     49.189     54.941
     -8.735    115.351    558.445   -252.322     -4.893     49.256     54.991
     -8.737    115.360    558.347   -252.432     -4.896     49.324     55.041
     -8.739    115.370    558.248   -252.542     -4.898     49.391     55.091
     -8.741    115.380    558.149   -252.652     -4.900     49.459     55.140
     -8.743    115.390    558.050   -252.762     -4.902     49.526     55.190
     -8.745    115.400    557.951   -252.873     -4.904     49.594     55.240
     -8.747    115.409    557.852   -252.983     -4.906     49.661     55.291
     -8.749    115.419    557.752   -253.094     -4.908     49.729     55.341
     -8.751    115.429    557.653   -253.205     -4.911     49.797     55.391
     -8.753    115.439    557.553   -253.316     -4.913     49.865     55.441
     -8.755    115.449    557.453   -253.427     -4.915     49.932     55.492
     -8.757    115.459    557.353   -253.538     -4.917     50.000     55.542
     -8.759    115.468    557.253   -253.649     -4.919     50.068     55.593
     -8.761    115.478    557.153   -253.760     -4.922     50.136     55.643
     -8.763    115.488    557.053   -253.871     -4.924     50.204     55.694
     -8.765    115.498    556.952   -253.983     -4.926     50.273     55.745
     -8.767    115.508    556.852   -254.094     -4.928     50.341     55.796
     -8.769    115.518    556.751   -254.206     -4.931     50.409     55.847
     -8.771    115.528    556.650   -254.318     -4.933     50.477     55.898
     -8.773    115.537    556.549   -254.429     -4.935     50.546     55.949
     -8.775    115.547    556.448   -254.541     -4.938     50.614     56.000
     -8.777    115.557    556.347   -254.653     -4.940     50.683     56.051
     -8.779    115.567    556.245   -254.766     -4.942     50.751     56.103
     -8.781    115.577    556.144   -254.878     -4.945     50.820     56.154
     -8.783    115.587    556.042   -254.990     -4.947     50.888     56.205
     -8.785    115.597    555.940   -255.103     -4.949     50.957     56.257
     -8.787    115.607    555.838   -255.215     -4.952     51.026     56.309
     -8.789    115.617    555.736   -255.328     -4.954     51.095     56.360
     -8.791    115.626    555.634   -255.441     -4.956     51.163     56.412
     -8.793    115.636    555.531   -255.554     -4.959     51.232     56.464
     -8.795    115.646    555.429   -255.667     -4.961     51.301     56.516
     -8.797    115.656    555.326   -255.780     -4.963     51.370     56.568
     -8.799    115.666    555.223   -255.893     -4.966     51.439     56.620
     -8.801    115.676    555.120   -256.006     -4.968     51.509     56.672
     -8.803    115.686    555.017   -256.120     -4.971     51.578     56.725
     -8.805    115.696    554.914   -256.233     -4.973     51.647     56.777
     -8.807    115.706    554.811   -256.347     -4.976     51.716     56.830
     -8.809    115.716    554.707   -256.460     -4.978     51.786     56.882
     -8.811    115.726    554.603   -256.574     -4.981     51.855     56.935
     -8.813    115.736    554.500   -256.688     -4.983     51.925     56.987
     -8.815    115.746    554.396   -256.802     -4.986     51.994     57.040
     -8.817    115.756    554.292   -256.916     -4.988     52.064     57.093
     -8.819    115.766    554.188   -257.031     -4.991     52.134     57.146
     -8.821    115.776    554.083   -257.145     -4.993     52.203     57.199
     -8.823    115.786    553.979   -257.259     -4.996     52.273     57.252
     -8.825    115.796    553.874   -257.374     -4.998     52.343     57.305
     -8.827    115.806    553.769   -257.489     -5.001     52.413     57.359
     -8.829    115.816    553.664   -257.603     -5.003     52.483     57.412
     -8.831    115.826    553.559   -257.718     -5.006     52.553     57.465
     -8.833    115.836    553.454   -257.833     -5.008     52.623     57.519
     -8.835    115.846    553.349   -257.948     -5.011     52.693     57.573
     -8.837    115.856    553.243   -258.063     -5.014     52.764     57.626
     -8.839    115.866    553.138   -258.179     -5.016     52.834     57.680
     -8.841    115.876    553.032   -258.294     -5.019     52.904     57.734
     -8.843    115.886    552.926   -258.410     -5.021     52.975     57.788
     -8.845    115.896    552.820   -258.525     -5.024     53.045     57.842
     -8.847    115.906    552.714   -258.641     -5.027     53.116     57.896
     -8.849    115.916    552.608   -258.757     -5.029     53.186     57.950
     -8.851    115.926    552.501   -258.873     -5.032     53.257     58.005
     -8.853    115.936    552.395   -258.989     -5.035     53.328     58.059
     -8.855    115.946    552.288   -259.105     -5.037     53.398     58.113
     -8.857    115.956    552.181   -259.221     -5.040     53.469     58.168
     -8.859    115.966    552.074   -259.338     -5.043     53.540     58.223
     -8.861    115.976    551.967   -259.454     -5.046     53.611     58.277
     -8.863    115.987    551.860   -259.571     -5.048     53.682     58.332
     -8.865    115.997    551.752   -259.688     -5.051     53.753     58.387
     -8.867    116.007    551.645   -259.804     -5.054     53.824     58.442
     -8.869    116.017    551.537   -259.921     -5.057     53.896     58.497
     -8.871    116.027    551.429   -260.038     -5.059     53.967     58.552
     -8.873    116.037    551.321   -260.156     -5.062     54.038     58.608
     -8.875    116.047    551.213   -260.273     -5.065     54.110     58.663
     -8.877    116.057    551.105   -260.390     -5.068     54.181     58.719
     -8.879    116.067    550.996   -260.508     -5.071     54.253     58.774
     -8.881    116.078    550.888   -260.625     -5.074     54.324     58.830
     -8.883    116.088    550.779   -260.743     -5.076     54.396     58.885
     -8.885    116.098    550.670   -260.861     -5.079     54.468     58.941
     -8.887    116.108    550.561   -260.979     -5.082     54.539     58.997
     -8.889    116.118    550.452   -261.097     -5.085     54.611     59.053
     -8.891    116.128    550.343   -261.215     -5.088     54.683     59.109
     -8.893    116.139    550.233   -261.333     -5.091     54.755     59.165
     -8.895    116.149    550.124   -261.452     -5.094     54.827     59.222
     -8.897    116.159    550.014   -261.570     -5.097     54.899     59.278
     -8.899    116.169    549.904   -261.689     -5.100     54.971     59.334
     -8.901    116.179    549.794   -261.808     -5.102     55.044     59.391
     -8.903    116.190    549.684   -261.926     -5.105     55.116     59.448
     -8.905    116.200    549.573   -262.045     -5.108     55.188     59.504
     -8.907    116.210    549.463   -262.164     -5.111     55.261     59.561
     -8.909    116.220    549.352   -262.284     -5.114     55.333     59.618
     -8.911    116.230    549.242   -262.403     -5.117     55.406     59.675
     -8.913    116.241    549.131   -262.522     -5.120     55.479     59.732
     -8.915    116.251    549.020   -262.642     -5.123     55.551     59.789
     -8.917    116.261    548.909   -262.761     -5.126     55.624     59.847
     -8.919    116.271    548.797   -262.881     -5.130     55.697     59.904
     -8.921    116.282    548.686   -263.001     -5.133     55.770     59.962
     -8.923    116.292    548.574   -263.121     -5.136     55.843     60.019
     -8.925    116.302    548.462   -263.241     -5.139     55.916     60.077
     -8.927    116.313    548.351   -263.361     -5.142     55.989     60.135
     -8.929    116.323    548.239   -263.482     -5.145     56.062     60.193
     -8.931    116.333    548.126   -263.602     -5.148     56.135     60.250
     -8.933    116.343    548.014   -263.723     -5.151     56.208     60.309
     -8.935    116.354    547.901   -263.843     -5.154     56.282     60.367
     -8.937    116.364    547.789   -263.964     -5.158     56.355     60.425
     -8.939    116.374    547.676   -264.085     -5.161     56.429     60.483
     -8.941    116.385    547.563   -264.206     -5.164     56.502     60.542
     -8.943    116.395    547.450   -264.327     -5.167     56.576     60.600
     -8.945    116.405    547.337   -264.448     -5.170     56.650     60.659
     -8.947    116.416    547.223   -264.570     -5.174     56.723     60.718
     -8.949    116.426    547.110   -264.691     -5.177     56.797     60.777
     -8.951    116.436    546.996   -264.813     -5.180     56.871     60.836
     -8.953    116.447    546.882   -264.935     -5.183     56.945     60.895
     -8.955    116.457    546.768   -265.057     -5.187     57.019     60.954
     -8.957    116.468    546.654   -265.178     -5.190     57.093     61.013
     -8.959    116.478    546.540   -265.301     -5.193     57.168     61.072
     -8.961    116.488    546.426   -265.423     -5.196     57.242     61.132
     -8.963    116.499    546.311   -265.545     -5.200     57.316     61.191
     -8.965    116.509    546.196   -265.668     -5.203     57.390     61.251
     -8.967    116.520    546.082   -265.790     -5.206     57.465     61.311
     -8.969    116.530    545.967   -265.913     -5.210     57.539     61.371
     -8.971    116.540    545.851   -266.036     -5.213     57.614     61.431
     -8.973    116.551    545.736   -266.158     -5.217     57.689     61.491
     -8.975    116.561    545.621   -266.282     -5.220     57.764     61.551
     -8.977    116.572    545.505   -266.405     -5.223     57.838     61.611
     -8.979    116.582    545.389   -266.528     -5.227     57.913     61.672
     -8.981    116.593    545.273   -266.651     -5.230     57.988     61.732
     -8.983    116.603    545.157   -266.775     -5.234     58.063     61.793
     -8.985    116.614    545.041   -266.899     -5.237     58.138     61.853
     -8.987    116.624    544.925   -267.022     -5.241     58.213     61.914
     -8.989    116.634    544.808   -267.146     -5.244     58.289     61.975
     -8.991    116.645    544.692   -267.270     -5.248     58.364     62.036
     -8.993    116.655    544.575   -267.394     -5.251     58.439     62.097
     -8.995    116.666    544.458   -267.519     -5.255     58.515     62.158
     -8.997    116.676    544.341   -267.643     -5.258     58.590     62.220
     -8.999    116.687    544.224   -267.767     -5.262     58.666     62.281
     -9.001    116.698    544.106   -267.892     -5.265     58.742     62.343
     -9.003    116.708    543.989   -268.017     -5.269     58.817     62.404
     -9.005    116.719    543.871   -268.142     -5.272     58.893     62.466
     -9.007    116.729    543.753   -268.267     -5.276     58.969     62.528
     -9.009    116.740    543.635   -268.392     -5.280     59.045     62.590
     -9.011    116.750    543.517   -268.517     -5.283     59.121     62.652
     -9.013    116.761    543.398   -268.642     -5.287     59.197     62.714
     -9.015    116.771    543.280   -268.768     -5.291     59.274     62.777
     -9.017    116.782    543.161   -268.894     -5.294     59.350     62.839
     -9.019    116.793    543.043   -269.019     -5.298     59.426     62.901
     -9.021    116.803    542.924   -269.145     -5.302     59.503     62.964
     -9.023    116.814    542.805   -269.271     -5.305     59.579     63.027
     -9.025    116.824    542.685   -269.397     -5.309     59.656     63.090
     -9.027    116.835    542.566   -269.524     -5.313     59.732     63.153
     -9.029    116.846    542.446   -269.650     -5.317     59.809     63.216
     -9.031    116.856    542.327   -269.776     -5.320     59.886     63.279
     -9.033    116.867    542.207   -269.903     -5.324     59.963     63.342
     -9.035    116.878    542.087   -270.030     -5.328     60.040     63.406
     -9.037    116.888    541.967   -270.157     -5.332     60.117     63.469
     -9.039    116.899    541.846   -270.284     -5.336     60.194     63.533
     -9.041    116.910    541.726   -270.411     -5.340     60.271     63.597
     -9.043    116.920    541.605   -270.538     -5.343     60.348     63.661
     -9.045    116.931    541.485   -270.665     -5.347     60.425     63.725
     -9.047    116.942    541.364   -270.793     -5.351     60.503     63.789
     -9.049    116.952    541.243   -270.921     -5.355     60.580     63.853
     -9.051    116.963    541.121   -271.048     -5.359     60.658     63.917
     -9.053    116.974    541.000   -271.176     -5.363     60.736     63.982
     -9.055    116.985    540.878   -271.304     -5.367     60.813     64.046
     -9.057    116.995    540.757   -271.432     -5.371     60.891     64.111
     -9.059    117.006    540.635   -271.561     -5.375     60.969     64.176
     -9.061    117.017    540.513   -271.689     -5.379     61.047     64.241
     -9.063    117.028    540.391   -271.818     -5.383     61.125     64.306
     -9.065    117.038    540.268   -271.946     -5.387     61.203     64.371
     -9.067    117.049    540.146   -272.075     -5.391     61.281     64.436
     -9.069    117.060    540.023   -272.204     -5.395     61.359     64.502
     -9.071    117.071    539.900   -272.333     -5.399     61.438     64.567
     -9.073    117.081    539.777   -272.462     -5.403     61.516     64.633
     -9.075    117.092    539.654   -272.592     -5.407     61.595     64.698
     -9.077    117.103    539.531   -272.721     -5.411     61.673     64.764
     -9.079    117.114    539.408   -272.851     -5.415     61.752     64.830
     -9.081    117.125    539.284   -272.980     -5.420     61.831     64.896
     -9.083    117.136    539.160   -273.110     -5.424     61.910     64.963
     -9.085    117.146    539.036   -273.240     -5.428     61.988     65.029
     -9.087    117.157    538.912   -273.370     -5.432     62.067     65.096
     -9.089    117.168    538.788   -273.501     -5.436     62.146     65.162
     -9.091    117.179    538.664   -273.631     -5.441     62.226     65.229
     -9.093    117.190    538.539   -273.762     -5.445     62.305     65.296
     -9.095    117.201    538.415   -273.892     -5.449     62.384     65.363
     -9.097    117.212    538.290   -274.023     -5.453     62.464     65.430
     -9.099    117.223    538.165   -274.154     -5.458     62.543     65.497
     -9.101    117.234    538.040   -274.285     -5.462     62.623     65.564
     -9.103    117.245    537.914   -274.416     -5.466     62.702     65.632
     -9.105    117.255    537.789   -274.548     -5.471     62.782     65.700
     -9.107    117.266    537.663   -274.679     -5.475     62.862     65.767
     -9.109    117.277    537.537   -274.811     -5.479     62.942     65.835
     -9.111    117.288    537.411   -274.942     -5.484     63.022     65.903
     -9.113    117.299    537.285   -275.074     -5.488     63.102     65.971
     -9.115    117.310    537.159   -275.206     -5.493     63.182     66.040
     -9.117    117.321    537.032   -275.338     -5.497     63.262     66.108
     -9.119    117.332    536.906   -275.471     -5.501     63.342     66.176
     -9.121    117.343    536.779   -275.603     -5.506     63.423     66.245
     -9.123    117.354    536.652   -275.736     -5.510     63.503     66.314
     -9.125    117.365    536.525   -275.868     -5.515     63.584     66.383
     -9.127    117.376    536.398   -276.001     -5.519     63.664     66.452
     -9.129    117.387    536.270   -276.134     -5.524     63.745     66.521
     -9.131    117.398    536.143   -276.267     -5.529     63.826     66.590
     -9.133    117.409    536.015   -276.401     -5.533     63.907     66.660
     -9.135    117.421    535.887   -276.534     -5.538     63.988     66.729
     -9.137    117.432    535.759   -276.667     -5.542     64.069     66.799
     -9.139    117.443    535.631   -276.801     -5.547     64.150     66.869
     -9.141    117.454    535.503   -276.935     -5.552     64.231     66.939
     -9.143    117.465    535.374   -277.069     -5.556     64.312     67.009
     -9.145    117.476    535.245   -277.203     -5.561     64.394     67.079
     -9.147    117.487    535.116   -277.337     -5.566     64.475     67.149
     -9.149    117.498    534.987   -277.472     -5.570     64.557     67.220
     -9.151    117.509    534.858   -277.606     -5.575     64.639     67.290
     -9.153    117.521    534.729   -277.741     -5.580     64.720     67.361
     -9.155    117.532    534.599   -277.876     -5.585     64.802     67.432
     -9.157    117.543    534.470   -278.010     -5.589     64.884     67.503
     -9.159    117.554    534.340   -278.146     -5.594     64.966     67.574
     -9.161    117.565    534.210   -278.281     -5.599     65.048     67.646
     -9.163    117.577    534.080   -278.416     -5.604     65.130     67.717
     -9.165    117.588    533.949   -278.552     -5.609     65.213     67.789
     -9.167    117.599    533.819   -278.687     -5.613     65.295     67.860
     -9.169    117.610    533.688   -278.823     -5.618     65.378     67.932
     -9.171    117.621    533.557   -278.959     -5.623     65.460     68.004
     -9.173    117.633    533.426   -279.095     -5.628     65.543     68.077
     -9.175    117.644    533.295   -279.231     -5.633     65.626     68.149
     -9.177    117.655    533.164   -279.368     -5.638     65.708     68.221
     -9.179    117.667    533.032   -279.504     -5.643     65.791     68.294
     -9.181    117.678    532.901   -279.641     -5.648     65.874     68.367
     -9.183    117.689    532.769   -279.778     -5.653     65.957     68.439
     -9.185    117.700    532.637   -279.915     -5.658     66.041     68.512
     -9.187    117.712    532.505   -280.052     -5.663     66.124     68.586
     -9.189    117.723    532.372   -280.189     -5.668     66.207     68.659
     -9.191    117.734    532.240   -280.326     -5.673     66.291     68.732
     -9.193    117.746    532.107   -280.464     -5.679     66.374     68.806
     -9.195    117.757    531.974   -280.602     -5.684     66.458     68.880
     -9.197    117.768    531.841   -280.739     -5.689     66.542     68.954
     -9.199    117.780    531.708   -280.877     -5.694     66.626     69.028
     -9.201    117.791    531.575   -281.016     -5.699     66.709     69.102
     -9.203    117.803    531.441   -281.154     -5.704     66.793     69.176
     -9.205    117.814    531.308   -281.292     -5.710     66.878     69.251
     -9.207    117.826    531.174   -281.431     -5.715     66.962     69.325
     -9.209    117.837    531.040   -281.570     -5.720     67.046     69.400
     -9.211    117.848    530.906   -281.708     -5.725     67.130     69.475
     -9.213    117.860    530.771   -281.847     -5.731     67.215     69.550
     -9.215    117.871    530.637   -281.987     -5.736     67.300     69.625
     -9.217    117.883    530.502   -282.126     -5.741     67.384     69.701
     -9.219    117.894    530.367   -282.265     -5.747     67.469     69.776
     -9.221    117.906    530.232   -282.405     -5.752     67.554     69.852
     -9.223    117.917    530.097   -282.545     -5.758     67.639     69.928
     -9.225    117.929    529.962   -282.685     -5.763     67.724     70.004
     -9.227    117.940    529.826   -282.825     -5.769     67.809     70.080
     -9.229    117.952    529.690   -282.965     -5.774     67.894     70.156
     -9.231    117.963    529.554   -283.105     -5.779     67.980     70.233
     -9.233    117.975    529.418   -283.246     -5.785     68.065     70.309
     -9.235    117.987    529.282   -283.387     -5.791     68.151     70.386
     -9.237    117.998    529.146   -283.528     -5.796     68.236     70.463
     -9.239    118.010    529.009   -283.669     -5.802     68.322     70.540
     -9.241    118.021    528.873   -283.810     -5.807     68.408     70.618
     -9.243    118.033    528.736   -283.951     -5.813     68.494     70.695
     -9.245    118.045    528.599   -284.092     -5.819     68.580     70.773
     -9.247    118.056    528.461   -284.234     -5.824     68.666     70.850
     -9.249    118.068    528.324   -284.376     -5.830     68.752     70.928
     -9.251    118.080    528.186   -284.518     -5.836     68.839     71.006
     -9.253    118.091    528.049   -284.660     -5.841     68.925     71.084
     -9.255    118.103    527.911   -284.802     -5.847     69.012     71.163
     -9.257    118.115    527.772   -284.945     -5.853     69.098     71.241
     -9.259    118.126    527.634   -285.087     -5.859     69.185     71.320
     -9.261    118.138    527.496   -285.230     -5.864     69.272     71.399
     -9.263    118.150    527.357   -285.373     -5.870     69.359     71.478
     -9.265    118.162    527.218   -285.516     -5.876     69.446     71.557
     -9.267    118.173    527.079   -285.659     -5.882     69.533     71.637
     -9.269    118.185    526.940   -285.802     -5.888     69.620     71.716
     -9.271    118.197    526.801   -285.946     -5.894     69.707     71.796
     -9.273    118.209    526.661   -286.089     -5.900     69.795     71.876
     -9.275    118.220    526.522   -286.233     -5.906     69.882     71.956
     -9.277    118.232    526.382   -286.377     -5.912     69.970     72.036
     -9.279    118.244    526.242   -286.521     -5.918     70.058     72.116
     -9.281    118.256    526.102   -286.666     -5.924     70.146     72.197
     -9.283    118.268    525.961   -286.810     -5.930     70.234     72.278
     -9.285    118.280    525.821   -286.955     -5.936     70.322     72.359
     -9.287    118.292    525.680   -287.100     -5.942     70.410     72.440
     -9.289    118.303    525.539   -287.245     -5.948     70.498     72.521
     -9.291    118.315    525.398   -287.390     -5.954     70.586     72.602
     -9.293    118.327    525.257   -287.535     -5.961     70.675     72.684
     -9.295    118.339    525.115   -287.680     -5.967     70.763     72.766
     -9.297    118.351    524.974   -287.826     -5.973     70.852     72.848
     -9.299    118.363    524.832   -287.972     -5.979     70.941     72.930
     -9.301    118.375    524.690   -288.118     -5.986     71.030     73.012
     -9.303    118.387    524.548   -288.264     -5.992     71.119     73.094
     -9.305    118.399    524.405   -288.410     -5.998     71.208     73.177
     -9.307    118.411    524.263   -288.557     -6.005     71.297     73.260
     -9.309    118.423    524.120   -288.703     -6.011     71.386     73.343
     -9.311    118.435    523.977   -288.850     -6.017     71.476     73.426
     -9.313    118.447    523.834   -288.997     -6.024     71.565     73.509
     -9.315    118.459    523.691   -289.144     -6.030     71.655     73.593
     -9.317    118.471    523.548   -289.291     -6.037     71.745     73.677
     -9.319    118.483    523.404   -289.439     -6.043     71.835     73.761
     -9.321    118.495    523.260   -289.586     -6.050     71.925     73.845
     -9.323    118.508    523.116   -289.734     -6.056     72.015     73.929
     -9.325    118.520    522.972   -289.882     -6.063     72.105     74.013
     -9.327    118.532    522.828   -290.030     -6.069     72.195     74.098
     -9.329    118.544    522.683   -290.178     -6.076     72.286     74.183
     -9.331    118.556    522.539   -290.327     -6.083     72.376     74.268
     -9.333    118.568    522.394   -290.476     -6.089     72.467     74.353
     -9.335    118.580    522.249   -290.624     -6.096     72.558     74.439
     -9.337    118.593    522.104   -290.773     -6.103     72.648     74.524
     -9.339    118.605    521.958   -290.922     -6.110     72.739     74.610
     -9.341    118.617    521.813   -291.072     -6.116     72.830     74.696
     -9.343    118.629    521.667   -291.221     -6.123     72.922     74.782
     -9.345    118.642    521.521   -291.371     -6.130     73.013     74.868
     -9.347    118.654    521.375   -291.521     -6.137     73.104     74.955
     -9.349    118.666    521.229   -291.671     -6.144     73.196     75.042
     -9.351    118.678    521.082   -291.821     -6.151     73.288     75.129
     -9.353    118.691    520.936   -291.971     -6.158     73.379     75.216
     -9.355    118.703    520.789   -292.122     -6.164     73.471     75.303
     -9.357    118.715    520.642   -292.272     -6.171     73.563     75.391
     -9.359    118.728    520.494   -292.423     -6.178     73.655     75.478
     -9.361    118.740    520.347   -292.574     -6.186     73.747     75.566
     -9.363    118.752    520.199   -292.726     -6.193     73.840     75.654
     -9.365    118.765    520.052   -292.877     -6.200     73.932     75.743
     -9.367    118.777    519.904   -293.029     -6.207     74.025     75.831
     -9.369    118.790    519.756   -293.180     -6.214     74.117     75.920
     -9.371    118.802    519.607   -293.332     -6.221     74.210     76.009
     -9.373    118.815    519.459   -293.484     -6.228     74.303     76.098
     -9.375    118.827    519.310   -293.637     -6.236     74.396     76.187
     -9.377    118.839    519.161   -293.789     -6.243     74.489     76.277
     -9.379    118.852    519.012   -293.942     -6.250     74.583     76.367
     -9.381    118.864    518.863   -294.095     -6.257     74.676     76.456
     -9.383    118.877    518.713   -294.248     -6.265     74.769     76.547
     -9.385    118.890    518.564   -294.401     -6.272     74.863     76.637
     -9.387    118.902    518.414   -294.554     -6.280     74.957     76.727
     -9.389    118.915    518.264   -294.708     -6.287     75.051     76.818
     -9.391    118.927    518.114   -294.861     -6.295     75.145     76.909
     -9.393    118.940    517.963   -295.015     -6.302     75.239     77.000
     -9.395    118.952    517.813   -295.169     -6.310     75.333     77.092
     -9.397    118.965    517.662   -295.324     -6.317     75.427     77.183
     -9.399    118.978    517.511   -295.478     -6.325     75.522     77.275
     -9.401    118.990    517.360   -295.633     -6.332     75.616     77.367
     -9.403    119.003    517.209   -295.788     -6.340     75.711     77.459
     -9.405    119.016    517.057   -295.943     -6.348     75.806     77.552
     -9.407    119.028    516.905   -296.098     -6.355     75.901     77.645
     -9.409    119.041    516.753   -296.253     -6.363     75.996     77.738
     -9.411    119.054    516.601   -296.409     -6.371     76.091     77.831
     -9.413    119.067    516.449   -296.564     -6.379     76.186     77.924
     -9.415    119.079    516.297   -296.720     -6.386     76.282     78.018
     -9.417    119.092    516.144   -296.877     -6.394     76.377     78.111
     -9.419    119.105    515.991   -297.033     -6.402     76.473     78.205
     -9.421    119.118    515.838   -297.189     -6.410     76.569     78.300
     -9.423    119.131    515.685   -297.346     -6.418     76.665     78.394
     -9.425    119.143    515.531   -297.503     -6.426     76.761     78.489
     -9.427    119.156    515.378   -297.660     -6.434     76.857     78.584
     -9.429    119.169    515.224   -297.817     -6.442     76.953     78.679
     -9.431    119.182    515.070   -297.975     -6.450     77.050     78.774
     -9.433    119.195    514.916   -298.132     -6.458     77.146     78.870
     -9.435    119.208    514.761   -298.290     -6.467     77.243     78.965
     -9.437    119.221    514.607   -298.448     -6.475     77.340     79.061
     -9.439    119.234    514.452   -298.606     -6.481     77.457     79.163
     -9.441    119.247    514.297   -298.765     -6.488     77.575     79.265
     -9.443    119.260    514.142   -298.924     -6.495     77.693     79.367
     -9.445    119.273    513.986   -299.082     -6.502     77.811     79.469
     -9.447    119.286    513.830   -299.241     -6.509     77.929     79.572
     -9.449    119.299    513.675   -299.401     -6.516     78.048     79.675
     -9.451    119.312    513.518   -299.560     -6.523     78.166     79.778
     -9.453    119.325    513.362   -299.720     -6.530     78.284     79.881
     -9.455    119.338    513.205   -299.880     -6.537     78.403     79.984
     -9.457    119.351    513.048   -300.040     -6.544     78.521     80.087
     -9.459    119.364    512.891   -300.200     -6.551     78.640     80.191
     -9.461    119.377    512.734   -300.360     -6.558     78.759     80.295
     -9.463    119.390    512.576   -300.521     -6.565     78.877     80.399
     -9.465    119.404    512.418   -300.682     -6.573     78.996     80.504
     -9.467    119.417    512.260   -300.843     -6.580     79.115     80.608
     -9.469    119.430    512.102   -301.004     -6.587     79.234     80.713
     -9.471    119.443    511.943   -301.166     -6.594     79.354     80.818
     -9.473    119.456    511.784   -301.328     -6.602     79.473     80.923
     -9.475    119.469    511.625   -301.490     -6.609     79.592     81.029
     -9.477    119.483    511.466   -301.652     -6.616     79.712     81.134
     -9.479    119.496    511.306   -301.814     -6.624     79.831     81.240
     -9.481    119.509    511.147   -301.977     -6.631     79.951     81.346
     -9.483    119.522    510.987   -302.140     -6.639     80.070     81.452
     -9.485    119.536    510.826   -302.303     -6.646     80.190     81.559
     -9.487    119.549    510.666   -302.466     -6.654     80.310     81.665
     -9.489    119.562    510.505   -302.629     -6.661     80.430     81.772
     -9.491    119.576    510.344   -302.793     -6.669     80.550     81.879
     -9.493    119.589    510.183   -302.957     -6.677     80.670     81.987
     -9.495    119.602    510.021   -303.121     -6.684     80.790     82.094
     -9.497    119.616    509.860   -303.285     -6.692     80.911     82.202
     -9.499    119.629    509.698   -303.450     -6.700     81.031     82.310
     -9.501    119.643    509.536   -303.614     -6.708     81.152     82.418
     -9.503    119.656    509.373   -303.779     -6.716     81.272     82.527
     -9.505    119.669    509.210   -303.945     -6.724     81.393     82.635
     -9.507    119.683    509.048   -304.110     -6.731     81.514     82.744
     -9.509    119.696    508.884   -304.276     -6.739     81.635     82.853
     -9.511    119.710    508.721   -304.441     -6.747     81.756     82.963
     -9.513    119.723    508.557   -304.607     -6.755     81.877     83.072
     -9.515    119.737    508.394   -304.774     -6.763     81.998     83.182
     -9.517    119.750    508.229   -304.940     -6.772     82.119     83.292
     -9.519    119.764    508.065   -305.107     -6.780     82.240     83.402
     -9.521    119.777    507.900   -305.274     -6.788     82.362     83.513
     -9.523    119.791    507.736   -305.441     -6.796     82.483     83.623
     -9.525    119.805    507.571   -305.608     -6.804     82.605     83.734
     -9.527    119.818    507.405   -305.776     -6.812     82.727     83.845
     -9.529    119.832    507.240   -305.944     -6.821     82.849     83.957
     -9.531    119.846    507.074   -306.112     -6.829     82.970     84.068
     -9.533    119.859    506.908   -306.280     -6.838     83.092     84.180
     -9.535    119.873    506.741   -306.448     -6.846     83.215     84.292
     -9.537    119.887    506.575   -306.617     -6.854     83.337     84.405
     -9.539    119.900    506.408   -306.786     -6.863     83.459     84.517
     -9.541    119.914    506.241   -306.955     -6.871     83.581     84.630
     -9.543    119.928    506.074   -307.124     -6.880     83.704     84.743
     -9.545    119.942    505.906   -307.294     -6.889     83.827     84.856
     -9.547    119.955    505.738   -307.464     -6.897     83.949     84.970
     -9.549    119.969    505.570   -307.634     -6.906     84.072     85.084
     -9.551    119.983    505.402   -307.804     -6.915     84.195     85.198
     -9.553    119.997    505.234   -307.975     -6.923     84.318     85.312
     -9.555    120.011    505.065   -308.145     -6.932     84.441     85.426
     -9.557    120.025    504.896   -308.316     -6.941     84.564     85.541
     -9.559    120.038    504.727   -308.488     -6.950     84.687     85.656
     -9.561    120.052    504.557   -308.659     -6.959     84.811     85.771
     -9.563    120.066    504.387   -308.831     -6.968     84.934     85.887
     -9.565    120.080    504.217   -309.003     -6.977     85.058     86.002
     -9.567    120.094    504.047   -309.175     -6.986     85.181     86.118
     -9.569    120.108    503.877   -309.347     -6.995     85.305     86.235
     -9.571    120.122    503.706   -309.520     -7.004     85.429     86.351
     -9.573    120.136    503.535   -309.692     -7.013     85.553     86.468
     -9.575    120.150    503.364   -309.866     -7.023     85.677     86.585
     -9.577    120.164    503.192   -310.039     -7.032     85.801     86.702
     -9.579    120.178    503.021   -310.212     -7.041     85.926     86.820
     -9.581    120.192    502.849   -310.386     -7.050     86.050     86.937
     -9.583    120.207    502.676   -310.560     -7.060     86.174     87.055
     -9.585    120.221    502.504   -310.734     -7.069     86.299     87.174
     -9.587    120.235    502.331   -310.909     -7.079     86.424     87.292
     -9.589    120.249    502.158   -311.083     -7.088     86.548     87.411
     -9.591    120.263    501.985   -311.258     -7.098     86.673     87.530
     -9.593    120.277    501.811   -311.434     -7.107     86.798     87.649
     -9.595    120.292    501.638   -311.609     -7.117     86.923     87.769
     -9.597    120.306    501.464   -311.785     -7.127     87.049     87.889
     -9.599    120.320    501.290   -311.961     -7.136     87.174     88.009
     -9.601    120.334    501.115   -312.137     -7.146     87.299     88.129
     -9.603    120.349    500.940   -312.313     -7.156     87.425     88.250
     -9.605    120.363    500.765   -312.490     -7.166     87.550     88.371
     -9.607    120.377    500.590   -312.667     -7.176     87.676     88.492
     -9.609    120.392    500.415   -312.844     -7.186     87.802     88.614
     -9.611    120.406    500.239   -313.021     -7.196     87.928     88.735
     -9.613    120.421    500.063   -313.199     -7.206     88.054     88.857
     -9.615    120.435    499.887   -313.376     -7.216     88.180     88.980
     -9.617    120.449    499.710   -313.555     -7.226     88.306     89.102
     -9.619    120.464    499.533   -313.733     -7.236     88.433     89.225
     -9.621    120.478    499.357   -313.911     -7.246     88.559     89.348
     -9.623    120.493    499.179   -314.090     -7.256     88.686     89.472
     -9.625    120.507    499.002   -314.269     -7.267     88.812     89.595
     -9.627    120.522    498.824   -314.449     -7.277     88.939     89.719
     -9.629    120.536    498.646   -314.628     -7.287     89.066     89.843
     -9.631    120.551    498.468   -314.808     -7.298     89.193     89.968
     -9.633    120.566    498.289   -314.988     -7.308     89.320     90.093
     -9.635    120.580    498.110   -315.168     -7.319     89.447     90.218
     -9.637    120.595    497.931   -315.349     -7.329     89.575     90.343
     -9.639    120.610    497.752   -315.530     -7.340     89.702     90.469
     -9.641    120.624    497.573   -315.711     -7.351     89.830     90.595
     -9.643    120.639    497.393   -315.892     -7.361     89.957     90.721
     -9.645    120.654    497.213   -316.074     -7.372     90.085     90.848
     -9.647    120.669    497.033   -316.256     -7.383     90.213     90.975
     -9.649    120.683    496.852   -316.438     -7.394     90.341     91.102
     -9.651    120.698    496.671   -316.620     -7.405     90.469     91.229
     -9.653    120.713    496.490   -316.803     -7.416     90.597     91.357
     -9.655    120.728    496.309   -316.985     -7.427     90.726     91.485
     -9.657    120.743    496.127   -317.168     -7.438     90.854     91.613
     -9.659    120.757    495.945   -317.352     -7.449     90.982     91.742
     -9.661    120.772    495.763   -317.535     -7.460     91.111     91.871
     -9.663    120.787    495.581   -317.719     -7.471     91.240     92.000
     -9.665    120.802    495.398   -317.903     -7.483     91.369     92.130
     -9.667    120.817    495.215   -318.088     -7.494     91.498     92.260
     -9.669    120.832    495.032   -318.272     -7.505     91.627     92.390
     -9.671    120.847    494.849   -318.457     -7.517     91.756     92.520
     -9.673    120.862    494.665   -318.643     -7.528     91.885     92.651
     -9.675    120.877    494.481   -318.828     -7.540     92.015     92.782
     -9.677    120.892    494.297   -319.014     -7.551     92.144     92.913
     -9.679    120.908    494.113   -319.200     -7.563     92.274     93.045
     -9.681    120.923    493.928   -319.386     -7.575     92.404     93.177
     -9.683    120.938    493.743   -319.572     -7.586     92.534     93.310
     -9.685    120.953    493.558   -319.759     -7.598     92.664     93.442
     -9.687    120.968    493.373   -319.946     -7.610     92.794     93.575
     -9.689    120.984    493.187   -320.133     -7.622     92.924     93.709
     -9.691    120.999    493.001   -320.321     -7.634     93.054     93.842
     -9.693    121.014    492.815   -320.509     -7.646     93.185     93.976
     -9.695    121.029    492.628   -320.697     -7.658     93.315     94.110
     -9.697    121.045    492.441   -320.885     -7.670     93.446     94.245
     -9.699    121.060    492.254   -321.074     -7.682     93.577     94.380
     -9.701    121.075    492.067   -321.263     -7.694     93.708     94.515
     -9.703    121.091    491.879   -321.452     -7.707     93.839     94.651
     -9.705    121.106    491.692   -321.641     -7.719     93.970     94.787
     -9.707    121.122    491.504   -321.831     -7.731     94.101     94.923
     -9.709    121.137    491.315   -322.021     -7.744     94.233     95.060
     -9.711    121.153    491.127   -322.211     -7.756     94.364     95.196
     -9.713    121.168    490.938   -322.402     -7.769     94.496     95.334
     -9.715    121.184    490.749   -322.593     -7.781     94.628     95.471
     -9.717    121.199    490.559   -322.784     -7.794     94.759     95.609
     -9.719    121.215    490.370   -322.975     -7.807     94.891     95.748
     -9.721    121.231    490.180   -323.167     -7.820     95.023     95.886
     -9.723    121.246    489.990   -323.359     -7.833     95.156     96.025
     -9.725    121.262    489.799   -323.551     -7.845     95.288     96.164
     -9.727    121.278    489.608   -323.743     -7.858     95.420     96.304
     -9.729    121.293    489.417   -323.936     -7.871     95.553     96.444
     -9.731    121.309    489.226   -324.129     -7.885     95.686     96.585
     -9.733    121.325    489.035   -324.322     -7.898     95.819     96.725
     -9.735    121.341    488.843   -324.516     -7.911     95.951     96.866
     -9.737    121.356    488.651   -324.710     -7.924     96.085     97.008
     -9.739    121.372    488.459   -324.904     -7.938     96.218     97.150
     -9.741    121.388    488.266   -325.098     -7.951     96.351     97.292
     -9.743    121.404    488.073   -325.293     -7.964     96.484     97.434
     -9.745    121.420    487.880   -325.488     -7.978     96.618     97.577
     -9.747    121.436    487.687   -325.683     -7.992     96.752     97.720
     -9.749    121.452    487.493   -325.879     -8.005     96.885     97.864
     -9.751    121.468    487.299   -326.075     -8.019     97.019     98.008
     -9.753    121.484    487.105   -326.271     -8.033     97.153     98.152
     -9.755    121.500    486.911   -326.468     -8.047     97.288     98.297
     -9.757    121.516    486.716   -326.664     -8.060     97.422     98.442
     -9.759    121.532    486.521   -326.861     -8.074     97.556     98.588
     -9.761    121.549    486.326   -327.059     -8.088     97.691     98.733
     -9.763    121.565    486.130   -327.256     -8.103     97.825     98.880
     -9.765    121.581    485.934   -327.454     -8.117     97.960     99.026
     -9.767    121.597    485.738   -327.652     -8.131     98.095     99.173
     -9.769    121.614    485.542   -327.851     -8.145     98.230     99.321
     -9.771    121.630    485.345   -328.050     -8.160     98.365     99.468
     -9.773    121.646    485.148   -328.249     -8.174     98.500     99.616
     -9.775    121.663    484.951   -328.448     -8.189     98.636     99.765
     -9.777    121.679    484.754   -328.648     -8.203     98.771     99.914
     -9.779    121.695    484.556   -328.848     -8.218     98.907    100.063
     -9.781    121.712    484.358   -329.048     -8.233     99.043    100.213
     -9.783    121.728    484.160   -329.249     -8.247     99.179    100.363
     -9.785    121.745    483.962   -329.449     -8.262     99.315    100.513
     -9.787    121.761    483.763   -329.651     -8.277     99.451    100.664
     -9.789    121.778    483.564   -329.852     -8.292     99.587    100.816
     -9.791    121.795    483.364   -330.054     -8.307     99.723    100.967
     -9.793    121.811    483.165   -330.256     -8.322     99.860    101.119
     -9.795    121.828    482.965   -330.458     -8.338     99.996    101.272
     -9.797    121.845    482.765   -330.661     -8.353    100.133    101.425
     -9.799    121.861    482.564   -330.864     -8.368    100.270    101.578
     -9.801    121.878    482.364   -331.067     -8.384    100.407    101.732
     -9.803    121.895    482.163   -331.271     -8.399    100.544    101.886
     -9.805    121.912    481.962   -331.475     -8.415    100.682    102.040
     -9.807    121.928    481.760   -331.679     -8.430    100.819    102.195
     -9.809    121.945    481.558   -331.884     -8.446    100.956    102.351
     -9.811    121.962    481.356   -332.089     -8.462    101.094    102.507
     -9.813    121.979    481.154   -332.294     -8.478    101.232    102.663
     -9.815    121.996    480.951   -332.499     -8.494    101.370    102.819
     -9.817    122.013    480.749   -332.705     -8.510    101.508    102.977
     -9.819    122.030    480.545   -332.911     -8.526    101.646    103.134
     -9.821    122.047    480.342   -333.118     -8.542    101.784    103.292
     -9.823    122.064    480.138   -333.324     -8.559    101.923    103.450
     -9.825    122.081    479.934   -333.531     -8.575    102.061    103.609
     -9.827    122.099    479.730   -333.739     -8.591    102.200    103.768
     -9.829    122.116    479.525   -333.946     -8.608    102.339    103.928
     -9.831    122.133    479.321   -334.154     -8.624    102.478    104.088
     -9.833    122.150    479.116   -334.363     -8.641    102.617    104.249
     -9.835    122.168    478.910   -334.571     -8.658    102.756    104.410
     -9.837    122.185    478.704   -334.780     -8.675    102.895    104.571
     -9.839    122.202    478.499   -334.990     -8.692    103.034    104.733
     -9.841    122.220    478.292   -335.199     -8.709    103.174    104.895
     -9.843    122.237    478.086   -335.409     -8.726    103.314    105.058
     -9.845    122.255    477.879   -335.620     -8.743    103.454    105.221
     -9.847    122.272    477.672   -335.830     -8.760    103.593    105.385
     -9.849    122.290    477.465   -336.041     -8.778    103.734    105.549
     -9.851    122.307    477.257   -336.252     -8.795    103.874    105.714
     -9.853    122.325    477.049   -336.464     -8.813    104.014    105.879
     -9.855    122.342    476.841   -336.676     -8.830    104.155    106.044
     -9.857    122.360    476.633   -336.888     -8.848    104.295    106.210
     -9.859    122.378    476.424   -337.101     -8.866    104.436    106.377
     -9.861    122.396    476.215   -337.314     -8.884    104.577    106.544
     -9.863    122.413    476.006   -337.527     -8.902    104.718    106.711
     -9.865    122.431    475.796   -337.741     -8.920    104.859    106.879
     -9.867    122.449    475.586   -337.954     -8.938    105.000    107.048
     -9.869    122.467    475.376   -338.169     -8.956    105.141    107.216
     -9.871    122.485    475.166   -338.383     -8.974    105.283    107.386
     -9.873    122.503    474.955   -338.598     -8.993    105.424    107.556
     -9.875    122.521    474.744   -338.814     -9.011    105.566    107.726
     -9.877    122.539    474.533   -339.029     -9.030    105.708    107.897
     -9.879    122.557    474.321   -339.245     -9.048    105.850    108.068
     -9.881    122.575    474.109   -339.461     -9.067    105.992    108.240
     -9.883    122.593    473.897   -339.678     -9.086    106.135    108.412
     -9.885    122.611    473.685   -339.895     -9.105    106.277    108.585
     -9.887    122.630    473.472   -340.112     -9.124    106.420    108.758
     -9.889    122.648    473.259   -340.330     -9.143    106.562    108.932
     -9.891    122.666    473.046   -340.548     -9.162    106.705    109.106
     -9.893    122.685    472.832   -340.767     -9.182    106.848    109.281
     -9.895    122.703    472.618   -340.985     -9.201    106.991    109.456
     -9.897    122.721    472.404   -341.204     -9.221    107.134    109.632
     -9.899    122.740    472.190   -341.424     -9.240    107.278    109.809
     -9.901    122.758    471.975   -341.644     -9.260    107.421    109.986
     -9.903    122.777    471.760   -341.864     -9.280    107.565    110.163
     -9.905    122.795    471.545   -342.084     -9.300    107.708    110.341
     -9.907    122.814    471.329   -342.305     -9.320    107.852    110.519
     -9.909    122.833    471.113   -342.526     -9.340    107.996    110.698
     -9.911    122.851    470.897   -342.748     -9.360    108.140    110.878
     -9.913    122.870    470.681   -342.970     -9.380    108.285    111.058
     -9.915    122.889    470.464   -343.192     -9.401    108.429    111.239
     -9.917    122.908    470.247   -343.415     -9.421    108.573    111.420
     -9.919    122.927    470.030   -343.638     -9.442    108.718    111.601
     -9.921    122.946    469.812   -343.861     -9.463    108.863    111.784
     -9.923    122.965    469.594   -344.085     -9.483    109.008    111.966
     -9.925    122.984    469.376   -344.309     -9.504    109.153    112.150
     -9.927    123.003    469.158   -344.534     -9.525    109.298    112.334
     -9.929    123.022    468.939   -344.758     -9.546    109.443    112.518
     -9.931    123.041    468.720   -344.984     -9.568    109.589    112.703
     -9.933    123.060    468.501   -345.209     -9.589    109.734    112.889
     -9.935    123.079    468.281   -345.435     -9.610    109.880    113.075
     -9.937    123.098    468.061   -345.662     -9.632    110.026    113.262
     -9.939    123.118    467.841   -345.888     -9.654    110.172    113.449
     -9.941    123.137    467.620   -346.115     -9.675    110.318    113.637
     -9.943    123.156    467.400   -346.343     -9.697    110.464    113.825
     -9.945    123.176    467.179   -346.571     -9.719    110.610    114.014
     -9.947    123.195    466.957   -346.799     -9.741    110.757    114.204
     -9.949    123.215    466.736   -347.027     -9.764    110.903    114.394
     -9.951    123.234    466.514   -347.256     -9.786    111.050    114.585
     -9.953    123.254    466.291   -347.486     -9.808    111.197    114.776
     -9.955    123.273    466.069   -347.716     -9.831    111.344    114.968
     -9.957    123.293    465.846   -347.946     -9.854    111.491    115.161
     -9.959    123.313    465.623   -348.176     -9.876    111.638    115.354
     -9.961    123.333    465.399   -348.407     -9.899    111.786    115.548
     -9.963    123.353    465.176   -348.638     -9.922    111.933    115.743
     -9.965    123.372    464.952   -348.870     -9.945    112.081    115.938
     -9.967    123.392    464.727   -349.102     -9.969    112.229    116.133
     -9.969    123.412    464.503   -349.335     -9.992    112.377    116.330
     -9.971    123.432    464.278   -349.567    -10.015    112.525    116.527
     -9.973    123.452    464.053   -349.801    -10.039    112.673    116.724
     -9.975    123.472    463.827   -350.034    -10.063    112.821    116.922
     -9.977    123.493    463.601   -350.268    -10.087    112.970    117.121
     -9.979    123.513    463.375   -350.503    -10.110    113.118    117.321
     -9.981    123.533    463.149   -350.738    -10.135    113.267    117.521
     -9.983    123.553    462.922   -350.973    -10.159    113.416    117.722
     -9.985    123.574    462.695   -351.209    -10.183    113.565    117.923
     -9.987    123.594    462.468   -351.445    -10.208    113.714    118.125
     -9.989    123.614    462.240   -351.681    -10.232    113.863    118.328
     -9.991    123.635    462.013   -351.918    -10.257    114.012    118.531
     -9.993    123.655    461.784   -352.155    -10.282    114.162    118.735
     -9.995    123.676    461.556   -352.393    -10.307    114.311    118.940
     -9.997    123.697    461.327   -352.631    -10.332    114.461    119.145
     -9.999    123.717    461.098   -352.869    -10.357    114.611    119.351
    -10.001    123.738    460.869   -353.108    -10.382    114.761    119.558
    -10.003    123.759    460.639   -353.348    -10.408    114.911    119.766
    -10.005    123.780    460.409   -353.587    -10.433    115.061    119.974
    -10.007    123.801    460.179   -353.828    -10.459    115.211    120.182
    -10.009    123.822    459.948   -354.068    -10.485    115.362    120.392
    -10.011    123.843    459.717   -354.309    -10.511    115.512    120.602
    -10.013    123.864    459.486   -354.551    -10.537    115.663    120.813
    -10.015    123.885    459.255   -354.792    -10.563    115.814    121.025
    -10.017    123.906    459.023   -355.035    -10.590    115.965    121.237
    -10.019    123.927    458.791   -355.277    -10.616    116.116    121.450
    -10.021    123.948    458.558   -355.520    -10.643    116.267    121.664
    -10.023    123.970    458.326   -355.764    -10.670    116.418    121.878
    -10.025    123.991    458.093   -356.008    -10.697    116.569    122.094
    -10.027    124.012    457.859   -356.252    -10.724    116.721    122.310
    -10.029    124.034    457.626   -356.497    -10.751    116.873    122.526
    -10.031    124.055    457.392   -356.742    -10.779    117.024    122.744
    -10.033    124.077    457.158   -356.988    -10.806    117.176    122.962
    -10.035    124.099    456.923   -357.234    -10.834    117.328    123.181
    -10.037    124.120    456.688   -357.481    -10.862    117.480    123.400
    -10.039    124.142    456.453   -357.728    -10.890    117.633    123.621
    -10.041    124.164    456.218   -357.975    -10.918    117.785    123.842
    -10.043    124.186    455.982   -358.223    -10.946    117.937    124.064
    -10.045    124.208    455.746   -358.472    -10.974    118.090    124.287
    -10.047    124.230    455.510   -358.720    -11.003    118.243    124.510
    -10.049    124.252    455.273   -358.970    -11.032    118.395    124.735
    -10.051    124.274    455.036   -359.219    -11.061    118.548    124.960
    -10.053    124.296    454.799   -359.470    -11.090    118.701    125.186
    -10.055    124.318    454.561   -359.720    -11.119    118.854    125.412
    -10.057    124.340    454.324   -359.971    -11.148    119.008    125.640
    -10.059    124.363    454.085   -360.223    -11.178    119.161    125.868
    -10.061    124.385    453.847   -360.475    -11.207    119.315    126.097
    -10.063    124.408    453.608   -360.727    -11.237    119.468    126.327
    -10.065    124.430    453.369   -360.980    -11.267    119.622    126.558
    -10.067    124.453    453.130   -361.233    -11.297    119.776    126.789
    -10.069    124.475    452.890   -361.487    -11.328    119.929    127.022
    -10.071    124.498    452.650   -361.741    -11.358    120.083    127.255
    -10.073    124.521    452.410   -361.996    -11.389    120.238    127.489
    -10.075    124.544    452.169   -362.251    -11.420    120.392    127.724
    -10.077    124.566    451.928   -362.507    -11.451    120.546    127.959
    -10.079    124.589    451.687   -362.763    -11.482    120.700    128.196
    -10.081    124.612    451.445   -363.020    -11.513    120.855    128.434
    -10.083    124.635    451.203   -363.277    -11.545    121.009    128.672
    -10.085    124.659    450.961   -363.534    -11.576    121.164    128.911
    -10.087    124.682    450.719   -363.793    -11.608    121.319    129.151
    -10.089    124.705    450.476   -364.051    -11.640    121.474    129.392
    -10.091    124.728    450.233   -364.310    -11.672    121.629    129.634
    -10.093    124.752    449.989   -364.570    -11.705    121.784    129.876
    -10.095    124.775    449.746   -364.830    -11.737    121.939    130.120
    -10.097    124.799    449.502   -365.090    -11.770    122.094    130.365
    -10.099    124.822    449.257   -365.351    -11.803    122.250    130.610
    -10.101    124.846    449.013   -365.613    -11.836    122.405    130.856
    -10.103    124.870    448.768   -365.875    -11.869    122.561    131.104
    -10.105    124.893    448.522   -366.137    -11.903    122.716    131.352
    -10.107    124.917    448.277   -366.400    -11.936    122.872    131.601
    -10.109    124.941    448.031   -366.663    -11.970    123.028    131.851
    -10.111    124.965    447.785   -366.927    -12.004    123.183    132.102
    -10.113    124.989    447.538   -367.192    -12.038    123.339    132.354
    -10.115    125.013    447.291   -367.457    -12.073    123.495    132.607
    -10.117    125.037    447.044   -367.722    -12.108    123.651    132.860
    -10.119    125.062    446.797   -367.988    -12.142    123.808    133.115
    -10.121    125.086    446.549   -368.255    -12.177    123.964    133.371
    -10.123    125.110    446.301   -368.522    -12.213    124.120    133.628
    -10.125    125.135    446.053   -368.789    -12.248    124.276    133.886
    -10.127    125.159    445.804   -369.057    -12.283    124.433    134.144
    -10.129    125.184    445.555   -369.326    -12.319    124.589    134.404
    -10.131    125.209    445.306   -369.595    -12.355    124.746    134.665
    -10.133    125.233    445.056   -369.864    -12.392    124.903    134.926
    -10.135    125.258    444.806   -370.135    -12.428    125.059    135.189
    -10.137    125.283    444.556   -370.405    -12.465    125.216    135.453
    -10.139    125.308    444.305   -370.676    -12.501    125.373    135.718
    -10.141    125.333    444.054   -370.948    -12.538    125.530    135.984
    -10.143    125.358    443.803   -371.220    -12.576    125.687    136.250
    -10.145    125.383    443.551   -371.493    -12.613    125.844    136.518
    -10.147    125.409    443.300   -371.766    -12.651    126.001    136.787
    -10.149    125.434    443.047   -372.040    -12.689    126.158    137.057
    -10.151    125.459    442.795   -372.315    -12.727    126.315    137.329
    -10.153    125.485    442.542   -372.590    -12.765    126.472    137.601
    -10.155    125.510    442.289   -372.865    -12.804    126.629    137.874
    -10.157    125.536    442.036   -373.141    -12.843    126.787    138.148
    -10.159    125.562    441.782   -373.418    -12.882    126.944    138.424
    -10.161    125.588    441.528   -373.695    -12.921    127.101    138.700
    -10.163    125.613    441.273   -373.972    -12.960    127.259    138.978
    -10.165    125.639    441.019   -374.251    -13.000    127.416    139.257
    -10.167    125.665    440.764   -374.529    -13.040    127.573    139.537
    -10.169    125.692    440.508   -374.809    -13.080    127.731    139.818
    -10.171    125.718    440.253   -375.089    -13.121    127.888    140.100
    -10.173    125.744    439.997   -375.369    -13.161    128.046    140.383
    -10.175    125.770    439.741   -375.650    -13.202    128.203    140.668
    -10.177    125.797    439.484   -375.932    -13.243    128.361    140.953
    -10.179    125.823    439.227   -376.214    -13.285    128.518    141.240
    -10.181    125.850    438.970   -376.497    -13.326    128.676    141.528
    -10.183    125.877    438.713   -376.780    -13.368    128.834    141.817
    -10.185    125.904    438.455   -377.064    -13.411    128.991    142.108
    -10.187    125.930    438.197   -377.349    -13.453    129.149    142.399
    -10.189    125.957    437.938   -377.634    -13.496    129.306    142.692
    -10.191    125.984    437.679   -377.919    -13.538    129.464    142.986
    -10.193    126.011    437.420   -378.206    -13.582    129.621    143.281
    -10.195    126.039    437.161   -378.492    -13.625    129.779    143.578
    -10.197    126.066    436.901   -378.780    -13.669    129.936    143.875
    -10.199    126.093    436.641   -379.068    -13.713    130.094    144.174
    -10.201    126.121    436.381   -379.357    -13.757    130.251    144.475
    -10.203    126.148    436.120   -379.646    -13.801    130.409    144.776
    -10.205    126.176    435.859   -379.936    -13.846    130.566    145.079
    -10.207    126.204    435.598   -380.226    -13.891    130.724    145.383
    -10.209    126.232    435.336   -380.517    -13.937    130.881    145.688
    -10.211    126.260    435.074   -380.809    -13.982    131.038    145.995
    -10.213    126.288    434.812   -381.101    -14.028    131.196    146.303
    -10.215    126.316    434.550   -381.394    -14.074    131.353    146.612
    -10.217    126.344    434.287   -381.688    -14.121    131.510    146.923
    -10.219    126.372    434.024   -381.982    -14.167    131.667    147.235
    -10.221    126.401    433.760   -382.277    -14.215    131.824    147.548
    -10.223    126.429    433.496   -382.572    -14.262    131.981    147.863
    -10.225    126.458    433.232   -382.868    -14.309    132.138    148.179
    -10.227    126.486    432.968   -383.165    -14.357    132.295    148.496
    -10.229    126.515    432.703   -383.462    -14.406    132.452    148.815
    -10.231    126.544    432.438   -383.760    -14.454    132.608    149.135
    -10.233    126.573    432.172   -384.059    -14.503    132.765    149.456
    -10.235    126.602    431.907   -384.358    -14.552    132.921    149.779
    -10.237    126.631    431.641   -384.658    -14.602    133.078    150.104
    -10.239    126.660    431.374   -384.958    -14.651    133.234    150.430
    -10.241    126.690    431.108   -385.259    -14.701    133.390    150.757
    -10.243    126.719    430.841   -385.561    -14.752    133.546    151.086
    -10.245    126.749    430.574   -385.864    -14.803    133.702    151.416
    -10.247    126.778    430.306   -386.167    -14.854    133.858    151.748
    -10.249    126.808    430.038   -386.471    -14.905    134.014    152.081
    -10.251    126.838    429.770   -386.775    -14.957    134.170    152.415
    -10.253    126.868    429.502   -387.080    -15.009    134.325    152.751
    -10.255    126.898    429.233   -387.386    -15.061    134.480    153.089
    -10.257    126.928    428.964   -387.693    -15.114    134.636    153.428
    -10.259    126.958    428.694   -388.000    -15.167    134.791    153.769
    -10.261    126.989    428.424   -388.308    -15.220    134.945    154.111
    -10.263    127.019    428.154   -388.616    -15.274    135.100    154.455
    -10.265    127.050    427.884   -388.926    -15.328    135.255    154.800
    -10.267    127.081    427.613   -389.236    -15.383    135.409    155.147
    -10.269    127.111    427.342   -389.546    -15.437    135.563    155.496
    -10.271    127.142    427.071   -389.858    -15.492    135.717    155.846
    -10.273    127.173    426.800   -390.170    -15.548    135.871    156.198
    -10.275    127.205    426.528   -390.482    -15.604    136.024    156.551
    -10.277    127.236    426.255   -390.796    -15.660    136.178    156.906
    -10.279    127.267    425.983   -391.110    -15.717    136.331    157.263
    -10.281    127.299    425.710   -391.425    -15.774    136.484    157.621
    -10.283    127.330    425.437   -391.741    -15.831    136.636    157.981
    -10.285    127.362    425.164   -392.057    -15.889    136.789    158.343
    -10.287    127.394    424.890   -392.374    -15.947    136.941    158.706
    -10.289    127.426    424.616   -392.692    -16.006    137.093    159.071
    -10.291    127.458    424.342   -393.010    -16.065    137.244    159.438
    -10.293    127.490    424.067   -393.329    -16.124    137.396    159.806
    -10.295    127.522    423.792   -393.649    -16.184    137.547    160.177
    -10.297    127.555    423.517   -393.970    -16.244    137.697    160.549
    -10.299    127.587    423.241   -394.292    -16.304    137.848    160.922
    -10.301    127.620    422.965   -394.614    -16.365    137.998    161.298
    -10.303    127.653    422.689   -394.937    -16.427    138.148    161.675
    -10.305    127.686    422.413   -395.261    -16.489    138.297    162.054
    -10.307    127.719    422.136   -395.585    -16.551    138.446    162.435
    -10.309    127.752    421.859   -395.910    -16.613    138.595    162.818
    -10.311    127.785    421.582   -396.236    -16.676    138.744    163.203
    -10.313    127.819    421.304   -396.563    -16.740    138.892    163.589
    -10.315    127.852    421.026   -396.891    -16.804    139.039    163.977
    -10.317    127.886    420.748   -397.219    -16.868    139.187    164.368
    -10.319    127.920    420.469   -397.548    -16.933    139.334    164.760
    -10.321    127.954    420.190   -397.878    -16.998    139.480    165.154
    -10.323    127.988    419.911   -398.209    -17.064    139.626    165.550
    -10.325    128.022    419.632   -398.540    -17.130    139.772    165.947
    -10.327    128.056    419.352   -398.873    -17.197    139.917    166.347
    -10.329    128.091    419.072   -399.206    -17.264    140.062    166.749
    -10.331    128.125    418.792   -399.540    -17.332    140.206    167.153
    -10.333    128.160    418.511   -399.874    -17.400    140.350    167.558
    -10.335    128.195    418.231   -400.210    -17.468    140.493    167.966
    -10.337    128.230    417.949   -400.546    -17.537    140.636    168.376
    -10.339    128.265    417.668   -400.883    -17.607    140.778    168.787
    -10.341    128.300    417.386   -401.221    -17.677    140.920    169.201
    -10.343    128.336    417.104   -401.560    -17.747    141.061    169.617
    -10.345    128.371    416.822   -401.900    -17.818    141.202    170.035
    -10.347    128.407    416.540   -402.240    -17.890    141.342    170.455
    -10.349    128.443    416.257   -402.582    -17.962    141.482    170.877
    -10.351    128.479    415.974   -402.924    -18.034    141.621    171.301
    -10.353    128.515    415.690   -403.267    -18.107    141.759    171.727
    -10.355    128.551    415.407   -403.611    -18.181    141.896    172.156
    -10.357    128.588    415.123   -403.955    -18.255    142.034    172.587
    -10.359    128.624    414.838   -404.301    -18.330    142.170    173.019
    -10.361    128.661    414.554   -404.647    -18.405    142.306    173.454
    -10.363    128.698    414.269   -404.995    -18.480    142.441    173.892
    -10.365    128.735    413.984   -405.343    -18.557    142.575    174.331
    -10.367    128.772    413.699   -405.692    -18.634    142.708    174.773
    -10.369    128.809    413.413   -406.042    -18.711    142.841    175.216
    -10.371    128.847    413.128   -406.393    -18.789    142.973    175.663
    -10.373    128.885    412.842   -406.745    -18.867    143.105    176.111
    -10.375    128.922    412.555   -407.097    -18.946    143.235    176.562
    -10.377    128.960    412.269   -407.451    -19.026    143.365    177.015
    -10.379    128.998    411.982   -407.806    -19.106    143.494    177.470
    -10.381    129.037    411.695   -408.161    -19.187    143.622    177.928
    -10.383    129.075    411.407   -408.517    -19.269    143.749    178.388
    -10.385    129.114    411.120   -408.874    -19.351    143.875    178.850
    -10.387    129.153    410.832   -409.233    -19.433    144.001    179.315
    -10.389    129.192    410.544   -409.592    -19.517    144.125    179.782
    -10.391    129.231    410.255   -409.952    -19.601    144.249    180.252
    -10.393    129.270    409.967   -410.313    -19.685    144.371    180.724
    -10.395    129.309    409.678   -410.675    -19.770    144.493    181.198
    -10.397    129.349    409.389   -411.038    -19.856    144.613    181.675
    -10.399    129.389    409.099   -411.401    -19.943    144.733    182.154
    -10.401    129.429    408.810   -411.766    -20.030    144.851    182.636
    -10.403    129.469    408.520   -412.132    -20.117    144.968    183.121
    -10.405    129.509    408.230   -412.499    -20.206    145.085    183.608
    -10.407    129.550    407.940   -412.866    -20.295    145.200    184.097
    -10.409    129.590    407.649   -413.235    -20.385    145.314    184.589
    -10.411    129.631    407.358   -413.605    -20.475    145.426    185.084
    -10.413    129.672    407.067   -413.975    -20.566    145.538    185.581
    -10.415    129.714    406.776   -414.347    -20.658    145.648    186.081
    -10.417    129.755    406.485   -414.720    -20.751    145.757    186.583
    -10.419    129.797    406.193   -415.093    -20.844    145.865    187.088
    -10.421    129.838    405.901   -415.468    -20.938    145.972    187.596
    -10.423    129.880    405.609   -415.844    -21.032    146.077    188.106
    -10.425    129.923    405.317   -416.221    -21.128    146.181    188.619
    -10.427    129.965    405.025   -416.598    -21.224    146.283    189.135
    -10.429    130.007    404.732   -416.977    -21.321    146.384    189.654
    -10.431    130.050    404.439   -417.357    -21.418    146.484    190.175
    -10.433    130.093    404.146   -417.738    -21.517    146.582    190.699
    -10.435    130.136    403.853   -418.120    -21.616    146.678    191.225
    -10.437    130.180    403.559   -418.503    -21.716    146.773    191.755
    -10.439    130.223    403.266   -418.887    -21.816    146.866    192.287
    -10.441    130.267    402.972   -419.272    -21.918    146.958    192.822
    -10.443    130.311    402.678   -419.658    -22.020    147.048    193.360
    -10.445    130.355    402.384   -420.045    -22.123    147.137    193.900
    -10.447    130.399    402.089   -420.434    -22.227    147.223    194.444
    -10.449    130.444    401.795   -420.823    -22.331    147.308    194.990
    -10.451    130.489    401.500   -421.214    -22.437    147.391    195.540
    -10.453    130.534    401.205   -421.605    -22.543    147.473    196.092
    -10.455    130.579    400.910   -421.998    -22.650    147.552    196.647
    -10.457    130.624    400.615   -422.392    -22.758    147.630    197.205
    -10.459    130.670    400.320   -422.787    -22.867    147.705    197.765
    -10.461    130.716    400.024   -423.183    -22.977    147.779    198.329
    -10.463    130.762    399.728   -423.580    -23.087    147.851    198.896
    -10.465    130.808    399.433   -423.978    -23.198    147.920    199.466
    -10.467    130.854    399.137   -424.378    -23.311    147.988    200.038
    -10.469    130.901    398.841   -424.779    -23.424    148.053    200.614
    -10.471    130.948    398.545   -425.180    -23.538    148.116    201.193
    -10.473    130.995    398.248   -425.583    -23.653    148.177    201.774
    -10.475    131.043    397.952   -425.987    -23.769    148.236    202.359
    -10.477    131.090    397.655   -426.393    -23.885    148.292    202.947
    -10.479    131.138    397.359   -426.799    -24.003    148.346    203.538
    -10.481    131.186    397.062   -427.207    -24.122    148.397    204.131
    -10.483    131.235    396.765   -427.616    -24.241    148.446    204.728
    -10.485    131.283    396.468   -428.026    -24.362    148.493    205.328
    -10.487    131.332    396.171   -428.437    -24.483    148.537    205.931
    -10.489    131.381    395.874   -428.850    -24.605    148.578    206.537
    -10.491    131.431    395.577   -429.263    -24.729    148.617    207.146
    -10.493    131.480    395.280   -429.678    -24.853    148.653    207.759
    -10.495    131.530    394.982   -430.094    -24.978    148.686    208.374
    -10.497    131.580    394.685   -430.512    -25.105    148.717    208.992
    -10.499    131.631    394.387   -430.930    -25.232    148.744    209.614
    -10.501    131.681    394.090   -431.350    -25.360    148.769    210.239
    -10.503    131.732    393.792   -431.771    -25.489    148.790    210.866
    -10.505    131.783    393.495   -432.194    -25.620    148.809    211.497
    -10.507    131.834    393.197   -432.617    -25.751    148.824    212.131
    -10.509    131.886    392.899   -433.042    -25.883    148.837    212.769
    -10.511    131.938    392.602   -433.468    -26.017    148.846    213.409
    -10.513    131.990    392.304   -433.896    -26.151    148.852    214.052
    -10.515    132.043    392.006   -434.325    -26.287    148.854    214.699
    -10.517    132.095    391.709   -434.755    -26.423    148.853    215.348
    -10.519    132.148    391.411   -435.186    -26.561    148.849    216.001
    -10.521    132.202    391.113   -435.619    -26.700    148.841    216.657
    -10.523    132.255    390.816   -436.053    -26.840    148.829    217.316
    -10.525    132.309    390.518   -436.488    -26.981    148.814    217.978
    -10.527    132.363    390.220   -436.924    -27.123    148.795    218.643
    -10.529    132.417    389.923   -437.362    -27.266    148.773    219.312
    -10.531    132.472    389.625   -437.802    -27.410    148.746    219.983
    -10.533    132.527    389.328   -438.242    -27.555    148.716    220.657
    -10.535    132.582    389.030   -438.684    -27.702    148.681    221.335
    -10.537    132.638    388.733   -439.128    -27.849    148.642    222.015
    -10.539    132.694    388.436   -439.572    -27.998    148.600    222.699
    -10.541    132.750    388.139   -440.019    -28.148    148.553    223.385
    -10.543    132.806    387.842   -440.466    -28.299    148.502    224.075
    -10.545    132.863    387.545   -440.915    -28.451    148.446    224.768
    -10.547    132.920    387.248   -441.365    -28.604    148.386    225.463
    -10.549    132.977    386.951   -441.817    -28.758    148.321    226.161
    -10.551    133.035    386.654   -442.270    -28.914    148.252    226.863
    -10.553    133.093    386.358   -442.724    -29.071    148.178    227.567
    -10.555    133.151    386.062   -443.180    -29.229    148.100    228.274
    -10.557    133.210    385.766   -443.637    -29.388    148.016    228.984
    -10.559    133.269    385.470   -444.096    -29.548    147.928    229.697
    -10.561    133.328    385.174   -444.556    -29.710    147.835    230.412
    -10.563    133.388    384.878   -445.018    -29.872    147.736    231.131
    -10.565    133.448    384.583   -445.481    -30.036    147.633    231.852
    -10.567    133.508    384.288   -445.945    -30.201    147.524    232.575
    -10.569    133.569    383.993   -446.411    -30.367    147.410    233.302
    -10.571    133.629    383.698   -446.878    -30.535    147.290    234.030
    -10.573    133.691    383.404   -447.347    -30.703    147.165    234.762
    -10.575    133.752    383.110   -447.817    -30.873    147.035    235.496
    -10.577    133.814    382.816   -448.289    -31.044    146.898    236.232
    -10.579    133.876    382.522   -448.762    -31.216    146.756    236.971
    -10.581    133.939    382.229   -449.237    -31.390    146.608    237.712
    -10.583    134.002    381.936   -449.713    -31.564    146.455    238.455
    -10.585    134.065    381.643   -450.191    -31.740    146.295    239.201
    -10.587    134.129    381.350   -450.670    -31.917    146.129    239.949
    -10.589    134.193    381.058   -451.150    -32.095    145.957    240.699
    -10.591    134.257    380.767   -451.633    -32.274    145.778    241.451
    -10.593    134.322    380.475   -452.116    -32.455    145.594    242.205
    -10.595    134.387    380.184   -452.601    -32.637    145.402    242.961
    -10.597    134.453    379.894   -453.088    -32.819    145.205    243.719
    -10.599    134.518    379.603   -453.576    -33.004    145.000    244.478
    -10.601    134.585    379.314   -454.066    -33.189    144.789    245.239
    -10.603    134.651    379.024   -454.557    -33.375    144.571    246.002
    -10.605    134.718    378.735   -455.050    -33.562    144.346    246.766
    -10.607    134.785    378.447   -455.544    -33.751    144.115    247.532
    -10.609    134.853    378.159   -456.040    -33.941    143.876    248.299
    -10.611    134.921    377.871   -456.538    -34.132    143.630    249.068
    -10.613    134.990    377.584   -457.036    -34.324    143.377    249.837
    -10.615    135.058    377.298   -457.537    -34.517    143.116    250.608
    -10.617    135.128    377.012   -458.039    -34.711    142.848    251.380
    -10.619    135.197    376.726   -458.542    -34.906    142.573    252.152
    -10.621    135.267    376.442   -459.047    -35.102    142.290    252.925
    -10.623    135.338    376.157   -459.554    -35.300    141.999    253.699
    -10.625    135.409    375.874   -460.062    -35.498    141.701    254.474
    -10.627    135.480    375.591   -460.572    -35.698    141.395    255.248
    -10.629    135.551    375.308   -461.083    -35.898    141.081    256.023
    -10.631    135.623    375.026   -461.596    -36.099    140.759    256.799
    -10.633    135.696    374.745   -462.110    -36.302    140.430    257.574
    -10.635    135.769    374.465   -462.626    -36.505    140.092    258.349
    -10.637    135.842    374.185   -463.144    -36.709    139.746    259.124
    -10.639    135.915    373.906   -463.663    -36.914    139.391    259.899
    -10.641    135.989    373.627   -464.183    -37.121    139.029    260.673
    -10.643    136.064    373.349   -464.706    -37.327    138.658    261.446
    -10.645    136.139    373.072   -465.229    -37.535    138.279    262.219
    -10.647    136.214    372.796   -465.754    -37.744    137.891    262.990
    -10.649    136.290    372.521   -466.281    -37.953    137.495    263.761
    -10.651    136.366    372.246   -466.809    -38.163    137.090    264.530
    -10.653    136.442    371.973   -467.339    -38.374    136.677    265.298
    -10.655    136.519    371.700   -467.871    -38.586    136.255    266.065
    -10.657    136.597    371.428   -468.404    -38.798    135.825    266.829
    -10.659    136.675    371.156   -468.938    -39.011    135.386    267.592
    -10.661    136.753    370.886   -469.474    -39.224    134.938    268.353
    -10.663    136.831    370.617   -470.011    -39.438    134.481    269.111
    -10.665    136.910    370.348   -470.550    -39.653    134.016    269.868
    -10.667    136.990    370.081   -471.091    -39.868    133.542    270.621
    -10.669    137.070    369.814   -471.633    -40.084    133.059    271.372
    -10.671    137.150    369.548   -472.176    -40.300    132.567    272.120
    -10.673    137.231    369.284   -472.721    -40.516    132.066    272.864
    -10.675    137.312    369.020   -473.268    -40.733    131.557    273.606
    -10.677    137.394    368.757   -473.816    -40.950    131.039    274.344
    -10.679    137.476    368.496   -474.365    -41.168    130.512    275.078
    -10.681    137.559    368.235   -474.916    -41.385    129.976    275.809
    -10.683    137.642    367.976   -475.468    -41.603    129.432    276.535
    -10.685    137.725    367.718   -476.022    -41.821    128.878    277.257
    -10.687    137.809    367.461   -476.577    -42.039    128.316    277.975
    -10.689    137.893    367.204   -477.134    -42.258    127.746    278.688
    -10.691    137.978    366.950   -477.692    -42.476    127.167    279.397
    -10.693    138.063    366.696   -478.252    -42.694    126.579    280.100
    -10.695    138.149    366.443   -478.813    -42.912    125.983    280.799
    -10.697    138.235    366.192   -479.375    -43.131    125.378    281.491
    -10.699    138.321    365.942   -479.939    -43.349    124.765    282.179
    -10.701    138.408    365.693   -480.504    -43.566    124.143    282.861
    -10.703    138.496    365.445   -481.070    -43.784    123.514    283.536
    -10.705    138.583    365.199   -481.638    -44.001    122.876    284.206
    -10.707    138.672    364.954   -482.207    -44.218    122.230    284.869
    -10.709    138.760    364.710   -482.777    -44.435    121.576    285.526
    -10.711    138.849    364.467   -483.349    -44.651    120.914    286.177
    -10.713    138.939    364.226   -483.922    -44.866    120.245    286.820
    -10.715    139.029    363.986   -484.496    -45.081    119.568    287.457
    -10.717    139.119    363.748   -485.072    -45.296    118.883    288.086
    -10.719    139.210    363.511   -485.648    -45.509    118.190    288.708
    -10.721    139.301    363.275   -486.227    -45.723    117.491    289.322
    -10.723    139.393    363.041   -486.806    -45.935    116.784    289.929
    -10.725    139.485    362.808   -487.386    -46.146    116.071    290.528
    -10.727    139.577    362.577   -487.968    -46.357    115.350    291.119
    -10.729    139.670    362.347   -488.551    -46.567    114.623    291.702
    -10.731    139.764    362.118   -489.135    -46.776    113.889    292.277
    -10.733    139.858    361.891   -489.720    -46.984    113.148    292.843
    -10.735    139.952    361.666   -490.306    -47.191    112.402    293.401
    -10.737    140.046    361.442   -490.893    -47.396    111.649    293.950
    -10.739    140.141    361.219   -491.482    -47.601    110.890    294.490
    -10.741    140.237    360.998   -492.071    -47.805    110.126    295.021
    -10.743    140.332    360.779   -492.662    -48.007    109.355    295.543
    -10.745    140.429    360.561   -493.254    -48.208    108.580    296.056
    -10.747    140.525    360.344   -493.846    -48.408    107.799    296.560
    -10.749    140.622    360.129   -494.440    -48.606    107.014    297.054
    -10.751    140.720    359.916   -495.034    -48.803    106.223    297.539
    -10.753    140.818    359.704   -495.630    -48.998    105.428    298.014
    -10.755    140.916    359.494   -496.226    -49.192    104.628    298.480
    -10.757    141.014    359.286   -496.824    -49.385    103.824    298.935
    -10.759    141.113    359.079   -497.422    -49.576    103.016    299.381
    -10.761    141.213    358.874   -498.021    -49.765    102.205    299.818
    -10.763    141.312    358.670   -498.621    -49.953    101.389    300.244
    -10.765    141.412    358.468   -499.222    -50.139    100.570    300.660
    -10.767    141.513    358.268   -499.824    -50.323     99.748    301.066
    -10.769    141.614    358.069   -500.427    -50.505     98.923    301.462
    -10.771    141.715    357.872   -501.030    -50.686     98.095    301.848
    -10.773    141.816    357.677   -501.634    -50.865     97.264    302.224
    -10.775    141.918    357.483   -502.239    -51.042     96.432    302.590
    -10.777    142.021    357.291   -502.844    -51.217     95.596    302.945
    -10.779    142.123    357.101   -503.451    -51.391     94.759    303.291
    -10.781    142.226    356.912   -504.057    -51.562     93.920    303.626
    -10.783    142.329    356.725   -504.665    -51.732     93.080    303.951
    -10.785    142.433    356.540   -505.273    -51.899     92.238    304.266
    -10.787    142.537    356.356   -505.882    -52.065     91.395    304.570
    -10.789    142.641    356.174   -506.491    -52.228     90.551    304.865
    -10.791    142.746    355.994   -507.101    -52.390     89.706    305.149
    -10.793    142.851    355.816   -507.712    -52.549     88.861    305.423
    -10.795    142.956    355.639   -508.323    -52.707     88.015    305.687
    -10.797    143.062    355.463   -508.935    -52.862     87.169    305.942
    -10.799    143.168    355.290   -509.547    -53.016     86.324    306.186
    -10.801    143.274    355.118   -510.160    -53.167     85.478    306.420
    -10.803    143.380    354.948   -510.773    -53.316     84.633    306.645
    -10.805    143.487    354.780   -511.386    -53.463     83.788    306.859
    -10.807    143.594    354.613   -512.000    -53.608     82.944    307.064
    -10.809    143.702    354.448   -512.614    -53.751     82.101    307.260
    -10.811    143.809    354.284   -513.229    -53.891     81.259    307.445
    -10.813    143.917    354.123   -513.844    -54.030     80.419    307.622
    -10.815    144.025    353.963   -514.460    -54.166     79.579    307.788
    -10.817    144.134    353.804   -515.075    -54.300     78.742    307.946
    -10.819    144.242    353.648   -515.691    -54.432     77.906    308.094
    -10.821    144.351    353.493   -516.308    -54.562     77.072    308.233
    -10.823    144.461    353.340   -516.924    -54.690     76.240    308.363
    -10.825    144.570    353.188   -517.541    -54.816     75.411    308.484
    -10.827    144.680    353.038   -518.158    -54.939     74.583    308.596
    -10.829    144.790    352.890   -518.775    -55.061     73.759    308.698
    -10.831    144.900    352.743   -519.393    -55.180     72.937    308.787
    -10.833    145.011    352.598   -520.011    -55.297     72.117    308.860
    -10.835    145.121    352.454   -520.628    -55.412     71.302    308.923
    -10.837    145.232    352.313   -521.246    -55.525     70.489    308.977
    -10.839    145.343    352.172   -521.864    -55.635     69.681    309.024
    -10.841    145.455    352.034   -522.482    -55.744     68.875    309.062
    -10.843    145.566    351.897   -523.101    -55.851     68.074    309.093
    -10.845    145.678    351.762   -523.719    -55.955     67.276    309.116
    -10.847    145.790    351.628   -524.337    -56.057     66.482    309.131
    -10.849    145.902    351.496   -524.955    -56.158     65.693    309.139
    -10.851    146.015    351.365   -525.574    -56.256     64.907    309.140
    -10.853    146.128    351.236   -526.192    -56.352     64.125    309.134
    -10.855    146.240    351.109   -526.810    -56.447     63.348    309.121
    -10.857    146.353    350.983   -527.428    -56.539     62.575    309.101
    -10.859    146.466    350.858   -528.046    -56.629     61.806    309.074
    -10.861    146.580    350.735   -528.665    -56.718     61.042    309.041
    -10.863    146.693    350.614   -529.283    -56.804     60.282    309.001
    -10.865    146.807    350.494   -529.901    -56.889     59.527    308.955
    -10.867    146.921    350.376   -530.518    -56.972     58.776    308.902
    -10.869    147.035    350.259   -531.136    -57.052     58.030    308.844
    -10.871    147.149    350.144   -531.754    -57.131     57.288    308.780
    -10.873    147.263    350.030   -532.371    -57.209     56.551    308.710
    -10.875    147.378    349.918   -532.989    -57.284     55.819    308.634
    -10.877    147.493    349.807   -533.606    -57.358     55.092    308.552
    -10.879    147.607    349.697   -534.223    -57.430     54.370    308.465
    -10.881    147.722    349.589   -534.840    -57.500     53.652    308.373
    -10.883    147.837    349.483   -535.456    -57.568     52.939    308.275
    -10.885    147.953    349.377   -536.073    -57.635     52.231    308.173
    -10.887    148.068    349.274   -536.689    -57.700     51.528    308.065
    -10.889    148.183    349.171   -537.305    -57.764     50.830    307.952
    -10.891    148.299    349.070   -537.921    -57.825     50.137    307.835
    -10.893    148.415    348.971   -538.536    -57.886     49.449    307.713
    -10.895    148.530    348.873   -539.152    -57.944     48.765    307.587
    -10.897    148.646    348.776   -539.767    -58.001     48.087    307.456
    -10.899    148.762    348.680   -540.381    -58.057     47.414    307.321
    -10.901    148.879    348.586   -540.996    -58.111     46.745    307.181
    -10.903    148.995    348.493   -541.610    -58.164     46.082    307.038
    -10.905    149.111    348.402   -542.224    -58.215     45.423    306.890
    -10.907    149.228    348.312   -542.838    -58.265     44.770    306.739
    -10.909    149.344    348.223   -543.451    -58.313     44.121    306.583
    -10.911    149.461    348.135   -544.064    -58.360     43.478    306.425
    -10.913    149.578    348.049   -544.677    -58.405     42.839    306.262
    -10.915    149.695    347.964   -545.289    -58.450     42.205    306.096
    -10.917    149.812    347.880   -545.901    -58.492     41.577    305.926
    -10.919    149.929    347.797   -546.513    -58.534     40.953    305.754
    -10.921    150.046    347.716   -547.124    -58.574     40.334    305.578
    -10.923    150.163    347.636   -547.735    -58.613     39.720    305.398
    -10.925    150.280    347.557   -548.346    -58.651     39.110    305.216
    -10.927    150.398    347.480   -548.956    -58.687     38.506    305.031
    -10.929    150.515    347.403   -549.566    -58.723     37.906    304.843
    -10.931    150.632    347.328   -550.175    -58.757     37.312    304.652
    -10.933    150.750    347.254   -550.784    -58.790     36.722    304.458
    -10.935    150.868    347.181   -551.393    -58.822     36.137    304.262
    -10.937    150.985    347.109   -552.002    -58.852     35.556    304.063
    -10.939    151.103    347.039   -552.609    -58.882     34.980    303.862
    -10.941    151.221    346.969   -553.217    -58.910     34.409    303.659
    -10.943    151.339    346.901   -553.824    -58.938     33.843    303.453
    -10.945    151.457    346.834   -554.431    -58.964     33.281    303.244
    -10.947    151.574    346.768   -555.037    -58.989     32.724    303.034
    -10.949    151.692    346.703   -555.643    -59.014     32.172    302.821
    -10.951    151.811    346.639   -556.248    -59.037     31.624    302.607
    -10.953    151.929    346.577   -556.853    -59.059     31.081    302.390
    -10.955    152.047    346.515   -557.458    -59.080     30.542    302.172
    -10.957    152.165    346.455   -558.062    -59.101     30.007    301.951
    -10.959    152.283    346.395   -558.666    -59.120     29.478    301.729
    -10.961    152.401    346.337   -559.269    -59.139     28.952    301.505
    -10.963    152.520    346.279   -559.872    -59.157     28.431    301.280
    -10.965    152.638    346.223   -560.474    -59.173     27.914    301.053
    -10.967    152.756    346.168   -561.076    -59.189     27.402    300.824
    -10.969    152.875    346.113   -561.677    -59.204     26.894    300.594
    -10.971    152.993    346.060   -562.278    -59.219     26.390    300.362
    -10.973    153.112    346.008   -562.879    -59.232     25.890    300.129
    -10.975    153.230    345.956   -563.479    -59.245     25.395    299.895
    -10.977    153.349    345.906   -564.078    -59.256     24.903    299.660
    -10.979    153.467    345.857   -564.677    -59.267     24.416    299.423
    -10.981    153.586    345.808   -565.276    -59.278     23.933    299.185
    -10.983    153.704    345.761   -565.874    -59.287     23.454    298.946
    -10.985    153.823    345.715   -566.472    -59.296     22.979    298.705
    -10.987    153.941    345.669   -567.069    -59.304     22.508    298.464
    -10.989    154.060    345.625   -567.666    -59.312     22.041    298.222
    -10.991    154.179    345.581   -568.262    -59.318     21.578    297.979
    -10.993    154.297    345.538   -568.858    -59.324     21.119    297.735
    -10.995    154.416    345.496   -569.453    -59.330     20.664    297.490
    -10.997    154.535    345.456   -570.048    -59.334     20.213    297.244
    -10.999    154.653    345.416   -570.642    -59.338     19.765    296.997
    -11.001    154.772    345.377   -571.236    -59.342     19.321    296.750
    -11.003    154.891    345.338   -571.829    -59.345     18.881    296.502
    -11.005    155.009    345.301   -572.422    -59.347     18.445    296.253
    -11.007    155.128    345.265   -573.014    -59.349     18.012    296.004
    -11.009    155.247    345.229   -573.606    -59.350     17.583    295.754
    -11.011    155.366    345.194   -574.197    -59.350     17.157    295.503
    -11.013    155.484    345.160   -574.788    -59.350     16.736    295.252
    -11.015    155.603    345.127   -575.378    -59.350     16.317    295.000
    -11.017    155.722    345.095   -575.968    -59.348     15.902    294.748
    -11.019    155.840    345.064   -576.557    -59.347     15.491    294.496
    -11.021    155.959    345.033   -577.146    -59.345     15.083    294.243
    -11.023    156.078    345.003   -577.734    -59.342     14.678    293.989
    -11.025    156.196    344.974   -578.322    -59.339     14.277    293.736
    -11.027    156.315    344.946   -578.909    -59.335     13.879    293.482
    -11.029    156.434    344.919   -579.495    -59.331     13.485    293.227
    -11.031    156.552    344.892   -580.082    -59.326     13.094    292.973
    -11.033    156.671    344.866   -580.667    -59.321     12.706    292.718
    -11.035    156.790    344.841   -581.253    -59.316     12.321    292.463
    -11.037    156.908    344.817   -581.837    -59.310     11.940    292.208
    -11.039    157.027    344.794   -582.421    -59.303     11.561    291.952
    -11.041    157.145    344.771   -583.005    -59.297     11.186    291.696
    -11.043    157.264    344.749   -583.588    -59.289     10.814    291.441
    -11.045    157.383    344.728   -584.171    -59.282     10.445    291.185
    -11.047    157.501    344.707   -584.753    -59.274     10.079    290.929
    -11.049    157.620    344.687   -585.334    -59.265      9.716    290.673
    -11.051    157.738    344.668   -585.916    -59.257      9.356    290.417
    -11.053    157.857    344.650   -586.496    -59.248      8.998    290.161
    -11.055    157.975    344.632   -587.076    -59.238      8.644    289.905
    -11.057    158.094    344.615   -587.656    -59.228      8.293    289.649
    -11.059    158.212    344.599   -588.235    -59.218      7.945    289.393
    -11.061    158.331    344.584   -588.813    -59.207      7.599    289.137
    -11.063    158.449    344.569   -589.391    -59.196      7.256    288.881
    -11.065    158.567    344.555   -589.969    -59.185      6.916    288.625
    -11.067    158.686    344.541   -590.546    -59.174      6.579    288.369
    -11.069    158.804    344.528   -591.122    -59.162      6.245    288.113
    -11.071    158.922    344.516   -591.698    -59.150      5.913    287.858
    -11.073    159.041    344.505   -592.274    -59.137      5.584    287.602
    -11.075    159.159    344.494   -592.849    -59.124      5.257    287.347
    -11.077    159.277    344.484   -593.423    -59.111      4.934    287.092
    -11.079    159.395    344.474   -593.997    -59.098      4.612    286.837
    -11.081    159.514    344.465   -594.571    -59.084      4.294    286.582
    -11.083    159.632    344.457   -595.143    -59.070      3.978    286.328
    -11.085    159.750    344.449   -595.716    -59.056      3.664    286.074
    -11.087    159.868    344.442   -596.288    -59.042      3.353    285.820
    -11.089    159.986    344.436   -596.859    -59.027      3.044    285.566
    -11.091    160.104    344.430   -597.430    -59.012      2.738    285.312
    -11.093    160.222    344.425   -598.000    -58.997      2.434    285.059
    -11.095    160.340    344.420   -598.570    -58.981      2.133    284.806
    -11.097    160.458    344.416   -599.140    -58.966      1.834    284.553
    -11.099    160.576    344.413   -599.708    -58.950      1.537    284.301
    -11.101    160.694    344.410   -600.277    -58.934      1.243    284.049
    -11.103    160.812    344.408   -600.845    -58.917      0.951    283.797
    -11.105    160.929    344.406   -601.412    -58.901      0.661    283.545
    -11.107    161.047    344.405   -601.979    -58.884      0.374    283.294
    -11.109    161.165    344.405   -602.545    -58.867      0.089    283.043
    -11.111    161.283    344.405   -603.111    -58.850     -0.194    282.793
    -11.113    161.400    344.406   -603.676    -58.833     -0.475    282.543
    -11.115    161.518    344.407   -604.241    -58.815     -0.754    282.293
    -11.117    161.636    344.409   -604.805    -58.797     -1.030    282.044
    -11.119    161.753    344.411   -605.369    -58.779     -1.305    281.795
    -11.121    161.871    344.414   -605.933    -58.761     -1.577    281.546
    -11.123    161.988    344.417   -606.495    -58.743     -1.847    281.298
    -11.125    162.106    344.421   -607.058    -58.725     -2.115    281.050
    -11.127    162.223    344.426   -607.620    -58.706     -2.381    280.803
    -11.129    162.341    344.431   -608.181    -58.687     -2.645    280.556
    -11.131    162.458    344.436   -608.742    -58.668     -2.907    280.309
    -11.133    162.575    344.442   -609.302    -58.649     -3.167    280.063
    -11.135    162.693    344.449   -609.862    -58.630     -3.425    279.817
    -11.137    162.810    344.456   -610.422    -58.610     -3.681    279.572
    -11.139    162.927    344.464   -610.980    -58.591     -3.935    279.327
    -11.141    163.044    344.472   -611.539    -58.571     -4.188    279.083
    -11.143    163.161    344.480   -612.097    -58.551     -4.438    278.839
    -11.145    163.278    344.490   -612.654    -58.531     -4.687    278.595
    -11.147    163.395    344.499   -613.211    -58.511     -4.933    278.352
    -11.149    163.512    344.509   -613.768    -58.491     -5.178    278.110
    -11.151    163.629    344.520   -614.324    -58.470     -5.421    277.867
    -11.153    163.746    344.531   -614.879    -58.450     -5.662    277.626
    -11.155    163.863    344.543   -615.434    -58.429     -5.902    277.385
    -11.157    163.980    344.555   -615.989    -58.409     -6.139    277.144
    -11.159    164.097    344.567   -616.543    -58.388     -6.375    276.904
    -11.161    164.214    344.580   -617.096    -58.367     -6.609    276.664
    -11.163    164.330    344.594   -617.649    -58.346     -6.842    276.425
    -11.165    164.447    344.607   -618.202    -58.324     -7.072    276.186
    -11.167    164.564    344.622   -618.754    -58.303     -7.301    275.948
    -11.169    164.680    344.637   -619.306    -58.282     -7.529    275.710
    -11.171    164.797    344.652   -619.857    -58.260     -7.755    275.473
    -11.173    164.913    344.668   -620.408    -58.239     -7.979    275.236
    -11.175    165.030    344.684   -620.958    -58.217     -8.201    275.000
    -11.177    165.146    344.700   -621.508    -58.195     -8.422    274.764
    -11.179    165.262    344.718   -622.057    -58.173     -8.641    274.529
    -11.181    165.379    344.735   -622.606    -58.151     -8.859    274.294
    -11.183    165.495    344.753   -623.154    -58.129     -9.075    274.060
    -11.185    165.611    344.771   -623.702    -58.107     -9.290    273.827
    -11.187    165.727    344.790   -624.249    -58.085     -9.503    273.593
    -11.189    165.844    344.809   -624.796    -58.063     -9.714    273.361
    -11.191    165.960    344.829   -625.343    -58.040     -9.924    273.129
    -11.193    166.076    344.849   -625.889    -58.018    -10.133    272.897
    -11.195    166.192    344.869   -626.434    -57.995    -10.340    272.666
    -11.197    166.308    344.890   -626.980    -57.973    -10.546    272.435
    -11.199    166.424    344.912   -627.524    -57.950    -10.750    272.205
    -11.201    166.540    344.933   -628.068    -57.927    -10.953    271.976
    -11.203    166.655    344.955   -628.612    -57.905    -11.154    271.747
    -11.205    166.771    344.978   -629.155    -57.882    -11.354    271.519
    -11.207    166.887    345.001   -629.698    -57.859    -11.553    271.291
    -11.209    167.003    345.024   -630.241    -57.836    -11.750    271.063
    -11.211    167.118    345.048   -630.782    -57.813    -11.946    270.836
    -11.213    167.234    345.072   -631.324    -57.790    -12.140    270.610
    -11.215    167.349    345.096   -631.865    -57.767    -12.333    270.384
    -11.217    167.465    345.121   -632.405    -57.743    -12.525    270.159
    -11.219    167.580    345.147   -632.946    -57.720    -12.715    269.934
    -11.221    167.696    345.172   -633.485    -57.697    -12.905    269.710
    -11.223    167.811    345.198   -634.024    -57.674    -13.092    269.487
    -11.225    167.926    345.225   -634.563    -57.650    -13.279    269.264
    -11.227    168.042    345.251   -635.101    -57.627    -13.464    269.041
    -11.229    168.157    345.278   -635.639    -57.603    -13.648    268.819
    -11.231    168.272    345.306   -636.177    -57.580    -13.831    268.598
    -11.233    168.387    345.334   -636.714    -57.556    -14.013    268.377
    -11.235    168.502    345.362   -637.250    -57.533    -14.193    268.156
    -11.237    168.617    345.390   -637.786    -57.509    -14.372    267.936
    -11.239    168.732    345.419   -638.322    -57.485    -14.550    267.717
    -11.241    168.847    345.449   -638.857    -57.462    -14.727    267.498
    -11.243    168.962    345.478   -639.392    -57.438    -14.903    267.280
    -11.245    169.077    345.508   -639.926    -57.414    -15.077    267.062
    -11.247    169.192    345.539   -640.460    -57.390    -15.250    266.845
    -11.249    169.307    345.569   -640.994    -57.366    -15.422    266.628
    -11.251    169.421    345.600   -641.527    -57.342    -15.593    266.412
    -11.253    169.536    345.632   -642.059    -57.319    -15.763    266.196
    -11.255    169.651    345.663   -642.591    -57.295    -15.932    265.981
    -11.257    169.765    345.695   -643.123    -57.271    -16.099    265.767
    -11.259    169.880    345.728   -643.655    -57.247    -16.266    265.553
    -11.261    169.994    345.760   -644.185    -57.223    -16.431    265.339
    -11.263    170.109    345.793   -644.716    -57.199    -16.596    265.126
    -11.265    170.223    345.827   -645.246    -57.175    -16.759    264.914
    -11.267    170.337    345.861   -645.776    -57.151    -16.921    264.702
    -11.269    170.452    345.895   -646.305    -57.126    -17.082    264.491
    -11.271    170.566    345.929   -646.834    -57.102    -17.243    264.280
    -11.273    170.680    345.963   -647.362    -57.078    -17.402    264.070
    -11.275    170.794    345.998   -647.890    -57.054    -17.560    263.860
    -11.277    170.908    346.034   -648.417    -57.030    -17.717    263.651
    -11.279    171.022    346.069   -648.944    -57.006    -17.873    263.442
    -11.281    171.136    346.105   -649.471    -56.982    -18.028    263.234
    -11.283    171.250    346.141   -649.997    -56.957    -18.182    263.026
    -11.285    171.364    346.178   -650.523    -56.933    -18.335    262.819
    -11.287    171.478    346.215   -651.049    -56.909    -18.487    262.612
    -11.289    171.592    346.252   -651.574    -56.885    -18.638    262.406
    -11.291    171.705    346.289   -652.098    -56.861    -18.789    262.201
    -11.293    171.819    346.327   -652.622    -56.836    -18.938    261.996
    -11.295    171.933    346.365   -653.146    -56.812    -19.086    261.791
    -11.297    172.046    346.403   -653.670    -56.788    -19.234    261.587
    -11.299    172.160    346.442   -654.193    -56.764    -19.380    261.383
    -11.301    172.273    346.481   -654.715    -56.739    -19.526    261.180
    -11.303    172.387    346.520   -655.237    -56.715    -19.670    260.978
    -11.305    172.500    346.560   -655.759    -56.691    -19.814    260.776
    -11.307    172.614    346.599   -656.280    -56.666    -19.957    260.574
    -11.309    172.727    346.639   -656.801    -56.642    -20.099    260.374
    -11.311    172.840    346.680   -657.322    -56.618    -20.240    260.173
    -11.313    172.953    346.720   -657.842    -56.594    -20.380    259.973
    -11.315    173.067    346.761   -658.362    -56.569    -20.520    259.774
    -11.317    173.180    346.802   -658.881    -56.545    -20.658    259.575
    -11.319    173.293    346.844   -659.400    -56.521    -20.796    259.376
    -11.321    173.406    346.886   -659.919    -56.496    -20.933    259.178
    -11.323    173.519    346.928   -660.437    -56.472    -21.069    258.981
    -11.325    173.632    346.970   -660.955    -56.448    -21.204    258.784
    -11.327    173.745    347.012   -661.472    -56.423    -21.338    258.588
    -11.329    173.857    347.055   -661.989    -56.399    -21.472    258.392
    -11.331    173.970    347.098   -662.506    -56.375    -21.605    258.196
    -11.333    174.083    347.142   -663.022    -56.351    -21.736    258.001
    -11.335    174.196    347.185   -663.538    -56.326    -21.868    257.807
    -11.337    174.308    347.229   -664.053    -56.302    -21.998    257.613
    -11.339    174.421    347.273   -664.568    -56.278    -22.128    257.420
    -11.341    174.533    347.318   -665.083    -56.254    -22.256    257.227
    -11.343    174.646    347.362   -665.597    -56.229    -22.384    257.034
    -11.345    174.758    347.407   -666.111    -56.205    -22.512    256.842
    -11.347    174.871    347.452   -666.624    -56.181    -22.638    256.651
    -11.349    174.983    347.498   -667.137    -56.157    -22.764    256.460
    -11.351    175.095    347.543   -667.650    -56.132    -22.889    256.269
    -11.353    175.207    347.589   -668.162    -56.108    -23.013    256.079
    -11.355    175.320    347.635   -668.674    -56.084    -23.137    255.889
    -11.357    175.432    347.682   -669.186    -56.060    -23.260    255.700
    -11.359    175.544    347.728   -669.697    -56.036    -23.382    255.512
    -11.361    175.656    347.775   -670.208    -56.012    -23.503    255.324
    -11.363    175.768    347.823   -670.718    -55.987    -23.624    255.136
    -11.365    175.880    347.870   -671.229    -55.963    -23.744    254.949
    -11.367    175.992    347.917   -671.738    -55.939    -23.863    254.762
    -11.369    176.104    347.965   -672.248    -55.915    -23.982    254.576
    -11.371    176.215    348.013   -672.757    -55.891    -24.100    254.390
    -11.373    176.327    348.062   -673.265    -55.867    -24.217    254.205
    -11.375    176.439    348.110   -673.773    -55.843    -24.334    254.020
    -11.377    176.551    348.159   -674.281    -55.819    -24.450    253.835
    -11.379    176.662    348.208   -674.789    -55.795    -24.565    253.651
    -11.381    176.774    348.257   -675.296    -55.771    -24.679    253.468
    -11.383    176.885    348.307   -675.803    -55.747    -24.793    253.285
    -11.385    176.997    348.356   -676.309    -55.723    -24.907    253.102
    -11.387    177.108    348.406   -676.815    -55.699    -25.019    252.920
    -11.389    177.220    348.457   -677.321    -55.675    -25.131    252.739
    -11.391    177.331    348.507   -677.826    -55.651    -25.243    252.558
    -11.393    177.442    348.558   -678.331    -55.627    -25.353    252.377
    -11.395    177.553    348.608   -678.835    -55.603    -25.464    252.197
    -11.397    177.665    348.659   -679.340    -55.579    -25.573    252.017
    -11.399    177.776    348.711   -679.844    -55.555    -25.682    251.837
    -11.401    177.887    348.762   -680.347    -55.531    -25.790    251.658
    -11.403    177.998    348.814   -680.850    -55.507    -25.898    251.480
    -11.405    178.109    348.866   -681.353    -55.484    -26.005    251.302
    -11.407    178.220    348.918   -681.855    -55.460    -26.111    251.124
    -11.409    178.331    348.970   -682.357    -55.436    -26.217    250.947
    -11.411    178.442    349.023   -682.859    -55.412    -26.323    250.770
    -11.413    178.552    349.075   -683.361    -55.389    -26.427    250.594
    -11.415    178.663    349.128   -683.862    -55.365    -26.531    250.418
    -11.417    178.774    349.182   -684.362    -55.341    -26.635    250.243
    -11.419    178.884    349.235   -684.863    -55.317    -26.738    250.068
    -11.421    178.995    349.289   -685.363    -55.294    -26.840    249.893
    -11.423    179.106    349.342   -685.862    -55.270    -26.942    249.719
    -11.425    179.216    349.396   -686.361    -55.246    -27.044    249.546
    -11.427    179.327    349.450   -686.860    -55.223    -27.144    249.372
    -11.429    179.437    349.505   -687.359    -55.199    -27.245    249.200
    -11.431    179.547    349.559   -687.857    -55.176    -27.344    249.027
    -11.433    179.658    349.614   -688.355    -55.152    -27.443    248.855
    -11.435    179.768    349.669   -688.853    -55.129    -27.542    248.684
    -11.437    179.878    349.724   -689.350    -55.105    -27.640    248.513
    -11.439    179.988    349.780   -689.847    -55.082    -27.738    248.342
    -11.441    180.099    349.835   -690.343    -55.058    -27.835    248.172
    -11.443    180.209    349.891   -690.839    -55.035    -27.931    248.002
    -11.445    180.319    349.947   -691.335    -55.011    -28.027    247.832
    -11.447    180.429    350.003   -691.831    -54.988    -28.123    247.663
    -11.449    180.539    350.060   -692.326    -54.965    -28.217    247.495
    -11.451    180.649    350.116   -692.821    -54.941    -28.312    247.326
    -11.453    180.758    350.173   -693.315    -54.918    -28.406    247.159
    -11.455    180.868    350.230   -693.809    -54.895    -28.499    246.991
    -11.457    180.978    350.287   -694.303    -54.871    -28.592    246.824
    -11.459    181.088    350.344   -694.796    -54.848    -28.685    246.658
    -11.461    181.197    350.402   -695.290    -54.825    -28.777    246.491
    -11.463    181.307    350.459   -695.782    -54.802    -28.868    246.326
    -11.465    181.417    350.517   -696.275    -54.779    -28.959    246.160
    -11.467    181.526    350.575   -696.767    -54.755    -29.050    245.995
    -11.469    181.636    350.633   -697.259    -54.732    -29.140    245.831
    -11.471    181.745    350.692   -697.750    -54.709    -29.229    245.667
    -11.473    181.854    350.750   -698.242    -54.686    -29.319    245.503
    -11.475    181.964    350.809   -698.732    -54.663    -29.407    245.339
    -11.477    182.073    350.868   -699.223    -54.640    -29.495    245.176
    -11.479    182.182    350.927   -699.713    -54.617    -29.583    245.014
    -11.481    182.292    350.986   -700.203    -54.594    -29.670    244.852
    -11.483    182.401    351.046   -700.693    -54.571    -29.757    244.690
    -11.485    182.510    351.105   -701.182    -54.548    -29.844    244.528
    -11.487    182.619    351.165   -701.671    -54.525    -29.930    244.367
    -11.489    182.728    351.225   -702.159    -54.503    -30.015    244.207
    -11.491    182.837    351.285   -702.647    -54.480    -30.100    244.046
    -11.493    182.946    351.345   -703.135    -54.457    -30.185    243.886
    -11.495    183.055    351.406   -703.623    -54.434    -30.269    243.727
    -11.497    183.164    351.466   -704.110    -54.411    -30.353    243.568
    -11.499    183.272    351.527   -704.597    -54.389    -30.436    243.409
    -11.501    183.381    351.588   -705.084    -54.366    -30.519    243.251
    -11.503    183.490    351.649   -705.570    -54.343    -30.602    243.092
    -11.505    183.599    351.710   -706.056    -54.321    -30.684    242.935
    -11.507    183.707    351.772   -706.542    -54.298    -30.765    242.778
    -11.509    183.816    351.834   -707.027    -54.275    -30.847    242.621
    -11.511    183.924    351.895   -707.513    -54.253    -30.928    242.464
    -11.513    184.033    351.957   -707.997    -54.230    -31.008    242.308
    -11.515    184.141    352.019   -708.482    -54.208    -31.088    242.152
    -11.517    184.250    352.082   -708.966    -54.185    -31.168    241.997
    -11.519    184.358    352.144   -709.450    -54.163    -31.247    241.842
    -11.521    184.466    352.207   -709.933    -54.140    -31.326    241.687
    -11.523    184.574    352.269   -710.417    -54.118    -31.404    241.533
    -11.525    184.683    352.332   -710.899    -54.095    -31.482    241.379
    -11.527    184.791    352.395   -711.382    -54.073    -31.560    241.225
    -11.529    184.899    352.458   -711.864    -54.051    -31.637    241.072
    -11.531    185.007    352.522   -712.346    -54.028    -31.714    240.919
    -11.533    185.115    352.585   -712.828    -54.006    -31.791    240.766
    -11.535    185.223    352.649   -713.309    -53.984    -31.867    240.614
    -11.537    185.331    352.713   -713.790    -53.962    -31.943    240.462
    -11.539    185.439    352.777   -714.271    -53.939    -32.018    240.311
    -11.541    185.547    352.841   -714.752    -53.917    -32.093    240.160
    -11.543    185.655    352.905   -715.232    -53.895    -32.168    240.009
    -11.545    185.762    352.970   -715.712    -53.873    -32.242    239.858
    -11.547    185.870    353.034   -716.191    -53.851    -32.316    239.708
    -11.549    185.978    353.099   -716.671    -53.829    -32.390    239.559
    -11.551    186.085    353.164   -717.150    -53.807    -32.463    239.409
    -11.553    186.193    353.229   -717.628    -53.785    -32.536    239.260
    -11.555    186.301    353.294   -718.107    -53.763    -32.609    239.111
    -11.557    186.408    353.359   -718.585    -53.741    -32.681    238.963
    -11.559    186.516    353.425   -719.062    -53.719    -32.753    238.815
    -11.561    186.623    353.490   -719.540    -53.697    -32.824    238.667
    -11.563    186.730    353.556   -720.017    -53.675    -32.895    238.520
    -11.565    186.838    353.622   -720.494    -53.653    -32.966    238.373
    -11.567    186.945    353.688   -720.971    -53.631    -33.037    238.226
    -11.569    187.052    353.754   -721.447    -53.610    -33.107    238.080
    -11.571    187.159    353.820   -721.923    -53.588    -33.177    237.934
    -11.573    187.267    353.887   -722.399    -53.566    -33.246    237.788
    -11.575    187.374    353.953   -722.874    -53.544    -33.315    237.643
    -11.577    187.481    354.020   -723.349    -53.523    -33.384    237.498
    -11.579    187.588    354.087   -723.824    -53.501    -33.453    237.353
    -11.581    187.695    354.154   -724.299    -53.479    -33.521    237.209
    -11.583    187.802    354.221   -724.773    -53.458    -33.589    237.064
    -11.585    187.909    354.288   -725.247    -53.436    -33.656    236.921
    -11.587    188.015    354.355   -725.721    -53.415    -33.723    236.777
    -11.589    188.122    354.423   -726.194    -53.393    -33.790    236.634
    -11.591    188.229    354.490   -726.667    -53.372    -33.857    236.491
    -11.593    188.336    354.558   -727.140    -53.350    -33.923    236.349
    -11.595    188.442    354.626   -727.612    -53.329    -33.989    236.207
    -11.597    188.549    354.694   -728.085    -53.307    -34.055    236.065
    -11.599    188.656    354.762   -728.557    -53.286    -34.120    235.924
    -11.601    188.762    354.831   -729.028    -53.265    -34.185    235.782
    -11.603    188.869    354.899   -729.500    -53.243    -34.250    235.641
    -11.605    188.975    354.968   -729.971    -53.222    -34.315    235.501
    -11.607    189.082    355.036   -730.442    -53.201    -34.379    235.361
    -11.609    189.188    355.105   -730.912    -53.180    -34.443    235.221
    -11.611    189.294    355.174   -731.383    -53.158    -34.506    235.081
    -11.613    189.401    355.243   -731.853    -53.137    -34.569    234.942
    -11.615    189.507    355.312   -732.323    -53.116    -34.632    234.803
    -11.617    189.613    355.382   -732.792    -53.095    -34.695    234.664
    -11.619    189.719    355.451   -733.261    -53.074    -34.757    234.526
    -11.621    189.825    355.521   -733.730    -53.053    -34.820    234.387
    -11.623    189.931    355.590   -734.199    -53.032    -34.881    234.250
    -11.625    190.037    355.660   -734.667    -53.011    -34.943    234.112
    -11.627    190.143    355.730   -735.135    -52.990    -35.004    233.975
    -11.629    190.249    355.800   -735.603    -52.969    -35.065    233.838
    -11.631    190.355    355.871   -736.071    -52.948    -35.126    233.701
    -11.633    190.461    355.941   -736.538    -52.927    -35.187    233.565
    -11.635    190.567    356.011   -737.005    -52.906    -35.247    233.429
    -11.637    190.673    356.082   -737.472    -52.885    -35.307    233.293
    -11.639    190.779    356.152   -737.938    -52.865    -35.366    233.158
    -11.641    190.884    356.223   -738.404    -52.844    -35.426    233.023
    -11.643    190.990    356.294   -738.870    -52.823    -35.485    232.888
    -11.645    191.096    356.365   -739.336    -52.802    -35.544    232.754
    -11.647    191.201    356.436   -739.801    -52.782    -35.602    232.619
    -11.649    191.307    356.508   -740.266    -52.761    -35.660    232.485
    -11.651    191.412    356.579   -740.731    -52.740    -35.719    232.352
    -11.653    191.518    356.651   -741.196    -52.720    -35.776    232.218
    -11.655    191.623    356.722   -741.660    -52.699    -35.834    232.085
    -11.657    191.728    356.794   -742.124    -52.679    -35.891    231.952
    -11.659    191.834    356.866   -742.588    -52.658    -35.948    231.820
    -11.661    191.939    356.938   -743.051    -52.638    -36.005    231.688
    -11.663    192.044    357.010   -743.514    -52.617    -36.062    231.556
    -11.665    192.150    357.082   -743.977    -52.597    -36.118    231.424
    -11.667    192.255    357.154   -744.440    -52.576    -36.174    231.292
    -11.669    192.360    357.227   -744.903    -52.556    -36.230    231.161
    -11.671    192.465    357.299   -745.365    -52.535    -36.285    231.030
    -11.673    192.570    357.372   -745.827    -52.515    -36.341    230.900
    -11.675    192.675    357.444   -746.288    -52.495    -36.396    230.770
    -11.677    192.780    357.517   -746.750    -52.475    -36.450    230.640
    -11.679    192.885    357.590   -747.211    -52.454    -36.505    230.510
    -11.681    192.990    357.663   -747.672    -52.434    -36.559    230.380
    -11.683    193.095    357.736   -748.132    -52.414    -36.613    230.251
    -11.685    193.199    357.810   -748.593    -52.394    -36.667    230.122
    -11.687    193.304    357.883   -749.053    -52.374    -36.721    229.994
    -11.689    193.409    357.957   -749.513    -52.353    -36.774    229.865
    -11.691    193.514    358.030   -749.972    -52.333    -36.828    229.737
    -11.693    193.618    358.104   -750.432    -52.313    -36.881    229.609
    -11.695    193.723    358.178   -750.891    -52.293    -36.933    229.482
    -11.697    193.827    358.252   -751.350    -52.273    -36.986    229.354
    -11.699    193.932    358.326   -751.808    -52.253    -37.038    229.227
    -11.701    194.036    358.400   -752.267    -52.233    -37.090    229.100
    -11.703    194.141    358.474   -752.725    -52.213    -37.142    228.974
    -11.705    194.245    358.548   -753.183    -52.193    -37.194    228.848
    -11.707    194.350    358.623   -753.640    -52.174    -37.245    228.722
    -11.709    194.454    358.697   -754.097    -52.154    -37.296    228.596
    -11.711    194.558    358.772   -754.554    -52.134    -37.347    228.470
    -11.713    194.663    358.847   -755.011    -52.114    -37.398    228.345
    -11.715    194.767    358.922   -755.468    -52.094    -37.448    228.220
    -11.717    194.871    358.997   -755.924    -52.075    -37.499    228.096
    -11.719    194.975    359.072   -756.380    -52.055    -37.549    227.971
    -11.721    195.079    359.147   -756.836    -52.035    -37.599    227.847
    -11.723    195.183    359.222   -757.292    -52.016    -37.648    227.723
    -11.725    195.287    359.297   -757.747    -51.996    -37.698    227.599
    -11.727    195.391    359.373   -758.202    -51.976    -37.747    227.476
    -11.729    195.495    359.448   -758.657    -51.957    -37.796    227.353
    -11.731    195.599    359.524   -759.111    -51.937    -37.845    227.230
    -11.733    195.703    359.600   -759.566    -51.918    -37.893    227.107
    -11.735    195.807    359.676   -760.020    -51.898    -37.942    226.984
    -11.737    195.910    359.752   -760.474    -51.879    -37.990    226.862
    -11.739    196.014    359.828   -760.927    -51.859    -38.038    226.740
    -11.741    196.118    359.904   -761.381    -51.840    -38.086    226.619
    -11.743    196.222    359.980   -761.834    -51.821    -38.134    226.497
    -11.745    196.325    360.056   -762.287    -51.801    -38.181    226.376
    -11.747    196.429    360.133   -762.739    -51.782    -38.228    226.255
    -11.749    196.532    360.209   -763.192    -51.763    -38.275    226.134
    -11.751    196.636    360.286   -763.644    -51.743    -38.322    226.014
    -11.753    196.739    360.362   -764.096    -51.724    -38.369    225.894
    -11.755    196.843    360.439   -764.547    -51.705    -38.415    225.774
    -11.757    196.946    360.516   -764.999    -51.686    -38.462    225.654
    -11.759    197.049    360.593   -765.450    -51.666    -38.508    225.534
    -11.761    197.153    360.670   -765.901    -51.647    -38.554    225.415
    -11.763    197.256    360.747   -766.352    -51.628    -38.599    225.296
    -11.765    197.359    360.824   -766.802    -51.609    -38.645    225.177
    -11.767    197.462    360.902   -767.252    -51.590    -38.690    225.059
    -11.769    197.566    360.979   -767.702    -51.571    -38.735    224.940
    -11.771    197.669    361.057   -768.152    -51.552    -38.780    224.822
    -11.773    197.772    361.134   -768.602    -51.533    -38.825    224.704
    -11.775    197.875    361.212   -769.051    -51.512    -38.869    224.577
    -11.777    197.978    361.290   -769.500    -51.491    -38.913    224.450
    -11.779    198.081    361.368   -769.949    -51.470    -38.956    224.323
    -11.781    198.184    361.446   -770.397    -51.449    -38.999    224.197
    -11.783    198.287    361.524   -770.846    -51.428    -39.043    224.071
    -11.785    198.389    361.602   -771.294    -51.407    -39.085    223.946
    -11.787    198.492    361.680   -771.741    -51.386    -39.128    223.820
    -11.789    198.595    361.758   -772.189    -51.365    -39.171    223.696
    -11.791    198.698    361.837   -772.636    -51.344    -39.213    223.571
    -11.793    198.800    361.915   -773.083    -51.324    -39.255    223.447
    -11.795    198.903    361.994   -773.530    -51.303    -39.297    223.323
    -11.797    199.006    362.072   -773.976    -51.283    -39.338    223.200
    -11.799    199.108    362.151   -774.423    -51.262    -39.380    223.076
    -11.801    199.211    362.230   -774.869    -51.241    -39.421    222.954
    -11.803    199.313    362.309   -775.315    -51.221    -39.462    222.831
    -11.805    199.416    362.388   -775.760    -51.201    -39.503    222.709
    -11.807    199.518    362.467   -776.205    -51.180    -39.544    222.587
    -11.809    199.620    362.546   -776.650    -51.160    -39.584    222.466
    -11.811    199.723    362.625   -777.095    -51.140    -39.624    222.345
    -11.813    199.825    362.704   -777.540    -51.119    -39.664    222.224
    -11.815    199.927    362.784   -777.984    -51.099    -39.704    222.103
    -11.817    200.029    362.863   -778.428    -51.079    -39.744    221.983
    -11.819    200.131    362.943   -778.872    -51.059    -39.783    221.863
    -11.821    200.233    363.022   -779.316    -51.039    -39.823    221.744
    -11.823    200.336    363.102   -779.759    -51.019    -39.862    221.625
    -11.825    200.438    363.182   -780.202    -50.999    -39.901    221.506
    -11.827    200.539    363.262   -780.645    -50.979    -39.940    221.387
    -11.829    200.641    363.342   -781.088    -50.959    -39.978    221.269
    -11.831    200.743    363.422   -781.530    -50.939    -40.017    221.151
    -11.833    200.845    363.502   -781.972    -50.919    -40.055    221.033
    -11.835    200.947    363.582   -782.414    -50.900    -40.093    220.916
    -11.837    201.049    363.662   -782.856    -50.880    -40.131    220.799
    -11.839    201.151    363.742   -783.297    -50.860    -40.168    220.682
    -11.841    201.252    363.823   -783.739    -50.841    -40.206    220.566
    -11.843    201.354    363.903   -784.180    -50.821    -40.243    220.450
    -11.845    201.456    363.984   -784.620    -50.801    -40.280    220.334
    -11.847    201.557    364.064   -785.061    -50.782    -40.317    220.219
    -11.849    201.659    364.145   -785.501    -50.762    -40.354    220.103
    -11.851    201.760    364.226   -785.941    -50.743    -40.391    219.989
    -11.853    201.862    364.306   -786.381    -50.724    -40.427    219.874
    -11.855    201.963    364.387   -786.821    -50.704    -40.463    219.760
    -11.857    202.064    364.468   -787.260    -50.685    -40.499    219.646
    -11.859    202.166    364.549   -787.700    -50.666    -40.535    219.532
    -11.861    202.267    364.630   -788.138    -50.647    -40.571    219.419
    -11.863    202.368    364.712   -788.577    -50.627    -40.607    219.306
    -11.865    202.470    364.793   -789.016    -50.608    -40.642    219.193
    -11.867    202.571    364.874   -789.454    -50.589    -40.677    219.081
    -11.869    202.672    364.956   -789.892    -50.570    -40.713    218.968
    -11.871    202.773    365.037   -790.330    -50.551    -40.748    218.856
    -11.873    202.874    365.119   -790.767    -50.532    -40.782    218.745
    -11.875    202.975    365.200   -791.205    -50.513    -40.817    218.634
    -11.877    203.076    365.282   -791.642    -50.494    -40.852    218.523
    -11.879    203.177    365.364   -792.079    -50.476    -40.886    218.412
    -11.881    203.278    365.445   -792.516    -50.457    -40.920    218.301
    -11.883    203.379    365.527   -792.952    -50.438    -40.954    218.191
    -11.885    203.480    365.609   -793.388    -50.419    -40.988    218.081
    -11.887    203.581    365.691   -793.824    -50.401    -41.022    217.972
    -11.889    203.681    365.773   -794.260    -50.382    -41.055    217.862
    -11.891    203.782    365.855   -794.696    -50.363    -41.089    217.753
    -11.893    203.883    365.938   -795.131    -50.345    -41.122    217.644
    -11.895    203.984    366.020   -795.566    -50.326    -41.155    217.536
    -11.897    204.084    366.102   -796.001    -50.308    -41.188    217.428
    -11.899    204.185    366.185   -796.436    -50.289    -41.221    217.320
    -11.901    204.285    366.267   -796.871    -50.271    -41.253    217.212
    -11.903    204.386    366.350   -797.305    -50.252    -41.286    217.105
    -11.905    204.486    366.432   -797.739    -50.234    -41.318    216.997
    -11.907    204.587    366.515   -798.173    -50.216    -41.350    216.890
    -11.909    204.687    366.598   -798.607    -50.198    -41.382    216.784
    -11.911    204.788    366.681   -799.040    -50.179    -41.414    216.677
    -11.913    204.888    366.763   -799.473    -50.161    -41.446    216.571
    -11.915    204.988    366.846   -799.906    -50.143    -41.478    216.466
    -11.917    205.089    366.929   -800.339    -50.125    -41.509    216.360
    -11.919    205.189    367.012   -800.772    -50.107    -41.541    216.255
    -11.921    205.289    367.095   -801.204    -50.089    -41.572    216.150
    -11.923    205.389    367.179   -801.636    -50.071    -41.603    216.045
    -11.925    205.489    367.262   -802.068    -50.053    -41.634    215.940
    -11.927    205.589    367.345   -802.500    -50.035    -41.665    215.836
    -11.929    205.689    367.429   -802.932    -50.017    -41.695    215.732
    -11.931    205.789    367.512   -803.363    -49.999    -41.726    215.628
    -11.933    205.889    367.595   -803.794    -49.981    -41.756    215.525
    -11.935    205.989    367.679   -804.225    -49.964    -41.787    215.422
    -11.937    206.089    367.763   -804.656    -49.946    -41.817    215.319
    -11.939    206.189    367.846   -805.087    -49.928    -41.847    215.216
    -11.941    206.289    367.930   -805.517    -49.911    -41.877    215.113
    -11.943    206.389    368.014   -805.947    -49.893    -41.906    215.011
    -11.945    206.489    368.098   -806.377    -49.875    -41.936    214.909
    -11.947    206.588    368.181   -806.807    -49.858    -41.966    214.807
    -11.949    206.688    368.265   -807.236    -49.840    -41.995    214.706
    -11.951    206.788    368.349   -807.665    -49.823    -42.024    214.605
    -11.953    206.887    368.434   -808.095    -49.805    -42.053    214.504
    -11.955    206.987    368.518   -808.523    -49.788    -42.082    214.403
    -11.957    207.086    368.602   -808.952    -49.770    -42.111    214.302
    -11.959    207.186    368.686   -809.381    -49.753    -42.140    214.202
    -11.961    207.285    368.770   -809.809    -49.736    -42.168    214.102
    -11.963    207.385    368.855   -810.237    -49.719    -42.197    214.002
    -11.965    207.484    368.939   -810.665    -49.701    -42.225    213.903
    -11.967    207.584    369.024   -811.093    -49.684    -42.253    213.803
    -11.969    207.683    369.108   -811.520    -49.667    -42.281    213.704
    -11.971    207.782    369.193   -811.948    -49.650    -42.309    213.605
    -11.973    207.882    369.277   -812.375    -49.633    -42.337    213.507
    -11.975    207.981    369.362   -812.802    -49.616    -42.365    213.408
    -11.977    208.080    369.447   -813.228    -49.599    -42.393    213.310
    -11.979    208.179    369.532   -813.655    -49.582    -42.420    213.212
    -11.981    208.278    369.617   -814.081    -49.565    -42.448    213.115
    -11.983    208.378    369.702   -814.507    -49.548    -42.475    213.017
    -11.985    208.477    369.787   -814.933    -49.531    -42.502    212.920
    -11.987    208.576    369.872   -815.359    -49.514    -42.529    212.823
    -11.989    208.675    369.957   -815.784    -49.497    -42.556    212.726
    -11.991    208.774    370.042   -816.210    -49.480    -42.583    212.630
    -11.993    208.873    370.127   -816.635    -49.463    -42.610    212.533
    -11.995    208.972    370.212   -817.060    -49.447    -42.636    212.437
    -11.997    209.070    370.298   -817.485    -49.430    -42.663    212.341
    -11.999    209.169    370.383   -817.909    -49.413    -42.689    212.246
    -12.001    209.268    370.468   -818.334    -49.397    -42.715    212.150
    -12.003    209.367    370.554   -818.758    -49.380    -42.741    212.055
    -12.005    209.466    370.639   -819.182    -49.364    -42.767    211.960
    -12.007    209.564    370.725   -819.606    -49.347    -42.793    211.865
    -12.009    209.663    370.810   -820.029    -49.330    -42.819    211.771
    -12.011    209.762    370.896   -820.453    -49.314    -42.845    211.677
    -12.013    209.860    370.982   -820.876    -49.298    -42.870    211.582
    -12.015    209.959    371.068   -821.299    -49.281    -42.896    211.489
    -12.017    210.057    371.153   -821.722    -49.265    -42.921    211.395
    -12.019    210.156    371.239   -822.145    -49.248    -42.947    211.301
    -12.021    210.254    371.325   -822.567    -49.232    -42.972    211.208
    -12.023    210.353    371.411   -822.990    -49.216    -42.997    211.115
    -12.025    210.451    371.497   -823.412    -49.200    -43.022    211.022
    -12.027    210.550    371.583   -823.834    -49.183    -43.047    210.930
    -12.029    210.648    371.669   -824.255    -49.167    -43.071    210.837
    -12.031    210.746    371.755   -824.677    -49.151    -43.096    210.745
    -12.033    210.845    371.842   -825.098    -49.135    -43.121    210.653
    -12.035    210.943    371.928   -825.520    -49.119    -43.145    210.561
    -12.037    211.041    372.014   -825.941    -49.103    -43.169    210.470
    -12.039    211.139    372.101   -826.362    -49.087    -43.194    210.379
    -12.041    211.237    372.187   -826.782    -49.071    -43.218    210.287
    -12.043    211.335    372.274   -827.203    -49.055    -43.242    210.196
    -12.045    211.434    372.360   -827.623    -49.039    -43.266    210.106
    -12.047    211.532    372.447   -828.043    -49.023    -43.290    210.015
    -12.049    211.630    372.533   -828.463    -49.007    -43.313    209.925
    -12.051    211.728    372.620   -828.883    -48.991    -43.337    209.835
    -12.053    211.826    372.707   -829.302    -48.975    -43.361    209.745
    -12.055    211.924    372.793   -829.722    -48.959    -43.384    209.655
    -12.057    212.021    372.880   -830.141    -48.944    -43.407    209.566
    -12.059    212.119    372.967   -830.560    -48.928    -43.431    209.476
    -12.061    212.217    373.054   -830.979    -48.912    -43.454    209.387
    -12.063    212.315    373.141   -831.398    -48.897    -43.477    209.298
    -12.065    212.413    373.228   -831.816    -48.881    -43.500    209.210
    -12.067    212.510    373.315   -832.234    -48.865    -43.523    209.121
    -12.069    212.608    373.402   -832.653    -48.850    -43.546    209.033
    -12.071    212.706    373.489   -833.071    -48.834    -43.568    208.945
    -12.073    212.804    373.576   -833.488    -48.819    -43.591    208.857
    -12.075    212.901    373.663   -833.906    -48.803    -43.613    208.769
    -12.077    212.999    373.751   -834.323    -48.788    -43.636    208.681
    -12.079    213.096    373.838   -834.741    -48.772    -43.658    208.594
    -12.081    213.194    373.925   -835.158    -48.757    -43.680    208.507
    -12.083    213.291    374.013   -835.575    -48.742    -43.703    208.420
    -12.085    213.389    374.100   -835.992    -48.726    -43.725    208.333
    -12.087    213.486    374.187   -836.408    -48.711    -43.747    208.246
    -12.089    213.584    374.275   -836.824    -48.696    -43.768    208.160
    -12.091    213.681    374.363   -837.241    -48.680    -43.790    208.074
    -12.093    213.778    374.450   -837.657    -48.665    -43.812    207.988
    -12.095    213.876    374.538   -838.073    -48.650    -43.834    207.902
    -12.097    213.973    374.625   -838.488    -48.635    -43.855    207.816
    -12.099    214.070    374.713   -838.904    -48.620    -43.877    207.731
    -12.101    214.167    374.801   -839.319    -48.604    -43.898    207.645
    -12.103    214.265    374.889   -839.735    -48.589    -43.919    207.560
    -12.105    214.362    374.977   -840.150    -48.574    -43.940    207.475
    -12.107    214.459    375.065   -840.564    -48.559    -43.962    207.391
    -12.109    214.556    375.152   -840.979    -48.544    -43.983    207.306
    -12.111    214.653    375.240   -841.394    -48.529    -44.004    207.222
    -12.113    214.750    375.328   -841.808    -48.514    -44.024    207.138
    -12.115    214.847    375.417   -842.222    -48.499    -44.045    207.054
    -12.117    214.944    375.505   -842.636    -48.484    -44.066    206.970
    -12.119    215.041    375.593   -843.050    -48.470    -44.087    206.886
    -12.121    215.138    375.681   -843.464    -48.455    -44.107    206.803
    -12.123    215.235    375.769   -843.877    -48.440    -44.128    206.719
    -12.125    215.332    375.858   -844.291    -48.425    -44.148    206.636
    -12.127    215.429    375.946   -844.704    -48.410    -44.168    206.553
    -12.129    215.525    376.034   -845.117    -48.396    -44.188    206.470
    -12.131    215.622    376.123   -845.530    -48.381    -44.209    206.388
    -12.133    215.719    376.211   -845.942    -48.366    -44.229    206.305
    -12.135    215.816    376.300   -846.355    -48.351    -44.249    206.223
    -12.137    215.912    376.388   -846.767    -48.337    -44.268    206.141
    -12.139    216.009    376.477   -847.180    -48.322    -44.288    206.059
    -12.141    216.106    376.565   -847.592    -48.308    -44.308    205.977
    -12.143    216.202    376.654   -848.003    -48.293    -44.328    205.896
    -12.145    216.299    376.742   -848.415    -48.279    -44.347    205.815
    -12.147    216.395    376.831   -848.827    -48.264    -44.367    205.733
    -12.149    216.492    376.920   -849.238    -48.250    -44.386    205.652
    -12.151    216.588    377.009   -849.649    -48.235    -44.406    205.571
    -12.153    216.685    377.098   -850.060    -48.221    -44.425    205.491
    -12.155    216.781    377.186   -850.471    -48.206    -44.444    205.410
    -12.157    216.878    377.275   -850.882    -48.192    -44.463    205.330
    -12.159    216.974    377.364   -851.293    -48.178    -44.482    205.250
    -12.161    217.070    377.453   -851.703    -48.163    -44.501    205.170
    -12.163    217.167    377.542   -852.113    -48.149    -44.520    205.090
    -12.165    217.263    377.631   -852.523    -48.135    -44.539    205.010
    -12.167    217.359    377.720   -852.933    -48.120    -44.558    204.930
    -12.169    217.455    377.810   -853.343    -48.106    -44.577    204.851
    -12.171    217.552    377.899   -853.753    -48.092    -44.595    204.772
    -12.173    217.648    377.988   -854.162    -48.078    -44.614    204.693
    -12.175    217.744    378.077   -854.571    -48.064    -44.632    204.614
    -12.177    217.840    378.167   -854.981    -48.050    -44.651    204.535
    -12.179    217.936    378.256   -855.390    -48.035    -44.669    204.457
    -12.181    218.032    378.345   -855.798    -48.021    -44.687    204.378
    -12.183    218.128    378.435   -856.207    -48.007    -44.705    204.300
    -12.185    218.224    378.524   -856.616    -47.993    -44.724    204.222
    -12.187    218.320    378.613   -857.024    -47.979    -44.742    204.144
    -12.189    218.416    378.703   -857.432    -47.965    -44.760    204.066
    -12.191    218.512    378.793   -857.840    -47.951    -44.777    203.989
    -12.193    218.608    378.882   -858.248    -47.938    -44.795    203.911
    -12.195    218.704    378.972   -858.656    -47.924    -44.813    203.834
    -12.197    218.800    379.061   -859.064    -47.910    -44.831    203.757
    -12.199    218.895    379.151   -859.471    -47.896    -44.849    203.680
    -12.201    218.991    379.241   -859.878    -47.882    -44.866    203.603
    -12.203    219.087    379.330   -860.285    -47.868    -44.884    203.526
    -12.205    219.183    379.420   -860.692    -47.854    -44.901    203.450
    -12.207    219.278    379.510   -861.099    -47.841    -44.918    203.373
    -12.209    219.374    379.600   -861.506    -47.827    -44.936    203.297
    -12.211    219.470    379.690   -861.912    -47.813    -44.953    203.221
    -12.213    219.565    379.780   -862.319    -47.800    -44.970    203.145
    -12.215    219.661    379.870   -862.725    -47.786    -44.987    203.070
    -12.217    219.756    379.960   -863.131    -47.772    -45.004    202.994
    -12.219    219.852    380.050   -863.537    -47.759    -45.021    202.918
    -12.221    219.948    380.140   -863.943    -47.745    -45.038    202.843
    -12.223    220.043    380.230   -864.348    -47.732    -45.055    202.768
    -12.225    220.138    380.320   -864.754    -47.718    -45.072    202.693
    -12.227    220.234    380.410   -865.159    -47.704    -45.089    202.618
    -12.229    220.329    380.500   -865.564    -47.691    -45.105    202.543
    -12.231    220.425    380.591   -865.969    -47.678    -45.122    202.469
    -12.233    220.520    380.681   -866.374    -47.664    -45.139    202.395
    -12.235    220.615    380.771   -866.779    -47.651    -45.155    202.320
    -12.237    220.711    380.861   -867.183    -47.637    -45.171    202.246
    -12.239    220.806    380.952   -867.588    -47.624    -45.188    202.172
    -12.241    220.901    381.042   -867.992    -47.611    -45.204    202.098
    -12.243    220.996    381.133   -868.396    -47.597    -45.220    202.025
    -12.245    221.091    381.223   -868.800    -47.584    -45.237    201.951
    -12.247    221.187    381.314   -869.204    -47.571    -45.253    201.878
    -12.249    221.282    381.404   -869.608    -47.557    -45.269    201.805
    -12.251    221.377    381.495   -870.011    -47.544    -45.285    201.731
    -12.253    221.472    381.585   -870.415    -47.531    -45.301    201.659
    -12.255    221.567    381.676   -870.818    -47.518    -45.317    201.586
    -12.257    221.662    381.767   -871.221    -47.504    -45.332    201.513
    -12.259    221.757    381.857   -871.624    -47.491    -45.348    201.440
    -12.261    221.852    381.948   -872.027    -47.478    -45.364    201.368
    -12.263    221.947    382.039   -872.429    -47.465    -45.379    201.296
    -12.265    222.042    382.129   -872.832    -47.452    -45.395    201.224
    -12.267    222.137    382.220   -873.234    -47.439    -45.411    201.152
    -12.269    222.232    382.311   -873.636    -47.426    -45.426    201.080
    -12.271    222.326    382.402   -874.039    -47.413    -45.442    201.008
    -12.273    222.421    382.493   -874.441    -47.400    -45.457    200.937
    -12.275    222.516    382.584   -874.842    -47.387    -45.472    200.865
    -12.277    222.611    382.675   -875.244    -47.374    -45.487    200.794
    -12.279    222.705    382.766   -875.645    -47.361    -45.503    200.723
    -12.281    222.800    382.857   -876.047    -47.348    -45.518    200.652
    -12.283    222.895    382.948   -876.448    -47.335    -45.533    200.581
    -12.285    222.990    383.039   -876.849    -47.322    -45.548    200.510
    -12.287    223.084    383.130   -877.250    -47.309    -45.563    200.440
    -12.289    223.179    383.221   -877.651    -47.297    -45.578    200.369
    -12.291    223.273    383.312   -878.052    -47.284    -45.593    200.299
    -12.293    223.368    383.403   -878.452    -47.271    -45.607    200.229
    -12.295    223.462    383.495   -878.853    -47.258    -45.622    200.159
    -12.297    223.557    383.586   -879.253    -47.245    -45.637    200.089
    -12.299    223.651    383.677   -879.653    -47.233    -45.652    200.019
    -12.301    223.746    383.769   -880.053    -47.220    -45.666    199.949
    -12.303    223.840    383.860   -880.453    -47.207    -45.681    199.880
    -12.305    223.935    383.951   -880.852    -47.195    -45.695    199.810
    -12.307    224.029    384.043   -881.252    -47.182    -45.710    199.741
    -12.309    224.123    384.134   -881.651    -47.169    -45.724    199.672
    -12.311    224.218    384.226   -882.051    -47.157    -45.738    199.603
    -12.313    224.312    384.317   -882.450    -47.144    -45.753    199.534
    -12.315    224.406    384.409   -882.849    -47.132    -45.767    199.465
    -12.317    224.501    384.500   -883.248    -47.119    -45.781    199.397
    -12.319    224.595    384.592   -883.646    -47.107    -45.795    199.328
    -12.321    224.689    384.683   -884.045    -47.094    -45.809    199.260
    -12.323    224.783    384.775   -884.443    -47.082    -45.823    199.192
    -12.325    224.877    384.867   -884.842    -47.069    -45.837    199.123
    -12.327    224.971    384.958   -885.240    -47.057    -45.851    199.055
    -12.329    225.066    385.050   -885.638    -47.044    -45.865    198.988
    -12.331    225.160    385.142   -886.036    -47.032    -45.879    198.920
    -12.333    225.254    385.234   -886.434    -47.020    -45.893    198.852
    -12.335    225.348    385.325   -886.831    -47.007    -45.906    198.785
    -12.337    225.442    385.417   -887.229    -46.995    -45.920    198.717
    -12.339    225.536    385.509   -887.626    -46.983    -45.934    198.650
    -12.341    225.630    385.601   -888.023    -46.970    -45.947    198.583
    -12.343    225.724    385.693   -888.420    -46.958    -45.961    198.516
    -12.345    225.817    385.785   -888.817    -46.946    -45.974    198.449
    -12.347    225.911    385.877   -889.214    -46.934    -45.988    198.383
    -12.349    226.005    385.969   -889.611    -46.921    -46.001    198.316
    -12.351    226.099    386.061   -890.007    -46.909    -46.014    198.249
    -12.353    226.193    386.153   -890.404    -46.897    -46.028    198.183
    -12.355    226.287    386.245   -890.800    -46.885    -46.041    198.117
    -12.357    226.380    386.337   -891.196    -46.873    -46.054    198.051
    -12.359    226.474    386.429   -891.592    -46.861    -46.067    197.985
    -12.361    226.568    386.521   -891.988    -46.848    -46.080    197.919
    -12.363    226.662    386.613   -892.384    -46.836    -46.093    197.853
    -12.365    226.755    386.706   -892.780    -46.824    -46.106    197.787
    -12.367    226.849    386.798   -893.175    -46.812    -46.119    197.722
    -12.369    226.942    386.890   -893.571    -46.800    -46.132    197.657
    -12.371    227.036    386.982   -893.966    -46.788    -46.145    197.591
    -12.373    227.130    387.075   -894.361    -46.776    -46.158    197.526
    -12.375    227.223    387.167   -894.756    -46.764    -46.171    197.461
    -12.377    227.317    387.259   -895.151    -46.752    -46.183    197.396
    -12.379    227.410    387.352   -895.546    -46.740    -46.196    197.331
    -12.381    227.504    387.444   -895.940    -46.729    -46.209    197.267
    -12.383    227.597    387.537   -896.335    -46.717    -46.221    197.202
    -12.385    227.690    387.629   -896.729    -46.705    -46.234    197.138
    -12.387    227.784    387.721   -897.123    -46.693    -46.246    197.073
    -12.389    227.877    387.814   -897.517    -46.681    -46.259    197.009
    -12.391    227.971    387.906   -897.911    -46.669    -46.271    196.945
    -12.393    228.064    387.999   -898.305    -46.657    -46.284    196.881
    -12.395    228.157    388.092   -898.699    -46.646    -46.296    196.817
    -12.397    228.251    388.184   -899.092    -46.634    -46.308    196.753
    -12.399    228.344    388.277   -899.486    -46.622    -46.321    196.690
    -12.401    228.437    388.370   -899.879    -46.610    -46.333    196.626
    -12.403    228.530    388.462   -900.272    -46.599    -46.345    196.563
    -12.405    228.623    388.555   -900.665    -46.587    -46.357    196.499
    -12.407    228.717    388.648   -901.058    -46.575    -46.369    196.436
    -12.409    228.810    388.740   -901.451    -46.564    -46.381    196.373
    -12.411    228.903    388.833   -901.844    -46.552    -46.393    196.310
    -12.413    228.996    388.926   -902.236    -46.541    -46.405    196.247
    -12.415    229.089    389.019   -902.629    -46.529    -46.417    196.184
    -12.417    229.182    389.112   -903.021    -46.517    -46.429    196.122
    -12.419    229.275    389.204   -903.413    -46.506    -46.441    196.059
    -12.421    229.368    389.297   -903.805    -46.494    -46.452    195.997
    -12.423    229.461    389.390   -904.197    -46.483    -46.464    195.934
    -12.425    229.554    389.483   -904.589    -46.471    -46.476    195.872
    -12.427    229.647    389.576   -904.981    -46.460    -46.488    195.810
    -12.429    229.740    389.669   -905.372    -46.448    -46.499    195.748
    -12.431    229.833    389.762   -905.764    -46.437    -46.511    195.686
    -12.433    229.926    389.855   -906.155    -46.425    -46.522    195.624
    -12.435    230.018    389.948   -906.546    -46.414    -46.534    195.563
    -12.437    230.111    390.041   -906.937    -46.403    -46.545    195.501
    -12.439    230.204    390.134   -907.328    -46.391    -46.557    195.440
    -12.441    230.297    390.228   -907.719    -46.380    -46.568    195.378
    -12.443    230.390    390.321   -908.110    -46.368    -46.579    195.317
    -12.445    230.482    390.414   -908.500    -46.357    -46.591    195.256
    -12.447    230.575    390.507   -908.891    -46.346    -46.602    195.195
    -12.449    230.668    390.600   -909.281    -46.335    -46.613    195.134
    -12.451    230.760    390.694   -909.671    -46.323    -46.624    195.073
    -12.453    230.853    390.787   -910.061    -46.312    -46.636    195.013
    -12.455    230.946    390.880   -910.451    -46.301    -46.647    194.952
    -12.457    231.038    390.973   -910.841    -46.290    -46.658    194.891
    -12.459    231.131    391.067   -911.231    -46.278    -46.669    194.831
    -12.461    231.223    391.160   -911.620    -46.267    -46.680    194.771
    -12.463    231.316    391.253   -912.010    -46.256    -46.691    194.711
    -12.465    231.408    391.347   -912.399    -46.245    -46.702    194.650
    -12.467    231.501    391.440   -912.789    -46.234    -46.713    194.590
    -12.469    231.593    391.534   -913.178    -46.222    -46.723    194.531
    -12.471    231.686    391.627   -913.567    -46.211    -46.734    194.471
    -12.473    231.778    391.721   -913.956    -46.200    -46.745    194.411
    -12.475    231.870    391.814   -914.344    -46.189    -46.756    194.352
    -12.477    231.963    391.908   -914.733    -46.178    -46.766    194.292
    -12.479    232.055    392.001   -915.122    -46.167    -46.777    194.233
    -12.481    232.147    392.095   -915.510    -46.156    -46.788    194.173
    -12.483    232.240    392.188   -915.898    -46.145    -46.798    194.114
    -12.485    232.332    392.282   -916.286    -46.134    -46.809    194.055
    -12.487    232.424    392.376   -916.674    -46.123    -46.819    193.996
    -12.489    232.517    392.469   -917.062    -46.112    -46.830    193.937
    -12.491    232.609    392.563   -917.450    -46.101    -46.840    193.879
    -12.493    232.701    392.657   -917.838    -46.090    -46.851    193.820
    -12.495    232.793    392.750   -918.225    -46.079    -46.861    193.761
    -12.497    232.885    392.844   -918.613    -46.068    -46.871    193.703
    -12.499    232.977    392.938   -919.000    -46.058    -46.882    193.645
    -12.501    233.070    393.032   -919.387    -46.047    -46.892    193.586
    -12.503    233.162    393.125   -919.775    -46.036    -46.902    193.528
    -12.505    233.254    393.219   -920.162    -46.025    -46.912    193.470
    -12.507    233.346    393.313   -920.548    -46.014    -46.923    193.412
    -12.509    233.438    393.407   -920.935    -46.003    -46.933    193.354
    -12.511    233.530    393.501   -921.322    -45.993    -46.943    193.296
    -12.513    233.622    393.595   -921.708    -45.982    -46.953    193.239
    -12.515    233.714    393.689   -922.095    -45.971    -46.963    193.181
    -12.517    233.806    393.782   -922.481    -45.960    -46.973    193.124
    -12.519    233.897    393.876   -922.867    -45.950    -46.983    193.066
    -12.521    233.989    393.970   -923.253    -45.939    -46.993    193.009
    -12.523    234.081    394.064   -923.639    -45.928    -47.003    192.952
    -12.525    234.173    394.158   -924.025    -45.918    -47.012    192.895
    -12.527    234.265    394.252   -924.411    -45.907    -47.022    192.838
    -12.529    234.357    394.346   -924.797    -45.896    -47.032    192.781
    -12.531    234.448    394.441   -925.182    -45.886    -47.042    192.724
    -12.533    234.540    394.535   -925.567    -45.875    -47.052    192.667
    -12.535    234.632    394.629   -925.953    -45.864    -47.061    192.610
    -12.537    234.724    394.723   -926.338    -45.854    -47.071    192.554
    -12.539    234.815    394.817   -926.723    -45.843    -47.081    192.497
    -12.541    234.907    394.911   -927.108    -45.833    -47.090    192.441
    -12.543    234.999    395.005   -927.493    -45.822    -47.100    192.385
    -12.545    235.090    395.100   -927.877    -45.812    -47.109    192.329
    -12.547    235.182    395.194   -928.262    -45.801    -47.119    192.273
    -12.549    235.274    395.288   -928.647    -45.791    -47.128    192.217
    -12.551    235.365    395.382   -929.031    -45.780    -47.138    192.161
    -12.553    235.457    395.477   -929.415    -45.770    -47.147    192.105
    -12.555    235.548    395.571   -929.799    -45.759    -47.156    192.049
    -12.557    235.640    395.665   -930.183    -45.749    -47.166    191.994
    -12.559    235.731    395.760   -930.567    -45.739    -47.175    191.938
    -12.561    235.823    395.854   -930.951    -45.728    -47.184    191.883
    -12.563    235.914    395.948   -931.335    -45.718    -47.194    191.827
    -12.565    236.006    396.043   -931.718    -45.707    -47.203    191.772
    -12.567    236.097    396.137   -932.102    -45.697    -47.212    191.717
    -12.569    236.188    396.232   -932.485    -45.687    -47.221    191.662
    -12.571    236.280    396.326   -932.869    -45.676    -47.230    191.607
    -12.573    236.371    396.421   -933.252    -45.666    -47.239    191.552
    -12.575    236.462    396.515   -933.635    -45.656    -47.248    191.497
    -12.577    236.554    396.610   -934.018    -45.646    -47.258    191.442
    -12.579    236.645    396.704   -934.401    -45.635    -47.267    191.388
    -12.581    236.736    396.799   -934.783    -45.625    -47.276    191.333
    -12.583    236.827    396.893   -935.166    -45.615    -47.284    191.279
    -12.585    236.919    396.988   -935.548    -45.605    -47.293    191.224
    -12.587    237.010    397.082   -935.931    -45.594    -47.302    191.170
    -12.589    237.101    397.177   -936.313    -45.584    -47.311    191.116
    -12.591    237.192    397.272   -936.695    -45.574    -47.320    191.062
    -12.593    237.283    397.366   -937.077    -45.564    -47.329    191.008
    -12.595    237.374    397.461   -937.459    -45.554    -47.338    190.954
    -12.597    237.466    397.556   -937.841    -45.544    -47.346    190.900
    -12.599    237.557    397.650   -938.223    -45.533    -47.355    190.846
    -12.601    237.648    397.745   -938.605    -45.523    -47.364    190.792
    -12.603    237.739    397.840   -938.986    -45.513    -47.372    190.739
    -12.605    237.830    397.934   -939.367    -45.503    -47.381    190.685
    -12.607    237.921    398.029   -939.749    -45.493    -47.390    190.632
    -12.609    238.012    398.124   -940.130    -45.483    -47.398    190.578
    -12.611    238.103    398.219   -940.511    -45.473    -47.407    190.525
    -12.613    238.194    398.314   -940.892    -45.463    -47.415    190.472
    -12.615    238.285    398.408   -941.273    -45.453    -47.424    190.419
    -12.617    238.375    398.503   -941.654    -45.443    -47.432    190.366
    -12.619    238.466    398.598   -942.034    -45.433    -47.441    190.313
    -12.621    238.557    398.693   -942.415    -45.423    -47.449    190.260
    -12.623    238.648    398.788   -942.795    -45.413    -47.457    190.207
    -12.625    238.739    398.883   -943.176    -45.403    -47.466    190.155
    -12.627    238.830    398.978   -943.556    -45.393    -47.474    190.102
    -12.629    238.920    399.073   -943.936    -45.383    -47.482    190.050
    -12.631    239.011    399.168   -944.316    -45.373    -47.491    189.997
    -12.633    239.102    399.263   -944.696    -45.364    -47.499    189.945
    -12.635    239.193    399.358   -945.076    -45.354    -47.507    189.892
    -12.637    239.283    399.453   -945.456    -45.344    -47.515    189.840
    -12.639    239.374    399.548   -945.835    -45.334    -47.523    189.788
    -12.641    239.465    399.643   -946.215    -45.324    -47.531    189.736
    -12.643    239.555    399.738   -946.594    -45.314    -47.540    189.684
    -12.645    239.646    399.833   -946.974    -45.305    -47.548    189.632
    -12.647    239.736    399.928   -947.353    -45.295    -47.556    189.581
    -12.649    239.827    400.023   -947.732    -45.285    -47.564    189.529
    -12.651    239.918    400.118   -948.111    -45.275    -47.572    189.477
    -12.653    240.008    400.214   -948.490    -45.266    -47.580    189.426
    -12.655    240.099    400.309   -948.869    -45.256    -47.588    189.374
    -12.657    240.189    400.404   -949.247    -45.246    -47.596    189.323
    -12.659    240.280    400.499   -949.626    -45.236    -47.603    189.272
    -12.661    240.370    400.594   -950.005    -45.227    -47.611    189.220
    -12.663    240.461    400.690   -950.383    -45.217    -47.619    189.169
    -12.665    240.551    400.785   -950.761    -45.207    -47.627    189.118
    -12.667    240.641    400.880   -951.139    -45.198    -47.635    189.067
    -12.669    240.732    400.975   -951.517    -45.188    -47.643    189.016
    -12.671    240.822    401.071   -951.895    -45.178    -47.650    188.966
    -12.673    240.913    401.166   -952.273    -45.169    -47.658    188.915
    -12.675    241.003    401.261   -952.651    -45.159    -47.666    188.864
    -12.677    241.093    401.357   -953.029    -45.150    -47.673    188.814
    -12.679    241.183    401.452   -953.406    -45.140    -47.681    188.763
    -12.681    241.274    401.547   -953.784    -45.130    -47.689    188.713
    -12.683    241.364    401.643   -954.161    -45.121    -47.696    188.662
    -12.685    241.454    401.738   -954.538    -45.111    -47.704    188.612
    -12.687    241.544    401.834   -954.916    -45.102    -47.711    188.562
    -12.689    241.635    401.929   -955.293    -45.092    -47.719    188.512
    -12.691    241.725    402.024   -955.670    -45.083    -47.726    188.462
    -12.693    241.815    402.120   -956.047    -45.073    -47.734    188.412
    -12.695    241.905    402.215   -956.423    -45.064    -47.741    188.362
    -12.697    241.995    402.311   -956.800    -45.054    -47.749    188.312
    -12.699    242.085    402.406   -957.177    -45.045    -47.756    188.262
    -12.701    242.175    402.502   -957.553    -45.036    -47.764    188.212
    -12.703    242.265    402.597   -957.929    -45.026    -47.771    188.163
    -12.705    242.355    402.693   -958.306    -45.017    -47.778    188.113
    -12.707    242.445    402.789   -958.682    -45.007    -47.786    188.064
    -12.709    242.535    402.884   -959.058    -44.998    -47.793    188.014
    -12.711    242.625    402.980   -959.434    -44.989    -47.800    187.965
    -12.713    242.715    403.075   -959.810    -44.979    -47.807    187.916
    -12.715    242.805    403.171   -960.186    -44.970    -47.814    187.867
    -12.717    242.895    403.267   -960.561    -44.961    -47.822    187.818
    -12.719    242.985    403.362   -960.937    -44.951    -47.829    187.769
    -12.721    243.075    403.458   -961.312    -44.942    -47.836    187.720
    -12.723    243.165    403.554   -961.688    -44.933    -47.843    187.671
    -12.725    243.255    403.649   -962.063    -44.923    -47.850    187.622
    -12.727    243.345    403.745   -962.438    -44.914    -47.857    187.573
    -12.729    243.435    403.841   -962.813    -44.905    -47.864    187.525
    -12.731    243.524    403.936   -963.188    -44.896    -47.871    187.476
    -12.733    243.614    404.032   -963.563    -44.886    -47.878    187.428
    -12.735    243.704    404.128   -963.938    -44.877    -47.885    187.379
    -12.737    243.794    404.224   -964.313    -44.868    -47.892    187.331
    -12.739    243.883    404.320   -964.687    -44.859    -47.899    187.283
    -12.741    243.973    404.415   -965.062    -44.850    -47.906    187.235
    -12.743    244.063    404.511   -965.436    -44.840    -47.913    187.186
    -12.745    244.152    404.607   -965.811    -44.831    -47.920    187.138
    -12.747    244.242    404.703   -966.185    -44.822    -47.927    187.090
    -12.749    244.332    404.799   -966.559    -44.813    -47.934    187.042
    -12.751    244.421    404.895   -966.933    -44.804    -47.940    186.995
    -12.753    244.511    404.990   -967.307    -44.795    -47.947    186.947
    -12.755    244.600    405.086   -967.681    -44.786    -47.954    186.899
    -12.757    244.690    405.182   -968.055    -44.777    -47.961    186.851
    -12.759    244.780    405.278   -968.428    -44.768    -47.967    186.804
    -12.761    244.869    405.374   -968.802    -44.758    -47.974    186.756
    -12.763    244.959    405.470   -969.175    -44.749    -47.981    186.709
    -12.765    245.048    405.566   -969.549    -44.740    -47.987    186.662
    -12.767    245.138    405.662   -969.922    -44.731    -47.994    186.614
    -12.769    245.227    405.758   -970.295    -44.722    -48.001    186.567
    -12.771    245.316    405.854   -970.668    -44.713    -48.007    186.520
    -12.773    245.406    405.950   -971.041    -44.704    -48.014    186.473
    -12.775    245.495    406.046   -971.414    -44.695    -48.020    186.426
    -12.777    245.585    406.142   -971.787    -44.686    -48.027    186.379
    -12.779    245.674    406.238   -972.160    -44.677    -48.033    186.332
    -12.781    245.763    406.334   -972.532    -44.669    -48.040    186.285
    -12.783    245.853    406.430   -972.905    -44.660    -48.046    186.238
    -12.785    245.942    406.526   -973.277    -44.651    -48.053    186.192
    -12.787    246.031    406.623   -973.650    -44.642    -48.059    186.145
    -12.789    246.121    406.719   -974.022    -44.633    -48.066    186.099
    -12.791    246.210    406.815   -974.394    -44.624    -48.072    186.052
    -12.793    246.299    406.911   -974.766    -44.615    -48.078    186.006
    -12.795    246.388    407.007   -975.138    -44.606    -48.085    185.959
    -12.797    246.478    407.103   -975.510    -44.597    -48.091    185.913
    -12.799    246.567    407.199   -975.882    -44.589    -48.097    185.867
    -12.801    246.656    407.296   -976.253    -44.580    -48.104    185.821
    -12.803    246.745    407.392   -976.625    -44.571    -48.110    185.775
    -12.805    246.834    407.488   -976.996    -44.562    -48.116    185.729
    -12.807    246.923    407.584   -977.368    -44.553    -48.122    185.683
    -12.809    247.012    407.681   -977.739    -44.545    -48.129    185.637
    -12.811    247.101    407.777   -978.110    -44.536    -48.135    185.591
    -12.813    247.191    407.873   -978.481    -44.527    -48.141    185.545
    -12.815    247.280    407.969   -978.853    -44.518    -48.147    185.500
    -12.817    247.369    408.066   -979.223    -44.509    -48.153    185.454
    -12.819    247.458    408.162   -979.594    -44.501    -48.159    185.409
    -12.821    247.547    408.258   -979.965    -44.492    -48.166    185.363
    -12.823    247.636    408.355   -980.336    -44.483    -48.172    185.318
    -12.825    247.725    408.451   -980.706    -44.475    -48.178    185.272
    -12.827    247.813    408.547   -981.077    -44.466    -48.184    185.227
    -12.829    247.902    408.644   -981.447    -44.457    -48.190    185.182
    -12.831    247.991    408.740   -981.818    -44.449    -48.196    185.137
    -12.833    248.080    408.837   -982.188    -44.440    -48.202    185.092
    -12.835    248.169    408.933   -982.558    -44.431    -48.208    185.047
    -12.837    248.258    409.029   -982.928    -44.423    -48.214    185.002
    -12.839    248.347    409.126   -983.298    -44.414    -48.219    184.957
    -12.841    248.436    409.222   -983.668    -44.405    -48.225    184.912
    -12.843    248.524    409.319   -984.038    -44.397    -48.231    184.867
    -12.845    248.613    409.415   -984.407    -44.388    -48.237    184.822
    -12.847    248.702    409.512   -984.777    -44.380    -48.243    184.778
    -12.849    248.791    409.608   -985.146    -44.371    -48.249    184.733
    -12.851    248.879    409.705   -985.516    -44.363    -48.255    184.689
    -12.853    248.968    409.801   -985.885    -44.354    -48.260    184.644
    -12.855    249.057    409.898   -986.254    -44.346    -48.266    184.600
    -12.857    249.146    409.994   -986.624    -44.337    -48.272    184.556
    -12.859    249.234    410.091   -986.993    -44.329    -48.278    184.511
    -12.861    249.323    410.187   -987.362    -44.320    -48.283    184.467
    -12.863    249.411    410.284   -987.731    -44.312    -48.289    184.423
    -12.865    249.500    410.381   -988.099    -44.303    -48.295    184.379
    -12.867    249.589    410.477   -988.468    -44.295    -48.300    184.335
    -12.869    249.677    410.574   -988.837    -44.286    -48.306    184.291
    -12.871    249.766    410.670   -989.205    -44.278    -48.312    184.247
    -12.873    249.854    410.767   -989.574    -44.269    -48.317    184.203
    -12.875    249.943    410.864   -989.942    -44.261    -48.323    184.159
    -12.877    250.031    410.960   -990.310    -44.252    -48.328    184.116
    -12.879    250.120    411.057   -990.678    -44.244    -48.334    184.072
    -12.881    250.208    411.154   -991.047    -44.236    -48.340    184.028
    -12.883    250.297    411.250   -991.415    -44.227    -48.345    183.985
    -12.885    250.385    411.347   -991.783    -44.219    -48.351    183.941
    -12.887    250.474    411.444   -992.150    -44.211    -48.356    183.898
    -12.889    250.562    411.540   -992.518    -44.202    -48.362    183.855
    -12.891    250.651    411.637   -992.886    -44.194    -48.367    183.811
    -12.893    250.739    411.734   -993.253    -44.185    -48.372    183.768
    -12.895    250.827    411.831   -993.621    -44.177    -48.378    183.725
    -12.897    250.916    411.927   -993.988    -44.169    -48.383    183.682
    -12.899    251.004    412.024   -994.356    -44.161    -48.389    183.639
    -12.901    251.092    412.121   -994.723    -44.152    -48.394    183.596
    -12.903    251.181    412.218   -995.090    -44.144    -48.399    183.553
    -12.905    251.269    412.315   -995.457    -44.136    -48.405    183.510
    -12.907    251.357    412.411   -995.824    -44.127    -48.410    183.467
    -12.909    251.445    412.508   -996.191    -44.119    -48.415    183.424
    -12.911    251.534    412.605   -996.558    -44.111    -48.421    183.382
    -12.913    251.622    412.702   -996.924    -44.103    -48.426    183.339
    -12.915    251.710    412.799   -997.291    -44.095    -48.431    183.296
    -12.917    251.798    412.896   -997.658    -44.086    -48.436    183.254
    -12.919    251.886    412.992   -998.024    -44.078    -48.442    183.211
    -12.921    251.974    413.089   -998.390    -44.070    -48.447    183.169
    -12.923    252.063    413.186   -998.757    -44.062    -48.452    183.127
    -12.925    252.151    413.283   -999.123    -44.054    -48.457    183.084
    -12.927    252.239    413.380   -999.489    -44.045    -48.462    183.042
    -12.929    252.327    413.477   -999.855    -44.037    -48.467    183.000
    -12.931    252.415    413.574  -1000.221    -44.029    -48.473    182.958
    -12.933    252.503    413.671  -1000.587    -44.021    -48.478    182.916
    -12.935    252.591    413.768  -1000.953    -44.013    -48.483    182.874
    -12.937    252.679    413.865  -1001.318    -44.005    -48.488    182.832
    -12.939    252.767    413.962  -1001.684    -43.997    -48.493    182.790
    -12.941    252.855    414.059  -1002.050    -43.989    -48.498    182.748
    -12.943    252.943    414.156  -1002.415    -43.981    -48.503    182.706
    -12.945    253.031    414.253  -1002.780    -43.972    -48.508    182.665
    -12.947    253.119    414.350  -1003.146    -43.964    -48.513    182.623
    -12.949    253.207    414.447  -1003.511    -43.956    -48.518    182.581
    -12.951    253.295    414.544  -1003.876    -43.948    -48.523    182.540
    -12.953    253.383    414.641  -1004.241    -43.940    -48.528    182.498
    -12.955    253.470    414.738  -1004.606    -43.932    -48.533    182.457
    -12.957    253.558    414.835  -1004.971    -43.924    -48.538    182.415
    -12.959    253.646    414.932  -1005.336    -43.916    -48.543    182.374
    -12.961    253.734    415.029  -1005.700    -43.908    -48.548    182.333
    -12.963    253.822    415.126  -1006.065    -43.900    -48.552    182.292
    -12.965    253.910    415.223  -1006.430    -43.892    -48.557    182.250
    -12.967    253.997    415.321  -1006.794    -43.884    -48.562    182.209
    -12.969    254.085    415.418  -1007.158    -43.876    -48.567    182.168
    -12.971    254.173    415.515  -1007.523    -43.868    -48.572    182.127
    -12.973    254.261    415.612  -1007.887    -43.861    -48.577    182.086
    -12.975    254.348    415.709  -1008.251    -43.853    -48.581    182.045
    -12.977    254.436    415.806  -1008.615    -43.845    -48.586    182.004
    -12.979    254.524    415.904  -1008.979    -43.837    -48.591    181.964
    -12.981    254.611    416.001  -1009.343    -43.829    -48.596    181.923
    -12.983    254.699    416.098  -1009.707    -43.821    -48.600    181.882
    -12.985    254.787    416.195  -1010.070    -43.813    -48.605    181.842
    -12.987    254.874    416.292  -1010.434    -43.805    -48.610    181.801
    -12.989    254.962    416.390  -1010.798    -43.797    -48.615    181.761
    -12.991    255.049    416.487  -1011.161    -43.790    -48.619    181.720
    -12.993    255.137    416.584  -1011.525    -43.782    -48.624    181.680
    -12.995    255.225    416.681  -1011.888    -43.774    -48.628    181.639
    -12.997    255.312    416.779  -1012.251    -43.766    -48.633    181.599
    -12.999    255.400    416.876  -1012.614    -43.758    -48.638    181.559
    -13.001    255.487    416.973  -1012.977    -43.750    -48.642    181.519
    -13.003    255.575    417.070  -1013.340    -43.743    -48.647    181.478
    -13.005    255.662    417.168  -1013.703    -43.735    -48.651    181.438
    -13.007    255.750    417.265  -1014.066    -43.727    -48.656    181.398
    -13.009    255.837    417.362  -1014.429    -43.719    -48.661    181.358
    -13.011    255.924    417.460  -1014.792    -43.712    -48.665    181.318
    -13.013    256.012    417.557  -1015.154    -43.704    -48.670    181.279
    -13.015    256.099    417.654  -1015.517    -43.696    -48.674    181.239
    -13.017    256.187    417.752  -1015.879    -43.688    -48.679    181.199
    -13.019    256.274    417.849  -1016.241    -43.681    -48.683    181.159
    -13.021    256.361    417.946  -1016.604    -43.673    -48.688    181.120
    -13.023    256.449    418.044  -1016.966    -43.665    -48.692    181.080
    -13.025    256.536    418.141  -1017.328    -43.657    -48.696    181.040
    -13.027    256.623    418.239  -1017.690    -43.650    -48.701    181.001
    -13.029    256.711    418.336  -1018.052    -43.642    -48.705    180.961
    -13.031    256.798    418.433  -1018.414    -43.634    -48.710    180.922
    -13.033    256.885    418.531  -1018.776    -43.627    -48.714    180.883
    -13.035    256.972    418.628  -1019.137    -43.619    -48.718    180.843
    -13.037    257.060    418.726  -1019.499    -43.612    -48.723    180.804
    -13.039    257.147    418.823  -1019.861    -43.604    -48.727    180.765
    -13.041    257.234    418.921  -1020.222    -43.596    -48.731    180.726
    -13.043    257.321    419.018  -1020.584    -43.589    -48.736    180.686
    -13.045    257.408    419.116  -1020.945    -43.581    -48.740    180.647
    -13.047    257.496    419.213  -1021.306    -43.573    -48.744    180.608
    -13.049    257.583    419.311  -1021.667    -43.566    -48.748    180.569
    -13.051    257.670    419.408  -1022.028    -43.558    -48.753    180.531
    -13.053    257.757    419.506  -1022.389    -43.551    -48.757    180.492
    -13.055    257.844    419.603  -1022.750    -43.543    -48.761    180.453
    -13.057    257.931    419.701  -1023.111    -43.536    -48.765    180.414
    -13.059    258.018    419.798  -1023.472    -43.528    -48.770    180.375
    -13.061    258.105    419.896  -1023.833    -43.521    -48.774    180.337
    -13.063    258.192    419.993  -1024.193    -43.513    -48.778    180.298
    -13.065    258.279    420.091  -1024.554    -43.505    -48.782    180.260
    -13.067    258.366    420.188  -1024.914    -43.498    -48.786    180.221
    -13.069    258.453    420.286  -1025.275    -43.490    -48.790    180.183
    -13.071    258.540    420.383  -1025.635    -43.483    -48.795    180.144
    -13.073    258.627    420.481  -1025.995    -43.476    -48.799    180.106
    -13.075    258.714    420.579  -1026.356    -43.468    -48.803    180.068
    -13.077    258.801    420.676  -1026.716    -43.461    -48.807    180.029
    -13.079    258.888    420.774  -1027.076    -43.453    -48.811    179.991
    -13.081    258.975    420.872  -1027.436    -43.446    -48.815    179.953
    -13.083    259.062    420.969  -1027.796    -43.438    -48.819    179.915
    -13.085    259.149    421.067  -1028.155    -43.431    -48.823    179.877
    -13.087    259.236    421.164  -1028.515    -43.423    -48.827    179.839
    -13.089    259.322    421.262  -1028.875    -43.416    -48.831    179.801
    -13.091    259.409    421.360  -1029.234    -43.409    -48.835    179.763
    -13.093    259.496    421.457  -1029.594    -43.401    -48.839    179.725
    -13.095    259.583    421.555  -1029.953    -43.394    -48.843    179.687
    -13.097    259.670    421.653  -1030.312    -43.386    -48.847    179.649
    -13.099    259.756    421.751  -1030.672    -43.379    -48.851    179.611
    -13.101    259.843    421.848  -1031.031    -43.372    -48.855    179.574
    -13.103    259.930    421.946  -1031.390    -43.364    -48.859    179.536
    -13.105    260.017    422.044  -1031.749    -43.357    -48.863    179.499
    -13.107    260.103    422.141  -1032.108    -43.350    -48.867    179.461
    -13.109    260.190    422.239  -1032.467    -43.342    -48.871    179.424
    -13.111    260.277    422.337  -1032.826    -43.335    -48.874    179.386
    -13.113    260.363    422.435  -1033.184    -43.328    -48.878    179.349
    -13.115    260.450    422.532  -1033.543    -43.320    -48.882    179.311
    -13.117    260.537    422.630  -1033.902    -43.313    -48.886    179.274
    -13.119    260.623    422.728  -1034.260    -43.306    -48.890    179.237
    -13.121    260.710    422.826  -1034.619    -43.298    -48.894    179.199
    -13.123    260.796    422.924  -1034.977    -43.291    -48.897    179.162
    -13.125    260.883    423.021  -1035.335    -43.284    -48.901    179.125
    -13.127    260.970    423.119  -1035.694    -43.277    -48.905    179.088
    -13.129    261.056    423.217  -1036.052    -43.269    -48.909    179.051
    -13.131    261.143    423.315  -1036.410    -43.262    -48.913    179.014
    -13.133    261.229    423.413  -1036.768    -43.255    -48.916    178.977
    -13.135    261.316    423.510  -1037.126    -43.248    -48.920    178.940
    -13.137    261.402    423.608  -1037.483    -43.241    -48.924    178.903
    -13.139    261.489    423.706  -1037.841    -43.233    -48.928    178.867
    -13.141    261.575    423.804  -1038.199    -43.226    -48.931    178.830
    -13.143    261.661    423.902  -1038.557    -43.219    -48.935    178.793
    -13.145    261.748    424.000  -1038.914    -43.212    -48.939    178.756
    -13.147    261.834    424.098  -1039.272    -43.205    -48.942    178.720
    -13.149    261.921    424.195  -1039.629    -43.197    -48.946    178.683
    -13.151    262.007    424.293  -1039.986    -43.190    -48.950    178.647
    -13.153    262.094    424.391  -1040.344    -43.183    -48.953    178.610
    -13.155    262.180    424.489  -1040.701    -43.176    -48.957    178.574
    -13.157    262.266    424.587  -1041.058    -43.169    -48.960    178.537
    -13.159    262.353    424.685  -1041.415    -43.162    -48.964    178.501
    -13.161    262.439    424.783  -1041.772    -43.155    -48.968    178.465
    -13.163    262.525    424.881  -1042.129    -43.147    -48.971    178.428
    -13.165    262.611    424.979  -1042.486    -43.140    -48.975    178.392
    -13.167    262.698    425.077  -1042.842    -43.133    -48.978    178.356
    -13.169    262.784    425.175  -1043.199    -43.126    -48.982    178.320
    -13.171    262.870    425.273  -1043.556    -43.119    -48.985    178.284
    -13.173    262.956    425.371  -1043.912    -43.112    -48.989    178.248
    -13.175    263.043    425.469  -1044.269    -43.105    -48.992    178.212
    -13.177    263.129    425.567  -1044.625    -43.098    -48.996    178.176
    -13.179    263.215    425.665  -1044.981    -43.091    -48.999    178.140
    -13.181    263.301    425.763  -1045.338    -43.084    -49.003    178.104
    -13.183    263.387    425.861  -1045.694    -43.077    -49.006    178.068
    -13.185    263.474    425.959  -1046.050    -43.070    -49.010    178.032
    -13.187    263.560    426.057  -1046.406    -43.063    -49.013    177.997
    -13.189    263.646    426.155  -1046.762    -43.056    -49.017    177.961
    -13.191    263.732    426.253  -1047.118    -43.049    -49.020    177.925
    -13.193    263.818    426.351  -1047.474    -43.042    -49.024    177.890
    -13.195    263.904    426.449  -1047.829    -43.035    -49.027    177.854
    -13.197    263.990    426.547  -1048.185    -43.028    -49.030    177.819
    -13.199    264.076    426.645  -1048.541    -43.021    -49.034    177.783
    -13.201    264.162    426.743  -1048.896    -43.014    -49.037    177.748
    -13.203    264.248    426.841  -1049.252    -43.007    -49.041    177.712
    -13.205    264.334    426.939  -1049.607    -43.000    -49.044    177.677
    -13.207    264.420    427.037  -1049.962    -42.993    -49.047    177.642
    -13.209    264.506    427.135  -1050.317    -42.986    -49.051    177.607
    -13.211    264.592    427.234  -1050.673    -42.979    -49.054    177.571
    -13.213    264.678    427.332  -1051.028    -42.972    -49.057    177.536
    -13.215    264.764    427.430  -1051.383    -42.965    -49.061    177.501
    -13.217    264.850    427.528  -1051.738    -42.958    -49.064    177.466
    -13.219    264.936    427.626  -1052.093    -42.952    -49.067    177.431
    -13.221    265.022    427.724  -1052.448    -42.945    -49.070    177.396
    -13.223    265.108    427.822  -1052.802    -42.938    -49.074    177.361
    -13.225    265.194    427.920  -1053.157    -42.931    -49.077    177.326
    -13.227    265.279    428.019  -1053.512    -42.924    -49.080    177.291
    -13.229    265.365    428.117  -1053.866    -42.917    -49.083    177.256
    -13.231    265.451    428.215  -1054.221    -42.910    -49.087    177.221
    -13.233    265.537    428.313  -1054.575    -42.903    -49.090    177.187
    -13.235    265.623    428.411  -1054.929    -42.897    -49.093    177.152
    -13.237    265.708    428.509  -1055.284    -42.890    -49.096    177.117
    -13.239    265.794    428.608  -1055.638    -42.883    -49.099    177.083
    -13.241    265.880    428.706  -1055.992    -42.876    -49.103    177.048
    -13.243    265.966    428.804  -1056.346    -42.869    -49.106    177.014
    -13.245    266.051    428.902  -1056.700    -42.863    -49.109    176.979
    -13.247    266.137    429.001  -1057.054    -42.856    -49.112    176.945
    -13.249    266.223    429.099  -1057.408    -42.849    -49.115    176.910
    -13.251    266.309    429.197  -1057.762    -42.842    -49.118    176.876
    -13.253    266.394    429.295  -1058.115    -42.835    -49.121    176.841
    -13.255    266.480    429.393  -1058.469    -42.829    -49.124    176.807
    -13.257    266.566    429.492  -1058.822    -42.822    -49.128    176.773
    -13.259    266.651    429.590  -1059.176    -42.815    -49.131    176.739
    -13.261    266.737    429.688  -1059.529    -42.808    -49.134    176.704
    -13.263    266.822    429.787  -1059.883    -42.802    -49.137    176.670
    -13.265    266.908    429.885  -1060.236    -42.795    -49.140    176.636
    -13.267    266.994    429.983  -1060.589    -42.788    -49.143    176.602
    -13.269    267.079    430.081  -1060.943    -42.782    -49.146    176.568
    -13.271    267.165    430.180  -1061.296    -42.775    -49.149    176.534
    -13.273    267.250    430.278  -1061.649    -42.768    -49.152    176.500
    -13.275    267.336    430.376  -1062.002    -42.761    -49.155    176.466
    -13.277    267.421    430.475  -1062.355    -42.755    -49.158    176.432
    -13.279    267.507    430.573  -1062.707    -42.748    -49.161    176.399
    -13.281    267.592    430.671  -1063.060    -42.741    -49.164    176.365
    -13.283    267.678    430.770  -1063.413    -42.735    -49.167    176.331
    -13.285    267.763    430.868  -1063.765    -42.728    -49.170    176.297
    -13.287    267.849    430.966  -1064.118    -42.721    -49.173    176.264
    -13.289    267.934    431.065  -1064.471    -42.715    -49.176    176.230
    -13.291    268.020    431.163  -1064.823    -42.708    -49.179    176.196
    -13.293    268.105    431.261  -1065.175    -42.702    -49.182    176.163
    -13.295    268.190    431.360  -1065.528    -42.695    -49.185    176.129
    -13.297    268.276    431.458  -1065.880    -42.688    -49.188    176.096
    -13.299    268.361    431.556  -1066.232    -42.682    -49.190    176.062
    -13.301    268.447    431.655  -1066.584    -42.675    -49.193    176.029
    -13.303    268.532    431.753  -1066.936    -42.668    -49.196    175.996
    -13.305    268.617    431.852  -1067.288    -42.662    -49.199    175.962
    -13.307    268.702    431.950  -1067.640    -42.655    -49.202    175.929
    -13.309    268.788    432.048  -1067.992    -42.649    -49.205    175.896
    -13.311    268.873    432.147  -1068.344    -42.642    -49.208    175.863
    -13.313    268.958    432.245  -1068.695    -42.636    -49.211    175.830
    -13.315    269.044    432.344  -1069.047    -42.629    -49.213    175.796
    -13.317    269.129    432.442  -1069.398    -42.623    -49.216    175.763
    -13.319    269.214    432.541  -1069.750    -42.616    -49.219    175.730
    -13.321    269.299    432.639  -1070.101    -42.609    -49.222    175.697
    -13.323    269.385    432.737  -1070.453    -42.603    -49.225    175.664
    -13.325    269.470    432.836  -1070.804    -42.596    -49.227    175.631
    -13.327    269.555    432.934  -1071.155    -42.590    -49.230    175.598
    -13.329    269.640    433.033  -1071.506    -42.583    -49.233    175.566
    -13.331    269.725    433.131  -1071.857    -42.577    -49.236    175.533
    -13.333    269.810    433.230  -1072.209    -42.570    -49.238    175.500
    -13.335    269.896    433.328  -1072.559    -42.564    -49.241    175.467
    -13.337    269.981    433.427  -1072.910    -42.557    -49.244    175.435
    -13.339    270.066    433.525  -1073.261    -42.551    -49.247    175.402
    -13.341    270.151    433.624  -1073.612    -42.545    -49.249    175.369
    -13.343    270.236    433.722  -1073.963    -42.538    -49.252    175.337
    -13.345    270.321    433.821  -1074.313    -42.532    -49.255    175.304
    -13.347    270.406    433.919  -1074.664    -42.525    -49.257    175.272
    -13.349    270.491    434.018  -1075.014    -42.519    -49.260    175.239
    -13.351    270.576    434.116  -1075.365    -42.512    -49.263    175.207
    -13.353    270.661    434.215  -1075.715    -42.506    -49.265    175.174
    -13.355    270.746    434.313  -1076.066    -42.499    -49.268    175.142
    -13.357    270.831    434.412  -1076.416    -42.493    -49.271    175.110
    -13.359    270.916    434.510  -1076.766    -42.487    -49.273    175.077
    -13.361    271.001    434.609  -1077.116    -42.480    -49.276    175.045
    -13.363    271.086    434.707  -1077.466    -42.474    -49.279    175.013
    -13.365    271.171    434.806  -1077.816    -42.467    -49.281    174.981
    -13.367    271.256    434.905  -1078.166    -42.461    -49.284    174.948
    -13.369    271.341    435.003  -1078.516    -42.455    -49.287    174.916
    -13.371    271.426    435.102  -1078.866    -42.448    -49.289    174.884
    -13.373    271.511    435.200  -1079.216    -42.442    -49.292    174.852
    -13.375    271.596    435.299  -1079.565    -42.436    -49.294    174.820
    -13.377    271.680    435.398  -1079.915    -42.429    -49.297    174.788
    -13.379    271.765    435.496  -1080.264    -42.423    -49.299    174.756
    -13.381    271.850    435.595  -1080.614    -42.417    -49.302    174.724
    -13.383    271.935    435.693  -1080.963    -42.410    -49.304    174.693
    -13.385    272.020    435.792  -1081.313    -42.404    -49.307    174.661
    -13.387    272.105    435.891  -1081.662    -42.398    -49.310    174.629
    -13.389    272.189    435.989  -1082.011    -42.391    -49.312    174.597
    -13.391    272.274    436.088  -1082.360    -42.385    -49.315    174.566
    -13.393    272.359    436.186  -1082.709    -42.379    -49.317    174.534
    -13.395    272.444    436.285  -1083.058    -42.373    -49.320    174.502
    -13.397    272.528    436.384  -1083.407    -42.366    -49.322    174.471
    -13.399    272.613    436.482  -1083.756    -42.360    -49.325    174.439
    -13.401    272.698    436.581  -1084.105    -42.354    -49.327    174.407
    -13.403    272.783    436.680  -1084.454    -42.347    -49.329    174.376
    -13.405    272.867    436.778  -1084.803    -42.341    -49.332    174.344
    -13.407    272.952    436.877  -1085.151    -42.335    -49.334    174.313
    -13.409    273.037    436.976  -1085.500    -42.329    -49.337    174.282
    -13.411    273.121    437.074  -1085.848    -42.322    -49.339    174.250
    -13.413    273.206    437.173  -1086.197    -42.316    -49.342    174.219
    -13.415    273.290    437.272  -1086.545    -42.310    -49.344    174.188
    -13.417    273.375    437.370  -1086.894    -42.304    -49.347    174.156
    -13.419    273.460    437.469  -1087.242    -42.298    -49.349    174.125
    -13.421    273.544    437.568  -1087.590    -42.291    -49.351    174.094
    -13.423    273.629    437.666  -1087.938    -42.285    -49.354    174.063
    -13.425    273.713    437.765  -1088.286    -42.279    -49.356    174.032
    -13.427    273.798    437.864  -1088.634    -42.273    -49.358    174.001
    -13.429    273.882    437.963  -1088.982    -42.267    -49.361    173.970
    -13.431    273.967    438.061  -1089.330    -42.260    -49.363    173.939
    -13.433    274.052    438.160  -1089.678    -42.254    -49.366    173.908
    -13.435    274.136    438.259  -1090.026    -42.248    -49.368    173.877
    -13.437    274.221    438.358  -1090.374    -42.242    -49.370    173.846
    -13.439    274.305    438.456  -1090.721    -42.236    -49.373    173.815
    -13.441    274.389    438.555  -1091.069    -42.230    -49.375    173.784
    -13.443    274.474    438.654  -1091.416    -42.224    -49.377    173.753
    -13.445    274.558    438.753  -1091.764    -42.217    -49.380    173.722
    -13.447    274.643    438.851  -1092.111    -42.211    -49.382    173.692
    -13.449    274.727    438.950  -1092.459    -42.205    -49.384    173.661
    -13.451    274.812    439.049  -1092.806    -42.199    -49.386    173.630
    -13.453    274.896    439.148  -1093.153    -42.193    -49.389    173.600
    -13.455    274.980    439.246  -1093.500    -42.187    -49.391    173.569
    -13.457    275.065    439.345  -1093.847    -42.181    -49.393    173.538
    -13.459    275.149    439.444  -1094.195    -42.175    -49.395    173.508
    -13.461    275.233    439.543  -1094.542    -42.169    -49.398    173.477
    -13.463    275.318    439.642  -1094.888    -42.163    -49.400    173.447
    -13.465    275.402    439.740  -1095.235    -42.156    -49.402    173.416
    -13.467    275.486    439.839  -1095.582    -42.150    -49.404    173.386
    -13.469    275.571    439.938  -1095.929    -42.144    -49.407    173.356
    -13.471    275.655    440.037  -1096.276    -42.138    -49.409    173.325
    -13.473    275.739    440.136  -1096.622    -42.132    -49.411    173.295
    -13.475    275.824    440.234  -1096.969    -42.126    -49.413    173.265
    -13.477    275.908    440.333  -1097.315    -42.120    -49.415    173.235
    -13.479    275.992    440.432  -1097.662    -42.114    -49.418    173.204
    -13.481    276.076    440.531  -1098.008    -42.108    -49.420    173.174
    -13.483    276.160    440.630  -1098.354    -42.102    -49.422    173.144
    -13.485    276.245    440.729  -1098.701    -42.096    -49.424    173.114
    -13.487    276.329    440.827  -1099.047    -42.090    -49.426    173.084
    -13.489    276.413    440.926  -1099.393    -42.084    -49.429    173.054
    -13.491    276.497    441.025  -1099.739    -42.078    -49.431    173.024
    -13.493    276.581    441.124  -1100.085    -42.072    -49.433    172.994
    -13.495    276.665    441.223  -1100.431    -42.066    -49.435    172.964
    -13.497    276.750    441.322  -1100.777    -42.060    -49.437    172.934
    -13.499    276.834    441.421  -1101.123    -42.054    -49.439    172.904
    -13.501    276.918    441.520  -1101.469    -42.048    -49.441    172.874
    -13.503    277.002    441.618  -1101.814    -42.042    -49.443    172.844
    -13.505    277.086    441.717  -1102.160    -42.036    -49.445    172.815
    -13.507    277.170    441.816  -1102.505    -42.030    -49.448    172.785
    -13.509    277.254    441.915  -1102.851    -42.024    -49.450    172.755
    -13.511    277.338    442.014  -1103.197    -42.019    -49.452    172.725
    -13.513    277.422    442.113  -1103.542    -42.013    -49.454    172.696
    -13.515    277.506    442.212  -1103.887    -42.007    -49.456    172.666
    -13.517    277.590    442.311  -1104.233    -42.001    -49.458    172.636
    -13.519    277.674    442.410  -1104.578    -41.995    -49.460    172.607
    -13.521    277.758    442.509  -1104.923    -41.989    -49.462    172.577
    -13.523    277.842    442.608  -1105.268    -41.983    -49.464    172.548
    -13.525    277.926    442.706  -1105.613    -41.977    -49.466    172.518
    -13.527    278.010    442.805  -1105.958    -41.971    -49.468    172.489
    -13.529    278.094    442.904  -1106.303    -41.965    -49.470    172.460
    -13.531    278.178    443.003  -1106.648    -41.960    -49.472    172.430
    -13.533    278.262    443.102  -1106.993    -41.954    -49.474    172.401
    -13.535    278.346    443.201  -1107.338    -41.948    -49.476    172.372
    -13.537    278.430    443.300  -1107.682    -41.942    -49.478    172.342
    -13.539    278.513    443.399  -1108.027    -41.936    -49.480    172.313
    -13.541    278.597    443.498  -1108.372    -41.930    -49.482    172.284
    -13.543    278.681    443.597  -1108.716    -41.924    -49.484    172.255
    -13.545    278.765    443.696  -1109.061    -41.919    -49.486    172.225
    -13.547    278.849    443.795  -1109.405    -41.913    -49.488    172.196
    -13.549    278.933    443.894  -1109.749    -41.907    -49.490    172.167
    -13.551    279.016    443.993  -1110.094    -41.901    -49.492    172.138
    -13.553    279.100    444.092  -1110.438    -41.895    -49.494    172.109
    -13.555    279.184    444.191  -1110.782    -41.890    -49.496    172.080
    -13.557    279.268    444.290  -1111.126    -41.884    -49.498    172.051
    -13.559    279.352    444.389  -1111.470    -41.878    -49.500    172.022
    -13.561    279.435    444.488  -1111.814    -41.872    -49.502    171.993
    -13.563    279.519    444.587  -1112.158    -41.866    -49.503    171.964
    -13.565    279.603    444.686  -1112.502    -41.861    -49.505    171.936
    -13.567    279.687    444.785  -1112.846    -41.855    -49.507    171.907
    -13.569    279.770    444.884  -1113.190    -41.849    -49.509    171.878
    -13.571    279.854    444.983  -1113.534    -41.843    -49.511    171.849
    -13.573    279.938    445.082  -1113.877    -41.838    -49.513    171.820
    -13.575    280.021    445.181  -1114.221    -41.832    -49.515    171.792
    -13.577    280.105    445.280  -1114.564    -41.826    -49.517    171.763
    -13.579    280.189    445.379  -1114.908    -41.820    -49.519    171.734
    -13.581    280.272    445.478  -1115.251    -41.815    -49.520    171.706
    -13.583    280.356    445.577  -1115.595    -41.809    -49.522    171.677
    -13.585    280.439    445.676  -1115.938    -41.803    -49.524    171.649
    -13.587    280.523    445.775  -1116.281    -41.797    -49.526    171.620
    -13.589    280.607    445.874  -1116.625    -41.792    -49.528    171.592
    -13.591    280.690    445.973  -1116.968    -41.786    -49.530    171.563
    -13.593    280.774    446.072  -1117.311    -41.780    -49.531    171.535
    -13.595    280.857    446.171  -1117.654    -41.775    -49.533    171.506
    -13.597    280.941    446.271  -1117.997    -41.769    -49.535    171.478
    -13.599    281.024    446.370  -1118.340    -41.763    -49.537    171.450
    -13.601    281.108    446.469  -1118.683    -41.757    -49.539    171.421
    -13.603    281.191    446.568  -1119.025    -41.752    -49.540    171.393
    -13.605    281.275    446.667  -1119.368    -41.746    -49.542    171.365
    -13.607    281.358    446.766  -1119.711    -41.740    -49.544    171.337
    -13.609    281.442    446.865  -1120.054    -41.735    -49.546    171.308
    -13.611    281.525    446.964  -1120.396    -41.729    -49.548    171.280
    -13.613    281.609    447.063  -1120.739    -41.724    -49.549    171.252
    -13.615    281.692    447.162  -1121.081    -41.718    -49.551    171.224
    -13.617    281.776    447.261  -1121.424    -41.712    -49.553    171.196
    -13.619    281.859    447.361  -1121.766    -41.707    -49.555    171.168
    -13.621    281.943    447.460  -1122.108    -41.701    -49.556    171.140
    -13.623    282.026    447.559  -1122.451    -41.695    -49.558    171.112
    -13.625    282.109    447.658  -1122.793    -41.690    -49.560    171.084
    -13.627    282.193    447.757  -1123.135    -41.684    -49.561    171.056
    -13.629    282.276    447.856  -1123.477    -41.679    -49.563    171.028
    -13.631    282.359    447.955  -1123.819    -41.673    -49.565    171.000
    -13.633    282.443    448.054  -1124.161    -41.667    -49.567    170.972
    -13.635    282.526    448.154  -1124.503    -41.662    -49.568    170.945
    -13.637    282.609    448.253  -1124.845    -41.656    -49.570    170.917
    -13.639    282.693    448.352  -1125.187    -41.651    -49.572    170.889
    -13.641    282.776    448.451  -1125.528    -41.645    -49.573    170.861
    -13.643    282.859    448.550  -1125.870    -41.639    -49.575    170.834
    -13.645    282.943    448.649  -1126.212    -41.634    -49.577    170.806
    -13.647    283.026    448.748  -1126.553    -41.628    -49.578    170.778
    -13.649    283.109    448.848  -1126.895    -41.623    -49.580    170.751
    -13.651    283.192    448.947  -1127.236    -41.617    -49.582    170.723
    -13.653    283.276    449.046  -1127.578    -41.612    -49.583    170.696
    -13.655    283.359    449.145  -1127.919    -41.606    -49.585    170.668
    -13.657    283.442    449.244  -1128.260    -41.601    -49.587    170.641
    -13.659    283.525    449.343  -1128.602    -41.595    -49.588    170.613
    -13.661    283.608    449.443  -1128.943    -41.590    -49.590    170.586
    -13.663    283.692    449.542  -1129.284    -41.584    -49.591    170.558
    -13.665    283.775    449.641  -1129.625    -41.579    -49.593    170.531
    -13.667    283.858    449.740  -1129.966    -41.573    -49.595    170.503
    -13.669    283.941    449.839  -1130.307    -41.568    -49.596    170.476
    -13.671    284.024    449.939  -1130.648    -41.562    -49.598    170.449
    -13.673    284.107    450.038  -1130.989    -41.557    -49.599    170.422
    -13.675    284.190    450.137  -1131.330    -41.551    -49.601    170.394
    -13.677    284.273    450.236  -1131.670    -41.546    -49.603    170.367
    -13.679    284.357    450.335  -1132.011    -41.540    -49.604    170.340
    -13.681    284.440    450.435  -1132.352    -41.535    -49.606    170.313
    -13.683    284.523    450.534  -1132.692    -41.529    -49.607    170.286
    -13.685    284.606    450.633  -1133.033    -41.524    -49.609    170.258
    -13.687    284.689    450.732  -1133.373    -41.518    -49.611    170.231
    -13.689    284.772    450.831  -1133.714    -41.513    -49.612    170.204
    -13.691    284.855    450.931  -1134.054    -41.507    -49.614    170.177
    -13.693    284.938    451.030  -1134.394    -41.502    -49.615    170.150
    -13.695    285.021    451.129  -1134.735    -41.496    -49.617    170.123
    -13.697    285.104    451.228  -1135.075    -41.491    -49.618    170.096
    -13.699    285.187    451.328  -1135.415    -41.486    -49.620    170.069
    -13.701    285.270    451.427  -1135.755    -41.480    -49.621    170.042
    -13.703    285.353    451.526  -1136.095    -41.475    -49.623    170.016
    -13.705    285.436    451.625  -1136.435    -41.469    -49.624    169.989
    -13.707    285.519    451.725  -1136.775    -41.464    -49.626    169.962
    -13.709    285.601    451.824  -1137.115    -41.459    -49.627    169.935
    -13.711    285.684    451.923  -1137.455    -41.453    -49.629    169.908
    -13.713    285.767    452.022  -1137.795    -41.448    -49.630    169.882
    -13.715    285.850    452.122  -1138.135    -41.442    -49.632    169.855
    -13.717    285.933    452.221  -1138.474    -41.437    -49.633    169.828
    -13.719    286.016    452.320  -1138.814    -41.432    -49.635    169.802
    -13.721    286.099    452.419  -1139.153    -41.426    -49.636    169.775
    -13.723    286.182    452.519  -1139.493    -41.421    -49.638    169.748
    -13.725    286.264    452.618  -1139.832    -41.416    -49.639    169.722
    -13.727    286.347    452.717  -1140.172    -41.410    -49.641    169.695
    -13.729    286.430    452.816  -1140.511    -41.405    -49.642    169.669
    -13.731    286.513    452.916  -1140.851    -41.399    -49.643    169.642
    -13.733    286.596    453.015  -1141.190    -41.394    -49.645    169.616
    -13.735    286.678    453.114  -1141.529    -41.389    -49.646    169.589
    -13.737    286.761    453.214  -1141.868    -41.383    -49.648    169.563
    -13.739    286.844    453.313  -1142.207    -41.378    -49.649    169.537
    -13.741    286.927    453.412  -1142.546    -41.373    -49.651    169.510
    -13.743    287.010    453.512  -1142.885    -41.367    -49.652    169.484
    -13.745    287.092    453.611  -1143.224    -41.362    -49.653    169.458
    -13.747    287.175    453.710  -1143.563    -41.357    -49.655    169.431
    -13.749    287.258    453.809  -1143.902    -41.352    -49.656    169.405
    -13.751    287.340    453.909  -1144.241    -41.346    -49.658    169.379
    -13.753    287.423    454.008  -1144.579    -41.341    -49.659    169.353
    -13.755    287.506    454.107  -1144.918    -41.336    -49.660    169.326
    -13.757    287.588    454.207  -1145.257    -41.330    -49.662    169.300
    -13.759    287.671    454.306  -1145.595    -41.325    -49.663    169.274
    -13.761    287.754    454.405  -1145.934    -41.320    -49.665    169.248
    -13.763    287.836    454.505  -1146.272    -41.315    -49.666    169.222
    -13.765    287.919    454.604  -1146.611    -41.309    -49.667    169.196
    -13.767    288.002    454.703  -1146.949    -41.304    -49.669    169.170
    -13.769    288.084    454.803  -1147.287    -41.299    -49.670    169.144
    -13.771    288.167    454.902  -1147.626    -41.294    -49.671    169.118
    -13.773    288.249    455.001  -1147.964    -41.288    -49.673    169.092
    -13.775    288.332    455.101  -1148.302    -41.283    -49.674    169.066
    -13.777    288.414    455.200  -1148.640    -41.278    -49.675    169.040
    -13.779    288.497    455.299  -1148.978    -41.273    -49.677    169.014
    -13.781    288.580    455.399  -1149.316    -41.267    -49.678    168.988
    -13.783    288.662    455.498  -1149.654    -41.262    -49.679    168.963
    -13.785    288.745    455.598  -1149.992    -41.257    -49.681    168.937
    -13.787    288.827    455.697  -1150.330    -41.252    -49.682    168.911
    -13.789    288.910    455.796  -1150.668    -41.247    -49.683    168.885
    -13.791    288.992    455.896  -1151.005    -41.241    -49.685    168.859
    -13.793    289.075    455.995  -1151.343    -41.236    -49.686    168.834
    -13.795    289.157    456.094  -1151.681    -41.231    -49.687    168.808
    -13.797    289.240    456.194  -1152.018    -41.226    -49.688    168.782
    -13.799    289.322    456.293  -1152.356    -41.221    -49.690    168.757
    -13.801    289.404    456.393  -1152.693    -41.215    -49.691    168.731
    -13.803    289.487    456.492  -1153.031    -41.210    -49.692    168.706
    -13.805    289.569    456.591  -1153.368    -41.205    -49.694    168.680
    -13.807    289.652    456.691  -1153.706    -41.200    -49.695    168.655
    -13.809    289.734    456.790  -1154.043    -41.195    -49.696    168.629
    -13.811    289.816    456.889  -1154.380    -41.190    -49.697    168.604
    -13.813    289.899    456.989  -1154.717    -41.184    -49.699    168.578
    -13.815    289.981    457.088  -1155.054    -41.179    -49.700    168.553
    -13.817    290.064    457.188  -1155.391    -41.174    -49.701    168.527
    -13.819    290.146    457.287  -1155.728    -41.169    -49.702    168.502
    -13.821    290.228    457.386  -1156.065    -41.164    -49.704    168.477
    -13.823    290.311    457.486  -1156.402    -41.159    -49.705    168.451
    -13.825    290.393    457.585  -1156.739    -41.154    -49.706    168.426
    -13.827    290.475    457.685  -1157.076    -41.148    -49.707    168.401
    -13.829    290.557    457.784  -1157.413    -41.143    -49.708    168.376
    -13.831    290.640    457.884  -1157.750    -41.138    -49.710    168.350
    -13.833    290.722    457.983  -1158.086    -41.133    -49.711    168.325
    -13.835    290.804    458.082  -1158.423    -41.128    -49.712    168.300
    -13.837    290.886    458.182  -1158.759    -41.123    -49.713    168.275
    -13.839    290.969    458.281  -1159.096    -41.118    -49.714    168.250
    -13.841    291.051    458.381  -1159.432    -41.113    -49.716    168.225
    -13.843    291.133    458.480  -1159.769    -41.108    -49.717    168.199
    -13.845    291.215    458.580  -1160.105    -41.103    -49.718    168.174
    -13.847    291.298    458.679  -1160.442    -41.097    -49.719    168.149
    -13.849    291.380    458.778  -1160.778    -41.092    -49.720    168.124
    -13.851    291.462    458.878  -1161.114    -41.087    -49.721    168.099
    -13.853    291.544    458.977  -1161.450    -41.082    -49.723    168.074
    -13.855    291.626    459.077  -1161.786    -41.077    -49.724    168.049
    -13.857    291.708    459.176  -1162.122    -41.072    -49.725    168.025
    -13.859    291.791    459.276  -1162.458    -41.067    -49.726    168.000
    -13.861    291.873    459.375  -1162.794    -41.062    -49.727    167.975
    -13.863    291.955    459.475  -1163.130    -41.057    -49.728    167.950
    -13.865    292.037    459.574  -1163.466    -41.052    -49.730    167.925
    -13.867    292.119    459.673  -1163.802    -41.047    -49.731    167.900
    -13.869    292.201    459.773  -1164.138    -41.042    -49.732    167.876
    -13.871    292.283    459.872  -1164.474    -41.037    -49.733    167.851
    -13.873    292.365    459.972  -1164.809    -41.032    -49.734    167.826
    -13.875    292.447    460.071  -1165.145    -41.027    -49.735    167.801
    -13.877    292.529    460.171  -1165.480    -41.022    -49.736    167.777
    -13.879    292.611    460.270  -1165.816    -41.017    -49.737    167.752
    -13.881    292.693    460.370  -1166.151    -41.012    -49.739    167.727
    -13.883    292.775    460.469  -1166.487    -41.007    -49.740    167.703
    -13.885    292.857    460.569  -1166.822    -41.002    -49.741    167.678
    -13.887    292.939    460.668  -1167.158    -40.997    -49.742    167.654
    -13.889    293.021    460.768  -1167.493    -40.992    -49.743    167.629
    -13.891    293.103    460.867  -1167.828    -40.987    -49.744    167.605
    -13.893    293.185    460.967  -1168.163    -40.982    -49.745    167.580
    -13.895    293.267    461.066  -1168.498    -40.977    -49.746    167.556
    -13.897    293.349    461.166  -1168.834    -40.972    -49.747    167.531
    -13.899    293.431    461.265  -1169.169    -40.967    -49.748    167.507
    -13.901    293.513    461.365  -1169.504    -40.962    -49.749    167.482
    -13.903    293.595    461.464  -1169.839    -40.957    -49.750    167.458
    -13.905    293.677    461.564  -1170.173    -40.952    -49.751    167.434
    -13.907    293.759    461.663  -1170.508    -40.947    -49.753    167.409
    -13.909    293.841    461.763  -1170.843    -40.942    -49.754    167.385
    -13.911    293.923    461.862  -1171.178    -40.937    -49.755    167.361
    -13.913    294.005    461.962  -1171.512    -40.932    -49.756    167.337
    -13.915    294.086    462.061  -1171.847    -40.927    -49.757    167.312
    -13.917    294.168    462.161  -1172.182    -40.923    -49.758    167.288
    -13.919    294.250    462.260  -1172.516    -40.918    -49.759    167.264
    -13.921    294.332    462.360  -1172.851    -40.913    -49.760    167.240
    -13.923    294.414    462.459  -1173.185    -40.908    -49.761    167.216
    -13.925    294.496    462.559  -1173.520    -40.903    -49.762    167.191
    -13.927    294.577    462.658  -1173.854    -40.898    -49.763    167.167
    -13.929    294.659    462.758  -1174.188    -40.893    -49.764    167.143
    -13.931    294.741    462.857  -1174.523    -40.888    -49.765    167.119
    -13.933    294.823    462.957  -1174.857    -40.883    -49.766    167.095
    -13.935    294.904    463.056  -1175.191    -40.878    -49.767    167.071
    -13.937    294.986    463.156  -1175.525    -40.874    -49.768    167.047
    -13.939    295.068    463.255  -1175.859    -40.869    -49.769    167.023
    -13.941    295.150    463.355  -1176.193    -40.864    -49.770    166.999
    -13.943    295.231    463.455  -1176.527    -40.859    -49.771    166.975
    -13.945    295.313    463.554  -1176.861    -40.854    -49.772    166.951
    -13.947    295.395    463.654  -1177.195    -40.849    -49.773    166.928
    -13.949    295.477    463.753  -1177.529    -40.844    -49.774    166.904
    -13.951    295.558    463.853  -1177.863    -40.839    -49.775    166.880
    -13.953    295.640    463.952  -1178.196    -40.835    -49.776    166.856
    -13.955    295.722    464.052  -1178.530    -40.830    -49.777    166.832
    -13.957    295.803    464.151  -1178.864    -40.825    -49.778    166.808
    -13.959    295.885    464.251  -1179.197    -40.820    -49.779    166.785
    -13.961    295.966    464.351  -1179.531    -40.815    -49.780    166.761
    -13.963    296.048    464.450  -1179.864    -40.810    -49.780    166.737
    -13.965    296.130    464.550  -1180.198    -40.806    -49.781    166.714
    -13.967    296.211    464.649  -1180.531    -40.801    -49.782    166.690
    -13.969    296.293    464.749  -1180.864    -40.796    -49.783    166.666
    -13.971    296.375    464.848  -1181.198    -40.791    -49.784    166.643
    -13.973    296.456    464.948  -1181.531    -40.786    -49.785    166.619
    -13.975    296.538    465.047  -1181.864    -40.782    -49.786    166.596
    -13.977    296.619    465.147  -1182.197    -40.777    -49.787    166.572
    -13.979    296.701    465.247  -1182.531    -40.772    -49.788    166.549
    -13.981    296.782    465.346  -1182.864    -40.767    -49.789    166.525
    -13.983    296.864    465.446  -1183.197    -40.762    -49.790    166.502
    -13.985    296.945    465.545  -1183.530    -40.758    -49.791    166.478
    -13.987    297.027    465.645  -1183.863    -40.753    -49.792    166.455
    -13.989    297.108    465.745  -1184.195    -40.748    -49.792    166.431
    -13.991    297.190    465.844  -1184.528    -40.743    -49.793    166.408
    -13.993    297.271    465.944  -1184.861    -40.739    -49.794    166.384
    -13.995    297.353    466.043  -1185.194    -40.734    -49.795    166.361
    -13.997    297.434    466.143  -1185.527    -40.729    -49.796    166.338
    -13.999    297.516    466.242  -1185.859    -40.724    -49.797    166.314
    -14.001    297.597    466.342  -1186.192    -40.719    -49.798    166.291
    -14.003    297.679    466.442  -1186.524    -40.715    -49.799    166.268
    -14.005    297.760    466.541  -1186.857    -40.710    -49.800    166.245
    -14.007    297.841    466.641  -1187.189    -40.705    -49.800    166.221
    -14.009    297.923    466.740  -1187.522    -40.701    -49.801    166.198
    -14.011    298.004    466.840  -1187.854    -40.696    -49.802    166.175
    -14.013    298.086    466.940  -1188.186    -40.691    -49.803    166.152
    -14.015    298.167    467.039  -1188.519    -40.686    -49.804    166.129
    -14.017    298.248    467.139  -1188.851    -40.682    -49.805    166.106
    -14.019    298.330    467.238  -1189.183    -40.677    -49.806    166.082
    -14.021    298.411    467.338  -1189.515    -40.672    -49.806    166.059
    -14.023    298.492    467.438  -1189.847    -40.667    -49.807    166.036
    -14.025    298.574    467.537  -1190.179    -40.663    -49.808    166.013
    -14.027    298.655    467.637  -1190.511    -40.658    -49.809    165.990
    -14.029    298.736    467.737  -1190.843    -40.653    -49.810    165.967
    -14.031    298.818    467.836  -1191.175    -40.649    -49.811    165.944
    -14.033    298.899    467.936  -1191.507    -40.644    -49.811    165.921
    -14.035    298.980    468.035  -1191.839    -40.639    -49.812    165.898
    -14.037    299.062    468.135  -1192.171    -40.635    -49.813    165.876
    -14.039    299.143    468.235  -1192.503    -40.630    -49.814    165.853
    -14.041    299.224    468.334  -1192.834    -40.625    -49.815    165.830
    -14.043    299.305    468.434  -1193.166    -40.621    -49.815    165.807
    -14.045    299.387    468.534  -1193.497    -40.616    -49.816    165.784
    -14.047    299.468    468.633  -1193.829    -40.611    -49.817    165.761
    -14.049    299.549    468.733  -1194.160    -40.607    -49.818    165.739
    -14.051    299.630    468.832  -1194.492    -40.602    -49.819    165.716
    -14.053    299.711    468.932  -1194.823    -40.597    -49.819    165.693
    -14.055    299.793    469.032  -1195.155    -40.593    -49.820    165.670
    -14.057    299.874    469.131  -1195.486    -40.588    -49.821    165.648
    -14.059    299.955    469.231  -1195.817    -40.583    -49.822    165.625
    -14.061    300.036    469.331  -1196.149    -40.579    -49.823    165.602
    -14.063    300.117    469.430  -1196.480    -40.574    -49.823    165.580
    -14.065    300.198    469.530  -1196.811    -40.569    -49.824    165.557
    -14.067    300.280    469.630  -1197.142    -40.565    -49.825    165.534
    -14.069    300.361    469.729  -1197.473    -40.560    -49.826    165.512
    -14.071    300.442    469.829  -1197.804    -40.556    -49.826    165.489
    -14.073    300.523    469.929  -1198.135    -40.551    -49.827    165.467
    -14.075    300.604    470.028  -1198.466    -40.546    -49.828    165.444
    -14.077    300.685    470.128  -1198.797    -40.542    -49.829    165.422
    -14.079    300.766    470.228  -1199.128    -40.537    -49.829    165.399
    -14.081    300.847    470.327  -1199.458    -40.533    -49.830    165.377
    -14.083    300.928    470.427  -1199.789    -40.528    -49.831    165.354
    -14.085    301.009    470.527  -1200.120    -40.523    -49.832    165.332
    -14.087    301.090    470.626  -1200.450    -40.519    -49.832    165.309
    -14.089    301.171    470.726  -1200.781    -40.514    -49.833    165.287
    -14.091    301.252    470.826  -1201.112    -40.510    -49.834    165.265
    -14.093    301.333    470.925  -1201.442    -40.505    -49.835    165.242
    -14.095    301.414    471.025  -1201.772    -40.501    -49.835    165.220
    -14.097    301.495    471.125  -1202.103    -40.496    -49.836    165.198
    -14.099    301.576    471.224  -1202.433    -40.491    -49.837    165.175
    -14.101    301.657    471.324  -1202.764    -40.487    -49.837    165.153
    -14.103    301.738    471.424  -1203.094    -40.482    -49.838    165.131
    -14.105    301.819    471.523  -1203.424    -40.478    -49.839    165.109
    -14.107    301.900    471.623  -1203.754    -40.473    -49.840    165.087
    -14.109    301.981    471.723  -1204.084    -40.469    -49.840    165.064
    -14.111    302.062    471.822  -1204.415    -40.464    -49.841    165.042
    -14.113    302.143    471.922  -1204.745    -40.460    -49.842    165.020
    -14.115    302.224    472.022  -1205.075    -40.455    -49.842    164.998
    -14.117    302.305    472.121  -1205.405    -40.451    -49.843    164.976
    -14.119    302.386    472.221  -1205.735    -40.446    -49.844    164.954
    -14.121    302.467    472.321  -1206.064    -40.441    -49.844    164.932
    -14.123    302.548    472.420  -1206.394    -40.437    -49.845    164.910
    -14.125    302.628    472.520  -1206.724    -40.432    -49.846    164.888
    -14.127    302.709    472.620  -1207.054    -40.428    -49.846    164.866
    -14.129    302.790    472.719  -1207.384    -40.423    -49.847    164.844
    -14.131    302.871    472.819  -1207.713    -40.419    -49.848    164.822
    -14.133    302.952    472.919  -1208.043    -40.414    -49.848    164.800
    -14.135    303.033    473.019  -1208.372    -40.410    -49.849    164.778
    -14.137    303.113    473.118  -1208.702    -40.405    -49.850    164.756
    -14.139    303.194    473.218  -1209.031    -40.401    -49.850    164.734
    -14.141    303.275    473.318  -1209.361    -40.396    -49.851    164.712
    -14.143    303.356    473.417  -1209.690    -40.392    -49.852    164.690
    -14.145    303.437    473.517  -1210.020    -40.387    -49.852    164.668
    -14.147    303.517    473.617  -1210.349    -40.383    -49.853    164.647
    -14.149    303.598    473.716  -1210.678    -40.379    -49.854    164.625
    -14.151    303.679    473.816  -1211.007    -40.374    -49.854    164.603
    -14.153    303.760    473.916  -1211.337    -40.370    -49.855    164.581
    -14.155    303.840    474.016  -1211.666    -40.365    -49.855    164.559
    -14.157    303.921    474.115  -1211.995    -40.361    -49.856    164.538
    -14.159    304.002    474.215  -1212.324    -40.356    -49.857    164.516
    -14.161    304.083    474.315  -1212.653    -40.352    -49.857    164.494
    -14.163    304.163    474.414  -1212.982    -40.347    -49.858    164.473
    -14.165    304.244    474.514  -1213.311    -40.343    -49.859    164.451
    -14.167    304.325    474.614  -1213.640    -40.338    -49.859    164.429
    -14.169    304.405    474.714  -1213.969    -40.334    -49.860    164.408
    -14.171    304.486    474.813  -1214.297    -40.330    -49.860    164.386
    -14.173    304.567    474.913  -1214.626    -40.325    -49.861    164.365
    -14.175    304.647    475.013  -1214.955    -40.321    -49.862    164.343
    -14.177    304.728    475.112  -1215.283    -40.316    -49.862    164.322
    -14.179    304.809    475.212  -1215.612    -40.312    -49.863    164.300
    -14.181    304.889    475.312  -1215.941    -40.307    -49.863    164.279
    -14.183    304.970    475.412  -1216.269    -40.303    -49.864    164.257
    -14.185    305.050    475.511  -1216.598    -40.299    -49.865    164.236
    -14.187    305.131    475.611  -1216.926    -40.294    -49.865    164.214
    -14.189    305.212    475.711  -1217.255    -40.290    -49.866    164.193
    -14.191    305.292    475.811  -1217.583    -40.285    -49.866    164.171
    -14.193    305.373    475.910  -1217.911    -40.281    -49.867    164.150
    -14.195    305.453    476.010  -1218.240    -40.277    -49.868    164.129
    -14.197    305.534    476.110  -1218.568    -40.272    -49.868    164.107
    -14.199    305.614    476.210  -1218.896    -40.268    -49.869    164.086
    -14.201    305.695    476.309  -1219.224    -40.264    -49.869    164.065
    -14.203    305.775    476.409  -1219.552    -40.259    -49.870    164.043
    -14.205    305.856    476.509  -1219.880    -40.255    -49.870    164.022
    -14.207    305.936    476.608  -1220.208    -40.250    -49.871    164.001
    -14.209    306.017    476.708  -1220.536    -40.246    -49.871    163.980
    -14.211    306.097    476.808  -1220.864    -40.242    -49.872    163.958
    -14.213    306.178    476.908  -1221.192    -40.237    -49.873    163.937
    -14.215    306.258    477.007  -1221.520    -40.233    -49.873    163.916
    -14.217    306.339    477.107  -1221.848    -40.229    -49.874    163.895
    -14.219    306.419    477.207  -1222.176    -40.224    -49.874    163.874
    -14.221    306.500    477.307  -1222.503    -40.220    -49.875    163.853
    -14.223    306.580    477.406  -1222.831    -40.216    -49.875    163.831
    -14.225    306.661    477.506  -1223.159    -40.211    -49.876    163.810
    -14.227    306.741    477.606  -1223.486    -40.207    -49.876    163.789
    -14.229    306.821    477.706  -1223.814    -40.203    -49.877    163.768
    -14.231    306.902    477.805  -1224.141    -40.198    -49.877    163.747
    -14.233    306.982    477.905  -1224.469    -40.194    -49.878    163.726
    -14.235    307.063    478.005  -1224.796    -40.190    -49.878    163.705
    -14.237    307.143    478.105  -1225.124    -40.185    -49.879    163.684
    -14.239    307.223    478.205  -1225.451    -40.181    -49.879    163.663
    -14.241    307.304    478.304  -1225.778    -40.177    -49.880    163.642
    -14.243    307.384    478.404  -1226.105    -40.172    -49.880    163.621
    -14.245    307.464    478.504  -1226.433    -40.168    -49.881    163.600
    -14.247    307.545    478.604  -1226.760    -40.164    -49.881    163.580
    -14.249    307.625    478.703  -1227.087    -40.159    -49.882    163.559
    -14.251    307.705    478.803  -1227.414    -40.155    -49.883    163.538
    -14.253    307.786    478.903  -1227.741    -40.151    -49.883    163.517
    -14.255    307.866    479.003  -1228.068    -40.147    -49.883    163.496
    -14.257    307.946    479.102  -1228.395    -40.142    -49.884    163.475
    -14.259    308.026    479.202  -1228.722    -40.138    -49.884    163.455
    -14.261    308.107    479.302  -1229.049    -40.134    -49.885    163.434
    -14.263    308.187    479.402  -1229.376    -40.129    -49.885    163.413
    -14.265    308.267    479.501  -1229.703    -40.125    -49.886    163.392
    -14.267    308.348    479.601  -1230.029    -40.121    -49.886    163.372
    -14.269    308.428    479.701  -1230.356    -40.117    -49.887    163.351
    -14.271    308.508    479.801  -1230.683    -40.112    -49.887    163.330
    -14.273    308.588    479.901  -1231.009    -40.108    -49.888    163.310
    -14.275    308.668    480.000  -1231.336    -40.104    -49.888    163.289
    -14.277    308.749    480.100  -1231.663    -40.100    -49.889    163.268
    -14.279    308.829    480.200  -1231.989    -40.095    -49.889    163.248
    -14.281    308.909    480.300  -1232.316    -40.091    -49.890    163.227
    -14.283    308.989    480.399  -1232.642    -40.087    -49.890    163.206
    -14.285    309.069    480.499  -1232.968    -40.083    -49.891    163.186
    -14.287    309.150    480.599  -1233.295    -40.078    -49.891    163.165
    -14.289    309.230    480.699  -1233.621    -40.074    -49.891    163.145
    -14.291    309.310    480.799  -1233.947    -40.070    -49.892    163.124
    -14.293    309.390    480.898  -1234.274    -40.066    -49.892    163.104
    -14.295    309.470    480.998  -1234.600    -40.062    -49.893    163.083
    -14.297    309.550    481.098  -1234.926    -40.057    -49.893    163.063
    -14.299    309.630    481.198  -1235.252    -40.053    -49.894    163.042
    -14.301    309.710    481.297  -1235.578    -40.049    -49.894    163.022
    -14.303    309.790    481.397  -1235.904    -40.045    -49.895    163.002
    -14.305    309.871    481.497  -1236.230    -40.040    -49.895    162.981
    -14.307    309.951    481.597  -1236.556    -40.036    -49.895    162.961
    -14.309    310.031    481.697  -1236.882    -40.032    -49.896    162.941
    -14.311    310.111    481.796  -1237.208    -40.028    -49.896    162.920
    -14.313    310.191    481.896  -1237.534    -40.024    -49.897    162.900
    -14.315    310.271    481.996  -1237.859    -40.019    -49.897    162.880
    -14.317    310.351    482.096  -1238.185    -40.015    -49.898    162.859
    -14.319    310.431    482.196  -1238.511    -40.011    -49.898    162.839
    -14.321    310.511    482.295  -1238.836    -40.007    -49.898    162.819
    -14.323    310.591    482.395  -1239.162    -40.003    -49.899    162.799
    -14.325    310.671    482.495  -1239.488    -39.999    -49.899    162.778
    -14.327    310.751    482.595  -1239.813    -39.994    -49.900    162.758
    -14.329    310.831    482.695  -1240.139    -39.990    -49.900    162.738
    -14.331    310.911    482.794  -1240.464    -39.986    -49.900    162.718
    -14.333    310.991    482.894  -1240.790    -39.982    -49.901    162.698
    -14.335    311.071    482.994  -1241.115    -39.978    -49.901    162.677
    -14.337    311.151    483.094  -1241.440    -39.974    -49.902    162.657
    -14.339    311.231    483.194  -1241.766    -39.969    -49.902    162.637
    -14.341    311.311    483.293  -1242.091    -39.965    -49.902    162.617
    -14.343    311.391    483.393  -1242.416    -39.961    -49.903    162.597
    -14.345    311.471    483.493  -1242.741    -39.957    -49.903    162.577
    -14.347    311.550    483.593  -1243.066    -39.953    -49.904    162.557
    -14.349    311.630    483.693  -1243.391    -39.949    -49.904    162.537
    -14.351    311.710    483.792  -1243.716    -39.945    -49.904    162.517
    -14.353    311.790    483.892  -1244.041    -39.940    -49.905    162.497
    -14.355    311.870    483.992  -1244.366    -39.936    -49.905    162.477
    -14.357    311.950    484.092  -1244.691    -39.932    -49.905    162.457
    -14.359    312.030    484.192  -1245.016    -39.928    -49.906    162.437
    -14.361    312.110    484.292  -1245.341    -39.924    -49.906    162.417
    -14.363    312.189    484.391  -1245.666    -39.920    -49.906    162.397
    -14.365    312.269    484.491  -1245.991    -39.916    -49.907    162.377
    -14.367    312.349    484.591  -1246.315    -39.912    -49.907    162.358
    -14.369    312.429    484.691  -1246.640    -39.908    -49.908    162.338
    -14.371    312.509    484.791  -1246.965    -39.903    -49.908    162.318
    -14.373    312.589    484.890  -1247.289    -39.899    -49.908    162.298
    -14.375    312.668    484.990  -1247.614    -39.895    -49.909    162.278
    -14.377    312.748    485.090  -1247.939    -39.891    -49.909    162.259
    -14.379    312.828    485.190  -1248.263    -39.887    -49.909    162.239
    -14.381    312.908    485.290  -1248.588    -39.883    -49.910    162.219
    -14.383    312.987    485.389  -1248.912    -39.879    -49.910    162.199
    -14.385    313.067    485.489  -1249.236    -39.875    -49.910    162.180
    -14.387    313.147    485.589  -1249.561    -39.871    -49.911    162.160
    -14.389    313.227    485.689  -1249.885    -39.867    -49.911    162.140
    -14.391    313.306    485.789  -1250.209    -39.863    -49.911    162.120
    -14.393    313.386    485.889  -1250.533    -39.859    -49.912    162.101
    -14.395    313.466    485.988  -1250.858    -39.855    -49.912    162.081
    -14.397    313.546    486.088  -1251.182    -39.850    -49.912    162.062
    -14.399    313.625    486.188  -1251.506    -39.846    -49.913    162.042
    -14.401    313.705    486.288  -1251.830    -39.842    -49.913    162.022
    -14.403    313.785    486.388  -1252.154    -39.838    -49.913    162.003
    -14.405    313.864    486.488  -1252.478    -39.834    -49.914    161.983
    -14.407    313.944    486.587  -1252.802    -39.830    -49.914    161.964
    -14.409    314.024    486.687  -1253.126    -39.826    -49.914    161.944
    -14.411    314.103    486.787  -1253.450    -39.822    -49.915    161.925
    -14.413    314.183    486.887  -1253.773    -39.818    -49.915    161.905
    -14.415    314.262    486.987  -1254.097    -39.814    -49.915    161.886
    -14.417    314.342    487.087  -1254.421    -39.810    -49.915    161.866
    -14.419    314.422    487.186  -1254.745    -39.806    -49.916    161.847
    -14.421    314.501    487.286  -1255.068    -39.802    -49.916    161.827
    -14.423    314.581    487.386  -1255.392    -39.798    -49.916    161.808
    -14.425    314.661    487.486  -1255.716    -39.794    -49.917    161.788
    -14.427    314.740    487.586  -1256.039    -39.790    -49.917    161.769
    -14.429    314.820    487.686  -1256.363    -39.786    -49.917    161.750
    -14.431    314.899    487.785  -1256.686    -39.782    -49.917    161.730
    -14.433    314.979    487.885  -1257.010    -39.778    -49.918    161.711
    -14.435    315.058    487.985  -1257.333    -39.774    -49.918    161.692
    -14.437    315.138    488.085  -1257.656    -39.770    -49.918    161.672
    -14.439    315.217    488.185  -1257.980    -39.766    -49.919    161.653
    -14.441    315.297    488.285  -1258.303    -39.762    -49.919    161.634
    -14.443    315.376    488.384  -1258.626    -39.758    -49.919    161.614
    -14.445    315.456    488.484  -1258.949    -39.754    -49.919    161.595
    -14.447    315.536    488.584  -1259.273    -39.750    -49.920    161.576
    -14.449    315.615    488.684  -1259.596    -39.746    -49.920    161.557
    -14.451    315.694    488.784  -1259.919    -39.742    -49.920    161.538
    -14.453    315.774    488.884  -1260.242    -39.738    -49.921    161.518
    -14.455    315.853    488.983  -1260.565    -39.734    -49.921    161.499
    -14.457    315.933    489.083  -1260.888    -39.730    -49.921    161.480
    -14.459    316.012    489.183  -1261.211    -39.726    -49.921    161.461
    -14.461    316.092    489.283  -1261.534    -39.722    -49.922    161.442
    -14.463    316.171    489.383  -1261.857    -39.718    -49.922    161.423
    -14.465    316.251    489.483  -1262.179    -39.714    -49.922    161.404
    -14.467    316.330    489.582  -1262.502    -39.710    -49.922    161.385
    -14.469    316.410    489.682  -1262.825    -39.706    -49.923    161.365
    -14.471    316.489    489.782  -1263.148    -39.702    -49.923    161.346
    -14.473    316.568    489.882  -1263.470    -39.698    -49.923    161.327
    -14.475    316.648    489.982  -1263.793    -39.694    -49.923    161.308
    -14.477    316.727    490.082  -1264.116    -39.690    -49.924    161.289
    -14.479    316.806    490.182  -1264.438    -39.687    -49.924    161.270
    -14.481    316.886    490.281  -1264.761    -39.683    -49.924    161.251
    -14.483    316.965    490.381  -1265.083    -39.679    -49.924    161.232
    -14.485    317.045    490.481  -1265.406    -39.675    -49.924    161.214
    -14.487    317.124    490.581  -1265.728    -39.671    -49.925    161.195
    -14.489    317.203    490.681  -1266.050    -39.667    -49.925    161.176
    -14.491    317.283    490.781  -1266.373    -39.663    -49.925    161.157
    -14.493    317.362    490.880  -1266.695    -39.659    -49.925    161.138
    -14.495    317.441    490.980  -1267.017    -39.655    -49.926    161.119
    -14.497    317.521    491.080  -1267.340    -39.651    -49.926    161.100
    -14.499    317.600    491.180  -1267.662    -39.647    -49.926    161.081
    -14.501    317.679    491.280  -1267.984    -39.643    -49.926    161.063
    -14.503    317.758    491.380  -1268.306    -39.640    -49.927    161.044
    -14.505    317.838    491.480  -1268.628    -39.636    -49.927    161.025
    -14.507    317.917    491.579  -1268.950    -39.632    -49.927    161.006
    -14.509    317.996    491.679  -1269.272    -39.628    -49.927    160.987
    -14.511    318.075    491.779  -1269.594    -39.624    -49.927    160.969
    -14.513    318.155    491.879  -1269.916    -39.620    -49.928    160.950
    -14.515    318.234    491.979  -1270.238    -39.616    -49.928    160.931
    -14.517    318.313    492.079  -1270.560    -39.612    -49.928    160.913
    -14.519    318.392    492.179  -1270.881    -39.608    -49.928    160.894
    -14.521    318.472    492.278  -1271.203    -39.605    -49.928    160.875
    -14.523    318.551    492.378  -1271.525    -39.601    -49.929    160.856
    -14.525    318.630    492.478  -1271.847    -39.597    -49.929    160.838
    -14.527    318.709    492.578  -1272.168    -39.593    -49.929    160.819
    -14.529    318.788    492.678  -1272.490    -39.589    -49.929    160.801
    -14.531    318.868    492.778  -1272.812    -39.585    -49.929    160.782
    -14.533    318.947    492.878  -1273.133    -39.581    -49.930    160.763
    -14.535    319.026    492.977  -1273.455    -39.577    -49.930    160.745
    -14.537    319.105    493.077  -1273.776    -39.574    -49.930    160.726
    -14.539    319.184    493.177  -1274.097    -39.570    -49.930    160.708
    -14.541    319.263    493.277  -1274.419    -39.566    -49.930    160.689
    -14.543    319.342    493.377  -1274.740    -39.562    -49.930    160.671
    -14.545    319.422    493.477  -1275.062    -39.558    -49.931    160.652
    -14.547    319.501    493.577  -1275.383    -39.554    -49.931    160.634
    -14.549    319.580    493.676  -1275.704    -39.550    -49.931    160.615
    -14.551    319.659    493.776  -1276.025    -39.547    -49.931    160.597
    -14.553    319.738    493.876  -1276.346    -39.543    -49.931    160.578
    -14.555    319.817    493.976  -1276.668    -39.539    -49.931    160.560
    -14.557    319.896    494.076  -1276.989    -39.535    -49.932    160.542
    -14.559    319.975    494.176  -1277.310    -39.531    -49.932    160.523
    -14.561    320.054    494.276  -1277.631    -39.528    -49.932    160.505
    -14.563    320.133    494.376  -1277.952    -39.524    -49.932    160.486
    -14.565    320.212    494.475  -1278.273    -39.520    -49.932    160.468
    -14.567    320.291    494.575  -1278.594    -39.516    -49.932    160.450
    -14.569    320.370    494.675  -1278.915    -39.512    -49.933    160.431
    -14.571    320.449    494.775  -1279.235    -39.508    -49.933    160.413
    -14.573    320.528    494.875  -1279.556    -39.505    -49.933    160.395
    -14.575    320.607    494.975  -1279.877    -39.501    -49.933    160.377
    -14.577    320.686    495.075  -1280.198    -39.497    -49.933    160.358
    -14.579    320.765    495.174  -1280.518    -39.493    -49.933    160.340
    -14.581    320.844    495.274  -1280.839    -39.489    -49.933    160.322
    -14.583    320.923    495.374  -1281.160    -39.486    -49.934    160.304
    -14.585    321.002    495.474  -1281.480    -39.482    -49.934    160.285
    -14.587    321.081    495.574  -1281.801    -39.478    -49.934    160.267
    -14.589    321.160    495.674  -1282.121    -39.474    -49.934    160.249
    -14.591    321.239    495.774  -1282.442    -39.471    -49.934    160.231
    -14.593    321.318    495.874  -1282.762    -39.467    -49.934    160.213
    -14.595    321.397    495.973  -1283.083    -39.463    -49.934    160.194
    -14.597    321.476    496.073  -1283.403    -39.459    -49.935    160.176
    -14.599    321.555    496.173  -1283.723    -39.455    -49.935    160.158
    -14.601    321.634    496.273  -1284.044    -39.452    -49.935    160.140
    -14.603    321.713    496.373  -1284.364    -39.448    -49.935    160.122
    -14.605    321.792    496.473  -1284.684    -39.444    -49.935    160.104
    -14.607    321.870    496.573  -1285.004    -39.440    -49.935    160.086
    -14.609    321.949    496.672  -1285.325    -39.437    -49.935    160.068
    -14.611    322.028    496.772  -1285.645    -39.433    -49.935    160.050
    -14.613    322.107    496.872  -1285.965    -39.429    -49.935    160.032
    -14.615    322.186    496.972  -1286.285    -39.425    -49.936    160.014
    -14.617    322.265    497.072  -1286.605    -39.422    -49.936    159.996
    -14.619    322.344    497.172  -1286.925    -39.418    -49.936    159.978
    -14.621    322.422    497.272  -1287.245    -39.414    -49.936    159.960
    -14.623    322.501    497.372  -1287.565    -39.410    -49.936    159.942
    -14.625    322.580    497.471  -1287.884    -39.407    -49.936    159.924
    -14.627    322.659    497.571  -1288.204    -39.403    -49.936    159.906
    -14.629    322.738    497.671  -1288.524    -39.399    -49.936    159.888
    -14.631    322.817    497.771  -1288.844    -39.395    -49.936    159.870
    -14.633    322.895    497.871  -1289.164    -39.392    -49.937    159.852
    -14.635    322.974    497.971  -1289.483    -39.388    -49.937    159.835
    -14.637    323.053    498.071  -1289.803    -39.384    -49.937    159.817
    -14.639    323.132    498.171  -1290.123    -39.381    -49.937    159.799
    -14.641    323.210    498.270  -1290.442    -39.377    -49.937    159.781
    -14.643    323.289    498.370  -1290.762    -39.373    -49.937    159.763
    -14.645    323.368    498.470  -1291.081    -39.369    -49.937    159.746
    -14.647    323.447    498.570  -1291.401    -39.366    -49.937    159.728
    -14.649    323.525    498.670  -1291.720    -39.362    -49.937    159.710
    -14.651    323.604    498.770  -1292.039    -39.358    -49.937    159.692
    -14.653    323.683    498.870  -1292.359    -39.355    -49.937    159.675
    -14.655    323.761    498.970  -1292.678    -39.351    -49.938    159.657
    -14.657    323.840    499.069  -1292.997    -39.347    -49.938    159.639
    -14.659    323.919    499.169  -1293.317    -39.344    -49.938    159.621
    -14.661    323.998    499.269  -1293.636    -39.340    -49.938    159.604
    -14.663    324.076    499.369  -1293.955    -39.336    -49.938    159.586
    -14.665    324.155    499.469  -1294.274    -39.332    -49.938    159.568
    -14.667    324.234    499.569  -1294.593    -39.329    -49.938    159.551
    -14.669    324.312    499.669  -1294.912    -39.325    -49.938    159.533
    -14.671    324.391    499.769  -1295.232    -39.321    -49.938    159.515
    -14.673    324.469    499.868  -1295.551    -39.318    -49.938    159.498
    -14.675    324.548    499.968  -1295.870    -39.314    -49.938    159.480
    -14.677    324.627    500.068  -1296.188    -39.310    -49.938    159.463
    -14.679    324.705    500.168  -1296.507    -39.307    -49.938    159.445
    -14.681    324.784    500.268  -1296.826    -39.303    -49.938    159.428
    -14.683    324.863    500.368  -1297.145    -39.299    -49.938    159.410
    -14.685    324.941    500.468  -1297.464    -39.296    -49.939    159.393
    -14.687    325.020    500.568  -1297.783    -39.292    -49.939    159.375
    -14.689    325.098    500.667  -1298.101    -39.288    -49.939    159.358
    -14.691    325.177    500.767  -1298.420    -39.285    -49.939    159.340
    -14.693    325.255    500.867  -1298.739    -39.281    -49.939    159.323
    -14.695    325.334    500.967  -1299.057    -39.278    -49.939    159.305
    -14.697    325.413    501.067  -1299.376    -39.274    -49.939    159.288
    -14.699    325.491    501.167  -1299.695    -39.270    -49.939    159.270
    -14.701    325.570    501.267  -1300.013    -39.267    -49.939    159.253
    -14.703    325.648    501.367  -1300.332    -39.263    -49.939    159.235
    -14.705    325.727    501.466  -1300.650    -39.259    -49.939    159.218
    -14.707    325.805    501.566  -1300.968    -39.256    -49.939    159.201
    -14.709    325.884    501.666  -1301.287    -39.252    -49.939    159.183
    -14.711    325.962    501.766  -1301.605    -39.248    -49.939    159.166
    -14.713    326.041    501.866  -1301.923    -39.245    -49.939    159.149
    -14.715    326.119    501.966  -1302.242    -39.241    -49.939    159.131
    -14.717    326.198    502.066  -1302.560    -39.238    -49.939    159.114
    -14.719    326.276    502.166  -1302.878    -39.234    -49.939    159.097
    -14.721    326.355    502.265  -1303.196    -39.230    -49.939    159.079
    -14.723    326.433    502.365  -1303.515    -39.227    -49.939    159.062
    -14.725    326.512    502.465  -1303.833    -39.223    -49.939    159.045
    -14.727    326.590    502.565  -1304.151    -39.220    -49.939    159.028
    -14.729    326.668    502.665  -1304.469    -39.216    -49.939    159.010
    -14.731    326.747    502.765  -1304.787    -39.212    -49.939    158.993
    -14.733    326.825    502.865  -1305.105    -39.209    -49.939    158.976
    -14.735    326.904    502.965  -1305.423    -39.205    -49.939    158.959
    -14.737    326.982    503.065  -1305.741    -39.202    -49.939    158.942
    -14.739    327.060    503.164  -1306.058    -39.198    -49.939    158.924
    -14.741    327.139    503.264  -1306.376    -39.194    -49.939    158.907
    -14.743    327.217    503.364  -1306.694    -39.191    -49.939    158.890
    -14.745    327.296    503.464  -1307.012    -39.187    -49.939    158.873
    -14.747    327.374    503.564  -1307.330    -39.184    -49.939    158.856
    -14.749    327.452    503.664  -1307.647    -39.180    -49.939    158.839
    -14.751    327.531    503.764  -1307.965    -39.176    -49.939    158.822
    -14.753    327.609    503.864  -1308.282    -39.173    -49.939    158.804
    -14.755    327.687    503.963  -1308.600    -39.169    -49.939    158.787
    -14.757    327.766    504.063  -1308.918    -39.166    -49.939    158.770
    -14.759    327.844    504.163  -1309.235    -39.162    -49.939    158.753
    -14.761    327.922    504.263  -1309.553    -39.159    -49.939    158.736
    -14.763    328.001    504.363  -1309.870    -39.155    -49.939    158.719
    -14.765    328.079    504.463  -1310.188    -39.151    -49.939    158.702
    -14.767    328.157    504.563  -1310.505    -39.148    -49.939    158.685
    -14.769    328.236    504.663  -1310.822    -39.144    -49.939    158.668
    -14.771    328.314    504.762  -1311.140    -39.141    -49.939    158.651
    -14.773    328.392    504.862  -1311.457    -39.137    -49.939    158.634
    -14.775    328.470    504.962  -1311.774    -39.134    -49.939    158.617
    -14.777    328.549    505.062  -1312.091    -39.130    -49.939    158.601
    -14.779    328.627    505.162  -1312.409    -39.127    -49.939    158.584
    -14.781    328.705    505.262  -1312.726    -39.123    -49.939    158.567
    -14.783    328.783    505.362  -1313.043    -39.120    -49.939    158.550
    -14.785    328.862    505.462  -1313.360    -39.116    -49.939    158.533
    -14.787    328.940    505.561  -1313.677    -39.113    -49.939    158.516
    -14.789    329.018    505.661  -1313.994    -39.109    -49.939    158.499
    -14.791    329.096    505.761  -1314.311    -39.105    -49.939    158.482
    -14.793    329.175    505.861  -1314.628    -39.102    -49.939    158.466
    -14.795    329.253    505.961  -1314.945    -39.098    -49.939    158.449
    -14.797    329.331    506.061  -1315.262    -39.095    -49.939    158.432
    -14.799    329.409    506.161  -1315.579    -39.091    -49.939    158.415
    -14.801    329.487    506.261  -1315.895    -39.088    -49.939    158.398
    -14.803    329.566    506.361  -1316.212    -39.084    -49.939    158.382
    -14.805    329.644    506.460  -1316.529    -39.081    -49.939    158.365
    -14.807    329.722    506.560  -1316.846    -39.077    -49.939    158.348
    -14.809    329.800    506.660  -1317.162    -39.074    -49.939    158.331
    -14.811    329.878    506.760  -1317.479    -39.070    -49.939    158.315
    -14.813    329.956    506.860  -1317.796    -39.067    -49.939    158.298
    -14.815    330.034    506.960  -1318.112    -39.063    -49.939    158.281
    -14.817    330.113    507.060  -1318.429    -39.060    -49.939    158.265
    -14.819    330.191    507.160  -1318.745    -39.056    -49.939    158.248
    -14.821    330.269    507.259  -1319.062    -39.053    -49.939    158.231
    -14.823    330.347    507.359  -1319.378    -39.049    -49.939    158.215
    -14.825    330.425    507.459  -1319.694    -39.046    -49.939    158.198
    -14.827    330.503    507.559  -1320.011    -39.042    -49.939    158.181
    -14.829    330.581    507.659  -1320.327    -39.039    -49.939    158.165
    -14.831    330.659    507.759  -1320.644    -39.035    -49.939    158.148
    -14.833    330.737    507.859  -1320.960    -39.032    -49.938    158.131
    -14.835    330.815    507.959  -1321.276    -39.028    -49.938    158.115
    -14.837    330.893    508.058  -1321.592    -39.025    -49.938    158.098
    -14.839    330.971    508.158  -1321.908    -39.022    -49.938    158.082
    -14.841    331.049    508.258  -1322.225    -39.018    -49.938    158.065
    -14.843    331.127    508.358  -1322.541    -39.015    -49.938    158.049
    -14.845    331.206    508.458  -1322.857    -39.011    -49.938    158.032
    -14.847    331.284    508.558  -1323.173    -39.008    -49.938    158.016
    -14.849    331.362    508.658  -1323.489    -39.004    -49.938    157.999
    -14.851    331.440    508.758  -1323.805    -39.001    -49.938    157.983
    -14.853    331.518    508.857  -1324.121    -38.997    -49.938    157.966
    -14.855    331.596    508.957  -1324.437    -38.994    -49.938    157.950
    -14.857    331.674    509.057  -1324.753    -38.990    -49.938    157.933
    -14.859    331.752    509.157  -1325.068    -38.987    -49.938    157.917
    -14.861    331.829    509.257  -1325.384    -38.984    -49.938    157.901
    -14.863    331.907    509.357  -1325.700    -38.980    -49.938    157.884
    -14.865    331.985    509.457  -1326.016    -38.977    -49.937    157.868
    -14.867    332.063    509.557  -1326.332    -38.973    -49.937    157.851
    -14.869    332.141    509.656  -1326.647    -38.970    -49.937    157.835
    -14.871    332.219    509.756  -1326.963    -38.966    -49.937    157.819
    -14.873    332.297    509.856  -1327.278    -38.963    -49.937    157.802
    -14.875    332.375    509.956  -1327.594    -38.959    -49.937    157.786
    -14.877    332.453    510.056  -1327.910    -38.956    -49.937    157.770
    -14.879    332.531    510.156  -1328.225    -38.953    -49.937    157.753
    -14.881    332.609    510.256  -1328.541    -38.949    -49.937    157.737
    -14.883    332.687    510.356  -1328.856    -38.946    -49.937    157.721
    -14.885    332.765    510.455  -1329.172    -38.942    -49.937    157.704
    -14.887    332.842    510.555  -1329.487    -38.939    -49.937    157.688
    -14.889    332.920    510.655  -1329.802    -38.936    -49.936    157.672
    -14.891    332.998    510.755  -1330.118    -38.932    -49.936    157.656
    -14.893    333.076    510.855  -1330.433    -38.929    -49.936    157.640
    -14.895    333.154    510.955  -1330.748    -38.925    -49.936    157.623
    -14.897    333.232    511.055  -1331.063    -38.922    -49.936    157.607
    -14.899    333.310    511.155  -1331.379    -38.919    -49.936    157.591
    -14.901    333.387    511.254  -1331.694    -38.915    -49.936    157.575
    -14.903    333.465    511.354  -1332.009    -38.912    -49.936    157.559
    -14.905    333.543    511.454  -1332.324    -38.908    -49.936    157.542
    -14.907    333.621    511.554  -1332.639    -38.905    -49.936    157.526
    -14.909    333.699    511.654  -1332.954    -38.902    -49.936    157.510
    -14.911    333.777    511.754  -1333.269    -38.898    -49.935    157.494
    -14.913    333.854    511.854  -1333.584    -38.895    -49.935    157.478
    -14.915    333.932    511.954  -1333.899    -38.891    -49.935    157.462
    -14.917    334.010    512.053  -1334.214    -38.888    -49.935    157.446
    -14.919    334.088    512.153  -1334.529    -38.885    -49.935    157.430
    -14.921    334.165    512.253  -1334.844    -38.881    -49.935    157.414
    -14.923    334.243    512.353  -1335.158    -38.878    -49.935    157.397
    -14.925    334.321    512.453  -1335.473    -38.874    -49.935    157.381
    -14.927    334.399    512.553  -1335.788    -38.871    -49.935    157.365
    -14.929    334.476    512.653  -1336.103    -38.868    -49.934    157.349
    -14.931    334.554    512.752  -1336.417    -38.864    -49.934    157.333
    -14.933    334.632    512.852  -1336.732    -38.861    -49.934    157.317
    -14.935    334.710    512.952  -1337.047    -38.858    -49.934    157.301
    -14.937    334.787    513.052  -1337.361    -38.854    -49.934    157.285
    -14.939    334.865    513.152  -1337.676    -38.851    -49.934    157.269
    -14.941    334.943    513.252  -1337.990    -38.848    -49.934    157.254
    -14.943    335.020    513.352  -1338.305    -38.844    -49.934    157.238
    -14.945    335.098    513.452  -1338.619    -38.841    -49.934    157.222
    -14.947    335.176    513.551  -1338.934    -38.838    -49.933    157.206
    -14.949    335.253    513.651  -1339.248    -38.834    -49.933    157.190
    -14.951    335.331    513.751  -1339.562    -38.831    -49.933    157.174
    -14.953    335.409    513.851  -1339.877    -38.828    -49.933    157.158
    -14.955    335.486    513.951  -1340.191    -38.824    -49.933    157.142
    -14.957    335.564    514.051  -1340.505    -38.821    -49.933    157.126
    -14.959    335.642    514.151  -1340.820    -38.818    -49.933    157.110
    -14.961    335.719    514.250  -1341.134    -38.814    -49.932    157.095
    -14.963    335.797    514.350  -1341.448    -38.811    -49.932    157.079
    -14.965    335.875    514.450  -1341.762    -38.808    -49.932    157.063
    -14.967    335.952    514.550  -1342.076    -38.804    -49.932    157.047
    -14.969    336.030    514.650  -1342.390    -38.801    -49.932    157.031
    -14.971    336.107    514.750  -1342.704    -38.798    -49.932    157.016
    -14.973    336.185    514.850  -1343.018    -38.794    -49.932    157.000
    -14.975    336.263    514.950  -1343.332    -38.791    -49.932    156.984
    -14.977    336.340    515.049  -1343.646    -38.788    -49.931    156.968
    -14.979    336.418    515.149  -1343.960    -38.784    -49.931    156.953
    -14.981    336.495    515.249  -1344.274    -38.781    -49.931    156.937
    -14.983    336.573    515.349  -1344.588    -38.778    -49.931    156.921
    -14.985    336.650    515.449  -1344.902    -38.774    -49.931    156.905
    -14.987    336.728    515.549  -1345.216    -38.771    -49.931    156.890
    -14.989    336.805    515.649  -1345.529    -38.768    -49.931    156.874
    -14.991    336.883    515.748  -1345.843    -38.764    -49.930    156.858
    -14.993    336.961    515.848  -1346.157    -38.761    -49.930    156.843
    -14.995    337.038    515.948  -1346.470    -38.758    -49.930    156.827
    -14.997    337.116    516.048  -1346.784    -38.755    -49.930    156.811
    -14.999    337.193    516.148  -1347.098    -38.751    -49.930    156.796
    -15.001    337.271    516.248  -1347.411    -38.748    -49.930    156.780
