#         t          x          y          z         vx         vy         vz
      0.001     -1.060    -41.050    -27.830    -57.600   -225.960    221.160
     -0.001     -0.945    -40.597    -28.272    -57.715   -227.353    220.529
     -0.003     -0.829    -40.141    -28.712    -57.826   -228.739    219.881
     -0.005     -0.713    -39.682    -29.151    -57.935   -230.118    219.215
     -0.007     -0.597    -39.220    -29.589    -58.041   -231.490    218.532
     -0.009     -0.481    -38.756    -30.025    -58.144   -232.853    217.832
     -0.011     -0.365    -38.289    -30.460    -58.243   -234.207    217.114
     -0.013     -0.248    -37.819    -30.894    -58.340   -235.553    216.379
     -0.015     -0.131    -37.347    -31.326    -58.434   -236.889    215.627
     -0.017     -0.015    -36.871    -31.756    -58.524   -238.216    214.858
     -0.019      0.103    -36.394    -32.185    -58.612   -239.532    214.072
     -0.021      0.220    -35.913    -32.613    -58.696   -240.837    213.270
     -0.023      0.337    -35.430    -33.038    -58.777   -242.131    212.452
     -0.025      0.455    -34.945    -33.462    -58.855   -243.413    211.617
     -0.027      0.573    -34.457    -33.885    -58.930   -244.684    210.767
     -0.029      0.691    -33.966    -34.305    -59.001   -245.941    209.900
     -0.031      0.809    -33.473    -34.724    -59.070   -247.186    209.019
     -0.033      0.927    -32.977    -35.141    -59.135   -248.418    208.122
     -0.035      1.045    -32.479    -35.557    -59.196   -249.636    207.211
     -0.037      1.164    -31.979    -35.970    -59.255   -250.840    206.284
     -0.039      1.282    -31.476    -36.382    -59.310   -252.029    205.344
     -0.041      1.401    -30.971    -36.792    -59.363   -253.203    204.390
     -0.043      1.520    -30.463    -37.199    -59.412   -254.362    203.422
     -0.045      1.639    -29.953    -37.605    -59.457   -255.505    202.441
     -0.047      1.758    -29.441    -38.009    -59.500   -256.632    201.447
     -0.049      1.877    -28.927    -38.411    -59.539   -257.743    200.440
     -0.051      1.996    -28.410    -38.811    -59.575   -258.836    199.422
     -0.053      2.115    -27.891    -39.209    -59.609   -259.913    198.391
     -0.055      2.234    -27.371    -39.604    -59.639   -260.972    197.350
     -0.057      2.354    -26.848    -39.998    -59.666   -262.013    196.298
     -0.059      2.473    -26.323    -40.390    -59.689   -263.036    195.235
     -0.061      2.592    -25.795    -40.779    -59.710   -264.041    194.162
     -0.063      2.712    -25.266    -41.166    -59.728   -265.027    193.081
     -0.065      2.831    -24.735    -41.551    -59.743   -265.993    191.990
     -0.067      2.951    -24.202    -41.934    -59.755   -266.941    190.890
     -0.069      3.070    -23.668    -42.315    -59.764   -267.869    189.783
     -0.071      3.190    -23.131    -42.693    -59.771   -268.777    188.668
     -0.073      3.309    -22.593    -43.070    -59.774   -269.665    187.546
     -0.075      3.429    -22.052    -43.444    -59.775   -270.533    186.417
     -0.077      3.548    -21.510    -43.815    -59.773   -271.380    185.283
     -0.079      3.668    -20.967    -44.185    -59.768   -272.207    184.143
     -0.081      3.787    -20.422    -44.552    -59.761   -273.012    182.998
     -0.083      3.907    -19.875    -44.917    -59.751   -273.797    181.848
     -0.085      4.026    -19.326    -45.279    -59.738   -274.560    180.695
     -0.087      4.146    -18.777    -45.639    -59.723   -275.301    179.538
     -0.089      4.265    -18.225    -45.997    -59.705   -276.021    178.378
     -0.091      4.385    -17.673    -46.353    -59.684   -276.719    177.216
     -0.093      4.504    -17.118    -46.706    -59.661   -277.396    176.052
     -0.095      4.623    -16.563    -47.057    -59.636   -278.050    174.887
     -0.097      4.743    -16.006    -47.406    -59.608   -278.681    173.721
     -0.099      4.862    -15.448    -47.752    -59.577   -279.290    172.554
     -0.101      4.981    -14.889    -48.096    -59.544   -279.877    171.387
     -0.103      5.100    -14.329    -48.438    -59.508   -280.441    170.221
     -0.105      5.219    -13.767    -48.777    -59.469   -280.982    169.056
     -0.107      5.338    -13.205    -49.114    -59.428   -281.500    167.892
     -0.109      5.457    -12.641    -49.448    -59.383   -281.995    166.730
     -0.111      5.575    -12.077    -49.781    -59.336   -282.467    165.571
     -0.113      5.694    -11.512    -50.111    -59.286   -282.915    164.414
     -0.115      5.813    -10.945    -50.438    -59.232   -283.340    163.259
     -0.117      5.931    -10.378    -50.764    -59.174   -283.741    162.108
     -0.119      6.049     -9.810    -51.087    -59.113   -284.119    160.961
     -0.121      6.167     -9.242    -51.408    -59.048   -284.473    159.817
     -0.123      6.285     -8.672    -51.726    -58.979   -284.803    158.676
     -0.125      6.403     -8.103    -52.042    -58.906   -285.109    157.540
     -0.127      6.521     -7.532    -52.356    -58.827   -285.391    156.408
     -0.129      6.639     -6.961    -52.668    -58.744   -285.650    155.280
     -0.131      6.756     -6.389    -52.977    -58.655   -285.884    154.156
     -0.133      6.873     -5.817    -53.285    -58.560   -286.095    153.035
     -0.135      6.990     -5.245    -53.590    -58.459   -286.283    151.919
     -0.137      7.107     -4.672    -53.892    -58.352   -286.447    150.806
     -0.139      7.224     -4.099    -54.193    -58.237   -286.588    149.696
     -0.141      7.340     -3.526    -54.491    -58.115   -286.706    148.589
     -0.143      7.456     -2.953    -54.787    -57.986   -286.802    147.485
     -0.145      7.572     -2.379    -55.081    -57.849   -286.877    146.383
     -0.147      7.687     -1.805    -55.373    -57.704   -286.931    145.283
     -0.149      7.803     -1.231    -55.662    -57.550   -286.964    144.184
     -0.151      7.918     -0.657    -55.949    -57.388   -286.979    143.085
     -0.153      8.032     -0.083    -56.234    -57.217   -286.974    141.987
     -0.155      8.147      0.491    -56.517    -57.038   -286.952    140.890
     -0.157      8.260      1.065    -56.798    -56.851   -286.913    139.792
     -0.159      8.374      1.638    -57.076    -56.656   -286.859    138.693
     -0.161      8.487      2.212    -57.353    -56.452   -286.790    137.594
     -0.163      8.600      2.785    -57.627    -56.242   -286.708    136.494
     -0.165      8.712      3.359    -57.899    -56.024   -286.613    135.393
     -0.167      8.824      3.932    -58.168    -55.800   -286.507    134.292
     -0.169      8.935      4.505    -58.436    -55.570   -286.391    133.189
     -0.171      9.046      5.077    -58.701    -55.335   -286.264    132.086
     -0.173      9.157      5.650    -58.964    -55.094   -286.129    130.983
     -0.175      9.266      6.222    -59.225    -54.849   -285.986    129.880
     -0.177      9.376      6.794    -59.484    -54.601   -285.835    128.777
     -0.179      9.485      7.365    -59.740    -54.349   -285.678    127.675
     -0.181      9.593      7.936    -59.994    -54.095   -285.514    126.575
     -0.183      9.701      8.507    -60.247    -53.839   -285.344    125.475
     -0.185      9.809      9.078    -60.496    -53.581   -285.169    124.378
     -0.187      9.916      9.648    -60.744    -53.321   -284.989    123.283
     -0.189     10.022     10.218    -60.990    -53.061   -284.804    122.192
     -0.191     10.128     10.787    -61.233    -52.801   -284.615    121.103
     -0.193     10.233     11.356    -61.474    -52.540   -284.421    120.018
     -0.195     10.338     11.925    -61.713    -52.280   -284.223    118.938
     -0.197     10.442     12.493    -61.950    -52.019   -284.020    117.861
     -0.199     10.546     13.061    -62.184    -51.760   -283.814    116.790
     -0.201     10.649     13.628    -62.417    -51.501   -283.604    115.723
     -0.203     10.752     14.195    -62.647    -51.244   -283.390    114.662
     -0.205     10.854     14.762    -62.876    -50.988   -283.172    113.606
     -0.207     10.956     15.328    -63.102    -50.733   -282.951    112.557
     -0.209     11.057     15.894    -63.326    -50.479   -282.725    111.513
     -0.211     11.158     16.459    -63.548    -50.227   -282.497    110.476
     -0.213     11.258     17.024    -63.768    -49.976   -282.264    109.445
     -0.215     11.358     17.588    -63.986    -49.728   -282.028    108.420
     -0.217     11.457     18.152    -64.201    -49.481   -281.788    107.403
     -0.219     11.556     18.715    -64.415    -49.235   -281.545    106.392
     -0.221     11.654     19.278    -64.627    -48.992   -281.299    105.388
     -0.223     11.752     19.840    -64.837    -48.750   -281.049    104.391
     -0.225     11.849     20.402    -65.044    -48.510   -280.795    103.401
     -0.227     11.946     20.964    -65.250    -48.272   -280.538    102.418
     -0.229     12.042     21.524    -65.454    -48.036   -280.278    101.443
     -0.231     12.138     22.085    -65.656    -47.802   -280.014    100.475
     -0.233     12.233     22.644    -65.856    -47.570   -279.747     99.514
     -0.235     12.328     23.204    -66.054    -47.339   -279.477     98.561
     -0.237     12.423     23.762    -66.250    -47.110   -279.204     97.615
     -0.239     12.517     24.320    -66.445    -46.884   -278.927     96.676
     -0.241     12.610     24.878    -66.637    -46.658   -278.648     95.744
     -0.243     12.703     25.435    -66.828    -46.435   -278.365     94.820
     -0.245     12.796     25.991    -67.016    -46.214   -278.079     93.904
     -0.247     12.888     26.547    -67.203    -45.994   -277.791     92.994
     -0.249     12.980     27.103    -67.388    -45.776   -277.499     92.092
     -0.251     13.071     27.657    -67.572    -45.560   -277.205     91.197
     -0.253     13.162     28.211    -67.753    -45.346   -276.908     90.310
     -0.255     13.253     28.765    -67.933    -45.133   -276.608     89.430
     -0.257     13.343     29.318    -68.111    -44.922   -276.306     88.557
     -0.259     13.432     29.870    -68.287    -44.713   -276.001     87.691
     -0.261     13.522     30.422    -68.462    -44.505   -275.693     86.832
     -0.263     13.610     30.973    -68.634    -44.299   -275.383     85.980
     -0.265     13.699     31.523    -68.806    -44.094   -275.070     85.136
     -0.267     13.787     32.073    -68.975    -43.891   -274.755     84.298
     -0.269     13.874     32.622    -69.143    -43.690   -274.438     83.468
     -0.271     13.961     33.171    -69.309    -43.490   -274.118     82.644
     -0.273     14.048     33.719    -69.473    -43.292   -273.796     81.827
     -0.275     14.135     34.266    -69.636    -43.095   -273.472     81.017
     -0.277     14.221     34.813    -69.797    -42.900   -273.146     80.214
     -0.279     14.306     35.359    -69.957    -42.706   -272.818     79.417
     -0.281     14.391     35.904    -70.115    -42.514   -272.488     78.627
     -0.283     14.476     36.449    -70.272    -42.323   -272.156     77.844
     -0.285     14.561     36.993    -70.426    -42.133   -271.822     77.068
     -0.287     14.645     37.536    -70.580    -41.945   -271.487     76.297
     -0.289     14.729     38.079    -70.732    -41.758   -271.149     75.534
     -0.291     14.812     38.621    -70.882    -41.573   -270.810     74.777
     -0.293     14.895     39.162    -71.031    -41.389   -270.469     74.026
     -0.295     14.977     39.702    -71.178    -41.206   -270.126     73.281
     -0.297     15.060     40.242    -71.324    -41.025   -269.782     72.543
     -0.299     15.142     40.782    -71.468    -40.845   -269.437     71.810
     -0.301     15.223     41.320    -71.611    -40.666   -269.090     71.084
     -0.303     15.304     41.858    -71.753    -40.489   -268.741     70.364
     -0.305     15.385     42.395    -71.893    -40.313   -268.392     69.650
     -0.307     15.465     42.932    -72.031    -40.138   -268.040     68.942
     -0.309     15.546     43.467    -72.168    -39.964   -267.688     68.240
     -0.311     15.625     44.002    -72.304    -39.791   -267.334     67.544
     -0.313     15.705     44.537    -72.439    -39.620   -266.980     66.853
     -0.315     15.784     45.070    -72.572    -39.450   -266.624     66.168
     -0.317     15.863     45.603    -72.703    -39.281   -266.267     65.489
     -0.319     15.941     46.135    -72.834    -39.113   -265.908     64.816
     -0.321     16.019     46.667    -72.962    -38.946   -265.549     64.148
     -0.323     16.097     47.197    -73.090    -38.781   -265.189     63.485
     -0.325     16.174     47.727    -73.216    -38.616   -264.828     62.828
     -0.327     16.251     48.257    -73.341    -38.453   -264.466     62.177
     -0.329     16.328     48.785    -73.465    -38.291   -264.104     61.531
     -0.331     16.404     49.313    -73.588    -38.129   -263.740     60.890
     -0.333     16.480     49.840    -73.709    -37.969   -263.376     60.254
     -0.335     16.556     50.367    -73.829    -37.810   -263.011     59.624
     -0.337     16.632     50.892    -73.947    -37.652   -262.645     58.999
     -0.339     16.707     51.417    -74.065    -37.495   -262.278     58.378
     -0.341     16.782     51.941    -74.181    -37.339   -261.911     57.763
     -0.343     16.856     52.465    -74.296    -37.184   -261.544     57.153
     -0.345     16.930     52.988    -74.409    -37.031   -261.175     56.548
     -0.347     17.004     53.510    -74.522    -36.878   -260.806     55.948
     -0.349     17.078     54.031    -74.633    -36.726   -260.437     55.352
     -0.351     17.151     54.551    -74.743    -36.575   -260.067     54.762
     -0.353     17.224     55.071    -74.852    -36.425   -259.697     54.176
     -0.355     17.297     55.590    -74.960    -36.276   -259.326     53.595
     -0.357     17.369     56.108    -75.067    -36.127   -258.955     53.018
     -0.359     17.441     56.626    -75.172    -35.980   -258.584     52.446
     -0.361     17.513     57.143    -75.276    -35.834   -258.212     51.879
     -0.363     17.585     57.659    -75.380    -35.689   -257.840     51.316
     -0.365     17.656     58.174    -75.482    -35.544   -257.468     50.758
     -0.367     17.727     58.689    -75.583    -35.401   -257.095     50.204
     -0.369     17.798     59.202    -75.682    -35.258   -256.722     49.655
     -0.371     17.868     59.716    -75.781    -35.116   -256.349     49.109
     -0.373     17.938     60.228    -75.879    -34.975   -255.976     48.568
     -0.375     18.008     60.739    -75.976    -34.835   -255.602     48.032
     -0.377     18.077     61.250    -76.071    -34.696   -255.229     47.499
     -0.379     18.147     61.760    -76.166    -34.557   -254.855     46.971
     -0.381     18.216     62.270    -76.259    -34.420   -254.481     46.447
     -0.383     18.284     62.778    -76.351    -34.283   -254.107     45.927
     -0.385     18.353     63.286    -76.443    -34.147   -253.733     45.411
     -0.387     18.421     63.793    -76.533    -34.012   -253.359     44.899
     -0.389     18.489     64.300    -76.622    -33.878   -252.985     44.391
     -0.391     18.556     64.805    -76.711    -33.744   -252.611     43.886
     -0.393     18.624     65.310    -76.798    -33.612   -252.238     43.386
     -0.395     18.691     65.814    -76.884    -33.480   -251.864     42.890
     -0.397     18.758     66.317    -76.969    -33.349   -251.490     42.397
     -0.399     18.824     66.820    -77.054    -33.218   -251.116     41.908
     -0.401     18.891     67.322    -77.137    -33.088   -250.742     41.423
     -0.403     18.957     67.823    -77.219    -32.960   -250.368     40.941
     -0.405     19.022     68.323    -77.301    -32.831   -249.995     40.464
     -0.407     19.088     68.823    -77.381    -32.704   -249.622     39.989
     -0.409     19.153     69.322    -77.461    -32.577   -249.248     39.519
     -0.411     19.218     69.820    -77.539    -32.451   -248.875     39.052
     -0.413     19.283     70.317    -77.617    -32.326   -248.502     38.588
     -0.415     19.348     70.814    -77.694    -32.202   -248.130     38.128
     -0.417     19.412     71.310    -77.769    -32.078   -247.757     37.671
     -0.419     19.476     71.805    -77.844    -31.955   -247.385     37.218
     -0.421     19.540     72.299    -77.918    -31.832   -247.013     36.768
     -0.423     19.603     72.793    -77.991    -31.710   -246.641     36.321
     -0.425     19.666     73.286    -78.064    -31.589   -246.269     35.878
     -0.427     19.730     73.778    -78.135    -31.469   -245.898     35.438
     -0.429     19.792     74.270    -78.205    -31.349   -245.527     35.001
     -0.431     19.855     74.760    -78.275    -31.230   -245.156     34.568
     -0.433     19.917     75.250    -78.344    -31.112   -244.786     34.137
     -0.435     19.979     75.739    -78.411    -30.994   -244.416     33.710
     -0.437     20.041     76.228    -78.478    -30.877   -244.046     33.286
     -0.439     20.103     76.716    -78.545    -30.760   -243.676     32.865
     -0.441     20.164     77.203    -78.610    -30.644   -243.307     32.447
     -0.443     20.225     77.689    -78.674    -30.529   -242.938     32.032
     -0.445     20.286     78.174    -78.738    -30.414   -242.570     31.620
     -0.447     20.347     78.659    -78.801    -30.300   -242.202     31.210
     -0.449     20.408     79.143    -78.863    -30.187   -241.834     30.804
     -0.451     20.468     79.626    -78.924    -30.074   -241.467     30.401
     -0.453     20.528     80.109    -78.985    -29.962   -241.100     30.001
     -0.455     20.588     80.591    -79.044    -29.850   -240.733     29.603
     -0.457     20.647     81.072    -79.103    -29.739   -240.367     29.209
     -0.459     20.707     81.552    -79.161    -29.629   -240.001     28.817
     -0.461     20.766     82.032    -79.218    -29.519   -239.636     28.427
     -0.463     20.825     82.511    -79.275    -29.409   -239.271     28.041
     -0.465     20.883     82.989    -79.330    -29.301   -238.907     27.657
     -0.467     20.942     83.467    -79.385    -29.192   -238.543     27.276
     -0.469     21.000     83.943    -79.439    -29.085   -238.179     26.898
     -0.471     21.058     84.419    -79.493    -28.978   -237.816     26.522
     -0.473     21.116     84.895    -79.546    -28.871   -237.454     26.149
     -0.475     21.174     85.369    -79.598    -28.765   -237.091     25.779
     -0.477     21.231     85.843    -79.649    -28.660   -236.730     25.411
     -0.479     21.288     86.316    -79.699    -28.555   -236.368     25.045
     -0.481     21.345     86.788    -79.749    -28.451   -236.008     24.682
     -0.483     21.402     87.260    -79.798    -28.347   -235.647     24.322
     -0.485     21.459     87.731    -79.846    -28.243   -235.288     23.964
     -0.487     21.515     88.201    -79.894    -28.141   -234.928     23.609
     -0.489     21.571     88.671    -79.941    -28.038   -234.570     23.255
     -0.491     21.627     89.139    -79.987    -27.936   -234.211     22.905
     -0.493     21.683     89.607    -80.032    -27.835   -233.853     22.556
     -0.495     21.739     90.075    -80.077    -27.734   -233.496     22.210
     -0.497     21.794     90.541    -80.121    -27.634   -233.139     21.867
     -0.499     21.849     91.007    -80.164    -27.534   -232.783     21.526
     -0.501     21.904     91.473    -80.207    -27.435   -232.428     21.186
     -0.503     21.959     91.937    -80.249    -27.336   -232.072     20.850
     -0.505     22.014     92.401    -80.291    -27.238   -231.718     20.515
     -0.507     22.068     92.864    -80.331    -27.140   -231.364     20.183
     -0.509     22.122     93.326    -80.371    -27.043   -231.010     19.853
     -0.511     22.176     93.788    -80.411    -26.946   -230.657     19.525
     -0.513     22.230     94.249    -80.449    -26.849   -230.305     19.199
     -0.515     22.284     94.709    -80.487    -26.753   -229.953     18.875
     -0.517     22.337     95.169    -80.525    -26.658   -229.601     18.554
     -0.519     22.390     95.628    -80.562    -26.563   -229.250     18.235
     -0.521     22.443     96.086    -80.598    -26.468   -228.900     17.918
     -0.523     22.496     96.543    -80.633    -26.374   -228.550     17.602
     -0.525     22.549     97.000    -80.668    -26.280   -228.201     17.289
     -0.527     22.601     97.456    -80.703    -26.187   -227.853     16.978
     -0.529     22.653     97.911    -80.736    -26.094   -227.505     16.670
     -0.531     22.706     98.366    -80.769    -26.002   -227.157     16.363
     -0.533     22.757     98.820    -80.802    -25.910   -226.810     16.058
     -0.535     22.809     99.273    -80.833    -25.819   -226.464     15.755
     -0.537     22.861     99.726    -80.865    -25.728   -226.118     15.454
     -0.539     22.912    100.178    -80.895    -25.638   -225.773     15.155
     -0.541     22.963    100.629    -80.925    -25.548   -225.429     14.858
     -0.543     23.014    101.080    -80.955    -25.458   -225.085     14.563
     -0.545     23.065    101.529    -80.984    -25.369   -224.741     14.269
     -0.547     23.116    101.978    -81.012    -25.280   -224.398     13.978
     -0.549     23.166    102.427    -81.039    -25.191   -224.056     13.689
     -0.551     23.216    102.875    -81.067    -25.104   -223.715     13.401
     -0.553     23.267    103.322    -81.093    -25.016   -223.373     13.115
     -0.555     23.317    103.768    -81.119    -24.929   -223.033     12.831
     -0.557     23.366    104.214    -81.144    -24.842   -222.693     12.549
     -0.559     23.416    104.659    -81.169    -24.756   -222.354     12.268
     -0.561     23.465    105.103    -81.193    -24.670   -222.015     11.989
     -0.563     23.515    105.547    -81.217    -24.584   -221.677     11.713
     -0.565     23.564    105.990    -81.240    -24.499   -221.339     11.437
     -0.567     23.613    106.432    -81.263    -24.414   -221.002     11.164
     -0.569     23.661    106.874    -81.285    -24.330   -220.666     10.892
     -0.571     23.710    107.315    -81.306    -24.246   -220.330     10.622
     -0.573     23.758    107.755    -81.327    -24.162   -219.995     10.353
     -0.575     23.807    108.195    -81.348    -24.079   -219.660     10.087
     -0.577     23.855    108.634    -81.368    -23.996   -219.326      9.821
     -0.579     23.903    109.072    -81.387    -23.914   -218.993      9.558
     -0.581     23.950    109.510    -81.406    -23.831   -218.660      9.296
     -0.583     23.998    109.947    -81.424    -23.750   -218.328      9.036
     -0.585     24.045    110.383    -81.442    -23.668   -217.996      8.777
     -0.587     24.093    110.819    -81.459    -23.587   -217.665      8.520
     -0.589     24.140    111.254    -81.476    -23.506   -217.334      8.264
     -0.591     24.187    111.688    -81.493    -23.426   -217.004      8.010
     -0.593     24.233    112.122    -81.508    -23.346   -216.675      7.758
     -0.595     24.280    112.555    -81.524    -23.266   -216.346      7.507
     -0.597     24.326    112.987    -81.538    -23.187   -216.018      7.257
     -0.599     24.373    113.419    -81.553    -23.108   -215.691      7.009
     -0.601     24.419    113.850    -81.566    -23.030   -215.364      6.763
     -0.603     24.465    114.281    -81.580    -22.951   -215.037      6.518
     -0.605     24.511    114.710    -81.592    -22.873   -214.712      6.274
     -0.607     24.556    115.139    -81.605    -22.796   -214.386      6.032
     -0.609     24.602    115.568    -81.617    -22.718   -214.062      5.792
     -0.611     24.647    115.996    -81.628    -22.641   -213.738      5.552
     -0.613     24.692    116.423    -81.639    -22.565   -213.414      5.315
     -0.615     24.737    116.849    -81.649    -22.488   -213.091      5.078
     -0.617     24.782    117.275    -81.659    -22.412   -212.769      4.843
     -0.619     24.827    117.700    -81.669    -22.337   -212.448      4.609
     -0.621     24.872    118.125    -81.678    -22.261   -212.126      4.377
     -0.623     24.916    118.549    -81.686    -22.186   -211.806      4.146
     -0.625     24.960    118.972    -81.694    -22.112   -211.486      3.916
     -0.627     25.005    119.395    -81.702    -22.037   -211.167      3.688
     -0.629     25.049    119.817    -81.709    -21.963   -210.848      3.461
     -0.631     25.092    120.238    -81.716    -21.889   -210.530      3.236
     -0.633     25.136    120.659    -81.722    -21.816   -210.212      3.011
     -0.635     25.180    121.079    -81.728    -21.743   -209.895      2.788
     -0.637     25.223    121.499    -81.733    -21.670   -209.579      2.566
     -0.639     25.266    121.917    -81.738    -21.597   -209.263      2.346
     -0.641     25.310    122.336    -81.742    -21.525   -208.947      2.127
     -0.643     25.352    122.753    -81.746    -21.453   -208.633      1.909
     -0.645     25.395    123.170    -81.750    -21.381   -208.318      1.692
     -0.647     25.438    123.586    -81.753    -21.309   -208.005      1.476
     -0.649     25.481    124.002    -81.756    -21.238   -207.692      1.262
     -0.651     25.523    124.417    -81.758    -21.167   -207.379      1.049
     -0.653     25.565    124.832    -81.760    -21.097   -207.068      0.837
     -0.655     25.607    125.245    -81.762    -21.026   -206.756      0.626
     -0.657     25.649    125.659    -81.763    -20.956   -206.446      0.416
     -0.659     25.691    126.071    -81.763    -20.887   -206.135      0.208
     -0.661     25.733    126.483    -81.763    -20.817   -205.826      0.001
     -0.663     25.774    126.895    -81.763    -20.748   -205.517     -0.205
     -0.665     25.816    127.305    -81.763    -20.679   -205.208     -0.410
     -0.667     25.857    127.715    -81.762    -20.610   -204.900     -0.614
     -0.669     25.898    128.125    -81.760    -20.542   -204.593     -0.817
     -0.671     25.939    128.534    -81.758    -20.474   -204.286     -1.018
     -0.673     25.980    128.942    -81.756    -20.406   -203.980     -1.219
     -0.675     26.021    129.350    -81.753    -20.338   -203.674     -1.418
     -0.677     26.062    129.757    -81.750    -20.271   -203.369     -1.616
     -0.679     26.102    130.163    -81.747    -20.203   -203.064     -1.813
     -0.681     26.142    130.569    -81.743    -20.137   -202.760     -2.010
     -0.683     26.183    130.974    -81.739    -20.070   -202.457     -2.205
     -0.685     26.223    131.379    -81.734    -20.004   -202.154     -2.399
     -0.687     26.263    131.783    -81.729    -19.937   -201.852     -2.592
     -0.689     26.302    132.186    -81.724    -19.872   -201.550     -2.783
     -0.691     26.342    132.589    -81.718    -19.806   -201.249     -2.974
     -0.693     26.382    132.991    -81.712    -19.741   -200.948     -3.164
     -0.695     26.421    133.393    -81.706    -19.675   -200.648     -3.353
     -0.697     26.460    133.794    -81.699    -19.611   -200.348     -3.541
     -0.699     26.499    134.194    -81.691    -19.546   -200.049     -3.728
     -0.701     26.539    134.594    -81.684    -19.482   -199.750     -3.913
     -0.703     26.577    134.993    -81.676    -19.417   -199.452     -4.098
     -0.705     26.616    135.392    -81.667    -19.353   -199.155     -4.282
     -0.707     26.655    135.790    -81.659    -19.290   -198.858     -4.465
     -0.709     26.693    136.187    -81.650    -19.226   -198.561     -4.647
     -0.711     26.732    136.584    -81.640    -19.163   -198.265     -4.828
     -0.713     26.770    136.980    -81.630    -19.100   -197.970     -5.008
     -0.715     26.808    137.376    -81.620    -19.037   -197.675     -5.187
     -0.717     26.846    137.771    -81.609    -18.975   -197.381     -5.365
     -0.719     26.884    138.165    -81.599    -18.912   -197.087     -5.542
     -0.721     26.922    138.559    -81.587    -18.850   -196.794     -5.718
     -0.723     26.959    138.953    -81.576    -18.788   -196.501     -5.894
     -0.725     26.997    139.345    -81.564    -18.727   -196.209     -6.068
     -0.727     27.034    139.737    -81.551    -18.665   -195.917     -6.242
     -0.729     27.072    140.129    -81.539    -18.604   -195.626     -6.414
     -0.731     27.109    140.520    -81.526    -18.543   -195.335     -6.586
     -0.733     27.146    140.910    -81.512    -18.482   -195.045     -6.757
     -0.735     27.183    141.300    -81.499    -18.422   -194.756     -6.927
     -0.737     27.219    141.689    -81.485    -18.361   -194.466     -7.096
     -0.739     27.256    142.078    -81.470    -18.301   -194.178     -7.264
     -0.741     27.293    142.466    -81.456    -18.241   -193.890     -7.432
     -0.743     27.329    142.854    -81.441    -18.181   -193.602     -7.598
     -0.745     27.365    143.241    -81.425    -18.122   -193.315     -7.764
     -0.747     27.402    143.627    -81.410    -18.063   -193.028     -7.929
     -0.749     27.438    144.013    -81.394    -18.004   -192.742     -8.093
     -0.751     27.474    144.398    -81.377    -17.945   -192.457     -8.256
     -0.753     27.509    144.782    -81.361    -17.886   -192.172     -8.418
     -0.755     27.545    145.167    -81.344    -17.827   -191.887     -8.580
     -0.757     27.581    145.550    -81.326    -17.769   -191.603     -8.741
     -0.759     27.616    145.933    -81.309    -17.711   -191.320     -8.901
     -0.761     27.652    146.315    -81.291    -17.653   -191.036     -9.060
     -0.763     27.687    146.697    -81.272    -17.595   -190.754     -9.218
     -0.765     27.722    147.078    -81.254    -17.538   -190.472     -9.376
     -0.767     27.757    147.459    -81.235    -17.481   -190.190     -9.533
     -0.769     27.792    147.839    -81.216    -17.423   -189.909     -9.689
     -0.771     27.827    148.219    -81.196    -17.366   -189.628     -9.844
     -0.773     27.861    148.598    -81.176    -17.310   -189.348     -9.998
     -0.775     27.896    148.976    -81.156    -17.253   -189.069    -10.152
     -0.777     27.930    149.354    -81.136    -17.197   -188.789    -10.305
     -0.779     27.965    149.731    -81.115    -17.141   -188.511    -10.457
     -0.781     27.999    150.108    -81.094    -17.085   -188.232    -10.609
     -0.783     28.033    150.484    -81.072    -17.029   -187.955    -10.759
     -0.785     28.067    150.860    -81.051    -16.973   -187.677    -10.909
     -0.787     28.101    151.235    -81.029    -16.918   -187.401    -11.059
     -0.789     28.135    151.609    -81.007    -16.863   -187.124    -11.207
     -0.791     28.168    151.983    -80.984    -16.807   -186.849    -11.355
     -0.793     28.202    152.357    -80.961    -16.753   -186.573    -11.502
     -0.795     28.235    152.730    -80.938    -16.698   -186.298    -11.648
     -0.797     28.269    153.102    -80.914    -16.643   -186.024    -11.794
     -0.799     28.302    153.474    -80.891    -16.589   -185.750    -11.939
     -0.801     28.335    153.845    -80.867    -16.535   -185.476    -12.083
     -0.803     28.368    154.216    -80.842    -16.481   -185.203    -12.227
     -0.805     28.401    154.586    -80.818    -16.427   -184.931    -12.370
     -0.807     28.434    154.955    -80.793    -16.373   -184.658    -12.512
     -0.809     28.467    155.324    -80.768    -16.320   -184.387    -12.654
     -0.811     28.499    155.693    -80.742    -16.266   -184.116    -12.794
     -0.813     28.532    156.061    -80.717    -16.213   -183.845    -12.935
     -0.815     28.564    156.428    -80.691    -16.160   -183.575    -13.074
     -0.817     28.596    156.795    -80.664    -16.107   -183.305    -13.213
     -0.819     28.628    157.161    -80.638    -16.055   -183.035    -13.351
     -0.821     28.660    157.527    -80.611    -16.002   -182.766    -13.489
     -0.823     28.692    157.893    -80.584    -15.950   -182.498    -13.626
     -0.825     28.724    158.257    -80.556    -15.898   -182.230    -13.762
     -0.827     28.756    158.621    -80.529    -15.846   -181.962    -13.898
     -0.829     28.788    158.985    -80.501    -15.794   -181.695    -14.033
     -0.831     28.819    159.348    -80.473    -15.742   -181.428    -14.167
     -0.833     28.851    159.711    -80.444    -15.691   -181.162    -14.301
     -0.835     28.882    160.073    -80.415    -15.639   -180.896    -14.434
     -0.837     28.913    160.434    -80.386    -15.588   -180.631    -14.567
     -0.839     28.944    160.795    -80.357    -15.537   -180.366    -14.699
     -0.841     28.975    161.156    -80.328    -15.486   -180.101    -14.830
     -0.843     29.006    161.516    -80.298    -15.435   -179.837    -14.961
     -0.845     29.037    161.875    -80.268    -15.385   -179.573    -15.091
     -0.847     29.068    162.234    -80.237    -15.334   -179.310    -15.220
     -0.849     29.098    162.592    -80.207    -15.284   -179.047    -15.349
     -0.851     29.129    162.950    -80.176    -15.234   -178.785    -15.478
     -0.853     29.159    163.308    -80.145    -15.184   -178.523    -15.605
     -0.855     29.190    163.664    -80.114    -15.134   -178.261    -15.732
     -0.857     29.220    164.021    -80.082    -15.085   -178.000    -15.859
     -0.859     29.250    164.376    -80.050    -15.035   -177.739    -15.985
     -0.861     29.280    164.732    -80.018    -14.986   -177.479    -16.110
     -0.863     29.310    165.086    -79.986    -14.937   -177.219    -16.235
     -0.865     29.340    165.440    -79.953    -14.887   -176.959    -16.360
     -0.867     29.369    165.794    -79.920    -14.838   -176.700    -16.483
     -0.869     29.399    166.147    -79.887    -14.790   -176.442    -16.607
     -0.871     29.429    166.500    -79.854    -14.741   -176.183    -16.729
     -0.873     29.458    166.852    -79.820    -14.693   -175.926    -16.851
     -0.875     29.487    167.204    -79.787    -14.644   -175.668    -16.973
     -0.877     29.517    167.555    -79.752    -14.596   -175.411    -17.094
     -0.879     29.546    167.905    -79.718    -14.548   -175.155    -17.214
     -0.881     29.575    168.255    -79.684    -14.500   -174.898    -17.334
     -0.883     29.604    168.605    -79.649    -14.452   -174.643    -17.454
     -0.885     29.633    168.954    -79.614    -14.405   -174.387    -17.573
     -0.887     29.661    169.302    -79.579    -14.357   -174.132    -17.691
     -0.889     29.690    169.650    -79.543    -14.310   -173.878    -17.809
     -0.891     29.719    169.998    -79.507    -14.262   -173.623    -17.926
     -0.893     29.747    170.345    -79.471    -14.215   -173.369    -18.043
     -0.895     29.775    170.691    -79.435    -14.168   -173.116    -18.159
     -0.897     29.804    171.037    -79.399    -14.122   -172.863    -18.275
     -0.899     29.832    171.383    -79.362    -14.075   -172.610    -18.390
     -0.901     29.860    171.728    -79.325    -14.028   -172.358    -18.505
     -0.903     29.888    172.072    -79.288    -13.982   -172.106    -18.619
     -0.905     29.916    172.416    -79.251    -13.936   -171.855    -18.733
     -0.907     29.944    172.760    -79.213    -13.889   -171.604    -18.846
     -0.909     29.972    173.103    -79.175    -13.843   -171.353    -18.959
     -0.911     29.999    173.445    -79.137    -13.797   -171.103    -19.071
     -0.913     30.027    173.787    -79.099    -13.752   -170.853    -19.183
     -0.915     30.054    174.128    -79.060    -13.706   -170.603    -19.294
     -0.917     30.082    174.469    -79.022    -13.660   -170.354    -19.405
     -0.919     30.109    174.810    -78.983    -13.615   -170.105    -19.516
     -0.921     30.136    175.150    -78.944    -13.570   -169.857    -19.626
     -0.923     30.163    175.489    -78.904    -13.525   -169.609    -19.735
     -0.925     30.190    175.828    -78.865    -13.480   -169.361    -19.844
     -0.927     30.217    176.167    -78.825    -13.435   -169.114    -19.952
     -0.929     30.244    176.505    -78.785    -13.390   -168.867    -20.060
     -0.931     30.271    176.842    -78.745    -13.345   -168.620    -20.168
     -0.933     30.297    177.179    -78.704    -13.301   -168.374    -20.275
     -0.935     30.324    177.516    -78.664    -13.256   -168.128    -20.382
     -0.937     30.350    177.852    -78.623    -13.212   -167.882    -20.488
     -0.939     30.377    178.187    -78.582    -13.168   -167.637    -20.594
     -0.941     30.403    178.522    -78.540    -13.124   -167.393    -20.699
     -0.943     30.429    178.857    -78.499    -13.080   -167.148    -20.804
     -0.945     30.455    179.191    -78.457    -13.036   -166.904    -20.909
     -0.947     30.481    179.524    -78.415    -12.992   -166.660    -21.013
     -0.949     30.507    179.858    -78.373    -12.949   -166.417    -21.116
     -0.951     30.533    180.190    -78.331    -12.905   -166.174    -21.219
     -0.953     30.559    180.522    -78.288    -12.862   -165.932    -21.322
     -0.955     30.585    180.854    -78.246    -12.819   -165.689    -21.424
     -0.957     30.610    181.185    -78.203    -12.776   -165.447    -21.526
     -0.959     30.636    181.516    -78.159    -12.733   -165.206    -21.627
     -0.961     30.661    181.846    -78.116    -12.690   -164.965    -21.729
     -0.963     30.686    182.175    -78.072    -12.647   -164.724    -21.829
     -0.965     30.712    182.505    -78.029    -12.605   -164.483    -21.929
     -0.967     30.737    182.833    -77.985    -12.562   -164.243    -22.029
     -0.969     30.762    183.162    -77.941    -12.520   -164.003    -22.128
     -0.971     30.787    183.489    -77.896    -12.477   -163.764    -22.227
     -0.973     30.812    183.817    -77.852    -12.435   -163.524    -22.326
     -0.975     30.837    184.144    -77.807    -12.393   -163.286    -22.424
     -0.977     30.861    184.470    -77.762    -12.351   -163.047    -22.522
     -0.979     30.886    184.796    -77.717    -12.309   -162.809    -22.619
     -0.981     30.911    185.121    -77.672    -12.267   -162.571    -22.716
     -0.983     30.935    185.446    -77.626    -12.226   -162.334    -22.813
     -0.985     30.960    185.770    -77.580    -12.184   -162.097    -22.909
     -0.987     30.984    186.094    -77.534    -12.143   -161.860    -23.005
     -0.989     31.008    186.418    -77.488    -12.101   -161.623    -23.100
     -0.991     31.032    186.741    -77.442    -12.060   -161.387    -23.195
     -0.993     31.056    187.063    -77.395    -12.019   -161.151    -23.290
     -0.995     31.080    187.385    -77.349    -11.978   -160.916    -23.384
     -0.997     31.104    187.707    -77.302    -11.937   -160.681    -23.478
     -0.999     31.128    188.028    -77.255    -11.896   -160.446    -23.571
     -1.001     31.152    188.349    -77.208    -11.856   -160.211    -23.664
     -1.003     31.176    188.669    -77.160    -11.815   -159.977    -23.757
     -1.005     31.199    188.989    -77.113    -11.775   -159.743    -23.849
     -1.007     31.223    189.308    -77.065    -11.734   -159.510    -23.941
     -1.009     31.246    189.627    -77.017    -11.694   -159.276    -24.033
     -1.011     31.269    189.945    -76.969    -11.654   -159.043    -24.124
     -1.013     31.293    190.263    -76.920    -11.614   -158.811    -24.215
     -1.015     31.316    190.580    -76.872    -11.574   -158.578    -24.306
     -1.017     31.339    190.897    -76.823    -11.534   -158.346    -24.396
     -1.019     31.362    191.214    -76.774    -11.494   -158.115    -24.486
     -1.021     31.385    191.530    -76.725    -11.454   -157.883    -24.575
     -1.023     31.408    191.845    -76.676    -11.415   -157.652    -24.664
     -1.025     31.431    192.160    -76.627    -11.375   -157.422    -24.753
     -1.027     31.453    192.475    -76.577    -11.336   -157.191    -24.842
     -1.029     31.476    192.789    -76.527    -11.297   -156.961    -24.930
     -1.031     31.498    193.103    -76.477    -11.257   -156.731    -25.017
     -1.033     31.521    193.416    -76.427    -11.218   -156.502    -25.105
     -1.035     31.543    193.729    -76.377    -11.179   -156.272    -25.192
     -1.037     31.566    194.041    -76.326    -11.140   -156.043    -25.279
     -1.039     31.588    194.353    -76.276    -11.102   -155.815    -25.365
     -1.041     31.610    194.664    -76.225    -11.063   -155.586    -25.451
     -1.043     31.632    194.975    -76.174    -11.024   -155.358    -25.537
     -1.045     31.654    195.286    -76.123    -10.986   -155.131    -25.622
     -1.047     31.676    195.596    -76.071    -10.947   -154.903    -25.707
     -1.049     31.698    195.905    -76.020    -10.909   -154.676    -25.792
     -1.051     31.720    196.215    -75.968    -10.871   -154.449    -25.876
     -1.053     31.741    196.523    -75.916    -10.833   -154.222    -25.960
     -1.055     31.763    196.831    -75.864    -10.795   -153.996    -26.044
     -1.057     31.785    197.139    -75.812    -10.757   -153.770    -26.128
     -1.059     31.806    197.447    -75.760    -10.719   -153.544    -26.211
     -1.061     31.828    197.753    -75.707    -10.681   -153.319    -26.294
     -1.063     31.849    198.060    -75.655    -10.643   -153.094    -26.376
     -1.065     31.870    198.366    -75.602    -10.606   -152.869    -26.458
     -1.067     31.891    198.671    -75.549    -10.568   -152.644    -26.540
     -1.069     31.912    198.976    -75.496    -10.531   -152.420    -26.622
     -1.071     31.933    199.281    -75.442    -10.493   -152.196    -26.703
     -1.073     31.954    199.585    -75.389    -10.456   -151.972    -26.784
     -1.075     31.975    199.889    -75.335    -10.419   -151.749    -26.864
     -1.077     31.996    200.192    -75.281    -10.382   -151.526    -26.945
     -1.079     32.017    200.495    -75.227    -10.345   -151.303    -27.025
     -1.081     32.037    200.797    -75.173    -10.308   -151.080    -27.104
     -1.083     32.058    201.099    -75.119    -10.271   -150.858    -27.184
     -1.085     32.078    201.401    -75.065    -10.235   -150.636    -27.263
     -1.087     32.099    201.702    -75.010    -10.198   -150.414    -27.342
     -1.089     32.119    202.002    -74.955    -10.161   -150.192    -27.420
     -1.091     32.140    202.303    -74.900    -10.125   -149.971    -27.499
     -1.093     32.160    202.602    -74.845    -10.089   -149.750    -27.576
     -1.095     32.180    202.902    -74.790    -10.052   -149.529    -27.654
     -1.097     32.200    203.200    -74.735    -10.016   -149.309    -27.732
     -1.099     32.220    203.499    -74.679     -9.980   -149.089    -27.809
     -1.101     32.240    203.797    -74.623     -9.944   -148.869    -27.885
     -1.103     32.260    204.094    -74.568     -9.908   -148.649    -27.962
     -1.105     32.280    204.391    -74.512     -9.872   -148.430    -28.038
     -1.107     32.299    204.688    -74.455     -9.836   -148.210    -28.114
     -1.109     32.319    204.984    -74.399     -9.801   -147.992    -28.190
     -1.111     32.338    205.280    -74.343     -9.765   -147.773    -28.265
     -1.113     32.358    205.575    -74.286     -9.729   -147.554    -28.340
     -1.115     32.377    205.870    -74.229     -9.694   -147.336    -28.415
     -1.117     32.397    206.165    -74.172     -9.659   -147.118    -28.490
     -1.119     32.416    206.459    -74.115     -9.623   -146.901    -28.564
     -1.121     32.435    206.752    -74.058     -9.588   -146.683    -28.638
     -1.123     32.454    207.045    -74.001     -9.553   -146.466    -28.712
     -1.125     32.473    207.338    -73.943     -9.518   -146.249    -28.785
     -1.127     32.492    207.630    -73.886     -9.483   -146.033    -28.858
     -1.129     32.511    207.922    -73.828     -9.448   -145.816    -28.931
     -1.131     32.530    208.214    -73.770     -9.413   -145.600    -29.004
     -1.133     32.549    208.505    -73.712     -9.378   -145.384    -29.076
     -1.135     32.568    208.795    -73.654     -9.344   -145.169    -29.148
     -1.137     32.586    209.085    -73.595     -9.309   -144.953    -29.220
     -1.139     32.605    209.375    -73.537     -9.275   -144.738    -29.292
     -1.141     32.623    209.664    -73.478     -9.240   -144.523    -29.363
     -1.143     32.642    209.953    -73.419     -9.206   -144.309    -29.434
     -1.145     32.660    210.242    -73.360     -9.172   -144.094    -29.505
     -1.147     32.679    210.530    -73.301     -9.138   -143.880    -29.576
     -1.149     32.697    210.817    -73.242     -9.103   -143.666    -29.646
     -1.151     32.715    211.104    -73.183     -9.069   -143.452    -29.716
     -1.153     32.733    211.391    -73.123     -9.035   -143.239    -29.786
     -1.155     32.751    211.677    -73.064     -9.001   -143.026    -29.856
     -1.157     32.769    211.963    -73.004     -8.968   -142.813    -29.925
     -1.159     32.787    212.248    -72.944     -8.934   -142.600    -29.994
     -1.161     32.805    212.533    -72.884     -8.900   -142.387    -30.063
     -1.163     32.823    212.818    -72.824     -8.867   -142.175    -30.132
     -1.165     32.840    213.102    -72.763     -8.833   -141.963    -30.200
     -1.167     32.858    213.386    -72.703     -8.800   -141.751    -30.268
     -1.169     32.876    213.669    -72.642     -8.766   -141.540    -30.336
     -1.171     32.893    213.952    -72.581     -8.733   -141.328    -30.404
     -1.173     32.910    214.234    -72.521     -8.700   -141.117    -30.471
     -1.175     32.928    214.516    -72.460     -8.667   -140.906    -30.538
     -1.177     32.945    214.798    -72.398     -8.634   -140.695    -30.605
     -1.179     32.962    215.079    -72.337     -8.601   -140.485    -30.672
     -1.181     32.980    215.360    -72.276     -8.568   -140.274    -30.738
     -1.183     32.997    215.640    -72.214     -8.535   -140.064    -30.804
     -1.185     33.014    215.920    -72.153     -8.502   -139.855    -30.870
     -1.187     33.031    216.200    -72.091     -8.469   -139.645    -30.936
     -1.189     33.048    216.479    -72.029     -8.437   -139.436    -31.002
     -1.191     33.064    216.757    -71.967     -8.404   -139.226    -31.067
     -1.193     33.081    217.036    -71.904     -8.372   -139.017    -31.132
     -1.195     33.098    217.314    -71.842     -8.339   -138.809    -31.197
     -1.197     33.115    217.591    -71.780     -8.307   -138.600    -31.262
     -1.199     33.131    217.868    -71.717     -8.274   -138.392    -31.326
     -1.201     33.148    218.145    -71.654     -8.242   -138.184    -31.390
     -1.203     33.164    218.421    -71.592     -8.210   -137.976    -31.454
     -1.205     33.180    218.696    -71.529     -8.178   -137.768    -31.518
     -1.207     33.197    218.972    -71.465     -8.146   -137.560    -31.581
     -1.209     33.213    219.247    -71.402     -8.114   -137.353    -31.644
     -1.211     33.229    219.521    -71.339     -8.082   -137.146    -31.707
     -1.213     33.245    219.795    -71.275     -8.050   -136.939    -31.770
     -1.215     33.261    220.069    -71.212     -8.019   -136.733    -31.833
     -1.217     33.277    220.342    -71.148     -7.987   -136.526    -31.895
     -1.219     33.293    220.615    -71.084     -7.955   -136.320    -31.957
     -1.221     33.309    220.887    -71.020     -7.924   -136.114    -32.019
     -1.223     33.325    221.159    -70.956     -7.892   -135.908    -32.081
     -1.225     33.341    221.431    -70.892     -7.861   -135.702    -32.143
     -1.227     33.357    221.702    -70.828     -7.830   -135.497    -32.204
     -1.229     33.372    221.973    -70.763     -7.798   -135.292    -32.265
     -1.231     33.388    222.243    -70.699     -7.767   -135.086    -32.326
     -1.233     33.403    222.513    -70.634     -7.736   -134.882    -32.387
     -1.235     33.419    222.783    -70.569     -7.705   -134.677    -32.447
     -1.237     33.434    223.052    -70.504     -7.674   -134.472    -32.508
     -1.239     33.449    223.321    -70.439     -7.643   -134.268    -32.568
     -1.241     33.465    223.589    -70.374     -7.612   -134.064    -32.627
     -1.243     33.480    223.857    -70.308     -7.581   -133.860    -32.687
     -1.245     33.495    224.125    -70.243     -7.551   -133.656    -32.747
     -1.247     33.510    224.392    -70.177     -7.520   -133.453    -32.806
     -1.249     33.525    224.658    -70.112     -7.489   -133.250    -32.865
     -1.251     33.540    224.925    -70.046     -7.459   -133.047    -32.924
     -1.253     33.555    225.191    -69.980     -7.428   -132.844    -32.982
     -1.255     33.570    225.456    -69.914     -7.398   -132.641    -33.041
     -1.257     33.584    225.721    -69.848     -7.367   -132.438    -33.099
     -1.259     33.599    225.986    -69.782     -7.337   -132.236    -33.157
     -1.261     33.614    226.250    -69.715     -7.307   -132.034    -33.215
     -1.263     33.628    226.514    -69.649     -7.277   -131.832    -33.273
     -1.265     33.643    226.777    -69.582     -7.247   -131.630    -33.330
     -1.267     33.657    227.041    -69.516     -7.217   -131.428    -33.387
     -1.269     33.672    227.303    -69.449     -7.187   -131.227    -33.444
     -1.271     33.686    227.565    -69.382     -7.157   -131.025    -33.501
     -1.273     33.700    227.827    -69.315     -7.127   -130.824    -33.558
     -1.275     33.715    228.089    -69.247     -7.097   -130.623    -33.614
     -1.277     33.729    228.350    -69.180     -7.067   -130.422    -33.671
     -1.279     33.743    228.610    -69.113     -7.038   -130.222    -33.727
     -1.281     33.757    228.871    -69.045     -7.008   -130.021    -33.783
     -1.283     33.771    229.131    -68.978     -6.979   -129.821    -33.839
     -1.285     33.785    229.390    -68.910     -6.949   -129.621    -33.894
     -1.287     33.799    229.649    -68.842     -6.920   -129.421    -33.949
     -1.289     33.813    229.908    -68.774     -6.890   -129.221    -34.005
     -1.291     33.826    230.166    -68.706     -6.861   -129.022    -34.060
     -1.293     33.840    230.424    -68.638     -6.832   -128.822    -34.114
     -1.295     33.854    230.681    -68.570     -6.803   -128.623    -34.169
     -1.297     33.867    230.938    -68.501     -6.774   -128.424    -34.223
     -1.299     33.881    231.195    -68.433     -6.745   -128.225    -34.278
     -1.301     33.894    231.451    -68.364     -6.716   -128.026    -34.332
     -1.303     33.908    231.707    -68.295     -6.687   -127.828    -34.386
     -1.305     33.921    231.962    -68.227     -6.658   -127.629    -34.439
     -1.307     33.934    232.217    -68.158     -6.629   -127.431    -34.493
     -1.309     33.947    232.472    -68.089     -6.600   -127.233    -34.546
     -1.311     33.961    232.726    -68.019     -6.572   -127.035    -34.599
     -1.313     33.974    232.980    -67.950     -6.543   -126.837    -34.652
     -1.315     33.987    233.234    -67.881     -6.514   -126.640    -34.705
     -1.317     34.000    233.487    -67.811     -6.486   -126.442    -34.758
     -1.319     34.013    233.740    -67.742     -6.457   -126.245    -34.810
     -1.321     34.026    233.992    -67.672     -6.429   -126.048    -34.862
     -1.323     34.038    234.244    -67.602     -6.401   -125.851    -34.914
     -1.325     34.051    234.495    -67.532     -6.372   -125.654    -34.966
     -1.327     34.064    234.746    -67.463     -6.344   -125.458    -35.018
     -1.329     34.077    234.997    -67.392     -6.316   -125.261    -35.070
     -1.331     34.089    235.247    -67.322     -6.288   -125.065    -35.121
     -1.333     34.102    235.497    -67.252     -6.260   -124.869    -35.172
     -1.335     34.114    235.747    -67.182     -6.232   -124.672    -35.223
     -1.337     34.127    235.996    -67.111     -6.204   -124.477    -35.274
     -1.339     34.139    236.245    -67.040     -6.176   -124.281    -35.325
     -1.341     34.151    236.493    -66.970     -6.148   -124.085    -35.375
     -1.343     34.164    236.741    -66.899     -6.121   -123.890    -35.426
     -1.345     34.176    236.989    -66.828     -6.093   -123.694    -35.476
     -1.347     34.188    237.236    -66.757     -6.065   -123.499    -35.526
     -1.349     34.200    237.483    -66.686     -6.038   -123.304    -35.576
     -1.351     34.212    237.729    -66.615     -6.010   -123.109    -35.626
     -1.353     34.224    237.975    -66.543     -5.983   -122.915    -35.675
     -1.355     34.236    238.221    -66.472     -5.955   -122.720    -35.724
     -1.357     34.248    238.466    -66.401     -5.928   -122.526    -35.774
     -1.359     34.260    238.711    -66.329     -5.901   -122.331    -35.823
     -1.361     34.272    238.955    -66.257     -5.874   -122.137    -35.871
     -1.363     34.283    239.199    -66.185     -5.847   -121.943    -35.920
     -1.365     34.295    239.443    -66.114     -5.819   -121.749    -35.969
     -1.367     34.307    239.686    -66.042     -5.792   -121.556    -36.017
     -1.369     34.318    239.929    -65.970     -5.765   -121.362    -36.065
     -1.371     34.330    240.172    -65.897     -5.738   -121.169    -36.113
     -1.373     34.341    240.414    -65.825     -5.712   -120.975    -36.161
     -1.375     34.352    240.656    -65.753     -5.685   -120.782    -36.209
     -1.377     34.364    240.897    -65.680     -5.658   -120.589    -36.256
     -1.379     34.375    241.138    -65.608     -5.631   -120.396    -36.304
     -1.381     34.386    241.379    -65.535     -5.605   -120.203    -36.351
     -1.383     34.398    241.619    -65.462     -5.578   -120.011    -36.398
     -1.385     34.409    241.859    -65.389     -5.551   -119.818    -36.445
     -1.387     34.420    242.098    -65.316     -5.525   -119.626    -36.492
     -1.389     34.431    242.337    -65.243     -5.499   -119.433    -36.538
     -1.391     34.442    242.576    -65.170     -5.472   -119.241    -36.585
     -1.393     34.453    242.814    -65.097     -5.446   -119.049    -36.631
     -1.395     34.464    243.052    -65.024     -5.420   -118.857    -36.677
     -1.397     34.474    243.290    -64.950     -5.393   -118.666    -36.723
     -1.399     34.485    243.527    -64.877     -5.367   -118.474    -36.769
     -1.401     34.496    243.764    -64.803     -5.341   -118.283    -36.814
     -1.403     34.506    244.000    -64.730     -5.315   -118.091    -36.860
     -1.405     34.517    244.236    -64.656     -5.289   -117.900    -36.905
     -1.407     34.528    244.472    -64.582     -5.263   -117.709    -36.950
     -1.409     34.538    244.707    -64.508     -5.237   -117.518    -36.995
     -1.411     34.549    244.942    -64.434     -5.212   -117.327    -37.040
     -1.413     34.559    245.176    -64.360     -5.186   -117.136    -37.085
     -1.415     34.569    245.410    -64.286     -5.160   -116.946    -37.129
     -1.417     34.580    245.644    -64.211     -5.134   -116.755    -37.174
     -1.419     34.590    245.877    -64.137     -5.109   -116.565    -37.218
     -1.421     34.600    246.110    -64.063     -5.083   -116.374    -37.262
     -1.423     34.610    246.343    -63.988     -5.058   -116.184    -37.306
     -1.425     34.620    246.575    -63.913     -5.032   -115.994    -37.350
     -1.427     34.630    246.807    -63.839     -5.007   -115.804    -37.393
     -1.429     34.640    247.038    -63.764     -4.982   -115.614    -37.437
     -1.431     34.650    247.269    -63.689     -4.956   -115.425    -37.480
     -1.433     34.660    247.500    -63.614     -4.931   -115.235    -37.523
     -1.435     34.670    247.730    -63.539     -4.906   -115.046    -37.566
     -1.437     34.680    247.960    -63.464     -4.881   -114.856    -37.609
     -1.439     34.689    248.189    -63.388     -4.856   -114.667    -37.652
     -1.441     34.699    248.419    -63.313     -4.831   -114.478    -37.694
     -1.443     34.709    248.647    -63.238     -4.806   -114.289    -37.737
     -1.445     34.718    248.876    -63.162     -4.781   -114.100    -37.779
     -1.447     34.728    249.104    -63.086     -4.756   -113.911    -37.821
     -1.449     34.737    249.331    -63.011     -4.732   -113.722    -37.863
     -1.451     34.747    249.559    -62.935     -4.707   -113.534    -37.905
     -1.453     34.756    249.786    -62.859     -4.682   -113.345    -37.946
     -1.455     34.766    250.012    -62.783     -4.658   -113.157    -37.988
     -1.457     34.775    250.238    -62.707     -4.633   -112.969    -38.029
     -1.459     34.784    250.464    -62.631     -4.608   -112.780    -38.070
     -1.461     34.793    250.689    -62.555     -4.584   -112.592    -38.111
     -1.463     34.802    250.914    -62.479     -4.560   -112.404    -38.151
     -1.465     34.812    251.139    -62.402     -4.535   -112.217    -38.192
     -1.467     34.821    251.363    -62.326     -4.511   -112.029    -38.232
     -1.469     34.830    251.587    -62.249     -4.487   -111.841    -38.272
     -1.471     34.839    251.811    -62.173     -4.463   -111.654    -38.312
     -1.473     34.847    252.034    -62.096     -4.438   -111.466    -38.352
     -1.475     34.856    252.256    -62.019     -4.414   -111.279    -38.392
     -1.477     34.865    252.479    -61.943     -4.390   -111.091    -38.431
     -1.479     34.874    252.701    -61.866     -4.366   -110.904    -38.471
     -1.481     34.883    252.922    -61.789     -4.342   -110.717    -38.510
     -1.483     34.891    253.144    -61.712     -4.319   -110.530    -38.549
     -1.485     34.900    253.365    -61.634     -4.295   -110.343    -38.588
     -1.487     34.908    253.585    -61.557     -4.271   -110.157    -38.627
     -1.489     34.917    253.805    -61.480     -4.247   -109.970    -38.666
     -1.491     34.925    254.025    -61.403     -4.224   -109.783    -38.704
     -1.493     34.934    254.244    -61.325     -4.200   -109.597    -38.742
     -1.495     34.942    254.463    -61.248     -4.177   -109.411    -38.781
     -1.497     34.951    254.682    -61.170     -4.153   -109.224    -38.819
     -1.499     34.959    254.900    -61.092     -4.130   -109.038    -38.857
     -1.501     34.967    255.118    -61.015     -4.106   -108.852    -38.895
     -1.503     34.975    255.336    -60.937     -4.083   -108.666    -38.932
     -1.505     34.983    255.553    -60.859     -4.060   -108.480    -38.970
     -1.507     34.991    255.769    -60.781     -4.037   -108.294    -39.007
     -1.509     35.000    255.986    -60.703     -4.013   -108.109    -39.044
     -1.511     35.008    256.202    -60.625     -3.990   -107.923    -39.081
     -1.513     35.015    256.418    -60.546     -3.967   -107.737    -39.118
     -1.515     35.023    256.633    -60.468     -3.944   -107.552    -39.155
     -1.517     35.031    256.848    -60.390     -3.921   -107.367    -39.192
     -1.519     35.039    257.062    -60.311     -3.898   -107.181    -39.228
     -1.521     35.047    257.277    -60.233     -3.876   -106.996    -39.264
     -1.523     35.055    257.490    -60.154     -3.853   -106.811    -39.301
     -1.525     35.062    257.704    -60.076     -3.830   -106.626    -39.337
     -1.527     35.070    257.917    -59.997     -3.807   -106.441    -39.373
     -1.529     35.077    258.130    -59.918     -3.785   -106.256    -39.408
     -1.531     35.085    258.342    -59.839     -3.762   -106.071    -39.444
     -1.533     35.093    258.554    -59.760     -3.740   -105.887    -39.480
     -1.535     35.100    258.765    -59.681     -3.717   -105.702    -39.515
     -1.537     35.107    258.977    -59.602     -3.695   -105.518    -39.550
     -1.539     35.115    259.187    -59.523     -3.672   -105.333    -39.585
     -1.541     35.122    259.398    -59.444     -3.650   -105.149    -39.620
     -1.543     35.129    259.608    -59.365     -3.628   -104.965    -39.655
     -1.545     35.137    259.818    -59.285     -3.606   -104.780    -39.690
     -1.547     35.144    260.027    -59.206     -3.584   -104.596    -39.724
     -1.549     35.151    260.236    -59.127     -3.561   -104.412    -39.758
     -1.551     35.158    260.445    -59.047     -3.539   -104.228    -39.793
     -1.553     35.165    260.653    -58.967     -3.517   -104.044    -39.827
     -1.555     35.172    260.861    -58.888     -3.496   -103.861    -39.861
     -1.557     35.179    261.069    -58.808     -3.474   -103.677    -39.894
     -1.559     35.186    261.276    -58.728     -3.452   -103.493    -39.928
     -1.561     35.193    261.483    -58.648     -3.430   -103.310    -39.962
     -1.563     35.200    261.689    -58.568     -3.408   -103.126    -39.995
     -1.565     35.207    261.895    -58.488     -3.387   -102.943    -40.028
     -1.567     35.213    262.101    -58.408     -3.365   -102.759    -40.061
     -1.569     35.220    262.306    -58.328     -3.343   -102.576    -40.094
     -1.571     35.227    262.511    -58.248     -3.322   -102.393    -40.127
     -1.573     35.233    262.716    -58.168     -3.301   -102.210    -40.159
     -1.575     35.240    262.920    -58.087     -3.279   -102.027    -40.192
     -1.577     35.246    263.124    -58.007     -3.258   -101.844    -40.224
     -1.579     35.253    263.327    -57.926     -3.236   -101.661    -40.256
     -1.581     35.259    263.530    -57.846     -3.215   -101.478    -40.289
     -1.583     35.266    263.733    -57.765     -3.194   -101.295    -40.320
     -1.585     35.272    263.936    -57.684     -3.173   -101.113    -40.352
     -1.587     35.278    264.138    -57.604     -3.152   -100.930    -40.384
     -1.589     35.285    264.339    -57.523     -3.131   -100.748    -40.415
     -1.591     35.291    264.541    -57.442     -3.110   -100.565    -40.447
     -1.593     35.297    264.742    -57.361     -3.089   -100.383    -40.478
     -1.595     35.303    264.942    -57.280     -3.068   -100.201    -40.509
     -1.597     35.309    265.142    -57.199     -3.047   -100.018    -40.540
     -1.599     35.316    265.342    -57.118     -3.026    -99.836    -40.571
     -1.601     35.322    265.542    -57.037     -3.006    -99.654    -40.601
     -1.603     35.328    265.741    -56.956     -2.985    -99.472    -40.632
     -1.605     35.333    265.940    -56.874     -2.964    -99.290    -40.662
     -1.607     35.339    266.138    -56.793     -2.944    -99.108    -40.692
     -1.609     35.345    266.336    -56.711     -2.923    -98.926    -40.722
     -1.611     35.351    266.534    -56.630     -2.903    -98.745    -40.752
     -1.613     35.357    266.731    -56.548     -2.883    -98.563    -40.782
     -1.615     35.363    266.928    -56.467     -2.862    -98.381    -40.812
     -1.617     35.368    267.125    -56.385     -2.842    -98.200    -40.841
     -1.619     35.374    267.321    -56.304     -2.822    -98.018    -40.870
     -1.621     35.380    267.517    -56.222     -2.802    -97.837    -40.900
     -1.623     35.385    267.712    -56.140     -2.781    -97.656    -40.929
     -1.625     35.391    267.907    -56.058     -2.761    -97.474    -40.958
     -1.627     35.396    268.102    -55.976     -2.741    -97.293    -40.986
     -1.629     35.402    268.296    -55.894     -2.721    -97.112    -41.015
     -1.631     35.407    268.490    -55.812     -2.701    -96.931    -41.043
     -1.633     35.413    268.684    -55.730     -2.682    -96.750    -41.072
     -1.635     35.418    268.877    -55.648     -2.662    -96.569    -41.100
     -1.637     35.423    269.070    -55.566     -2.642    -96.388    -41.128
     -1.639     35.428    269.263    -55.483     -2.622    -96.207    -41.156
     -1.641     35.434    269.455    -55.401     -2.603    -96.026    -41.183
     -1.643     35.439    269.647    -55.319     -2.583    -95.846    -41.211
     -1.645     35.444    269.839    -55.236     -2.563    -95.665    -41.238
     -1.647     35.449    270.030    -55.154     -2.544    -95.484    -41.266
     -1.649     35.454    270.221    -55.071     -2.525    -95.304    -41.293
     -1.651     35.459    270.411    -54.988     -2.505    -95.123    -41.320
     -1.653     35.464    270.601    -54.906     -2.486    -94.943    -41.347
     -1.655     35.469    270.791    -54.823     -2.466    -94.763    -41.373
     -1.657     35.474    270.980    -54.740     -2.447    -94.582    -41.400
     -1.659     35.479    271.169    -54.657     -2.428    -94.402    -41.426
     -1.661     35.484    271.358    -54.575     -2.409    -94.222    -41.453
     -1.663     35.489    271.546    -54.492     -2.390    -94.042    -41.479
     -1.665     35.493    271.734    -54.409     -2.371    -93.862    -41.505
     -1.667     35.498    271.921    -54.326     -2.352    -93.682    -41.531
     -1.669     35.503    272.109    -54.242     -2.333    -93.502    -41.556
     -1.671     35.507    272.295    -54.159     -2.314    -93.322    -41.582
     -1.673     35.512    272.482    -54.076     -2.295    -93.143    -41.607
     -1.675     35.517    272.668    -53.993     -2.276    -92.963    -41.632
     -1.677     35.521    272.854    -53.910     -2.258    -92.783    -41.658
     -1.679     35.526    273.039    -53.826     -2.239    -92.604    -41.682
     -1.681     35.530    273.224    -53.743     -2.220    -92.424    -41.707
     -1.683     35.534    273.409    -53.659     -2.202    -92.245    -41.732
     -1.685     35.539    273.593    -53.576     -2.183    -92.065    -41.756
     -1.687     35.543    273.777    -53.492     -2.165    -91.886    -41.781
     -1.689     35.547    273.961    -53.409     -2.146    -91.707    -41.805
     -1.691     35.552    274.144    -53.325     -2.128    -91.527    -41.829
     -1.693     35.556    274.327    -53.242     -2.110    -91.348    -41.853
     -1.695     35.560    274.509    -53.158     -2.091    -91.169    -41.877
     -1.697     35.564    274.691    -53.074     -2.073    -90.990    -41.900
     -1.699     35.569    274.873    -52.990     -2.055    -90.811    -41.924
     -1.701     35.573    275.055    -52.906     -2.037    -90.632    -41.947
     -1.703     35.577    275.236    -52.822     -2.019    -90.453    -41.970
     -1.705     35.581    275.417    -52.738     -2.001    -90.275    -41.993
     -1.707     35.585    275.597    -52.654     -1.983    -90.096    -42.016
     -1.709     35.589    275.777    -52.570     -1.965    -89.917    -42.039
     -1.711     35.593    275.957    -52.486     -1.947    -89.739    -42.061
     -1.713     35.596    276.136    -52.402     -1.929    -89.560    -42.084
     -1.715     35.600    276.315    -52.318     -1.912    -89.382    -42.106
     -1.717     35.604    276.493    -52.234     -1.894    -89.203    -42.128
     -1.719     35.608    276.672    -52.149     -1.876    -89.025    -42.150
     -1.721     35.612    276.849    -52.065     -1.859    -88.846    -42.172
     -1.723     35.615    277.027    -51.981     -1.841    -88.668    -42.193
     -1.725     35.619    277.204    -51.896     -1.824    -88.490    -42.215
     -1.727     35.623    277.381    -51.812     -1.806    -88.312    -42.236
     -1.729     35.626    277.557    -51.727     -1.789    -88.134    -42.257
     -1.731     35.630    277.733    -51.643     -1.771    -87.956    -42.278
     -1.733     35.633    277.909    -51.558     -1.754    -87.778    -42.299
     -1.735     35.637    278.085    -51.474     -1.737    -87.600    -42.320
     -1.737     35.640    278.260    -51.389     -1.720    -87.422    -42.341
     -1.739     35.644    278.434    -51.304     -1.702    -87.244    -42.361
     -1.741     35.647    278.609    -51.220     -1.685    -87.067    -42.381
     -1.743     35.650    278.783    -51.135     -1.668    -86.889    -42.401
     -1.745     35.654    278.956    -51.050     -1.651    -86.711    -42.421
     -1.747     35.657    279.129    -50.965     -1.634    -86.534    -42.441
     -1.749     35.660    279.302    -50.880     -1.617    -86.357    -42.461
     -1.751     35.663    279.475    -50.795     -1.600    -86.179    -42.480
     -1.753     35.667    279.647    -50.710     -1.584    -86.002    -42.500
     -1.755     35.670    279.819    -50.625     -1.567    -85.824    -42.519
     -1.757     35.673    279.990    -50.540     -1.550    -85.647    -42.538
     -1.759     35.676    280.161    -50.455     -1.533    -85.470    -42.557
     -1.761     35.679    280.332    -50.370     -1.517    -85.293    -42.576
     -1.763     35.682    280.503    -50.285     -1.500    -85.116    -42.594
     -1.765     35.685    280.673    -50.200     -1.484    -84.939    -42.613
     -1.767     35.688    280.842    -50.114     -1.467    -84.762    -42.631
     -1.769     35.691    281.012    -50.029     -1.451    -84.585    -42.649
     -1.771     35.694    281.181    -49.944     -1.434    -84.408    -42.667
     -1.773     35.697    281.349    -49.858     -1.418    -84.232    -42.685
     -1.775     35.699    281.518    -49.773     -1.402    -84.055    -42.703
     -1.777     35.702    281.686    -49.688     -1.385    -83.879    -42.721
     -1.779     35.705    281.853    -49.602     -1.369    -83.702    -42.738
     -1.781     35.708    282.020    -49.517     -1.353    -83.526    -42.755
     -1.783     35.710    282.187    -49.431     -1.337    -83.349    -42.772
     -1.785     35.713    282.354    -49.346     -1.321    -83.173    -42.789
     -1.787     35.716    282.520    -49.260     -1.305    -82.996    -42.806
     -1.789     35.718    282.686    -49.174     -1.289    -82.820    -42.823
     -1.791     35.721    282.851    -49.089     -1.273    -82.644    -42.839
     -1.793     35.723    283.016    -49.003     -1.257    -82.468    -42.855
     -1.795     35.726    283.181    -48.917     -1.241    -82.292    -42.872
     -1.797     35.728    283.346    -48.831     -1.225    -82.116    -42.888
     -1.799     35.731    283.510    -48.746     -1.209    -81.940    -42.903
     -1.801     35.733    283.673    -48.660     -1.194    -81.764    -42.919
     -1.803     35.736    283.837    -48.574     -1.178    -81.589    -42.935
     -1.805     35.738    284.000    -48.488     -1.162    -81.413    -42.950
     -1.807     35.740    284.162    -48.402     -1.147    -81.237    -42.965
     -1.809     35.742    284.325    -48.316     -1.131    -81.062    -42.981
     -1.811     35.745    284.487    -48.230     -1.116    -80.886    -42.995
     -1.813     35.747    284.648    -48.144     -1.100    -80.711    -43.010
     -1.815     35.749    284.809    -48.058     -1.085    -80.535    -43.025
     -1.817     35.751    284.970    -47.972     -1.070    -80.360    -43.039
     -1.819     35.753    285.131    -47.886     -1.054    -80.185    -43.054
     -1.821     35.755    285.291    -47.800     -1.039    -80.010    -43.068
     -1.823     35.758    285.451    -47.714     -1.024    -79.834    -43.082
     -1.825     35.760    285.610    -47.628     -1.008    -79.659    -43.096
     -1.827     35.762    285.769    -47.541     -0.993    -79.484    -43.110
     -1.829     35.764    285.928    -47.455     -0.978    -79.310    -43.123
     -1.831     35.765    286.087    -47.369     -0.963    -79.135    -43.137
     -1.833     35.767    286.245    -47.283     -0.948    -78.960    -43.150
     -1.835     35.769    286.403    -47.196     -0.933    -78.785    -43.163
     -1.837     35.771    286.560    -47.110     -0.918    -78.611    -43.176
     -1.839     35.773    286.717    -47.024     -0.903    -78.436    -43.189
     -1.841     35.775    286.874    -46.937     -0.888    -78.261    -43.202
     -1.843     35.776    287.030    -46.851     -0.873    -78.087    -43.214
     -1.845     35.778    287.186    -46.764     -0.859    -77.913    -43.227
     -1.847     35.780    287.342    -46.678     -0.844    -77.738    -43.239
     -1.849     35.782    287.497    -46.591     -0.829    -77.564    -43.251
     -1.851     35.783    287.652    -46.505     -0.814    -77.390    -43.263
     -1.853     35.785    287.807    -46.418     -0.800    -77.216    -43.275
     -1.855     35.786    287.961    -46.332     -0.785    -77.042    -43.286
     -1.857     35.788    288.115    -46.245     -0.771    -76.868    -43.298
     -1.859     35.790    288.268    -46.159     -0.756    -76.694    -43.309
     -1.861     35.791    288.421    -46.072     -0.742    -76.520    -43.320
     -1.863     35.792    288.574    -45.985     -0.727    -76.347    -43.331
     -1.865     35.794    288.727    -45.899     -0.713    -76.173    -43.342
     -1.867     35.795    288.879    -45.812     -0.698    -75.999    -43.353
     -1.869     35.797    289.031    -45.725     -0.684    -75.826    -43.363
     -1.871     35.798    289.182    -45.639     -0.670    -75.652    -43.374
     -1.873     35.799    289.333    -45.552     -0.655    -75.479    -43.384
     -1.875     35.801    289.484    -45.465     -0.641    -75.306    -43.394
     -1.877     35.802    289.635    -45.378     -0.627    -75.132    -43.404
     -1.879     35.803    289.785    -45.291     -0.613    -74.959    -43.414
     -1.881     35.804    289.935    -45.205     -0.599    -74.786    -43.424
     -1.883     35.806    290.084    -45.118     -0.585    -74.613    -43.433
     -1.885     35.807    290.233    -45.031     -0.571    -74.440    -43.443
     -1.887     35.808    290.382    -44.944     -0.557    -74.267    -43.452
     -1.889     35.809    290.530    -44.857     -0.543    -74.094    -43.461
     -1.891     35.810    290.678    -44.770     -0.529    -73.922    -43.470
     -1.893     35.811    290.826    -44.683     -0.515    -73.749    -43.479
     -1.895     35.812    290.973    -44.596     -0.501    -73.576    -43.488
     -1.897     35.813    291.120    -44.509     -0.487    -73.404    -43.496
     -1.899     35.814    291.267    -44.422     -0.473    -73.231    -43.505
     -1.901     35.815    291.413    -44.335     -0.459    -73.059    -43.513
     -1.903     35.816    291.559    -44.248     -0.446    -72.887    -43.521
     -1.905     35.817    291.705    -44.161     -0.432    -72.715    -43.529
     -1.907     35.818    291.850    -44.074     -0.418    -72.542    -43.537
     -1.909     35.818    291.995    -43.987     -0.405    -72.370    -43.544
     -1.911     35.819    292.139    -43.900     -0.391    -72.198    -43.552
     -1.913     35.820    292.283    -43.813     -0.377    -72.026    -43.559
     -1.915     35.821    292.427    -43.726     -0.364    -71.855    -43.566
     -1.917     35.821    292.571    -43.638     -0.350    -71.683    -43.574
     -1.919     35.822    292.714    -43.551     -0.337    -71.511    -43.580
     -1.921     35.823    292.857    -43.464     -0.323    -71.340    -43.587
     -1.923     35.823    292.999    -43.377     -0.310    -71.168    -43.594
     -1.925     35.824    293.142    -43.290     -0.296    -70.997    -43.600
     -1.927     35.825    293.283    -43.203     -0.283    -70.825    -43.607
     -1.929     35.825    293.425    -43.115     -0.270    -70.654    -43.613
     -1.931     35.826    293.566    -43.028     -0.256    -70.483    -43.619
     -1.933     35.826    293.707    -42.941     -0.243    -70.311    -43.625
     -1.935     35.827    293.847    -42.854     -0.230    -70.140    -43.631
     -1.937     35.827    293.987    -42.766     -0.217    -69.969    -43.637
     -1.939     35.828    294.127    -42.679     -0.203    -69.798    -43.642
     -1.941     35.828    294.267    -42.592     -0.190    -69.627    -43.648
     -1.943     35.828    294.406    -42.504     -0.177    -69.457    -43.653
     -1.945     35.829    294.544    -42.417     -0.164    -69.286    -43.658
     -1.947     35.829    294.683    -42.330     -0.151    -69.115    -43.663
     -1.949     35.829    294.821    -42.242     -0.138    -68.945    -43.668
     -1.951     35.830    294.959    -42.155     -0.125    -68.774    -43.672
     -1.953     35.830    295.096    -42.068     -0.112    -68.604    -43.677
     -1.955     35.830    295.233    -41.980     -0.099    -68.434    -43.681
     -1.957     35.830    295.370    -41.893     -0.086    -68.263    -43.686
     -1.959     35.830    295.506    -41.806     -0.073    -68.093    -43.690
     -1.961     35.830    295.642    -41.718     -0.060    -67.923    -43.694
     -1.963     35.831    295.778    -41.631     -0.047    -67.753    -43.698
     -1.965     35.831    295.913    -41.544     -0.034    -67.583    -43.702
     -1.967     35.831    296.048    -41.456     -0.021    -67.413    -43.705
     -1.969     35.831    296.183    -41.369     -0.009    -67.243    -43.709
     -1.971     35.831    296.317    -41.281      0.004    -67.074    -43.712
     -1.973     35.831    296.451    -41.194      0.017    -66.904    -43.715
     -1.975     35.831    296.585    -41.106      0.030    -66.735    -43.718
     -1.977     35.831    296.718    -41.019      0.042    -66.565    -43.721
     -1.979     35.830    296.851    -40.932      0.055    -66.396    -43.724
     -1.981     35.830    296.984    -40.844      0.068    -66.226    -43.727
     -1.983     35.830    297.116    -40.757      0.080    -66.057    -43.729
     -1.985     35.830    297.248    -40.669      0.093    -65.888    -43.732
     -1.987     35.830    297.379    -40.582      0.106    -65.719    -43.734
     -1.989     35.830    297.511    -40.494      0.118    -65.550    -43.736
     -1.991     35.829    297.642    -40.407      0.131    -65.381    -43.738
     -1.993     35.829    297.772    -40.319      0.143    -65.212    -43.740
     -1.995     35.829    297.902    -40.232      0.156    -65.043    -43.742
     -1.997     35.828    298.032    -40.144      0.168    -64.875    -43.744
     -1.999     35.828    298.162    -40.057      0.181    -64.706    -43.745
     -2.001     35.828    298.291    -39.969      0.193    -64.537    -43.746
     -2.003     35.827    298.420    -39.882      0.206    -64.369    -43.748
     -2.005     35.827    298.549    -39.794      0.218    -64.200    -43.749
     -2.007     35.826    298.677    -39.707      0.230    -64.032    -43.750
     -2.009     35.826    298.805    -39.619      0.243    -63.864    -43.751
     -2.011     35.826    298.932    -39.532      0.255    -63.696    -43.751
     -2.013     35.825    299.060    -39.444      0.267    -63.528    -43.752
     -2.015     35.824    299.186    -39.357      0.280    -63.360    -43.753
     -2.017     35.824    299.313    -39.269      0.292    -63.192    -43.753
     -2.019     35.823    299.439    -39.182      0.304    -63.024    -43.753
     -2.021     35.823    299.565    -39.094      0.316    -62.856    -43.753
     -2.023     35.822    299.691    -39.007      0.329    -62.688    -43.753
     -2.025     35.821    299.816    -38.919      0.341    -62.521    -43.753
     -2.027     35.821    299.941    -38.832      0.353    -62.353    -43.753
     -2.029     35.820    300.065    -38.744      0.365    -62.186    -43.752
     -2.031     35.819    300.190    -38.657      0.377    -62.018    -43.752
     -2.033     35.818    300.313    -38.569      0.390    -61.851    -43.751
     -2.035     35.818    300.437    -38.482      0.402    -61.684    -43.751
     -2.037     35.817    300.560    -38.394      0.414    -61.517    -43.750
     -2.039     35.816    300.683    -38.307      0.426    -61.349    -43.749
     -2.041     35.815    300.806    -38.219      0.438    -61.182    -43.748
     -2.043     35.814    300.928    -38.132      0.450    -61.015    -43.746
     -2.045     35.813    301.050    -38.044      0.462    -60.849    -43.745
     -2.047     35.812    301.171    -37.957      0.474    -60.682    -43.744
     -2.049     35.811    301.292    -37.869      0.486    -60.515    -43.742
     -2.051     35.810    301.413    -37.782      0.498    -60.348    -43.740
     -2.053     35.809    301.534    -37.694      0.510    -60.182    -43.739
     -2.055     35.808    301.654    -37.607      0.522    -60.015    -43.737
     -2.057     35.807    301.774    -37.519      0.534    -59.849    -43.735
     -2.059     35.806    301.893    -37.432      0.546    -59.683    -43.732
     -2.061     35.805    302.012    -37.344      0.558    -59.516    -43.730
     -2.063     35.804    302.131    -37.257      0.570    -59.350    -43.728
     -2.065     35.803    302.250    -37.170      0.582    -59.184    -43.725
     -2.067     35.802    302.368    -37.082      0.593    -59.018    -43.723
     -2.069     35.800    302.486    -36.995      0.605    -58.852    -43.720
     -2.071     35.799    302.603    -36.907      0.617    -58.686    -43.717
     -2.073     35.798    302.721    -36.820      0.629    -58.520    -43.714
     -2.075     35.797    302.838    -36.732      0.641    -58.354    -43.711
     -2.077     35.795    302.954    -36.645      0.653    -58.189    -43.708
     -2.079     35.794    303.070    -36.558      0.664    -58.023    -43.704
     -2.081     35.793    303.186    -36.470      0.676    -57.858    -43.701
     -2.083     35.791    303.302    -36.383      0.688    -57.692    -43.697
     -2.085     35.790    303.417    -36.295      0.700    -57.527    -43.694
     -2.087     35.789    303.532    -36.208      0.711    -57.361    -43.690
     -2.089     35.787    303.646    -36.121      0.723    -57.196    -43.686
     -2.091     35.786    303.761    -36.033      0.735    -57.031    -43.682
     -2.093     35.784    303.875    -35.946      0.747    -56.866    -43.678
     -2.095     35.783    303.988    -35.859      0.758    -56.701    -43.674
     -2.097     35.781    304.101    -35.771      0.770    -56.536    -43.669
     -2.099     35.780    304.214    -35.684      0.782    -56.371    -43.665
     -2.101     35.778    304.327    -35.597      0.793    -56.206    -43.660
     -2.103     35.777    304.439    -35.509      0.805    -56.041    -43.656
     -2.105     35.775    304.551    -35.422      0.817    -55.877    -43.651
     -2.107     35.773    304.663    -35.335      0.828    -55.712    -43.646
     -2.109     35.772    304.774    -35.247      0.840    -55.548    -43.641
     -2.111     35.770    304.885    -35.160      0.851    -55.383    -43.636
     -2.113     35.768    304.995    -35.073      0.863    -55.219    -43.631
     -2.115     35.766    305.106    -34.986      0.875    -55.054    -43.625
     -2.117     35.765    305.216    -34.898      0.886    -54.890    -43.620
     -2.119     35.763    305.325    -34.811      0.898    -54.726    -43.614
     -2.121     35.761    305.435    -34.724      0.909    -54.562    -43.609
     -2.123     35.759    305.543    -34.637      0.921    -54.398    -43.603
     -2.125     35.757    305.652    -34.549      0.932    -54.234    -43.597
     -2.127     35.756    305.760    -34.462      0.944    -54.070    -43.591
     -2.129     35.754    305.868    -34.375      0.955    -53.906    -43.585
     -2.131     35.752    305.976    -34.288      0.967    -53.742    -43.579
     -2.133     35.750    306.083    -34.201      0.978    -53.578    -43.573
     -2.135     35.748    306.190    -34.114      0.990    -53.415    -43.566
     -2.137     35.746    306.297    -34.026      1.001    -53.251    -43.560
     -2.139     35.744    306.403    -33.939      1.013    -53.088    -43.553
     -2.141     35.742    306.509    -33.852      1.024    -52.924    -43.546
     -2.143     35.740    306.615    -33.765      1.036    -52.761    -43.540
     -2.145     35.738    306.720    -33.678      1.047    -52.597    -43.533
     -2.147     35.735    306.825    -33.591      1.058    -52.434    -43.526
     -2.149     35.733    306.930    -33.504      1.070    -52.271    -43.519
     -2.151     35.731    307.035    -33.417      1.081    -52.108    -43.511
     -2.153     35.729    307.139    -33.330      1.093    -51.945    -43.504
     -2.155     35.727    307.242    -33.243      1.104    -51.782    -43.497
     -2.157     35.725    307.346    -33.156      1.115    -51.619    -43.489
     -2.159     35.722    307.449    -33.069      1.127    -51.456    -43.482
     -2.161     35.720    307.552    -32.982      1.138    -51.293    -43.474
     -2.163     35.718    307.654    -32.895      1.150    -51.130    -43.466
     -2.165     35.716    307.756    -32.808      1.161    -50.967    -43.458
     -2.167     35.713    307.858    -32.721      1.172    -50.805    -43.450
     -2.169     35.711    307.959    -32.634      1.184    -50.642    -43.442
     -2.171     35.708    308.060    -32.547      1.195    -50.480    -43.434
     -2.173     35.706    308.161    -32.461      1.206    -50.317    -43.425
     -2.175     35.704    308.262    -32.374      1.218    -50.155    -43.417
     -2.177     35.701    308.362    -32.287      1.229    -49.992    -43.409
     -2.179     35.699    308.462    -32.200      1.240    -49.830    -43.400
     -2.181     35.696    308.561    -32.113      1.252    -49.668    -43.391
     -2.183     35.694    308.660    -32.027      1.263    -49.506    -43.382
     -2.185     35.691    308.759    -31.940      1.274    -49.344    -43.373
     -2.187     35.689    308.858    -31.853      1.285    -49.182    -43.364
     -2.189     35.686    308.956    -31.766      1.297    -49.020    -43.355
     -2.191     35.683    309.054    -31.680      1.308    -48.858    -43.346
     -2.193     35.681    309.151    -31.593      1.319    -48.696    -43.337
     -2.195     35.678    309.249    -31.506      1.330    -48.534    -43.327
     -2.197     35.675    309.345    -31.420      1.342    -48.372    -43.318
     -2.199     35.673    309.442    -31.333      1.353    -48.210    -43.308
     -2.201     35.670    309.538    -31.246      1.364    -48.049    -43.299
     -2.203     35.667    309.634    -31.160      1.375    -47.887    -43.289
     -2.205     35.665    309.730    -31.073      1.387    -47.726    -43.279
     -2.207     35.662    309.825    -30.987      1.398    -47.564    -43.269
     -2.209     35.659    309.920    -30.900      1.409    -47.403    -43.259
     -2.211     35.656    310.015    -30.814      1.420    -47.241    -43.249
     -2.213     35.653    310.109    -30.727      1.431    -47.080    -43.239
     -2.215     35.650    310.203    -30.641      1.443    -46.919    -43.228
     -2.217     35.648    310.297    -30.554      1.454    -46.758    -43.218
     -2.219     35.645    310.390    -30.468      1.465    -46.596    -43.207
     -2.221     35.642    310.483    -30.381      1.476    -46.435    -43.197
     -2.223     35.639    310.576    -30.295      1.487    -46.274    -43.186
     -2.225     35.636    310.668    -30.209      1.498    -46.113    -43.175
     -2.227     35.633    310.760    -30.122      1.510    -45.952    -43.164
     -2.229     35.630    310.852    -30.036      1.521    -45.791    -43.153
     -2.231     35.627    310.943    -29.950      1.532    -45.630    -43.142
     -2.233     35.624    311.035    -29.864      1.543    -45.470    -43.131
     -2.235     35.620    311.125    -29.777      1.554    -45.309    -43.119
     -2.237     35.617    311.216    -29.691      1.565    -45.148    -43.108
     -2.239     35.614    311.306    -29.605      1.576    -44.988    -43.097
     -2.241     35.611    311.396    -29.519      1.587    -44.827    -43.085
     -2.243     35.608    311.485    -29.432      1.599    -44.666    -43.073
     -2.245     35.605    311.574    -29.346      1.610    -44.506    -43.061
     -2.247     35.601    311.663    -29.260      1.621    -44.345    -43.050
     -2.249     35.598    311.752    -29.174      1.632    -44.185    -43.038
     -2.251     35.595    311.840    -29.088      1.643    -44.025    -43.026
     -2.253     35.592    311.928    -29.002      1.654    -43.864    -43.013
     -2.255     35.588    312.015    -28.916      1.665    -43.704    -43.001
     -2.257     35.585    312.103    -28.830      1.676    -43.544    -42.989
     -2.259     35.582    312.190    -28.744      1.687    -43.384    -42.976
     -2.261     35.578    312.276    -28.658      1.698    -43.224    -42.964
     -2.263     35.575    312.362    -28.572      1.709    -43.064    -42.951
     -2.265     35.571    312.448    -28.486      1.721    -42.903    -42.939
     -2.267     35.568    312.534    -28.400      1.732    -42.744    -42.926
     -2.269     35.564    312.619    -28.315      1.743    -42.584    -42.913
     -2.271     35.561    312.704    -28.229      1.754    -42.424    -42.900
     -2.273     35.557    312.789    -28.143      1.765    -42.264    -42.887
     -2.275     35.554    312.874    -28.057      1.776    -42.104    -42.874
     -2.277     35.550    312.958    -27.972      1.787    -41.944    -42.861
     -2.279     35.547    313.041    -27.886      1.798    -41.785    -42.847
     -2.281     35.543    313.125    -27.800      1.809    -41.625    -42.834
     -2.283     35.539    313.208    -27.714      1.820    -41.465    -42.820
     -2.285     35.536    313.291    -27.629      1.831    -41.306    -42.807
     -2.287     35.532    313.373    -27.543      1.842    -41.146    -42.793
     -2.289     35.528    313.455    -27.458      1.853    -40.987    -42.779
     -2.291     35.525    313.537    -27.372      1.864    -40.827    -42.765
     -2.293     35.521    313.618    -27.287      1.875    -40.668    -42.751
     -2.295     35.517    313.700    -27.201      1.886    -40.508    -42.737
     -2.297     35.513    313.780    -27.116      1.897    -40.349    -42.723
     -2.299     35.510    313.861    -27.030      1.908    -40.190    -42.709
     -2.301     35.506    313.941    -26.945      1.919    -40.030    -42.695
     -2.303     35.502    314.021    -26.859      1.930    -39.871    -42.680
     -2.305     35.498    314.101    -26.774      1.941    -39.712    -42.666
     -2.307     35.494    314.180    -26.689      1.952    -39.553    -42.651
     -2.309     35.490    314.259    -26.604      1.963    -39.394    -42.636
     -2.311     35.486    314.338    -26.518      1.974    -39.235    -42.622
     -2.313     35.482    314.416    -26.433      1.985    -39.076    -42.607
     -2.315     35.478    314.494    -26.348      1.996    -38.917    -42.592
     -2.317     35.474    314.572    -26.263      2.006    -38.758    -42.577
     -2.319     35.470    314.649    -26.178      2.017    -38.599    -42.562
     -2.321     35.466    314.726    -26.092      2.028    -38.440    -42.546
     -2.323     35.462    314.803    -26.007      2.039    -38.281    -42.531
     -2.325     35.458    314.879    -25.922      2.050    -38.122    -42.516
     -2.327     35.454    314.955    -25.837      2.061    -37.963    -42.500
     -2.329     35.450    315.031    -25.752      2.072    -37.805    -42.485
     -2.331     35.446    315.106    -25.667      2.083    -37.646    -42.469
     -2.333     35.442    315.181    -25.582      2.094    -37.487    -42.453
     -2.335     35.437    315.256    -25.498      2.105    -37.329    -42.437
     -2.337     35.433    315.331    -25.413      2.116    -37.170    -42.421
     -2.339     35.429    315.405    -25.328      2.127    -37.011    -42.405
     -2.341     35.425    315.479    -25.243      2.137    -36.853    -42.389
     -2.343     35.420    315.552    -25.158      2.148    -36.694    -42.373
     -2.345     35.416    315.626    -25.074      2.159    -36.536    -42.357
     -2.347     35.412    315.699    -24.989      2.170    -36.377    -42.340
     -2.349     35.407    315.771    -24.904      2.181    -36.219    -42.324
     -2.351     35.403    315.843    -24.820      2.192    -36.061    -42.307
     -2.353     35.399    315.915    -24.735      2.203    -35.902    -42.291
     -2.355     35.394    315.987    -24.650      2.214    -35.744    -42.274
     -2.357     35.390    316.058    -24.566      2.224    -35.586    -42.257
     -2.359     35.385    316.129    -24.481      2.235    -35.427    -42.240
     -2.361     35.381    316.200    -24.397      2.246    -35.269    -42.223
     -2.363     35.376    316.270    -24.312      2.257    -35.111    -42.206
     -2.365     35.372    316.341    -24.228      2.268    -34.953    -42.189
     -2.367     35.367    316.410    -24.144      2.279    -34.795    -42.171
     -2.369     35.363    316.480    -24.059      2.289    -34.637    -42.154
     -2.371     35.358    316.549    -23.975      2.300    -34.478    -42.137
     -2.373     35.354    316.618    -23.891      2.311    -34.320    -42.119
     -2.375     35.349    316.686    -23.807      2.322    -34.162    -42.101
     -2.377     35.344    316.754    -23.722      2.333    -34.004    -42.084
     -2.379     35.340    316.822    -23.638      2.344    -33.846    -42.066
     -2.381     35.335    316.890    -23.554      2.354    -33.689    -42.048
     -2.383     35.330    316.957    -23.470      2.365    -33.531    -42.030
     -2.385     35.325    317.024    -23.386      2.376    -33.373    -42.012
     -2.387     35.321    317.090    -23.302      2.387    -33.215    -41.994
     -2.389     35.316    317.157    -23.218      2.398    -33.057    -41.975
     -2.391     35.311    317.223    -23.134      2.408    -32.899    -41.957
     -2.393     35.306    317.288    -23.050      2.419    -32.741    -41.939
     -2.395     35.301    317.354    -22.966      2.430    -32.584    -41.920
     -2.397     35.296    317.419    -22.883      2.441    -32.426    -41.901
     -2.399     35.292    317.483    -22.799      2.451    -32.268    -41.883
     -2.401     35.287    317.548    -22.715      2.462    -32.111    -41.864
     -2.403     35.282    317.612    -22.631      2.473    -31.953    -41.845
     -2.405     35.277    317.675    -22.548      2.484    -31.795    -41.826
     -2.407     35.272    317.739    -22.464      2.494    -31.638    -41.807
     -2.409     35.267    317.802    -22.380      2.505    -31.480    -41.788
     -2.411     35.262    317.865    -22.297      2.516    -31.323    -41.768
     -2.413     35.257    317.927    -22.213      2.527    -31.165    -41.749
     -2.415     35.252    317.989    -22.130      2.537    -31.008    -41.730
     -2.417     35.247    318.051    -22.046      2.548    -30.850    -41.710
     -2.419     35.241    318.113    -21.963      2.559    -30.693    -41.691
     -2.421     35.236    318.174    -21.880      2.569    -30.535    -41.671
     -2.423     35.231    318.235    -21.796      2.580    -30.378    -41.651
     -2.425     35.226    318.296    -21.713      2.591    -30.220    -41.631
     -2.427     35.221    318.356    -21.630      2.602    -30.063    -41.611
     -2.429     35.216    318.416    -21.547      2.612    -29.906    -41.591
     -2.431     35.210    318.475    -21.463      2.623    -29.748    -41.571
     -2.433     35.205    318.535    -21.380      2.634    -29.591    -41.551
     -2.435     35.200    318.594    -21.297      2.644    -29.434    -41.530
     -2.437     35.195    318.653    -21.214      2.655    -29.276    -41.510
     -2.439     35.189    318.711    -21.131      2.666    -29.119    -41.489
     -2.441     35.184    318.769    -21.048      2.676    -28.962    -41.469
     -2.443     35.179    318.827    -20.965      2.687    -28.805    -41.448
     -2.445     35.173    318.884    -20.882      2.698    -28.647    -41.427
     -2.447     35.168    318.941    -20.800      2.708    -28.490    -41.406
     -2.449     35.162    318.998    -20.717      2.719    -28.333    -41.385
     -2.451     35.157    319.055    -20.634      2.730    -28.176    -41.364
     -2.453     35.151    319.111    -20.551      2.740    -28.019    -41.343
     -2.455     35.146    319.167    -20.469      2.751    -27.862    -41.322
     -2.457     35.140    319.222    -20.386      2.761    -27.705    -41.301
     -2.459     35.135    319.278    -20.304      2.772    -27.547    -41.279
     -2.461     35.129    319.333    -20.221      2.783    -27.390    -41.258
     -2.463     35.124    319.387    -20.139      2.793    -27.233    -41.236
     -2.465     35.118    319.441    -20.056      2.804    -27.076    -41.214
     -2.467     35.113    319.495    -19.974      2.814    -26.919    -41.192
     -2.469     35.107    319.549    -19.891      2.825    -26.762    -41.171
     -2.471     35.101    319.603    -19.809      2.836    -26.605    -41.149
     -2.473     35.096    319.656    -19.727      2.846    -26.448    -41.126
     -2.475     35.090    319.708    -19.644      2.857    -26.291    -41.104
     -2.477     35.084    319.761    -19.562      2.867    -26.135    -41.082
     -2.479     35.078    319.813    -19.480      2.878    -25.978    -41.060
     -2.481     35.073    319.865    -19.398      2.888    -25.821    -41.037
     -2.483     35.067    319.916    -19.316      2.899    -25.664    -41.015
     -2.485     35.061    319.967    -19.234      2.910    -25.507    -40.992
     -2.487     35.055    320.018    -19.152      2.920    -25.350    -40.969
     -2.489     35.049    320.069    -19.070      2.931    -25.193    -40.946
     -2.491     35.043    320.119    -18.988      2.941    -25.036    -40.924
     -2.493     35.038    320.169    -18.906      2.952    -24.880    -40.901
     -2.495     35.032    320.218    -18.825      2.962    -24.723    -40.877
     -2.497     35.026    320.268    -18.743      2.973    -24.566    -40.854
     -2.499     35.020    320.317    -18.661      2.983    -24.409    -40.831
     -2.501     35.014    320.365    -18.580      2.994    -24.252    -40.808
     -2.503     35.008    320.414    -18.498      3.004    -24.096    -40.784
     -2.505     35.002    320.462    -18.416      3.015    -23.939    -40.761
     -2.507     34.996    320.510    -18.335      3.025    -23.782    -40.737
     -2.509     34.990    320.557    -18.254      3.036    -23.626    -40.713
     -2.511     34.984    320.604    -18.172      3.046    -23.469    -40.689
     -2.513     34.977    320.651    -18.091      3.057    -23.312    -40.665
     -2.515     34.971    320.697    -18.009      3.067    -23.155    -40.641
     -2.517     34.965    320.743    -17.928      3.078    -22.999    -40.617
     -2.519     34.959    320.789    -17.847      3.088    -22.842    -40.593
     -2.521     34.953    320.835    -17.766      3.098    -22.685    -40.569
     -2.523     34.947    320.880    -17.685      3.109    -22.529    -40.544
     -2.525     34.940    320.925    -17.604      3.119    -22.372    -40.520
     -2.527     34.934    320.969    -17.523      3.130    -22.216    -40.495
     -2.529     34.928    321.014    -17.442      3.140    -22.059    -40.470
     -2.531     34.922    321.058    -17.361      3.151    -21.902    -40.446
     -2.533     34.915    321.101    -17.280      3.161    -21.746    -40.421
     -2.535     34.909    321.145    -17.199      3.171    -21.589    -40.396
     -2.537     34.903    321.188    -17.118      3.182    -21.433    -40.371
     -2.539     34.896    321.230    -17.038      3.192    -21.276    -40.345
     -2.541     34.890    321.273    -16.957      3.203    -21.119    -40.320
     -2.543     34.883    321.315    -16.876      3.213    -20.963    -40.295
     -2.545     34.877    321.357    -16.796      3.223    -20.806    -40.269
     -2.547     34.871    321.398    -16.715      3.234    -20.650    -40.244
     -2.549     34.864    321.439    -16.635      3.244    -20.493    -40.218
     -2.551     34.858    321.480    -16.554      3.254    -20.337    -40.192
     -2.553     34.851    321.521    -16.474      3.265    -20.180    -40.166
     -2.555     34.844    321.561    -16.394      3.275    -20.024    -40.140
     -2.557     34.838    321.601    -16.313      3.285    -19.867    -40.114
     -2.559     34.831    321.640    -16.233      3.296    -19.711    -40.088
     -2.561     34.825    321.680    -16.153      3.306    -19.554    -40.062
     -2.563     34.818    321.719    -16.073      3.316    -19.398    -40.036
     -2.565     34.811    321.757    -15.993      3.327    -19.241    -40.009
     -2.567     34.805    321.795    -15.913      3.337    -19.085    -39.983
     -2.569     34.798    321.833    -15.833      3.347    -18.928    -39.956
     -2.571     34.791    321.871    -15.753      3.357    -18.772    -39.929
     -2.573     34.785    321.909    -15.673      3.368    -18.616    -39.903
     -2.575     34.778    321.946    -15.593      3.378    -18.459    -39.876
     -2.577     34.771    321.982    -15.514      3.388    -18.303    -39.849
     -2.579     34.764    322.019    -15.434      3.398    -18.146    -39.821
     -2.581     34.758    322.055    -15.354      3.409    -17.990    -39.794
     -2.583     34.751    322.091    -15.275      3.419    -17.833    -39.767
     -2.585     34.744    322.126    -15.195      3.429    -17.677    -39.740
     -2.587     34.737    322.162    -15.116      3.439    -17.521    -39.712
     -2.589     34.730    322.196    -15.037      3.450    -17.364    -39.684
     -2.591     34.723    322.231    -14.957      3.460    -17.208    -39.657
     -2.593     34.716    322.265    -14.878      3.470    -17.051    -39.629
     -2.595     34.709    322.299    -14.799      3.480    -16.895    -39.601
     -2.597     34.702    322.333    -14.720      3.490    -16.739    -39.573
     -2.599     34.695    322.366    -14.640      3.501    -16.582    -39.545
     -2.601     34.688    322.399    -14.561      3.511    -16.426    -39.517
     -2.603     34.681    322.432    -14.482      3.521    -16.270    -39.488
     -2.605     34.674    322.464    -14.403      3.531    -16.113    -39.460
     -2.607     34.667    322.496    -14.325      3.541    -15.957    -39.431
     -2.609     34.660    322.528    -14.246      3.551    -15.800    -39.403
     -2.611     34.653    322.560    -14.167      3.562    -15.644    -39.374
     -2.613     34.646    322.591    -14.088      3.572    -15.488    -39.345
     -2.615     34.639    322.621    -14.010      3.582    -15.331    -39.316
     -2.617     34.632    322.652    -13.931      3.592    -15.175    -39.287
     -2.619     34.624    322.682    -13.852      3.602    -15.019    -39.258
     -2.621     34.617    322.712    -13.774      3.612    -14.862    -39.229
     -2.623     34.610    322.742    -13.695      3.622    -14.706    -39.200
     -2.625     34.603    322.771    -13.617      3.632    -14.550    -39.170
     -2.627     34.595    322.800    -13.539      3.642    -14.393    -39.141
     -2.629     34.588    322.828    -13.461      3.652    -14.237    -39.111
     -2.631     34.581    322.857    -13.382      3.662    -14.081    -39.081
     -2.633     34.573    322.885    -13.304      3.672    -13.924    -39.052
     -2.635     34.566    322.912    -13.226      3.682    -13.768    -39.022
     -2.637     34.559    322.940    -13.148      3.693    -13.611    -38.992
     -2.639     34.551    322.967    -13.070      3.703    -13.455    -38.961
     -2.641     34.544    322.994    -12.992      3.713    -13.299    -38.931
     -2.643     34.536    323.020    -12.914      3.723    -13.142    -38.901
     -2.645     34.529    323.046    -12.837      3.733    -12.986    -38.870
     -2.647     34.522    323.072    -12.759      3.743    -12.830    -38.840
     -2.649     34.514    323.098    -12.681      3.753    -12.673    -38.809
     -2.651     34.507    323.123    -12.604      3.763    -12.517    -38.778
     -2.653     34.499    323.148    -12.526      3.772    -12.361    -38.748
     -2.655     34.491    323.172    -12.449      3.782    -12.204    -38.717
     -2.657     34.484    323.196    -12.371      3.792    -12.048    -38.686
     -2.659     34.476    323.220    -12.294      3.802    -11.892    -38.654
     -2.661     34.469    323.244    -12.217      3.812    -11.735    -38.623
     -2.663     34.461    323.267    -12.139      3.822    -11.579    -38.592
     -2.665     34.453    323.290    -12.062      3.832    -11.423    -38.560
     -2.667     34.446    323.313    -11.985      3.842    -11.266    -38.529
     -2.669     34.438    323.335    -11.908      3.852    -11.110    -38.497
     -2.671     34.430    323.357    -11.831      3.862    -10.954    -38.465
     -2.673     34.423    323.379    -11.754      3.872    -10.797    -38.433
     -2.675     34.415    323.401    -11.678      3.882    -10.641    -38.401
     -2.677     34.407    323.422    -11.601      3.891    -10.485    -38.369
     -2.679     34.399    323.443    -11.524      3.901    -10.328    -38.337
     -2.681     34.391    323.463    -11.447      3.911    -10.172    -38.305
     -2.683     34.384    323.483    -11.371      3.921    -10.016    -38.272
     -2.685     34.376    323.503    -11.294      3.931     -9.859    -38.240
     -2.687     34.368    323.523    -11.218      3.941     -9.703    -38.207
     -2.689     34.360    323.542    -11.141      3.950     -9.547    -38.174
     -2.691     34.352    323.561    -11.065      3.960     -9.390    -38.141
     -2.693     34.344    323.580    -10.989      3.970     -9.234    -38.108
     -2.695     34.336    323.598    -10.913      3.980     -9.078    -38.075
     -2.697     34.328    323.616    -10.837      3.989     -8.921    -38.042
     -2.699     34.320    323.634    -10.761      3.999     -8.765    -38.009
     -2.701     34.312    323.651    -10.685      4.009     -8.609    -37.976
     -2.703     34.304    323.668    -10.609      4.019     -8.452    -37.942
     -2.705     34.296    323.685    -10.533      4.028     -8.296    -37.908
     -2.707     34.288    323.701    -10.457      4.038     -8.139    -37.875
     -2.709     34.280    323.717    -10.381      4.048     -7.983    -37.841
     -2.711     34.272    323.733    -10.306      4.058     -7.827    -37.807
     -2.713     34.264    323.749    -10.230      4.067     -7.670    -37.773
     -2.715     34.256    323.764    -10.155      4.077     -7.514    -37.739
     -2.717     34.247    323.779    -10.079      4.087     -7.357    -37.704
     -2.719     34.239    323.793    -10.004      4.096     -7.201    -37.670
     -2.721     34.231    323.807     -9.928      4.106     -7.045    -37.636
     -2.723     34.223    323.821     -9.853      4.116     -6.888    -37.601
     -2.725     34.215    323.835     -9.778      4.125     -6.732    -37.566
     -2.727     34.206    323.848     -9.703      4.135     -6.575    -37.532
     -2.729     34.198    323.861     -9.628      4.145     -6.419    -37.497
     -2.731     34.190    323.874     -9.553      4.154     -6.263    -37.462
     -2.733     34.181    323.886     -9.478      4.164     -6.106    -37.426
     -2.735     34.173    323.898     -9.403      4.173     -5.950    -37.391
     -2.737     34.165    323.910     -9.329      4.183     -5.793    -37.356
     -2.739     34.156    323.922     -9.254      4.192     -5.637    -37.320
     -2.741     34.148    323.933     -9.179      4.202     -5.481    -37.285
     -2.743     34.140    323.943     -9.105      4.212     -5.324    -37.249
     -2.745     34.131    323.954     -9.030      4.221     -5.168    -37.213
     -2.747     34.123    323.964     -8.956      4.231     -5.011    -37.177
     -2.749     34.114    323.974     -8.882      4.240     -4.855    -37.141
     -2.751     34.106    323.984     -8.807      4.250     -4.698    -37.105
     -2.753     34.097    323.993     -8.733      4.259     -4.542    -37.069
     -2.755     34.089    324.002     -8.659      4.269     -4.385    -37.033
     -2.757     34.080    324.010     -8.585      4.278     -4.229    -36.996
     -2.759     34.072    324.019     -8.511      4.288     -4.072    -36.960
     -2.761     34.063    324.027     -8.437      4.297     -3.916    -36.923
     -2.763     34.054    324.034     -8.363      4.306     -3.759    -36.886
     -2.765     34.046    324.042     -8.290      4.316     -3.603    -36.849
     -2.767     34.037    324.049     -8.216      4.325     -3.447    -36.812
     -2.769     34.028    324.055     -8.142      4.335     -3.290    -36.775
     -2.771     34.020    324.062     -8.069      4.344     -3.134    -36.738
     -2.773     34.011    324.068     -7.995      4.354     -2.977    -36.700
     -2.775     34.002    324.074     -7.922      4.363     -2.820    -36.663
     -2.777     33.994    324.079     -7.849      4.372     -2.664    -36.625
     -2.779     33.985    324.084     -7.776      4.382     -2.507    -36.588
     -2.781     33.976    324.089     -7.702      4.391     -2.351    -36.550
     -2.783     33.967    324.094     -7.629      4.400     -2.194    -36.512
     -2.785     33.959    324.098     -7.556      4.410     -2.038    -36.474
     -2.787     33.950    324.102     -7.483      4.419     -1.881    -36.436
     -2.789     33.941    324.106     -7.411      4.428     -1.725    -36.397
     -2.791     33.932    324.109     -7.338      4.438     -1.568    -36.359
     -2.793     33.923    324.112     -7.265      4.447     -1.412    -36.320
     -2.795     33.914    324.115     -7.193      4.456     -1.255    -36.282
     -2.797     33.905    324.117     -7.120      4.465     -1.098    -36.243
     -2.799     33.896    324.119     -7.048      4.475     -0.942    -36.204
     -2.801     33.887    324.121     -6.975      4.484     -0.785    -36.165
     -2.803     33.878    324.122     -6.903      4.493     -0.629    -36.126
     -2.805     33.869    324.123     -6.831      4.502     -0.472    -36.087
     -2.807     33.860    324.124     -6.759      4.512     -0.315    -36.047
     -2.809     33.851    324.124     -6.687      4.521     -0.159    -36.008
     -2.811     33.842    324.125     -6.615      4.530     -0.002    -35.968
     -2.813     33.833    324.124     -6.543      4.539      0.154    -35.929
     -2.815     33.824    324.124     -6.471      4.548      0.311    -35.889
     -2.817     33.815    324.123     -6.399      4.557      0.468    -35.849
     -2.819     33.806    324.122     -6.327      4.567      0.624    -35.809
     -2.821     33.797    324.121     -6.256      4.576      0.781    -35.769
     -2.823     33.788    324.119     -6.184      4.585      0.938    -35.728
     -2.825     33.778    324.117     -6.113      4.594      1.094    -35.688
     -2.827     33.769    324.115     -6.042      4.603      1.251    -35.648
     -2.829     33.760    324.112     -5.970      4.612      1.408    -35.607
     -2.831     33.751    324.109     -5.899      4.621      1.564    -35.566
     -2.833     33.742    324.106     -5.828      4.630      1.721    -35.525
     -2.835     33.732    324.102     -5.757      4.639      1.878    -35.484
     -2.837     33.723    324.098     -5.686      4.648      2.034    -35.443
     -2.839     33.714    324.094     -5.615      4.657      2.191    -35.402
     -2.841     33.704    324.089     -5.545      4.666      2.348    -35.361
     -2.843     33.695    324.085     -5.474      4.675      2.505    -35.319
     -2.845     33.686    324.079     -5.403      4.684      2.661    -35.278
     -2.847     33.676    324.074     -5.333      4.693      2.818    -35.236
     -2.849     33.667    324.068     -5.262      4.702      2.975    -35.194
     -2.851     33.657    324.062     -5.192      4.711      3.132    -35.152
     -2.853     33.648    324.056     -5.122      4.720      3.288    -35.110
     -2.855     33.639    324.049     -5.052      4.729      3.445    -35.068
     -2.857     33.629    324.042     -4.981      4.738      3.602    -35.026
     -2.859     33.620    324.034     -4.911      4.747      3.759    -34.983
     -2.861     33.610    324.027     -4.842      4.756      3.915    -34.941
     -2.863     33.601    324.019     -4.772      4.765      4.072    -34.898
     -2.865     33.591    324.010     -4.702      4.773      4.229    -34.855
     -2.867     33.582    324.002     -4.632      4.782      4.386    -34.812
     -2.869     33.572    323.993     -4.563      4.791      4.543    -34.769
     -2.871     33.562    323.984     -4.493      4.800      4.699    -34.726
     -2.873     33.553    323.974     -4.424      4.809      4.856    -34.683
     -2.875     33.543    323.964     -4.354      4.817      5.013    -34.639
     -2.877     33.533    323.954     -4.285      4.826      5.170    -34.596
     -2.879     33.524    323.944     -4.216      4.835      5.327    -34.552
     -2.881     33.514    323.933     -4.147      4.844      5.484    -34.508
     -2.883     33.504    323.922     -4.078      4.853      5.641    -34.464
     -2.885     33.495    323.910     -4.009      4.861      5.797    -34.420
     -2.887     33.485    323.898     -3.940      4.870      5.954    -34.376
     -2.889     33.475    323.886     -3.872      4.879      6.111    -34.332
     -2.891     33.465    323.874     -3.803      4.887      6.268    -34.288
     -2.893     33.456    323.861     -3.735      4.896      6.425    -34.243
     -2.895     33.446    323.848     -3.666      4.905      6.582    -34.198
     -2.897     33.436    323.835     -3.598      4.913      6.739    -34.154
     -2.899     33.426    323.821     -3.529      4.922      6.896    -34.109
     -2.901     33.416    323.807     -3.461      4.931      7.053    -34.064
     -2.903     33.407    323.793     -3.393      4.939      7.210    -34.019
     -2.905     33.397    323.779     -3.325      4.948      7.367    -33.973
     -2.907     33.387    323.764     -3.257      4.957      7.524    -33.928
     -2.909     33.377    323.748     -3.189      4.965      7.681    -33.882
     -2.911     33.367    323.733     -3.122      4.974      7.838    -33.837
     -2.913     33.357    323.717     -3.054      4.982      7.995    -33.791
     -2.915     33.347    323.701     -2.987      4.991      8.152    -33.745
     -2.917     33.337    323.685     -2.919      4.999      8.309    -33.699
     -2.919     33.327    323.668     -2.852      5.008      8.466    -33.653
     -2.921     33.317    323.651     -2.785      5.016      8.623    -33.607
     -2.923     33.307    323.633     -2.717      5.025      8.780    -33.560
     -2.925     33.297    323.616     -2.650      5.033      8.937    -33.514
     -2.927     33.287    323.598     -2.583      5.042      9.094    -33.467
     -2.929     33.277    323.579     -2.516      5.050      9.251    -33.420
     -2.931     33.267    323.561     -2.450      5.059      9.408    -33.373
     -2.933     33.256    323.542     -2.383      5.067      9.565    -33.326
     -2.935     33.246    323.522     -2.316      5.075      9.722    -33.279
     -2.937     33.236    323.503     -2.250      5.084      9.879    -33.232
     -2.939     33.226    323.483     -2.183      5.092     10.036    -33.184
     -2.941     33.216    323.463     -2.117      5.101     10.193    -33.137
     -2.943     33.206    323.442     -2.051      5.109     10.350    -33.089
     -2.945     33.195    323.421     -1.985      5.117     10.507    -33.041
     -2.947     33.185    323.400     -1.919      5.126     10.664    -32.993
     -2.949     33.175    323.378     -1.853      5.134     10.822    -32.945
     -2.951     33.165    323.357     -1.787      5.142     10.979    -32.897
     -2.953     33.154    323.335     -1.721      5.150     11.136    -32.848
     -2.955     33.144    323.312     -1.656      5.159     11.293    -32.800
     -2.957     33.134    323.289     -1.590      5.167     11.450    -32.751
     -2.959     33.123    323.266     -1.525      5.175     11.607    -32.703
     -2.961     33.113    323.243     -1.459      5.183     11.764    -32.654
     -2.963     33.103    323.219     -1.394      5.192     11.922    -32.605
     -2.965     33.092    323.195     -1.329      5.200     12.079    -32.556
     -2.967     33.082    323.171     -1.264      5.208     12.236    -32.506
     -2.969     33.071    323.146     -1.199      5.216     12.393    -32.457
     -2.971     33.061    323.121     -1.134      5.224     12.550    -32.407
     -2.973     33.050    323.096     -1.069      5.232     12.708    -32.358
     -2.975     33.040    323.071     -1.004      5.241     12.865    -32.308
     -2.977     33.029    323.045     -0.940      5.249     13.022    -32.258
     -2.979     33.019    323.018     -0.875      5.257     13.179    -32.208
     -2.981     33.008    322.992     -0.811      5.265     13.337    -32.158
     -2.983     32.998    322.965     -0.747      5.273     13.494    -32.108
     -2.985     32.987    322.938     -0.683      5.281     13.651    -32.057
     -2.987     32.977    322.911     -0.619      5.289     13.808    -32.007
     -2.989     32.966    322.883     -0.555      5.297     13.966    -31.956
     -2.991     32.956    322.855     -0.491      5.305     14.123    -31.905
     -2.993     32.945    322.826     -0.427      5.313     14.280    -31.854
     -2.995     32.934    322.798     -0.363      5.321     14.438    -31.803
     -2.997     32.924    322.768     -0.300      5.329     14.595    -31.752
     -2.999     32.913    322.739     -0.236      5.337     14.752    -31.700
     -3.001     32.902    322.709     -0.173      5.345     14.909    -31.649
     -3.003     32.892    322.680     -0.110      5.353     15.067    -31.597
     -3.005     32.881    322.649     -0.047      5.361     15.224    -31.545
     -3.007     32.870    322.619      0.016      5.369     15.381    -31.493
     -3.009     32.859    322.588      0.079      5.376     15.539    -31.441
     -3.011     32.849    322.556      0.142      5.384     15.696    -31.389
     -3.013     32.838    322.525      0.205      5.392     15.854    -31.337
     -3.015     32.827    322.493      0.268      5.400     16.011    -31.284
     -3.017     32.816    322.461      0.330      5.408     16.168    -31.232
     -3.019     32.805    322.428      0.393      5.416     16.326    -31.179
     -3.021     32.795    322.396      0.455      5.423     16.483    -31.126
     -3.023     32.784    322.362      0.517      5.431     16.640    -31.073
     -3.025     32.773    322.329      0.579      5.439     16.798    -31.020
     -3.027     32.762    322.295      0.641      5.447     16.955    -30.966
     -3.029     32.751    322.261      0.703      5.454     17.113    -30.913
     -3.031     32.740    322.227      0.765      5.462     17.270    -30.859
     -3.033     32.729    322.192      0.826      5.470     17.428    -30.806
     -3.035     32.718    322.157      0.888      5.477     17.585    -30.752
     -3.037     32.707    322.122      0.949      5.485     17.742    -30.698
     -3.039     32.696    322.086      1.011      5.493     17.900    -30.644
     -3.041     32.685    322.050      1.072      5.500     18.057    -30.589
     -3.043     32.674    322.014      1.133      5.508     18.215    -30.535
     -3.045     32.663    321.977      1.194      5.515     18.372    -30.481
     -3.047     32.652    321.940      1.255      5.523     18.530    -30.426
     -3.049     32.641    321.903      1.316      5.531     18.687    -30.371
     -3.051     32.630    321.866      1.377      5.538     18.845    -30.316
     -3.053     32.619    321.828      1.437      5.546     19.002    -30.261
     -3.055     32.608    321.790      1.498      5.553     19.160    -30.206
     -3.057     32.597    321.751      1.558      5.561     19.317    -30.150
     -3.059     32.586    321.712      1.618      5.568     19.475    -30.095
     -3.061     32.575    321.673      1.678      5.576     19.632    -30.039
     -3.063     32.563    321.634      1.738      5.583     19.790    -29.983
     -3.065     32.552    321.594      1.798      5.590     19.947    -29.927
     -3.067     32.541    321.554      1.858      5.598     20.105    -29.871
     -3.069     32.530    321.514      1.918      5.605     20.263    -29.815
     -3.071     32.519    321.473      1.977      5.613     20.420    -29.759
     -3.073     32.507    321.432      2.037      5.620     20.578    -29.702
     -3.075     32.496    321.391      2.096      5.627     20.735    -29.646
     -3.077     32.485    321.349      2.155      5.635     20.893    -29.589
     -3.079     32.474    321.307      2.214      5.642     21.050    -29.532
     -3.081     32.462    321.265      2.273      5.649     21.208    -29.475
     -3.083     32.451    321.222      2.332      5.657     21.366    -29.418
     -3.085     32.440    321.179      2.391      5.664     21.523    -29.360
     -3.087     32.428    321.136      2.450      5.671     21.681    -29.303
     -3.089     32.417    321.093      2.508      5.678     21.838    -29.245
     -3.091     32.406    321.049      2.567      5.686     21.996    -29.187
     -3.093     32.394    321.005      2.625      5.693     22.154    -29.129
     -3.095     32.383    320.960      2.683      5.700     22.311    -29.071
     -3.097     32.372    320.915      2.741      5.707     22.469    -29.013
     -3.099     32.360    320.870      2.799      5.714     22.627    -28.955
     -3.101     32.349    320.825      2.857      5.721     22.784    -28.896
     -3.103     32.337    320.779      2.915      5.728     22.942    -28.838
     -3.105     32.326    320.733      2.973      5.736     23.100    -28.779
     -3.107     32.314    320.687      3.030      5.743     23.257    -28.720
     -3.109     32.303    320.640      3.087      5.750     23.415    -28.661
     -3.111     32.291    320.593      3.145      5.757     23.573    -28.601
     -3.113     32.280    320.546      3.202      5.764     23.730    -28.542
     -3.115     32.268    320.498      3.259      5.771     23.888    -28.482
     -3.117     32.257    320.450      3.316      5.778     24.046    -28.423
     -3.119     32.245    320.402      3.373      5.785     24.203    -28.363
     -3.121     32.234    320.353      3.429      5.792     24.361    -28.303
     -3.123     32.222    320.305      3.486      5.799     24.519    -28.243
     -3.125     32.210    320.255      3.542      5.806     24.677    -28.183
     -3.127     32.199    320.206      3.598      5.813     24.834    -28.122
     -3.129     32.187    320.156      3.655      5.819     24.992    -28.062
     -3.131     32.175    320.106      3.711      5.826     25.150    -28.001
     -3.133     32.164    320.055      3.767      5.833     25.307    -27.940
     -3.135     32.152    320.005      3.822      5.840     25.465    -27.879
     -3.137     32.140    319.954      3.878      5.847     25.623    -27.818
     -3.139     32.129    319.902      3.934      5.854     25.781    -27.757
     -3.141     32.117    319.850      3.989      5.860     25.938    -27.695
     -3.143     32.105    319.798      4.045      5.867     26.096    -27.634
     -3.145     32.094    319.746      4.100      5.874     26.254    -27.572
     -3.147     32.082    319.693      4.155      5.881     26.412    -27.510
     -3.149     32.070    319.640      4.210      5.887     26.570    -27.448
     -3.151     32.058    319.587      4.265      5.894     26.727    -27.386
     -3.153     32.046    319.534      4.319      5.901     26.885    -27.323
     -3.155     32.035    319.480      4.374      5.907     27.043    -27.261
     -3.157     32.023    319.425      4.428      5.914     27.201    -27.198
     -3.159     32.011    319.371      4.483      5.921     27.359    -27.135
     -3.161     31.999    319.316      4.537      5.927     27.516    -27.073
     -3.163     31.987    319.261      4.591      5.934     27.674    -27.009
     -3.165     31.975    319.205      4.645      5.940     27.832    -26.946
     -3.167     31.964    319.149      4.699      5.947     27.990    -26.883
     -3.169     31.952    319.093      4.752      5.954     28.148    -26.819
     -3.171     31.940    319.037      4.806      5.960     28.305    -26.756
     -3.173     31.928    318.980      4.860      5.967     28.463    -26.692
     -3.175     31.916    318.923      4.913      5.973     28.621    -26.628
     -3.177     31.904    318.866      4.966      5.979     28.779    -26.564
     -3.179     31.892    318.808      5.019      5.986     28.937    -26.499
     -3.181     31.880    318.750      5.072      5.992     29.095    -26.435
     -3.183     31.868    318.691      5.125      5.999     29.252    -26.370
     -3.185     31.856    318.633      5.177      6.005     29.410    -26.305
     -3.187     31.844    318.574      5.230      6.012     29.568    -26.240
     -3.189     31.832    318.515      5.282      6.018     29.726    -26.175
     -3.191     31.820    318.455      5.335      6.024     29.884    -26.110
     -3.193     31.808    318.395      5.387      6.031     30.042    -26.045
     -3.195     31.796    318.335      5.439      6.037     30.200    -25.979
     -3.197     31.784    318.274      5.491      6.043     30.357    -25.914
     -3.199     31.772    318.213      5.543      6.049     30.515    -25.848
     -3.201     31.759    318.152      5.594      6.056     30.673    -25.782
     -3.203     31.747    318.091      5.646      6.062     30.831    -25.716
     -3.205     31.735    318.029      5.697      6.068     30.989    -25.649
     -3.207     31.723    317.967      5.748      6.074     31.147    -25.583
     -3.209     31.711    317.904      5.799      6.080     31.305    -25.516
     -3.211     31.699    317.841      5.850      6.086     31.463    -25.449
     -3.213     31.687    317.778      5.901      6.093     31.621    -25.382
     -3.215     31.674    317.715      5.952      6.099     31.778    -25.315
     -3.217     31.662    317.651      6.002      6.105     31.936    -25.248
     -3.219     31.650    317.587      6.053      6.111     32.094    -25.181
     -3.221     31.638    317.523      6.103      6.117     32.252    -25.113
     -3.223     31.626    317.458      6.153      6.123     32.410    -25.045
     -3.225     31.613    317.393      6.203      6.129     32.568    -24.978
     -3.227     31.601    317.328      6.253      6.135     32.726    -24.909
     -3.229     31.589    317.262      6.303      6.141     32.884    -24.841
     -3.231     31.576    317.196      6.353      6.147     33.042    -24.773
     -3.233     31.564    317.130      6.402      6.153     33.200    -24.704
     -3.235     31.552    317.064      6.451      6.159     33.358    -24.636
     -3.237     31.539    316.997      6.501      6.165     33.515    -24.567
     -3.239     31.527    316.930      6.550      6.170     33.673    -24.498
     -3.241     31.515    316.862      6.599      6.176     33.831    -24.429
     -3.243     31.502    316.794      6.647      6.182     33.989    -24.360
     -3.245     31.490    316.726      6.696      6.188     34.147    -24.290
     -3.247     31.478    316.658      6.745      6.194     34.305    -24.220
     -3.249     31.465    316.589      6.793      6.199     34.463    -24.151
     -3.251     31.453    316.520      6.841      6.205     34.621    -24.081
     -3.253     31.440    316.450      6.889      6.211     34.779    -24.011
     -3.255     31.428    316.381      6.937      6.217     34.937    -23.940
     -3.257     31.416    316.311      6.985      6.222     35.095    -23.870
     -3.259     31.403    316.240      7.033      6.228     35.253    -23.799
     -3.261     31.391    316.170      7.080      6.234     35.411    -23.729
     -3.263     31.378    316.099      7.128      6.239     35.569    -23.658
     -3.265     31.366    316.027      7.175      6.245     35.727    -23.587
     -3.267     31.353    315.956      7.222      6.251     35.884    -23.515
     -3.269     31.341    315.884      7.269      6.256     36.042    -23.444
     -3.271     31.328    315.812      7.316      6.262     36.200    -23.373
     -3.273     31.316    315.739      7.362      6.267     36.358    -23.301
     -3.275     31.303    315.666      7.409      6.273     36.516    -23.229
     -3.277     31.291    315.593      7.455      6.278     36.674    -23.157
     -3.279     31.278    315.519      7.502      6.284     36.832    -23.085
     -3.281     31.265    315.446      7.548      6.289     36.990    -23.012
     -3.283     31.253    315.371      7.594      6.295     37.148    -22.940
     -3.285     31.240    315.297      7.639      6.300     37.306    -22.867
     -3.287     31.228    315.222      7.685      6.305     37.464    -22.794
     -3.289     31.215    315.147      7.731      6.311     37.622    -22.721
     -3.291     31.202    315.072      7.776      6.316     37.780    -22.648
     -3.293     31.190    314.996      7.821      6.321     37.938    -22.575
     -3.295     31.177    314.920      7.866      6.327     38.096    -22.501
     -3.297     31.165    314.844      7.911      6.332     38.254    -22.428
     -3.299     31.152    314.767      7.956      6.337     38.411    -22.354
     -3.301     31.139    314.690      8.001      6.342     38.569    -22.280
     -3.303     31.126    314.613      8.045      6.348     38.727    -22.206
     -3.305     31.114    314.535      8.089      6.353     38.885    -22.131
     -3.307     31.101    314.457      8.134      6.358     39.043    -22.057
     -3.309     31.088    314.379      8.178      6.363     39.201    -21.982
     -3.311     31.076    314.300      8.222      6.368     39.359    -21.907
     -3.313     31.063    314.222      8.265      6.373     39.517    -21.832
     -3.315     31.050    314.142      8.309      6.379     39.675    -21.757
     -3.317     31.037    314.063      8.352      6.384     39.833    -21.682
     -3.319     31.025    313.983      8.396      6.389     39.991    -21.606
     -3.321     31.012    313.903      8.439      6.394     40.149    -21.530
     -3.323     30.999    313.822      8.482      6.399     40.307    -21.455
     -3.325     30.986    313.742      8.525      6.404     40.465    -21.379
     -3.327     30.973    313.661      8.567      6.409     40.622    -21.302
     -3.329     30.961    313.579      8.610      6.414     40.780    -21.226
     -3.331     30.948    313.497      8.652      6.419     40.938    -21.150
     -3.333     30.935    313.415      8.694      6.423     41.096    -21.073
     -3.335     30.922    313.333      8.736      6.428     41.254    -20.996
     -3.337     30.909    313.250      8.778      6.433     41.412    -20.919
     -3.339     30.896    313.167      8.820      6.438     41.570    -20.842
     -3.341     30.883    313.084      8.862      6.443     41.728    -20.764
     -3.343     30.871    313.000      8.903      6.448     41.886    -20.687
     -3.345     30.858    312.917      8.944      6.452     42.044    -20.609
     -3.347     30.845    312.832      8.986      6.457     42.202    -20.531
     -3.349     30.832    312.748      9.027      6.462     42.359    -20.453
     -3.351     30.819    312.663      9.067      6.467     42.517    -20.375
     -3.353     30.806    312.578      9.108      6.471     42.675    -20.297
     -3.355     30.793    312.492      9.149      6.476     42.833    -20.218
     -3.357     30.780    312.406      9.189      6.481     42.991    -20.139
     -3.359     30.767    312.320      9.229      6.485     43.149    -20.060
     -3.361     30.754    312.234      9.269      6.490     43.307    -19.981
     -3.363     30.741    312.147      9.309      6.494     43.465    -19.902
     -3.365     30.728    312.060      9.349      6.499     43.622    -19.823
     -3.367     30.715    311.972      9.388      6.503     43.780    -19.743
     -3.369     30.702    311.885      9.428      6.508     43.938    -19.663
     -3.371     30.689    311.797      9.467      6.512     44.096    -19.583
     -3.373     30.676    311.708      9.506      6.517     44.254    -19.503
     -3.375     30.663    311.620      9.545      6.521     44.412    -19.423
     -3.377     30.650    311.531      9.584      6.526     44.570    -19.343
     -3.379     30.637    311.441      9.622      6.530     44.727    -19.262
     -3.381     30.624    311.352      9.661      6.534     44.885    -19.181
     -3.383     30.611    311.262      9.699      6.539     45.043    -19.100
     -3.385     30.598    311.172      9.737      6.543     45.201    -19.019
     -3.387     30.585    311.081      9.775      6.547     45.359    -18.938
     -3.389     30.572    310.990      9.813      6.552     45.517    -18.856
     -3.391     30.558    310.899      9.851      6.556     45.674    -18.774
     -3.393     30.545    310.808      9.888      6.560     45.832    -18.693
     -3.395     30.532    310.716      9.925      6.564     45.990    -18.611
     -3.397     30.519    310.624      9.963      6.569     46.148    -18.528
     -3.399     30.506    310.531     10.000      6.573     46.306    -18.446
     -3.401     30.493    310.438     10.036      6.577     46.463    -18.363
     -3.403     30.480    310.345     10.073      6.581     46.621    -18.281
     -3.405     30.466    310.252     10.109      6.585     46.779    -18.198
     -3.407     30.453    310.158     10.146      6.589     46.937    -18.115
     -3.409     30.440    310.064     10.182      6.593     47.094    -18.031
     -3.411     30.427    309.970     10.218      6.597     47.252    -17.948
     -3.413     30.414    309.875     10.254      6.601     47.410    -17.864
     -3.415     30.400    309.780     10.289      6.605     47.568    -17.780
     -3.417     30.387    309.685     10.325      6.609     47.725    -17.696
     -3.419     30.374    309.589     10.360      6.613     47.883    -17.612
     -3.421     30.361    309.493     10.395      6.617     48.041    -17.528
     -3.423     30.348    309.397     10.430      6.621     48.199    -17.443
     -3.425     30.334    309.301     10.465      6.625     48.356    -17.359
     -3.427     30.321    309.204     10.500      6.629     48.514    -17.274
     -3.429     30.308    309.106     10.534      6.632     48.672    -17.189
     -3.431     30.295    309.009     10.568      6.636     48.829    -17.104
     -3.433     30.281    308.911     10.603      6.640     48.987    -17.018
     -3.435     30.268    308.813     10.637      6.644     49.145    -16.933
     -3.437     30.255    308.715     10.670      6.647     49.302    -16.847
     -3.439     30.241    308.616     10.704      6.651     49.460    -16.761
     -3.441     30.228    308.517     10.737      6.655     49.618    -16.675
     -3.443     30.215    308.417     10.771      6.658     49.775    -16.588
     -3.445     30.201    308.318     10.804      6.662     49.933    -16.502
     -3.447     30.188    308.218     10.837      6.666     50.091    -16.415
     -3.449     30.175    308.117     10.869      6.669     50.248    -16.328
     -3.451     30.161    308.017     10.902      6.673     50.406    -16.241
     -3.453     30.148    307.916     10.934      6.676     50.563    -16.154
     -3.455     30.135    307.814     10.967      6.680     50.721    -16.066
     -3.457     30.121    307.713     10.999      6.683     50.879    -15.979
     -3.459     30.108    307.611     11.030      6.687     51.036    -15.891
     -3.461     30.095    307.509     11.062      6.690     51.194    -15.803
     -3.463     30.081    307.406     11.094      6.693     51.351    -15.715
     -3.465     30.068    307.303     11.125      6.697     51.509    -15.627
     -3.467     30.054    307.200     11.156      6.700     51.666    -15.538
     -3.469     30.041    307.097     11.187      6.704     51.824    -15.449
     -3.471     30.028    306.993     11.218      6.707     51.981    -15.360
     -3.473     30.014    306.889     11.249      6.710     52.139    -15.271
     -3.475     30.001    306.784     11.279      6.713     52.296    -15.182
     -3.477     29.987    306.679     11.309      6.717     52.454    -15.093
     -3.479     29.974    306.574     11.339      6.720     52.611    -15.003
     -3.481     29.960    306.469     11.369      6.723     52.769    -14.913
     -3.483     29.947    306.363     11.399      6.726     52.926    -14.823
     -3.485     29.934    306.257     11.429      6.729     53.084    -14.733
     -3.487     29.920    306.151     11.458      6.732     53.241    -14.642
     -3.489     29.907    306.044     11.487      6.735     53.399    -14.552
     -3.491     29.893    305.937     11.516      6.739     53.556    -14.461
     -3.493     29.880    305.830     11.545      6.742     53.714    -14.370
     -3.495     29.866    305.722     11.574      6.745     53.871    -14.279
     -3.497     29.853    305.615     11.602      6.748     54.028    -14.188
     -3.499     29.839    305.506     11.630      6.750     54.186    -14.096
     -3.501     29.826    305.398     11.659      6.753     54.343    -14.004
     -3.503     29.812    305.289     11.686      6.756     54.500    -13.912
     -3.505     29.799    305.180     11.714      6.759     54.658    -13.820
     -3.507     29.785    305.070     11.742      6.762     54.815    -13.728
     -3.509     29.772    304.961     11.769      6.765     54.972    -13.636
     -3.511     29.758    304.850     11.796      6.768     55.130    -13.543
     -3.513     29.745    304.740     11.823      6.770     55.287    -13.450
     -3.515     29.731    304.629     11.850      6.773     55.444    -13.357
     -3.517     29.717    304.518     11.877      6.776     55.602    -13.264
     -3.519     29.704    304.407     11.903      6.779     55.759    -13.170
     -3.521     29.690    304.295     11.929      6.781     55.916    -13.077
     -3.523     29.677    304.183     11.955      6.784     56.073    -12.983
     -3.525     29.663    304.071     11.981      6.787     56.231    -12.889
     -3.527     29.650    303.958     12.007      6.789     56.388    -12.795
     -3.529     29.636    303.845     12.032      6.792     56.545    -12.700
     -3.531     29.622    303.732     12.058      6.794     56.702    -12.606
     -3.533     29.609    303.619     12.083      6.797     56.859    -12.511
     -3.535     29.595    303.505     12.108      6.799     57.017    -12.416
     -3.537     29.582    303.391     12.133      6.802     57.174    -12.321
     -3.539     29.568    303.276     12.157      6.804     57.331    -12.225
     -3.541     29.554    303.161     12.181      6.807     57.488    -12.130
     -3.543     29.541    303.046     12.206      6.809     57.645    -12.034
     -3.545     29.527    302.931     12.230      6.811     57.802    -11.938
     -3.547     29.514    302.815     12.253      6.814     57.959    -11.842
     -3.549     29.500    302.699     12.277      6.816     58.116    -11.746
     -3.551     29.486    302.582     12.300      6.818     58.273    -11.649
     -3.553     29.473    302.466     12.324      6.820     58.430    -11.552
     -3.555     29.459    302.349     12.347      6.823     58.588    -11.456
     -3.557     29.445    302.231     12.369      6.825     58.745    -11.358
     -3.559     29.432    302.114     12.392      6.827     58.902    -11.261
     -3.561     29.418    301.996     12.414      6.829     59.059    -11.164
     -3.563     29.404    301.877     12.437      6.831     59.215    -11.066
     -3.565     29.391    301.759     12.459      6.833     59.372    -10.968
     -3.567     29.377    301.640     12.481      6.835     59.529    -10.870
     -3.569     29.363    301.521     12.502      6.838     59.686    -10.772
     -3.571     29.350    301.401     12.524      6.840     59.843    -10.673
     -3.573     29.336    301.281     12.545      6.841     60.000    -10.574
     -3.575     29.322    301.161     12.566      6.843     60.157    -10.475
     -3.577     29.309    301.041     12.587      6.845     60.314    -10.376
     -3.579     29.295    300.920     12.607      6.847     60.471    -10.277
     -3.581     29.281    300.799     12.628      6.849     60.627    -10.178
     -3.583     29.268    300.677     12.648      6.851     60.784    -10.078
     -3.585     29.254    300.556     12.668      6.853     60.941     -9.978
     -3.587     29.240    300.434     12.688      6.855     61.098     -9.878
     -3.589     29.227    300.311     12.708      6.856     61.255     -9.778
     -3.591     29.213    300.189     12.727      6.858     61.411     -9.677
     -3.593     29.199    300.066     12.746      6.860     61.568     -9.576
     -3.595     29.185    299.942     12.765      6.861     61.725     -9.475
     -3.597     29.172    299.819     12.784      6.863     61.881     -9.374
     -3.599     29.158    299.695     12.803      6.865     62.038     -9.273
     -3.601     29.144    299.571     12.821      6.866     62.195     -9.172
     -3.603     29.130    299.446     12.840      6.868     62.351     -9.070
     -3.605     29.117    299.321     12.858      6.869     62.508     -8.968
     -3.607     29.103    299.196     12.876      6.871     62.665     -8.866
     -3.609     29.089    299.071     12.893      6.872     62.821     -8.763
     -3.611     29.075    298.945     12.911      6.874     62.978     -8.661
     -3.613     29.062    298.819     12.928      6.875     63.134     -8.558
     -3.615     29.048    298.692     12.945      6.877     63.291     -8.455
     -3.617     29.034    298.566     12.962      6.878     63.447     -8.352
     -3.619     29.020    298.438     12.978      6.879     63.604     -8.249
     -3.621     29.007    298.311     12.995      6.881     63.760     -8.145
     -3.623     28.993    298.183     13.011      6.882     63.917     -8.041
     -3.625     28.979    298.055     13.027      6.883     64.073     -7.937
     -3.627     28.965    297.927     13.043      6.885     64.230     -7.833
     -3.629     28.952    297.799     13.058      6.886     64.386     -7.729
     -3.631     28.938    297.670     13.073      6.887     64.542     -7.624
     -3.633     28.924    297.540     13.089      6.888     64.699     -7.519
     -3.635     28.910    297.411     13.104      6.889     64.855     -7.414
     -3.637     28.897    297.281     13.118      6.890     65.011     -7.309
     -3.639     28.883    297.151     13.133      6.891     65.168     -7.204
     -3.641     28.869    297.020     13.147      6.892     65.324     -7.098
     -3.643     28.855    296.889     13.161      6.893     65.480     -6.992
     -3.645     28.841    296.758     13.175      6.894     65.636     -6.886
     -3.647     28.828    296.627     13.189      6.895     65.793     -6.780
     -3.649     28.814    296.495     13.202      6.896     65.949     -6.674
     -3.651     28.800    296.363     13.215      6.897     66.105     -6.567
     -3.653     28.786    296.231     13.228      6.898     66.261     -6.460
     -3.655     28.772    296.098     13.241      6.899     66.417     -6.353
     -3.657     28.759    295.965     13.254      6.899     66.573     -6.246
     -3.659     28.745    295.832     13.266      6.900     66.729     -6.138
     -3.661     28.731    295.698     13.278      6.901     66.885     -6.030
     -3.663     28.717    295.564     13.290      6.902     67.041     -5.922
     -3.665     28.703    295.430     13.302      6.902     67.197     -5.814
     -3.667     28.690    295.295     13.314      6.903     67.353     -5.706
     -3.669     28.676    295.161     13.325      6.904     67.509     -5.597
     -3.671     28.662    295.025     13.336      6.904     67.665     -5.488
     -3.673     28.648    294.890     13.347      6.905     67.821     -5.379
     -3.675     28.634    294.754     13.358      6.905     67.977     -5.270
     -3.677     28.621    294.618     13.368      6.906     68.133     -5.161
     -3.679     28.607    294.482     13.378      6.906     68.289     -5.051
     -3.681     28.593    294.345     13.388      6.907     68.445     -4.941
     -3.683     28.579    294.208     13.398      6.907     68.600     -4.831
     -3.685     28.565    294.070     13.407      6.907     68.756     -4.721
     -3.687     28.552    293.933     13.417      6.908     68.912     -4.610
     -3.689     28.538    293.795     13.426      6.908     69.068     -4.500
     -3.691     28.524    293.657     13.435      6.908     69.223     -4.389
     -3.693     28.510    293.518     13.443      6.909     69.379     -4.278
     -3.695     28.496    293.379     13.452      6.909     69.535     -4.166
     -3.697     28.482    293.240     13.460      6.909     69.690     -4.055
     -3.699     28.469    293.100     13.468      6.909     69.846     -3.943
     -3.701     28.455    292.960     13.476      6.909     70.002     -3.831
     -3.703     28.441    292.820     13.483      6.909     70.157     -3.718
     -3.705     28.427    292.680     13.491      6.909     70.313     -3.606
     -3.707     28.413    292.539     13.498      6.910     70.468     -3.493
     -3.709     28.400    292.398     13.505      6.910     70.624     -3.380
     -3.711     28.386    292.256     13.511      6.909     70.779     -3.267
     -3.713     28.372    292.115     13.518      6.909     70.934     -3.154
     -3.715     28.358    291.973     13.524      6.909     71.090     -3.040
     -3.717     28.344    291.830     13.530      6.909     71.245     -2.927
     -3.719     28.330    291.688     13.536      6.909     71.401     -2.813
     -3.721     28.317    291.545     13.541      6.909     71.556     -2.698
     -3.723     28.303    291.402     13.547      6.909     71.711     -2.584
     -3.725     28.289    291.258     13.552      6.908     71.866     -2.469
     -3.727     28.275    291.114     13.556      6.908     72.022     -2.354
     -3.729     28.261    290.970     13.561      6.908     72.177     -2.239
     -3.731     28.248    290.825     13.565      6.908     72.332     -2.124
     -3.733     28.234    290.681     13.569      6.907     72.487     -2.008
     -3.735     28.220    290.535     13.573      6.907     72.642     -1.893
     -3.737     28.206    290.390     13.577      6.906     72.797     -1.776
     -3.739     28.192    290.244     13.580      6.906     72.952     -1.660
     -3.741     28.178    290.098     13.584      6.905     73.107     -1.544
     -3.743     28.165    289.952     13.587      6.905     73.262     -1.427
     -3.745     28.151    289.805     13.589      6.904     73.417     -1.310
     -3.747     28.137    289.658     13.592      6.904     73.572     -1.193
     -3.749     28.123    289.511     13.594      6.903     73.727     -1.076
     -3.751     28.109    289.363     13.596      6.902     73.882     -0.958
     -3.753     28.096    289.215     13.598      6.902     74.037     -0.840
     -3.755     28.082    289.067     13.600      6.901     74.192     -0.722
     -3.757     28.068    288.919     13.601      6.900     74.346     -0.604
     -3.759     28.054    288.770     13.602      6.899     74.501     -0.485
     -3.761     28.040    288.621     13.603      6.899     74.656     -0.367
     -3.763     28.027    288.471     13.603      6.898     74.811     -0.248
     -3.765     28.013    288.321     13.604      6.897     74.965     -0.129
     -3.767     27.999    288.171     13.604      6.896     75.120     -0.009
     -3.769     27.985    288.021     13.604      6.895     75.274      0.110
     -3.771     27.971    287.870     13.604      6.894     75.429      0.230
     -3.773     27.958    287.719     13.603      6.893     75.584      0.350
     -3.775     27.944    287.568     13.602      6.892     75.738      0.471
     -3.777     27.930    287.416     13.601      6.891     75.893      0.591
     -3.779     27.916    287.264     13.600      6.890     76.047      0.712
     -3.781     27.903    287.112     13.598      6.889     76.201      0.833
     -3.783     27.889    286.959     13.596      6.887     76.356      0.954
     -3.785     27.875    286.807     13.594      6.886     76.510      1.076
     -3.787     27.861    286.653     13.592      6.885     76.664      1.198
     -3.789     27.847    286.500     13.590      6.884     76.819      1.320
     -3.791     27.834    286.346     13.587      6.882     76.973      1.442
     -3.793     27.820    286.192     13.584      6.881     77.127      1.564
     -3.795     27.806    286.038     13.581      6.880     77.281      1.687
     -3.797     27.792    285.883     13.577      6.878     77.435      1.810
     -3.799     27.779    285.728     13.573      6.877     77.589      1.933
     -3.801     27.765    285.573     13.569      6.875     77.743      2.056
     -3.803     27.751    285.417     13.565      6.874     77.897      2.180
     -3.805     27.737    285.261     13.561      6.872     78.051      2.304
     -3.807     27.724    285.105     13.556      6.871     78.205      2.428
     -3.809     27.710    284.948     13.551      6.869     78.359      2.552
     -3.811     27.696    284.791     13.546      6.867     78.513      2.677
     -3.813     27.682    284.634     13.540      6.866     78.667      2.801
     -3.815     27.669    284.477     13.534      6.864     78.821      2.926
     -3.817     27.655    284.319     13.529      6.862     78.975      3.052
     -3.819     27.641    284.161     13.522      6.860     79.128      3.177
     -3.821     27.628    284.002     13.516      6.859     79.282      3.303
     -3.823     27.614    283.844     13.509      6.857     79.436      3.429
     -3.825     27.600    283.684     13.502      6.855     79.589      3.555
     -3.827     27.586    283.525     13.495      6.853     79.743      3.682
     -3.829     27.573    283.366     13.487      6.851     79.896      3.808
     -3.831     27.559    283.206     13.480      6.849     80.050      3.935
     -3.833     27.545    283.045     13.472      6.847     80.203      4.062
     -3.835     27.532    282.885     13.463      6.845     80.357      4.190
     -3.837     27.518    282.724     13.455      6.843     80.510      4.317
     -3.839     27.504    282.563     13.446      6.841     80.663      4.445
     -3.841     27.491    282.401     13.437      6.838     80.817      4.574
     -3.843     27.477    282.239     13.428      6.836     80.970      4.702
     -3.845     27.463    282.077     13.418      6.834     81.123      4.831
     -3.847     27.450    281.915     13.408      6.832     81.276      4.959
     -3.849     27.436    281.752     13.398      6.829     81.430      5.089
     -3.851     27.422    281.589     13.388      6.827     81.583      5.218
     -3.853     27.409    281.426     13.378      6.825     81.736      5.348
     -3.855     27.395    281.262     13.367      6.822     81.889      5.477
     -3.857     27.381    281.098     13.356      6.820     82.042      5.607
     -3.859     27.368    280.934     13.344      6.817     82.195      5.738
     -3.861     27.354    280.770     13.333      6.815     82.347      5.868
     -3.863     27.340    280.605     13.321      6.812     82.500      5.999
     -3.865     27.327    280.440     13.309      6.809     82.653      6.130
     -3.867     27.313    280.274     13.296      6.807     82.806      6.262
     -3.869     27.300    280.108     13.284      6.804     82.959      6.393
     -3.871     27.286    279.942     13.271      6.801     83.111      6.525
     -3.873     27.272    279.776     13.258      6.799     83.264      6.657
     -3.875     27.259    279.609     13.244      6.796     83.417      6.790
     -3.877     27.245    279.442     13.230      6.793     83.569      6.922
     -3.879     27.232    279.275     13.216      6.790     83.722      7.055
     -3.881     27.218    279.107     13.202      6.787     83.874      7.188
     -3.883     27.204    278.939     13.188      6.784     84.026      7.321
     -3.885     27.191    278.771     13.173      6.781     84.179      7.455
     -3.887     27.177    278.603     13.158      6.778     84.331      7.589
     -3.889     27.164    278.434     13.143      6.775     84.483      7.723
     -3.891     27.150    278.265     13.127      6.772     84.636      7.857
     -3.893     27.137    278.095     13.111      6.769     84.788      7.992
     -3.895     27.123    277.926     13.095      6.766     84.940      8.127
     -3.897     27.110    277.756     13.079      6.763     85.092      8.262
     -3.899     27.096    277.585     13.062      6.760     85.244      8.397
     -3.901     27.083    277.415     13.045      6.756     85.396      8.533
     -3.903     27.069    277.244     13.028      6.753     85.548      8.669
     -3.905     27.056    277.072     13.010      6.750     85.700      8.805
     -3.907     27.042    276.901     12.993      6.746     85.852      8.941
     -3.909     27.029    276.729     12.975      6.743     86.004      9.078
     -3.911     27.015    276.557     12.956      6.739     86.155      9.215
     -3.913     27.002    276.384     12.938      6.736     86.307      9.352
     -3.915     26.988    276.212     12.919      6.732     86.459      9.489
     -3.917     26.975    276.039     12.900      6.729     86.610      9.627
     -3.919     26.961    275.865     12.880      6.725     86.762      9.765
     -3.921     26.948    275.692     12.861      6.721     86.913      9.903
     -3.923     26.934    275.518     12.841      6.718     87.065     10.042
     -3.925     26.921    275.343     12.821      6.714     87.216     10.180
     -3.927     26.907    275.169     12.800      6.710     87.368     10.319
     -3.929     26.894    274.994     12.779      6.706     87.519     10.459
     -3.931     26.881    274.819     12.758      6.703     87.670     10.598
     -3.933     26.867    274.643     12.737      6.699     87.821     10.738
     -3.935     26.854    274.467     12.715      6.695     87.973     10.878
     -3.937     26.840    274.291     12.693      6.691     88.124     11.018
     -3.939     26.827    274.115     12.671      6.687     88.275     11.159
     -3.941     26.814    273.938     12.649      6.683     88.426     11.300
     -3.943     26.800    273.761     12.626      6.679     88.577     11.441
     -3.945     26.787    273.584     12.603      6.675     88.727     11.582
     -3.947     26.774    273.406     12.580      6.671     88.878     11.724
     -3.949     26.760    273.228     12.556      6.666     89.029     11.865
     -3.951     26.747    273.050     12.532      6.662     89.180     12.008
     -3.953     26.734    272.872     12.508      6.658     89.330     12.150
     -3.955     26.720    272.693     12.484      6.653     89.481     12.293
     -3.957     26.707    272.514     12.459      6.649     89.632     12.436
     -3.959     26.694    272.334     12.434      6.645     89.782     12.579
     -3.961     26.680    272.155     12.409      6.640     89.933     12.722
     -3.963     26.667    271.975     12.383      6.636     90.083     12.866
     -3.965     26.654    271.794     12.357      6.631     90.233     13.010
     -3.967     26.641    271.614     12.331      6.627     90.384     13.154
     -3.969     26.627    271.433     12.304      6.622     90.534     13.299
     -3.971     26.614    271.251     12.278      6.618     90.684     13.444
     -3.973     26.601    271.070     12.251      6.613     90.834     13.589
     -3.975     26.588    270.888     12.223      6.608     90.984     13.734
     -3.977     26.575    270.706     12.196      6.603     91.134     13.880
     -3.979     26.561    270.524     12.168      6.599     91.284     14.026
     -3.981     26.548    270.341     12.140      6.594     91.434     14.172
     -3.983     26.535    270.158     12.111      6.589     91.584     14.318
     -3.985     26.522    269.975     12.082      6.584     91.733     14.465
     -3.987     26.509    269.791     12.053      6.579     91.883     14.612
     -3.989     26.495    269.607     12.024      6.574     92.033     14.759
     -3.991     26.482    269.423     11.994      6.569     92.182     14.907
     -3.993     26.469    269.238     11.964      6.564     92.332     15.055
     -3.995     26.456    269.053     11.934      6.559     92.481     15.203
     -3.997     26.443    268.868     11.903      6.554     92.631     15.351
     -3.999     26.430    268.683     11.873      6.548     92.780     15.500
     -4.001     26.417    268.497     11.841      6.543     92.929     15.649
     -4.003     26.404    268.311     11.810      6.538     93.079     15.798
     -4.005     26.391    268.125     11.778      6.532     93.228     15.948
     -4.007     26.378    267.938     11.746      6.527     93.377     16.097
     -4.009     26.365    267.751     11.714      6.522     93.526     16.247
     -4.011     26.351    267.564     11.681      6.516     93.675     16.398
     -4.013     26.338    267.377     11.648      6.511     93.824     16.548
     -4.015     26.325    267.189     11.615      6.505     93.972     16.699
     -4.017     26.312    267.001     11.582      6.500     94.121     16.850
     -4.019     26.299    266.812     11.548      6.494     94.270     17.002
     -4.021     26.286    266.624     11.513      6.488     94.418     17.154
     -4.023     26.273    266.435     11.479      6.483     94.567     17.306
     -4.025     26.261    266.246     11.444      6.477     94.715     17.458
     -4.027     26.248    266.056     11.409      6.471     94.864     17.611
     -4.029     26.235    265.866     11.374      6.465     95.012     17.763
     -4.031     26.222    265.676     11.338      6.459     95.161     17.917
     -4.033     26.209    265.485     11.302      6.453     95.309     18.070
     -4.035     26.196    265.295     11.266      6.447     95.457     18.224
     -4.037     26.183    265.104     11.229      6.441     95.605     18.378
     -4.039     26.170    264.912     11.192      6.435     95.753     18.532
     -4.041     26.157    264.721     11.155      6.429     95.901     18.687
     -4.043     26.144    264.529     11.118      6.423     96.049     18.842
     -4.045     26.132    264.336     11.080      6.417     96.197     18.997
     -4.047     26.119    264.144     11.042      6.411     96.344     19.152
     -4.049     26.106    263.951     11.003      6.404     96.492     19.308
     -4.051     26.093    263.758     10.964      6.398     96.640     19.464
     -4.053     26.080    263.564     10.925      6.392     96.787     19.620
     -4.055     26.068    263.371     10.886      6.385     96.934     19.777
     -4.057     26.055    263.177     10.846      6.379     97.082     19.934
     -4.059     26.042    262.982     10.806      6.372     97.229     20.091
     -4.061     26.029    262.788     10.766      6.366     97.376     20.249
     -4.063     26.017    262.593     10.725      6.359     97.524     20.406
     -4.065     26.004    262.398     10.684      6.352     97.671     20.565
     -4.067     25.991    262.202     10.643      6.346     97.818     20.723
     -4.069     25.978    262.006     10.601      6.339     97.965     20.882
     -4.071     25.966    261.810     10.559      6.332     98.111     21.041
     -4.073     25.953    261.614     10.517      6.325     98.258     21.200
     -4.075     25.941    261.417     10.475      6.319     98.405     21.359
     -4.077     25.928    261.220     10.432      6.312     98.551     21.519
     -4.079     25.915    261.023     10.389      6.305     98.698     21.679
     -4.081     25.903    260.826     10.345      6.298     98.844     21.840
     -4.083     25.890    260.628     10.301      6.291     98.991     22.001
     -4.085     25.877    260.430     10.257      6.284     99.137     22.162
     -4.087     25.865    260.231     10.213      6.276     99.283     22.323
     -4.089     25.852    260.032     10.168      6.269     99.430     22.485
     -4.091     25.840    259.833     10.123      6.262     99.576     22.647
     -4.093     25.827    259.634     10.077      6.255     99.722     22.809
     -4.095     25.815    259.435     10.031      6.247     99.867     22.972
     -4.097     25.802    259.235      9.985      6.240    100.013     23.134
     -4.099     25.790    259.035      9.939      6.233    100.159     23.298
     -4.101     25.777    258.834      9.892      6.225    100.305     23.461
     -4.103     25.765    258.633      9.845      6.218    100.450     23.625
     -4.105     25.753    258.432      9.798      6.210    100.596     23.789
     -4.107     25.740    258.231      9.750      6.203    100.741     23.953
     -4.109     25.728    258.029      9.702      6.195    100.887     24.118
     -4.111     25.715    257.827      9.653      6.187    101.032     24.283
     -4.113     25.703    257.625      9.605      6.179    101.177     24.448
     -4.115     25.691    257.423      9.556      6.172    101.322     24.614
     -4.117     25.678    257.220      9.506      6.164    101.467     24.780
     -4.119     25.666    257.017      9.456      6.156    101.612     24.946
     -4.121     25.654    256.813      9.406      6.148    101.757     25.113
     -4.123     25.641    256.610      9.356      6.140    101.901     25.280
     -4.125     25.629    256.406      9.305      6.132    102.046     25.447
     -4.127     25.617    256.202      9.254      6.124    102.191     25.614
     -4.129     25.605    255.997      9.203      6.116    102.335     25.782
     -4.131     25.592    255.792      9.151      6.108    102.480     25.950
     -4.133     25.580    255.587      9.099      6.099    102.624     26.118
     -4.135     25.568    255.382      9.047      6.091    102.768     26.287
     -4.137     25.556    255.176      8.994      6.083    102.912     26.456
     -4.139     25.544    254.970      8.941      6.074    103.056     26.626
     -4.141     25.532    254.764      8.887      6.066    103.200     26.795
     -4.143     25.519    254.557      8.834      6.058    103.344     26.965
     -4.145     25.507    254.350      8.779      6.049    103.488     27.136
     -4.147     25.495    254.143      8.725      6.040    103.631     27.306
     -4.149     25.483    253.936      8.670      6.032    103.775     27.477
     -4.151     25.471    253.728      8.615      6.023    103.918     27.648
     -4.153     25.459    253.520      8.560      6.015    104.062     27.820
     -4.155     25.447    253.312      8.504      6.006    104.205     27.992
     -4.157     25.435    253.103      8.448      5.997    104.348     28.164
     -4.159     25.423    252.895      8.391      5.988    104.491     28.337
     -4.161     25.411    252.685      8.334      5.979    104.634     28.509
     -4.163     25.399    252.476      8.277      5.970    104.777     28.683
     -4.165     25.387    252.266      8.220      5.961    104.920     28.856
     -4.167     25.375    252.056      8.162      5.952    105.063     29.030
     -4.169     25.363    251.846      8.103      5.943    105.205     29.204
     -4.171     25.352    251.636      8.045      5.934    105.348     29.379
     -4.173     25.340    251.425      7.986      5.925    105.490     29.553
     -4.175     25.328    251.214      7.927      5.915    105.632     29.729
     -4.177     25.316    251.002      7.867      5.906    105.775     29.904
     -4.179     25.304    250.791      7.807      5.897    105.917     30.080
     -4.181     25.292    250.579      7.747      5.887    106.059     30.256
     -4.183     25.281    250.366      7.686      5.878    106.201     30.432
     -4.185     25.269    250.154      7.625      5.868    106.342     30.609
     -4.187     25.257    249.941      7.564      5.859    106.484     30.786
     -4.189     25.245    249.728      7.502      5.849    106.626     30.964
     -4.191     25.234    249.514      7.440      5.839    106.767     31.141
     -4.193     25.222    249.301      7.377      5.830    106.908     31.319
     -4.195     25.210    249.087      7.314      5.820    107.050     31.498
     -4.197     25.199    248.873      7.251      5.810    107.191     31.677
     -4.199     25.187    248.658      7.188      5.800    107.332     31.856
     -4.201     25.176    248.443      7.124      5.790    107.473     32.035
     -4.203     25.164    248.228      7.060      5.780    107.614     32.215
     -4.205     25.152    248.013      6.995      5.770    107.754     32.395
     -4.207     25.141    247.797      6.930      5.760    107.895     32.575
     -4.209     25.129    247.581      6.865      5.750    108.035     32.756
     -4.211     25.118    247.365      6.799      5.740    108.176     32.937
     -4.213     25.106    247.148      6.733      5.730    108.316     33.119
     -4.215     25.095    246.932      6.667      5.719    108.456     33.300
     -4.217     25.084    246.715      6.600      5.709    108.596     33.482
     -4.219     25.072    246.497      6.533      5.698    108.736     33.665
     -4.221     25.061    246.280      6.465      5.688    108.876     33.848
     -4.223     25.049    246.062      6.397      5.677    109.016     34.031
     -4.225     25.038    245.844      6.329      5.667    109.155     34.214
     -4.227     25.027    245.625      6.260      5.656    109.295     34.398
     -4.229     25.015    245.406      6.191      5.646    109.434     34.582
     -4.231     25.004    245.187      6.122      5.635    109.574     34.767
     -4.233     24.993    244.968      6.052      5.624    109.713     34.952
     -4.235     24.982    244.749      5.982      5.613    109.852     35.137
     -4.237     24.971    244.529      5.912      5.602    109.991     35.322
     -4.239     24.959    244.309      5.841      5.591    110.129     35.508
     -4.241     24.948    244.088      5.770      5.580    110.268     35.694
     -4.243     24.937    243.868      5.698      5.569    110.407     35.881
     -4.245     24.926    243.647      5.626      5.558    110.545     36.068
     -4.247     24.915    243.425      5.554      5.547    110.683     36.255
     -4.249     24.904    243.204      5.481      5.536    110.821     36.443
     -4.251     24.893    242.982      5.408      5.524    110.959     36.631
     -4.253     24.882    242.760      5.335      5.513    111.097     36.819
     -4.255     24.871    242.538      5.261      5.502    111.235     37.008
     -4.257     24.860    242.315      5.187      5.490    111.373     37.197
     -4.259     24.849    242.092      5.112      5.479    111.510     37.386
     -4.261     24.838    241.869      5.037      5.467    111.648     37.576
     -4.263     24.827    241.646      4.962      5.456    111.785     37.766
     -4.265     24.816    241.422      4.886      5.444    111.922     37.956
     -4.267     24.805    241.198      4.810      5.432    112.059     38.147
     -4.269     24.794    240.974      4.733      5.420    112.196     38.338
     -4.271     24.783    240.749      4.657      5.408    112.333     38.530
     -4.273     24.772    240.524      4.579      5.397    112.470     38.722
     -4.275     24.762    240.299      4.502      5.385    112.606     38.914
     -4.277     24.751    240.074      4.424      5.373    112.743     39.106
     -4.279     24.740    239.848      4.345      5.360    112.879     39.299
     -4.281     24.729    239.622      4.266      5.348    113.015     39.493
     -4.283     24.719    239.396      4.187      5.336    113.151     39.686
     -4.285     24.708    239.170      4.108      5.324    113.287     39.880
     -4.287     24.698    238.943      4.028      5.312    113.422     40.075
     -4.289     24.687    238.716      3.947      5.299    113.558     40.269
     -4.291     24.676    238.489      3.867      5.287    113.693     40.464
     -4.293     24.666    238.261      3.786      5.274    113.829     40.660
     -4.295     24.655    238.034      3.704      5.262    113.964     40.856
     -4.297     24.645    237.805      3.622      5.249    114.099     41.052
     -4.299     24.634    237.577      3.540      5.236    114.234     41.249
     -4.301     24.624    237.349      3.457      5.224    114.368     41.446
     -4.303     24.613    237.120      3.374      5.211    114.503     41.643
     -4.305     24.603    236.891      3.291      5.198    114.637     41.841
     -4.307     24.593    236.661      3.207      5.185    114.772     42.039
     -4.309     24.582    236.431      3.122      5.172    114.906     42.237
     -4.311     24.572    236.202      3.038      5.159    115.040     42.436
     -4.313     24.562    235.971      2.953      5.146    115.174     42.635
     -4.315     24.551    235.741      2.867      5.133    115.307     42.834
     -4.317     24.541    235.510      2.781      5.120    115.441     43.034
     -4.319     24.531    235.279      2.695      5.107    115.574     43.235
     -4.321     24.521    235.048      2.608      5.093    115.708     43.435
     -4.323     24.510    234.816      2.521      5.080    115.841     43.636
     -4.325     24.500    234.584      2.434      5.066    115.974     43.838
     -4.327     24.490    234.352      2.346      5.053    116.107     44.039
     -4.329     24.480    234.120      2.258      5.039    116.239     44.242
     -4.331     24.470    233.887      2.169      5.026    116.372     44.444
     -4.333     24.460    233.654      2.080      5.012    116.504     44.647
     -4.335     24.450    233.421      1.990      4.998    116.636     44.850
     -4.337     24.440    233.188      1.901      4.985    116.768     45.054
     -4.339     24.430    232.954      1.810      4.971    116.900     45.258
     -4.341     24.420    232.720      1.719      4.957    117.032     45.463
     -4.343     24.410    232.486      1.628      4.943    117.164     45.667
     -4.345     24.400    232.252      1.537      4.929    117.295     45.873
     -4.347     24.390    232.017      1.445      4.915    117.426     46.078
     -4.349     24.381    231.782      1.353      4.900    117.557     46.284
     -4.351     24.371    231.547      1.260      4.886    117.688     46.491
     -4.353     24.361    231.311      1.167      4.872    117.819     46.697
     -4.355     24.351    231.075      1.073      4.857    117.950     46.904
     -4.357     24.342    230.839      0.979      4.843    118.080     47.112
     -4.359     24.332    230.603      0.884      4.829    118.210     47.320
     -4.361     24.322    230.367      0.790      4.814    118.340     47.528
     -4.363     24.313    230.130      0.694      4.799    118.470     47.737
     -4.365     24.303    229.893      0.599      4.785    118.600     47.946
     -4.367     24.294    229.655      0.503      4.770    118.730     48.155
     -4.369     24.284    229.418      0.406      4.755    118.859     48.365
     -4.371     24.275    229.180      0.309      4.740    118.988     48.576
     -4.373     24.265    228.942      0.212      4.725    119.117     48.786
     -4.375     24.256    228.703      0.114      4.710    119.246     48.997
     -4.377     24.246    228.465      0.016      4.695    119.375     49.209
     -4.379     24.237    228.226     -0.083      4.680    119.503     49.421
     -4.381     24.228    227.987     -0.182      4.665    119.632     49.633
     -4.383     24.218    227.747     -0.281      4.650    119.760     49.845
     -4.385     24.209    227.508     -0.381      4.634    119.888     50.059
     -4.387     24.200    227.268     -0.482      4.619    120.016     50.272
     -4.389     24.190    227.028     -0.582      4.603    120.143     50.486
     -4.391     24.181    226.787     -0.684      4.588    120.271     50.700
     -4.393     24.172    226.547     -0.785      4.572    120.398     50.915
     -4.395     24.163    226.306     -0.887      4.557    120.525     51.130
     -4.397     24.154    226.065     -0.990      4.541    120.652     51.345
     -4.399     24.145    225.823     -1.093      4.525    120.779     51.561
     -4.401     24.136    225.581     -1.196      4.509    120.905     51.777
     -4.403     24.127    225.340     -1.300      4.493    121.032     51.994
     -4.405     24.118    225.097     -1.404      4.477    121.158     52.211
     -4.407     24.109    224.855     -1.509      4.461    121.284     52.429
     -4.409     24.100    224.612     -1.614      4.445    121.410     52.646
     -4.411     24.091    224.369     -1.719      4.429    121.535     52.865
     -4.413     24.082    224.126     -1.825      4.413    121.661     53.083
     -4.415     24.073    223.883     -1.931      4.396    121.786     53.303
     -4.417     24.065    223.639     -2.038      4.380    121.911     53.522
     -4.419     24.056    223.395     -2.146      4.364    122.036     53.742
     -4.421     24.047    223.151     -2.253      4.347    122.160     53.962
     -4.423     24.039    222.906     -2.361      4.330    122.285     54.183
     -4.425     24.030    222.662     -2.470      4.314    122.409     54.404
     -4.427     24.021    222.417     -2.579      4.297    122.533     54.626
     -4.429     24.013    222.171     -2.688      4.280    122.657     54.848
     -4.431     24.004    221.926     -2.798      4.263    122.780     55.070
     -4.433     23.996    221.680     -2.909      4.246    122.904     55.293
     -4.435     23.987    221.434     -3.020      4.229    123.027     55.517
     -4.437     23.979    221.188     -3.131      4.212    123.150     55.740
     -4.439     23.970    220.942     -3.243      4.195    123.273     55.964
     -4.441     23.962    220.695     -3.355      4.178    123.395     56.189
     -4.443     23.954    220.448     -3.467      4.161    123.518     56.414
     -4.445     23.945    220.201     -3.580      4.143    123.640     56.639
     -4.447     23.937    219.954     -3.694      4.126    123.762     56.865
     -4.449     23.929    219.706     -3.808      4.108    123.883     57.091
     -4.451     23.921    219.458     -3.922      4.091    124.005     57.318
     -4.453     23.912    219.210     -4.037      4.073    124.126     57.545
     -4.455     23.904    218.962     -4.152      4.055    124.247     57.773
     -4.457     23.896    218.713     -4.268      4.038    124.368     58.000
     -4.459     23.888    218.464     -4.384      4.020    124.489     58.229
     -4.461     23.880    218.215     -4.501      4.002    124.609     58.458
     -4.463     23.872    217.966     -4.618      3.984    124.729     58.687
     -4.465     23.864    217.716     -4.736      3.966    124.849     58.917
     -4.467     23.856    217.466     -4.854      3.948    124.969     59.147
     -4.469     23.848    217.216     -4.972      3.929    125.089     59.377
     -4.471     23.841    216.966     -5.091      3.911    125.208     59.608
     -4.473     23.833    216.715     -5.211      3.893    125.327     59.840
     -4.475     23.825    216.465     -5.331      3.874    125.446     60.071
     -4.477     23.817    216.214     -5.451      3.856    125.564     60.304
     -4.479     23.810    215.962     -5.572      3.837    125.683     60.536
     -4.481     23.802    215.711     -5.693      3.819    125.801     60.770
     -4.483     23.794    215.459     -5.815      3.800    125.919     61.003
     -4.485     23.787    215.207     -5.937      3.781    126.036     61.237
     -4.487     23.779    214.955     -6.060      3.762    126.154     61.472
     -4.489     23.772    214.703     -6.183      3.743    126.271     61.707
     -4.491     23.764    214.450     -6.307      3.724    126.388     61.942
     -4.493     23.757    214.197     -6.431      3.705    126.504     62.178
     -4.495     23.749    213.944     -6.556      3.686    126.621     62.414
     -4.497     23.742    213.691     -6.681      3.667    126.737     62.651
     -4.499     23.735    213.437     -6.806      3.648    126.853     62.888
     -4.501     23.727    213.183     -6.932      3.628    126.969     63.125
     -4.503     23.720    212.929     -7.059      3.609    127.084     63.363
     -4.505     23.713    212.675     -7.186      3.589    127.199     63.602
     -4.507     23.706    212.420     -7.313      3.570    127.314     63.841
     -4.509     23.699    212.166     -7.441      3.550    127.429     64.080
     -4.511     23.692    211.911     -7.569      3.530    127.544     64.320
     -4.513     23.685    211.655     -7.698      3.510    127.658     64.560
     -4.515     23.678    211.400     -7.828      3.491    127.772     64.801
     -4.517     23.671    211.144     -7.957      3.471    127.885     65.042
     -4.519     23.664    210.888     -8.088      3.451    127.999     65.284
     -4.521     23.657    210.632     -8.219      3.430    128.112     65.526
     -4.523     23.650    210.376     -8.350      3.410    128.225     65.768
     -4.525     23.643    210.119     -8.482      3.390    128.337     66.011
     -4.527     23.636    209.863     -8.614      3.370    128.450     66.255
     -4.529     23.630    209.606     -8.747      3.349    128.562     66.499
     -4.531     23.623    209.348     -8.880      3.329    128.674     66.743
     -4.533     23.616    209.091     -9.014      3.308    128.785     66.988
     -4.535     23.610    208.833     -9.148      3.287    128.896     67.233
     -4.537     23.603    208.575     -9.283      3.267    129.007     67.479
     -4.539     23.597    208.317     -9.418      3.246    129.118     67.726
     -4.541     23.590    208.059     -9.554      3.225    129.228     67.972
     -4.543     23.584    207.800     -9.690      3.204    129.339     68.219
     -4.545     23.577    207.542     -9.826      3.183    129.448     68.467
     -4.547     23.571    207.283     -9.964      3.162    129.558     68.715
     -4.549     23.565    207.023    -10.101      3.141    129.667     68.964
     -4.551     23.559    206.764    -10.239      3.119    129.776     69.213
     -4.553     23.552    206.504    -10.378      3.098    129.885     69.462
     -4.555     23.546    206.244    -10.517      3.077    129.993     69.712
     -4.557     23.540    205.984    -10.657      3.055    130.102     69.963
     -4.559     23.534    205.724    -10.797      3.033    130.209     70.214
     -4.561     23.528    205.463    -10.938      3.012    130.317     70.465
     -4.563     23.522    205.203    -11.079      2.990    130.424     70.717
     -4.565     23.516    204.942    -11.221      2.968    130.531     70.969
     -4.567     23.510    204.681    -11.363      2.946    130.638     71.222
     -4.569     23.504    204.419    -11.506      2.924    130.744     71.476
     -4.571     23.498    204.158    -11.649      2.902    130.850     71.729
     -4.573     23.493    203.896    -11.792      2.880    130.956     71.984
     -4.575     23.487    203.634    -11.937      2.858    131.061     72.238
     -4.577     23.481    203.372    -12.081      2.836    131.167     72.494
     -4.579     23.475    203.109    -12.227      2.813    131.271     72.749
     -4.581     23.470    202.846    -12.372      2.791    131.376     73.006
     -4.583     23.464    202.584    -12.519      2.768    131.480     73.262
     -4.585     23.459    202.321    -12.665      2.746    131.584     73.519
     -4.587     23.453    202.057    -12.813      2.723    131.688     73.777
     -4.589     23.448    201.794    -12.961      2.700    131.791     74.035
     -4.591     23.443    201.530    -13.109      2.677    131.894     74.294
     -4.593     23.437    201.266    -13.258      2.654    131.996     74.553
     -4.595     23.432    201.002    -13.407      2.631    132.099     74.813
     -4.597     23.427    200.738    -13.557      2.608    132.200     75.073
     -4.599     23.421    200.473    -13.707      2.585    132.302     75.333
     -4.601     23.416    200.209    -13.858      2.562    132.403     75.594
     -4.603     23.411    199.944    -14.010      2.538    132.504     75.856
     -4.605     23.406    199.679    -14.162      2.515    132.605     76.118
     -4.607     23.401    199.413    -14.314      2.491    132.705     76.381
     -4.609     23.396    199.148    -14.467      2.468    132.805     76.644
     -4.611     23.391    198.882    -14.621      2.444    132.905     76.907
     -4.613     23.386    198.616    -14.775      2.420    133.004     77.171
     -4.615     23.382    198.350    -14.930      2.397    133.103     77.436
     -4.617     23.377    198.084    -15.085      2.373    133.201     77.701
     -4.619     23.372    197.817    -15.240      2.349    133.300     77.967
     -4.621     23.367    197.551    -15.397      2.325    133.398     78.233
     -4.623     23.363    197.284    -15.553      2.300    133.495     78.499
     -4.625     23.358    197.017    -15.711      2.276    133.592     78.766
     -4.627     23.354    196.749    -15.868      2.252    133.689     79.034
     -4.629     23.349    196.482    -16.027      2.227    133.785     79.302
     -4.631     23.345    196.214    -16.186      2.203    133.882     79.571
     -4.633     23.340    195.946    -16.345      2.178    133.977     79.840
     -4.635     23.336    195.678    -16.505      2.154    134.073     80.109
     -4.637     23.332    195.410    -16.665      2.129    134.168     80.380
     -4.639     23.328    195.142    -16.826      2.104    134.262     80.650
     -4.641     23.323    194.873    -16.988      2.079    134.356     80.921
     -4.643     23.319    194.604    -17.150      2.054    134.450     81.193
     -4.645     23.315    194.335    -17.313      2.029    134.544     81.465
     -4.647     23.311    194.066    -17.476      2.004    134.637     81.738
     -4.649     23.307    193.797    -17.640      1.979    134.730     82.011
     -4.651     23.303    193.527    -17.804      1.953    134.822     82.285
     -4.653     23.299    193.257    -17.969      1.928    134.914     82.559
     -4.655     23.296    192.987    -18.134      1.902    135.005     82.834
     -4.657     23.292    192.717    -18.300      1.877    135.097     83.109
     -4.659     23.288    192.447    -18.467      1.851    135.187     83.385
     -4.661     23.284    192.177    -18.634      1.825    135.278     83.661
     -4.663     23.281    191.906    -18.801      1.800    135.368     83.938
     -4.665     23.277    191.635    -18.969      1.774    135.457     84.216
     -4.667     23.274    191.364    -19.138      1.748    135.547     84.493
     -4.669     23.270    191.093    -19.307      1.722    135.635     84.772
     -4.671     23.267    190.822    -19.477      1.695    135.724     85.051
     -4.673     23.263    190.550    -19.648      1.669    135.812     85.330
     -4.675     23.260    190.278    -19.819      1.643    135.899     85.610
     -4.677     23.257    190.006    -19.990      1.616    135.986     85.891
     -4.679     23.254    189.734    -20.162      1.590    136.073     86.172
     -4.681     23.250    189.462    -20.335      1.563    136.159     86.454
     -4.683     23.247    189.190    -20.508      1.537    136.245     86.736
     -4.685     23.244    188.917    -20.682      1.510    136.331     87.019
     -4.687     23.241    188.644    -20.856      1.483    136.416     87.302
     -4.689     23.238    188.371    -21.031      1.456    136.500     87.586
     -4.691     23.235    188.098    -21.206      1.429    136.584     87.870
     -4.693     23.233    187.825    -21.382      1.402    136.668     88.155
     -4.695     23.230    187.552    -21.559      1.375    136.752     88.440
     -4.697     23.227    187.278    -21.736      1.348    136.834     88.726
     -4.699     23.224    187.004    -21.914      1.320    136.917     89.012
     -4.701     23.222    186.730    -22.092      1.293    136.999     89.299
     -4.703     23.219    186.456    -22.271      1.265    137.080     89.587
     -4.705     23.217    186.182    -22.451      1.238    137.161     89.875
     -4.707     23.214    185.908    -22.631      1.210    137.242     90.164
     -4.709     23.212    185.633    -22.811      1.182    137.322     90.453
     -4.711     23.210    185.358    -22.992      1.155    137.402     90.743
     -4.713     23.207    185.084    -23.174      1.127    137.481     91.033
     -4.715     23.205    184.808    -23.357      1.099    137.560     91.324
     -4.717     23.203    184.533    -23.540      1.071    137.638     91.615
     -4.719     23.201    184.258    -23.723      1.042    137.716     91.907
     -4.721     23.199    183.982    -23.907      1.014    137.793     92.200
     -4.723     23.197    183.707    -24.092      0.986    137.870     92.493
     -4.725     23.195    183.431    -24.277      0.957    137.947     92.786
     -4.727     23.193    183.155    -24.463      0.929    138.022     93.081
     -4.729     23.191    182.879    -24.649      0.900    138.098     93.375
     -4.731     23.189    182.603    -24.836      0.872    138.173     93.671
     -4.733     23.188    182.326    -25.024      0.843    138.247     93.967
     -4.735     23.186    182.050    -25.212      0.814    138.321     94.263
     -4.737     23.184    181.773    -25.401      0.785    138.395     94.560
     -4.739     23.183    181.496    -25.591      0.756    138.468     94.858
     -4.741     23.181    181.219    -25.781      0.727    138.540     95.156
     -4.743     23.180    180.942    -25.971      0.698    138.612     95.454
     -4.745     23.179    180.665    -26.162      0.669    138.684     95.754
     -4.747     23.177    180.387    -26.354      0.640    138.754     96.054
     -4.749     23.176    180.110    -26.547      0.610    138.825     96.354
     -4.751     23.175    179.832    -26.740      0.581    138.895     96.655
     -4.753     23.174    179.554    -26.933      0.551    138.964     96.956
     -4.755     23.173    179.276    -27.127      0.521    139.033     97.259
     -4.757     23.172    178.998    -27.322      0.492    139.101     97.561
     -4.759     23.171    178.720    -27.518      0.462    139.169     97.865
     -4.761     23.170    178.441    -27.714      0.432    139.236     98.168
     -4.763     23.169    178.163    -27.910      0.402    139.303     98.473
     -4.765     23.168    177.884    -28.108      0.372    139.369     98.778
     -4.767     23.167    177.605    -28.306      0.342    139.435     99.084
     -4.769     23.167    177.326    -28.504      0.312    139.500     99.390
     -4.771     23.166    177.047    -28.703      0.282    139.564     99.697
     -4.773     23.166    176.768    -28.903      0.251    139.628    100.004
     -4.775     23.165    176.489    -29.103      0.221    139.692    100.312
     -4.777     23.165    176.209    -29.304      0.191    139.754    100.621
     -4.779     23.164    175.930    -29.506      0.160    139.817    100.930
     -4.781     23.164    175.650    -29.708      0.129    139.878    101.239
     -4.783     23.164    175.370    -29.911      0.099    139.939    101.550
     -4.785     23.164    175.090    -30.114      0.068    140.000    101.861
     -4.787     23.164    174.810    -30.318      0.037    140.060    102.172
     -4.789     23.164    174.530    -30.523      0.006    140.119    102.484
     -4.791     23.164    174.250    -30.728     -0.025    140.178    102.797
     -4.793     23.164    173.969    -30.934     -0.056    140.236    103.111
     -4.795     23.164    173.689    -31.140     -0.087    140.294    103.424
     -4.797     23.164    173.408    -31.348     -0.118    140.351    103.739
     -4.799     23.164    173.127    -31.555     -0.149    140.407    104.054
     -4.801     23.165    172.846    -31.764     -0.181    140.463    104.370
     -4.803     23.165    172.565    -31.973     -0.212    140.518    104.686
     -4.805     23.165    172.284    -32.182     -0.244    140.572    105.003
     -4.807     23.166    172.003    -32.393     -0.275    140.626    105.321
     -4.809     23.167    171.722    -32.604     -0.307    140.679    105.639
     -4.811     23.167    171.440    -32.815     -0.338    140.732    105.958
     -4.813     23.168    171.159    -33.028     -0.370    140.784    106.278
     -4.815     23.169    170.877    -33.240     -0.402    140.835    106.598
     -4.817     23.170    170.596    -33.454     -0.434    140.886    106.918
     -4.819     23.170    170.314    -33.668     -0.466    140.936    107.240
     -4.821     23.171    170.032    -33.883     -0.498    140.985    107.562
     -4.823     23.172    169.750    -34.098     -0.530    141.034    107.884
     -4.825     23.174    169.468    -34.314     -0.562    141.082    108.208
     -4.827     23.175    169.185    -34.531     -0.594    141.129    108.531
     -4.829     23.176    168.903    -34.749     -0.626    141.176    108.856
     -4.831     23.177    168.621    -34.967     -0.658    141.222    109.181
     -4.833     23.179    168.338    -35.185     -0.690    141.267    109.507
     -4.835     23.180    168.056    -35.405     -0.723    141.312    109.833
     -4.837     23.181    167.773    -35.625     -0.755    141.356    110.160
     -4.839     23.183    167.490    -35.845     -0.788    141.399    110.488
     -4.841     23.185    167.207    -36.067     -0.820    141.442    110.816
     -4.843     23.186    166.925    -36.289     -0.853    141.484    111.145
     -4.845     23.188    166.642    -36.511     -0.885    141.525    111.475
     -4.847     23.190    166.358    -36.734     -0.918    141.565    111.805
     -4.849     23.192    166.075    -36.958     -0.951    141.605    112.136
     -4.851     23.194    165.792    -37.183     -0.983    141.644    112.468
     -4.853     23.196    165.509    -37.408     -1.016    141.682    112.800
     -4.855     23.198    165.225    -37.634     -1.049    141.720    113.133
     -4.857     23.200    164.942    -37.861     -1.082    141.757    113.466
     -4.859     23.202    164.658    -38.088     -1.115    141.793    113.800
     -4.861     23.204    164.375    -38.316     -1.148    141.828    114.135
     -4.863     23.207    164.091    -38.545     -1.181    141.863    114.470
     -4.865     23.209    163.807    -38.774     -1.214    141.897    114.806
     -4.867     23.211    163.523    -39.004     -1.247    141.930    115.142
     -4.869     23.214    163.239    -39.234     -1.280    141.963    115.480
     -4.871     23.217    162.956    -39.466     -1.314    141.994    115.817
     -4.873     23.219    162.671    -39.698     -1.347    142.025    116.156
     -4.875     23.222    162.387    -39.930     -1.380    142.056    116.495
     -4.877     23.225    162.103    -40.164     -1.413    142.085    116.834
     -4.879     23.228    161.819    -40.398     -1.447    142.114    117.175
     -4.881     23.231    161.535    -40.632     -1.480    142.142    117.516
     -4.883     23.234    161.251    -40.868     -1.514    142.169    117.857
     -4.885     23.237    160.966    -41.104     -1.547    142.195    118.199
     -4.887     23.240    160.682    -41.341     -1.581    142.220    118.542
     -4.889     23.243    160.397    -41.578     -1.614    142.245    118.886
     -4.891     23.246    160.113    -41.816     -1.648    142.269    119.230
     -4.893     23.249    159.828    -42.055     -1.681    142.292    119.575
     -4.895     23.253    159.544    -42.294     -1.715    142.314    119.920
     -4.897     23.256    159.259    -42.535     -1.749    142.336    120.266
     -4.899     23.260    158.974    -42.776     -1.782    142.356    120.613
     -4.901     23.263    158.690    -43.017     -1.816    142.376    120.961
     -4.903     23.267    158.405    -43.259     -1.850    142.395    121.309
     -4.905     23.271    158.120    -43.502     -1.883    142.413    121.657
     -4.907     23.275    157.835    -43.746     -1.917    142.430    122.007
     -4.909     23.279    157.550    -43.990     -1.951    142.447    122.357
     -4.911     23.282    157.265    -44.235     -1.984    142.462    122.708
     -4.913     23.286    156.980    -44.481     -2.018    142.477    123.059
     -4.915     23.291    156.695    -44.728     -2.051    142.491    123.411
     -4.917     23.295    156.410    -44.975     -2.085    142.503    123.764
     -4.919     23.299    156.125    -45.223     -2.119    142.515    124.117
     -4.921     23.303    155.840    -45.471     -2.152    142.526    124.472
     -4.923     23.307    155.555    -45.721     -2.186    142.537    124.826
     -4.925     23.312    155.270    -45.971     -2.220    142.546    125.182
     -4.927     23.316    154.985    -46.221     -2.253    142.554    125.538
     -4.929     23.321    154.700    -46.473     -2.287    142.561    125.895
     -4.931     23.326    154.415    -46.725     -2.320    142.568    126.253
     -4.933     23.330    154.130    -46.978     -2.353    142.573    126.611
     -4.935     23.335    153.845    -47.231     -2.387    142.577    126.970
     -4.937     23.340    153.559    -47.486     -2.420    142.581    127.329
     -4.939     23.345    153.274    -47.741     -2.453    142.583    127.690
     -4.941     23.350    152.989    -47.996     -2.487    142.585    128.051
     -4.943     23.355    152.704    -48.253     -2.520    142.585    128.413
     -4.945     23.360    152.419    -48.510     -2.553    142.585    128.775
     -4.947     23.365    152.134    -48.768     -2.586    142.583    129.138
     -4.949     23.370    151.848    -49.027     -2.619    142.581    129.502
     -4.951     23.375    151.563    -49.286     -2.652    142.577    129.867
     -4.953     23.381    151.278    -49.546     -2.684    142.573    130.232
     -4.955     23.386    150.993    -49.807     -2.717    142.567    130.599
     -4.957     23.391    150.708    -50.068     -2.749    142.560    130.965
     -4.959     23.397    150.423    -50.331     -2.782    142.553    131.333
     -4.961     23.403    150.138    -50.594     -2.814    142.544    131.701
     -4.963     23.408    149.853    -50.858     -2.846    142.534    132.070
     -4.965     23.414    149.567    -51.122     -2.878    142.523    132.440
     -4.967     23.420    149.282    -51.387     -2.910    142.510    132.811
     -4.969     23.426    148.997    -51.653     -2.942    142.497    133.182
     -4.971     23.432    148.712    -51.920     -2.973    142.482    133.554
     -4.973     23.437    148.427    -52.188     -3.005    142.467    133.927
     -4.975     23.444    148.143    -52.456     -3.036    142.450    134.301
     -4.977     23.450    147.858    -52.725     -3.067    142.432    134.675
     -4.979     23.456    147.573    -52.994     -3.098    142.413    135.051
     -4.981     23.462    147.288    -53.265     -3.128    142.392    135.427
     -4.983     23.468    147.003    -53.536     -3.159    142.371    135.803
     -4.985     23.475    146.719    -53.808     -3.189    142.348    136.181
     -4.987     23.481    146.434    -54.081     -3.218    142.323    136.559
     -4.989     23.488    146.149    -54.354     -3.248    142.298    136.939
     -4.991     23.494    145.865    -54.629     -3.277    142.271    137.319
     -4.993     23.501    145.580    -54.904     -3.306    142.243    137.699
     -4.995     23.507    145.296    -55.179     -3.335    142.214    138.081
     -4.997     23.514    145.011    -55.456     -3.363    142.183    138.464
     -4.999     23.521    144.727    -55.733     -3.391    142.151    138.847
     -5.001     23.528    144.443    -56.011     -3.419    142.118    139.231
     -5.003     23.534    144.159    -56.290     -3.446    142.083    139.616
     -5.005     23.541    143.874    -56.570     -3.473    142.047    140.002
     -5.007     23.548    143.590    -56.850     -3.499    142.009    140.388
     -5.009     23.555    143.306    -57.131     -3.525    141.970    140.776
     -5.011     23.562    143.022    -57.413     -3.551    141.929    141.164
     -5.013     23.570    142.739    -57.696     -3.576    141.887    141.554
     -5.015     23.577    142.455    -57.980     -3.600    141.843    141.944
     -5.017     23.584    142.171    -58.264     -3.624    141.798    142.335
     -5.019     23.591    141.888    -58.549     -3.647    141.751    142.727
     -5.021     23.599    141.604    -58.835     -3.670    141.703    143.120
     -5.023     23.606    141.321    -59.121     -3.692    141.653    143.514
     -5.025     23.613    141.038    -59.409     -3.713    141.601    143.908
     -5.027     23.621    140.755    -59.697     -3.734    141.548    144.304
     -5.029     23.628    140.471    -59.986     -3.754    141.493    144.700
     -5.031     23.636    140.189    -60.276     -3.773    141.436    145.098
     -5.033     23.643    139.906    -60.566     -3.791    141.377    145.496
     -5.035     23.651    139.623    -60.858     -3.809    141.316    145.895
     -5.037     23.659    139.340    -61.150     -3.825    141.254    146.295
     -5.039     23.666    139.058    -61.443     -3.841    141.190    146.696
     -5.041     23.674    138.776    -61.737     -3.855    141.124    147.098
     -5.043     23.682    138.494    -62.031     -3.869    141.055    147.501
     -5.045     23.689    138.211    -62.327     -3.881    140.985    147.905
     -5.047     23.697    137.930    -62.623     -3.892    140.913    148.310
     -5.049     23.705    137.648    -62.920     -3.902    140.839    148.715
     -5.051     23.713    137.366    -63.218     -3.910    140.762    149.122
     -5.053     23.721    137.085    -63.517     -3.917    140.683    149.529
     -5.055     23.728    136.804    -63.816     -3.922    140.602    149.938
     -5.057     23.736    136.522    -64.116     -3.926    140.519    150.347
     -5.059     23.744    136.241    -64.417     -3.928    140.433    150.757
     -5.061     23.752    135.961    -64.719     -3.929    140.345    151.168
     -5.063     23.760    135.680    -65.022     -3.927    140.254    151.579
     -5.065     23.768    135.400    -65.326     -3.923    140.161    151.992
     -5.067     23.776    135.119    -65.630     -3.918    140.065    152.405
     -5.069     23.783    134.839    -65.935     -3.910    139.966    152.818
     -5.071     23.791    134.560    -66.241     -3.899    139.865    153.233
     -5.073     23.799    134.280    -66.548     -3.886    139.761    153.647
     -5.075     23.807    134.001    -66.856     -3.870    139.654    154.063
     -5.077     23.814    133.721    -67.164     -3.852    139.544    154.478
     -5.079     23.822    133.442    -67.474     -3.830    139.431    154.894
     -5.081     23.830    133.164    -67.784     -3.805    139.314    155.310
     -5.083     23.837    132.885    -68.095     -3.777    139.195    155.726
     -5.085     23.845    132.607    -68.407     -3.745    139.072    156.142
     -5.087     23.852    132.329    -68.720     -3.709    138.946    156.557
     -5.089     23.860    132.051    -69.033     -3.669    138.817    156.972
     -5.091     23.867    131.774    -69.348     -3.624    138.684    157.386
     -5.093     23.874    131.496    -69.663     -3.575    138.547    157.799
     -5.095     23.881    131.219    -69.979     -3.521    138.407    158.211
     -5.097     23.888    130.943    -70.296     -3.462    138.264    158.620
     -5.099     23.895    130.666    -70.613     -3.397    138.117    159.027
     -5.101     23.902    130.390    -70.932     -3.327    137.966    159.432
     -5.103     23.908    130.114    -71.251     -3.251    137.812    159.833
     -5.105     23.915    129.839    -71.571     -3.169    137.655    160.230
     -5.107     23.921    129.564    -71.892     -3.080    137.494    160.623
     -5.109     23.927    129.289    -72.213     -2.985    137.331    161.011
     -5.111     23.933    129.015    -72.536     -2.883    137.165    161.392
     -5.113     23.939    128.740    -72.859     -2.775    136.997    161.766
     -5.115     23.944    128.467    -73.183     -2.660    136.826    162.132
     -5.117     23.949    128.193    -73.508     -2.539    136.655    162.490
     -5.119     23.954    127.920    -73.833     -2.412    136.483    162.837
     -5.121     23.959    127.647    -74.159     -2.279    136.311    163.174
     -5.123     23.963    127.375    -74.486     -2.142    136.139    163.498
     -5.125     23.968    127.103    -74.813     -2.001    135.970    163.810
     -5.127     23.971    126.831    -75.141     -1.856    135.804    164.109
     -5.129     23.975    126.559    -75.469     -1.711    135.641    164.394
     -5.131     23.978    126.288    -75.798     -1.565    135.483    164.665
     -5.133     23.981    126.017    -76.128     -1.421    135.332    164.921
     -5.135     23.984    125.747    -76.458     -1.281    135.187    165.164
     -5.137     23.986    125.477    -76.789     -1.145    135.050    165.395
     -5.139     23.988    125.207    -77.120     -1.016    134.921    165.613
     -5.141     23.990    124.937    -77.451     -0.895    134.801    165.821
     -5.143     23.992    124.667    -77.783     -0.783    134.689    166.020
     -5.145     23.994    124.398    -78.115     -0.681    134.587    166.211
     -5.147     23.995    124.129    -78.448     -0.591    134.492    166.397
     -5.149     23.996    123.860    -78.781     -0.512    134.406    166.578
     -5.151     23.997    123.591    -79.114     -0.445    134.328    166.758
     -5.153     23.998    123.323    -79.448     -0.389    134.256    166.937
     -5.155     23.998    123.054    -79.782     -0.345    134.190    167.116
     -5.157     23.999    122.786    -80.116     -0.312    134.129    167.297
     -5.159     24.000    122.518    -80.451     -0.290    134.073    167.481
     -5.161     24.000    122.250    -80.786     -0.278    134.020    167.668
     -5.163     24.001    121.982    -81.122     -0.274    133.970    167.860
     -5.165     24.001    121.714    -81.458     -0.280    133.923    168.056
     -5.167     24.002    121.446    -81.794     -0.293    133.878    168.257
     -5.169     24.003    121.178    -82.131     -0.314    133.834    168.464
     -5.171     24.003    120.911    -82.468     -0.341    133.790    168.676
     -5.173     24.004    120.643    -82.805     -0.375    133.747    168.893
     -5.175     24.005    120.376    -83.143     -0.413    133.704    169.116
     -5.177     24.006    120.108    -83.482     -0.457    133.660    169.344
     -5.179     24.007    119.841    -83.821     -0.505    133.616    169.577
     -5.181     24.008    119.574    -84.160     -0.557    133.571    169.816
     -5.183     24.009    119.307    -84.500     -0.613    133.525    170.059
     -5.185     24.010    119.040    -84.840     -0.672    133.477    170.308
     -5.187     24.011    118.773    -85.181     -0.734    133.428    170.561
     -5.189     24.013    118.506    -85.523     -0.798    133.378    170.818
     -5.191     24.015    118.239    -85.864     -0.865    133.326    171.080
     -5.193     24.016    117.973    -86.207     -0.934    133.273    171.346
     -5.195     24.018    117.706    -86.550     -1.005    133.217    171.615
     -5.197     24.020    117.440    -86.893     -1.078    133.160    171.889
     -5.199     24.023    117.174    -87.237     -1.152    133.101    172.166
     -5.201     24.025    116.908    -87.582     -1.228    133.040    172.447
     -5.203     24.028    116.642    -87.927     -1.305    132.977    172.730
     -5.205     24.030    116.376    -88.273     -1.383    132.912    173.017
     -5.207     24.033    116.110    -88.619     -1.462    132.845    173.307
     -5.209     24.036    115.844    -88.966     -1.542    132.776    173.600
     -5.211     24.039    115.579    -89.314     -1.623    132.705    173.895
     -5.213     24.043    115.314    -89.662     -1.705    132.633    174.193
     -5.215     24.046    115.048    -90.010     -1.787    132.558    174.493
     -5.217     24.050    114.783    -90.360     -1.870    132.481    174.796
     -5.219     24.054    114.518    -90.710     -1.953    132.402    175.101
     -5.221     24.058    114.254    -91.060     -2.037    132.321    175.408
     -5.223     24.062    113.989    -91.411     -2.122    132.239    175.717
     -5.225     24.066    113.725    -91.763     -2.207    132.154    176.028
     -5.227     24.071    113.461    -92.115     -2.292    132.067    176.340
     -5.229     24.075    113.196    -92.468     -2.378    131.979    176.655
     -5.231     24.080    112.933    -92.822     -2.464    131.888    176.971
     -5.233     24.085    112.669    -93.176     -2.550    131.796    177.289
     -5.235     24.090    112.405    -93.531     -2.636    131.702    177.608
     -5.237     24.096    112.142    -93.887     -2.723    131.605    177.928
     -5.239     24.101    111.879    -94.243     -2.810    131.507    178.250
     -5.241     24.107    111.616    -94.600     -2.897    131.407    178.574
     -5.243     24.113    111.353    -94.957     -2.984    131.305    178.898
     -5.245     24.119    111.091    -95.315     -3.072    131.202    179.224
     -5.247     24.125    110.829    -95.674     -3.160    131.096    179.551
     -5.249     24.132    110.566    -96.033     -3.247    130.989    179.879
     -5.251     24.138    110.305    -96.394     -3.335    130.879    180.207
     -5.253     24.145    110.043    -96.754     -3.423    130.768    180.537
     -5.255     24.152    109.782    -97.116     -3.511    130.655    180.868
     -5.257     24.159    109.520    -97.478     -3.600    130.541    181.200
     -5.259     24.166    109.259    -97.841     -3.688    130.424    181.532
     -5.261     24.174    108.999    -98.204     -3.776    130.306    181.865
     -5.263     24.181    108.738    -98.568     -3.865    130.186    182.199
     -5.265     24.189    108.478    -98.933     -3.954    130.064    182.534
     -5.267     24.197    108.218    -99.298     -4.042    129.941    182.870
     -5.269     24.205    107.958    -99.664     -4.131    129.815    183.206
     -5.271     24.214    107.699   -100.031     -4.220    129.688    183.542
     -5.273     24.222    107.439   -100.398     -4.309    129.559    183.879
     -5.275     24.231    107.180   -100.766     -4.398    129.429    184.217
     -5.277     24.240    106.922   -101.135     -4.487    129.297    184.555
     -5.279     24.249    106.663   -101.505     -4.576    129.163    184.894
     -5.281     24.258    106.405   -101.875     -4.665    129.027    185.233
     -5.283     24.267    106.147   -102.246     -4.754    128.890    185.573
     -5.285     24.277    105.889   -102.617     -4.843    128.751    185.913
     -5.287     24.287    105.632   -102.989     -4.932    128.610    186.253
     -5.289     24.297    105.375   -103.362     -5.022    128.468    186.594
     -5.291     24.307    105.118   -103.736     -5.111    128.324    186.935
     -5.293     24.317    104.862   -104.110     -5.200    128.178    187.276
     -5.295     24.328    104.606   -104.485     -5.290    128.031    187.617
     -5.297     24.338    104.350   -104.860     -5.379    127.882    187.959
     -5.299     24.349    104.094   -105.237     -5.468    127.731    188.301
     -5.301     24.360    103.839   -105.614     -5.558    127.578    188.643
     -5.303     24.371    103.584   -105.991     -5.648    127.425    188.985
     -5.305     24.383    103.329   -106.369     -5.737    127.269    189.328
     -5.307     24.394    103.075   -106.748     -5.827    127.112    189.670
     -5.309     24.406    102.821   -107.128     -5.916    126.953    190.013
     -5.311     24.418    102.567   -107.508     -6.006    126.792    190.356
     -5.313     24.430    102.313   -107.890     -6.096    126.630    190.698
     -5.315     24.442    102.060   -108.271     -6.186    126.467    191.041
     -5.317     24.455    101.808   -108.654     -6.275    126.301    191.384
     -5.319     24.468    101.555   -109.037     -6.365    126.134    191.727
     -5.321     24.480    101.303   -109.421     -6.455    125.966    192.070
     -5.323     24.493    101.051   -109.805     -6.545    125.796    192.413
     -5.325     24.507    100.800   -110.190     -6.635    125.624    192.755
     -5.327     24.520    100.549   -110.576     -6.725    125.451    193.098
     -5.329     24.533    100.298   -110.963     -6.815    125.276    193.441
     -5.331     24.547    100.048   -111.350     -6.905    125.100    193.783
     -5.333     24.561     99.798   -111.738     -6.995    124.922    194.126
     -5.335     24.575     99.548   -112.126     -7.085    124.742    194.468
     -5.337     24.589     99.299   -112.516     -7.175    124.561    194.810
     -5.339     24.604     99.050   -112.906     -7.265    124.378    195.152
     -5.341     24.618     98.801   -113.296     -7.355    124.194    195.494
     -5.343     24.633     98.553   -113.688     -7.445    124.008    195.835
     -5.345     24.648     98.305   -114.080     -7.536    123.821    196.177
     -5.347     24.663     98.058   -114.472     -7.626    123.632    196.518
     -5.349     24.679     97.811   -114.866     -7.716    123.442    196.859
     -5.351     24.694     97.564   -115.260     -7.806    123.250    197.200
     -5.353     24.710     97.318   -115.654     -7.897    123.056    197.540
     -5.355     24.726     97.072   -116.050     -7.987    122.861    197.880
     -5.357     24.742     96.826   -116.446     -8.077    122.665    198.220
     -5.359     24.758     96.581   -116.843     -8.168    122.466    198.560
     -5.361     24.775     96.336   -117.240     -8.258    122.267    198.899
     -5.363     24.791     96.092   -117.638     -8.349    122.066    199.238
     -5.365     24.808     95.848   -118.037     -8.439    121.863    199.577
     -5.367     24.825     95.604   -118.437     -8.530    121.659    199.915
     -5.369     24.842     95.361   -118.837     -8.620    121.453    200.253
     -5.371     24.859     95.119   -119.238     -8.711    121.246    200.590
     -5.373     24.877     94.876   -119.639     -8.801    121.038    200.927
     -5.375     24.895     94.635   -120.041     -8.892    120.827    201.264
     -5.377     24.913     94.393   -120.444     -8.983    120.616    201.600
     -5.379     24.931     94.152   -120.848     -9.073    120.403    201.936
     -5.381     24.949     93.911   -121.252     -9.164    120.188    202.271
     -5.383     24.967     93.671   -121.657     -9.255    119.972    202.606
     -5.385     24.986     93.432   -122.062     -9.346    119.754    202.941
     -5.387     25.005     93.192   -122.469     -9.436    119.535    203.275
     -5.389     25.024     92.953   -122.876     -9.527    119.315    203.608
     -5.391     25.043     92.715   -123.283     -9.618    119.093    203.941
     -5.393     25.062     92.477   -123.691     -9.709    118.869    204.274
     -5.395     25.082     92.240   -124.100     -9.800    118.645    204.606
     -5.397     25.101     92.002   -124.510     -9.890    118.418    204.937
     -5.399     25.121     91.766   -124.920     -9.981    118.190    205.268
     -5.401     25.141     91.530   -125.331    -10.072    117.961    205.598
     -5.403     25.161     91.294   -125.742    -10.163    117.731    205.928
     -5.405     25.182     91.059   -126.155    -10.254    117.498    206.257
     -5.407     25.202     90.824   -126.567    -10.345    117.265    206.585
     -5.409     25.223     90.590   -126.981    -10.436    117.030    206.913
     -5.411     25.244     90.356   -127.395    -10.527    116.793    207.240
     -5.413     25.265     90.123   -127.810    -10.618    116.556    207.567
     -5.415     25.287     89.890   -128.225    -10.709    116.316    207.893
     -5.417     25.308     89.657   -128.641    -10.799    116.076    208.219
     -5.419     25.330     89.425   -129.058    -10.890    115.833    208.543
     -5.421     25.352     89.194   -129.476    -10.981    115.590    208.868
     -5.423     25.374     88.963   -129.894    -11.072    115.345    209.191
     -5.425     25.396     88.733   -130.312    -11.163    115.098    209.514
     -5.427     25.418     88.503   -130.732    -11.254    114.850    209.836
     -5.429     25.441     88.273   -131.152    -11.345    114.601    210.158
     -5.431     25.464     88.044   -131.572    -11.435    114.350    210.478
     -5.433     25.487     87.816   -131.994    -11.526    114.098    210.799
     -5.435     25.510     87.588   -132.415    -11.617    113.845    211.118
     -5.437     25.533     87.360   -132.838    -11.708    113.590    211.437
     -5.439     25.557     87.134   -133.261    -11.798    113.333    211.754
     -5.441     25.580     86.907   -133.685    -11.889    113.076    212.072
     -5.443     25.604     86.681   -134.110    -11.980    112.817    212.388
     -5.445     25.628     86.456   -134.535    -12.070    112.556    212.704
     -5.447     25.653     86.231   -134.960    -12.161    112.294    213.018
     -5.449     25.677     86.007   -135.387    -12.251    112.031    213.333
     -5.451     25.702     85.783   -135.814    -12.342    111.767    213.646
     -5.453     25.726     85.560   -136.241    -12.432    111.501    213.958
     -5.455     25.751     85.337   -136.670    -12.523    111.234    214.270
     -5.457     25.776     85.115   -137.098    -12.613    110.965    214.580
     -5.459     25.802     84.893   -137.528    -12.704    110.695    214.890
     -5.461     25.827     84.672   -137.958    -12.794    110.424    215.199
     -5.463     25.853     84.451   -138.389    -12.885    110.152    215.508
     -5.465     25.879     84.231   -138.820    -12.975    109.878    215.815
     -5.467     25.905     84.012   -139.252    -13.065    109.603    216.121
     -5.469     25.931     83.793   -139.684    -13.156    109.326    216.427
     -5.471     25.957     83.574   -140.118    -13.246    109.049    216.731
     -5.473     25.984     83.357   -140.551    -13.336    108.770    217.035
     -5.475     26.011     83.139   -140.986    -13.426    108.489    217.338
     -5.477     26.038     82.923   -141.421    -13.516    108.208    217.640
     -5.479     26.065     82.707   -141.856    -13.607    107.925    217.941
     -5.481     26.092     82.491   -142.292    -13.697    107.641    218.241
     -5.483     26.120     82.276   -142.729    -13.787    107.355    218.540
     -5.485     26.147     82.062   -143.167    -13.877    107.069    218.838
     -5.487     26.175     81.848   -143.605    -13.967    106.781    219.135
     -5.489     26.203     81.634   -144.043    -14.056    106.492    219.431
     -5.491     26.231     81.422   -144.482    -14.146    106.201    219.726
     -5.493     26.260     81.210   -144.922    -14.236    105.910    220.020
     -5.495     26.288     80.998   -145.362    -14.326    105.617    220.313
     -5.497     26.317     80.787   -145.803    -14.416    105.323    220.605
     -5.499     26.346     80.577   -146.245    -14.505    105.028    220.896
     -5.501     26.375     80.367   -146.687    -14.595    104.731    221.186
     -5.503     26.404     80.158   -147.130    -14.684    104.434    221.474
     -5.505     26.434     79.949   -147.573    -14.774    104.135    221.762
     -5.507     26.463     79.741   -148.017    -14.863    103.835    222.049
     -5.509     26.493     79.534   -148.461    -14.953    103.534    222.335
     -5.511     26.523     79.327   -148.906    -15.042    103.232    222.619
     -5.513     26.553     79.121   -149.351    -15.131    102.928    222.903
     -5.515     26.584     78.916   -149.798    -15.221    102.624    223.185
     -5.517     26.614     78.711   -150.244    -15.310    102.318    223.466
     -5.519     26.645     78.506   -150.691    -15.399    102.011    223.747
     -5.521     26.676     78.303   -151.139    -15.488    101.703    224.026
     -5.523     26.707     78.099   -151.588    -15.577    101.394    224.304
     -5.525     26.738     77.897   -152.036    -15.666    101.084    224.580
     -5.527     26.770     77.695   -152.486    -15.755    100.772    224.856
     -5.529     26.801     77.494   -152.936    -15.843    100.460    225.130
     -5.531     26.833     77.293   -153.386    -15.932    100.146    225.404
     -5.533     26.865     77.093   -153.837    -16.021     99.832    225.676
     -5.535     26.897     76.894   -154.289    -16.109     99.516    225.947
     -5.537     26.929     76.695   -154.741    -16.198     99.199    226.217
     -5.539     26.962     76.497   -155.194    -16.286     98.881    226.485
     -5.541     26.995     76.300   -155.647    -16.374     98.562    226.753
     -5.543     27.027     76.103   -156.101    -16.463     98.243    227.019
     -5.545     27.060     75.907   -156.555    -16.551     97.922    227.284
     -5.547     27.094     75.711   -157.010    -16.639     97.600    227.547
     -5.549     27.127     75.516   -157.465    -16.727     97.277    227.810
     -5.551     27.161     75.322   -157.921    -16.815     96.953    228.071
     -5.553     27.194     75.129   -158.378    -16.903     96.628    228.331
     -5.555     27.228     74.936   -158.835    -16.990     96.301    228.590
     -5.557     27.262     74.743   -159.292    -17.078     95.974    228.848
     -5.559     27.296     74.552   -159.750    -17.166     95.646    229.104
     -5.561     27.331     74.361   -160.208    -17.253     95.317    229.359
     -5.563     27.365     74.170   -160.667    -17.340     94.988    229.613
     -5.565     27.400     73.981   -161.127    -17.428     94.657    229.865
     -5.567     27.435     73.792   -161.587    -17.515     94.325    230.116
     -5.569     27.470     73.604   -162.047    -17.602     93.992    230.366
     -5.571     27.506     73.416   -162.508    -17.689     93.658    230.615
     -5.573     27.541     73.229   -162.970    -17.776     93.324    230.862
     -5.575     27.577     73.043   -163.432    -17.862     92.988    231.108
     -5.577     27.612     72.857   -163.894    -17.949     92.652    231.353
     -5.579     27.648     72.672   -164.357    -18.036     92.314    231.596
     -5.581     27.685     72.488   -164.821    -18.122     91.976    231.838
     -5.583     27.721     72.304   -165.285    -18.208     91.637    232.079
     -5.585     27.757     72.121   -165.749    -18.295     91.297    232.318
     -5.587     27.794     71.939   -166.214    -18.381     90.956    232.556
     -5.589     27.831     71.757   -166.679    -18.467     90.614    232.793
     -5.591     27.868     71.576   -167.145    -18.553     90.272    233.028
     -5.593     27.905     71.396   -167.611    -18.639     89.928    233.262
     -5.595     27.943     71.217   -168.078    -18.724     89.584    233.495
     -5.597     27.980     71.038   -168.545    -18.810     89.239    233.726
     -5.599     28.018     70.860   -169.013    -18.895     88.893    233.956
     -5.601     28.056     70.682   -169.481    -18.980     88.547    234.185
     -5.603     28.094     70.506   -169.950    -19.066     88.199    234.412
     -5.605     28.132     70.330   -170.419    -19.151     87.851    234.638
     -5.607     28.170     70.154   -170.888    -19.236     87.502    234.862
     -5.609     28.209     69.980   -171.358    -19.320     87.152    235.085
     -5.611     28.248     69.806   -171.829    -19.405     86.802    235.306
     -5.613     28.287     69.632   -172.299    -19.490     86.450    235.527
     -5.615     28.326     69.460   -172.771    -19.574     86.098    235.745
     -5.617     28.365     69.288   -173.242    -19.658     85.746    235.963
     -5.619     28.404     69.117   -173.715    -19.742     85.392    236.179
     -5.621     28.444     68.946   -174.187    -19.826     85.038    236.393
     -5.623     28.484     68.777   -174.660    -19.910     84.683    236.606
     -5.625     28.523     68.608   -175.134    -19.994     84.328    236.818
     -5.627     28.563     68.439   -175.607    -20.077     83.971    237.028
     -5.629     28.604     68.272   -176.082    -20.161     83.614    237.237
     -5.631     28.644     68.105   -176.556    -20.244     83.257    237.444
     -5.633     28.685     67.939   -177.031    -20.327     82.899    237.650
     -5.635     28.725     67.773   -177.507    -20.410     82.540    237.855
     -5.637     28.766     67.609   -177.983    -20.493     82.180    238.058
     -5.639     28.807     67.445   -178.459    -20.576     81.820    238.260
     -5.641     28.849     67.281   -178.936    -20.658     81.459    238.460
     -5.643     28.890     67.119   -179.413    -20.741     81.098    238.659
     -5.645     28.932     66.957   -179.891    -20.823     80.736    238.856
     -5.647     28.973     66.796   -180.368    -20.905     80.373    239.052
     -5.649     29.015     66.635   -180.847    -20.987     80.010    239.246
     -5.651     29.057     66.476   -181.325    -21.069     79.647    239.439
     -5.653     29.099     66.317   -181.804    -21.150     79.282    239.630
     -5.655     29.142     66.159   -182.284    -21.232     78.917    239.820
     -5.657     29.184     66.001   -182.764    -21.313     78.552    240.009
     -5.659     29.227     65.844   -183.244    -21.394     78.186    240.196
     -5.661     29.270     65.688   -183.725    -21.475     77.820    240.381
     -5.663     29.313     65.533   -184.205    -21.556     77.453    240.565
     -5.665     29.356     65.379   -184.687    -21.637     77.085    240.748
     -5.667     29.400     65.225   -185.168    -21.717     76.717    240.929
     -5.669     29.443     65.072   -185.651    -21.797     76.349    241.108
     -5.671     29.487     64.919   -186.133    -21.877     75.980    241.287
     -5.673     29.531     64.768   -186.616    -21.957     75.611    241.463
     -5.675     29.575     64.617   -187.099    -22.037     75.241    241.638
     -5.677     29.619     64.467   -187.582    -22.117     74.871    241.812
     -5.679     29.663     64.317   -188.066    -22.196     74.500    241.984
     -5.681     29.708     64.169   -188.550    -22.275     74.129    242.155
     -5.683     29.752     64.021   -189.035    -22.354     73.757    242.324
     -5.685     29.797     63.874   -189.519    -22.433     73.385    242.492
     -5.687     29.842     63.727   -190.005    -22.512     73.013    242.658
     -5.689     29.887     63.582   -190.490    -22.591     72.640    242.823
     -5.691     29.932     63.437   -190.976    -22.669     72.267    242.986
     -5.693     29.978     63.293   -191.462    -22.747     71.893    243.148
     -5.695     30.023     63.149   -191.948    -22.825     71.520    243.308
     -5.697     30.069     63.007   -192.435    -22.903     71.145    243.466
     -5.699     30.115     62.865   -192.922    -22.980     70.771    243.624
     -5.701     30.161     62.724   -193.410    -23.058     70.396    243.779
     -5.703     30.207     62.583   -193.897    -23.135     70.021    243.934
     -5.705     30.253     62.443   -194.385    -23.212     69.645    244.086
     -5.707     30.300     62.305   -194.874    -23.289     69.269    244.238
     -5.709     30.347     62.166   -195.362    -23.365     68.893    244.387
     -5.711     30.393     62.029   -195.851    -23.442     68.516    244.536
     -5.713     30.440     61.892   -196.341    -23.518     68.140    244.682
     -5.715     30.487     61.756   -196.830    -23.594     67.763    244.827
     -5.717     30.535     61.621   -197.320    -23.670     67.385    244.971
     -5.719     30.582     61.487   -197.810    -23.746     67.008    245.113
     -5.721     30.630     61.353   -198.300    -23.821     66.630    245.254
     -5.723     30.677     61.220   -198.791    -23.896     66.252    245.393
     -5.725     30.725     61.088   -199.282    -23.971     65.874    245.531
     -5.727     30.773     60.957   -199.773    -24.046     65.496    245.667
     -5.729     30.821     60.826   -200.265    -24.121     65.117    245.802
     -5.731     30.870     60.696   -200.756    -24.195     64.738    245.935
     -5.733     30.918     60.567   -201.248    -24.269     64.359    246.067
     -5.735     30.967     60.439   -201.741    -24.343     63.980    246.197
     -5.737     31.016     60.311   -202.233    -24.417     63.600    246.326
     -5.739     31.065     60.185   -202.726    -24.491     63.221    246.453
     -5.741     31.114     60.058   -203.219    -24.564     62.841    246.579
     -5.743     31.163     59.933   -203.712    -24.637     62.461    246.703
     -5.745     31.212     59.809   -204.206    -24.710     62.081    246.826
     -5.747     31.262     59.685   -204.699    -24.783     61.701    246.948
     -5.749     31.311     59.562   -205.194    -24.856     61.321    247.067
     -5.751     31.361     59.440   -205.688    -24.928     60.941    247.186
     -5.753     31.411     59.318   -206.182    -25.000     60.560    247.303
     -5.755     31.461     59.197   -206.677    -25.072     60.180    247.418
     -5.757     31.511     59.077   -207.172    -25.144     59.799    247.532
     -5.759     31.562     58.958   -207.667    -25.215     59.419    247.644
     -5.761     31.612     58.840   -208.162    -25.286     59.038    247.755
     -5.763     31.663     58.722   -208.658    -25.357     58.657    247.865
     -5.765     31.714     58.605   -209.154    -25.428     58.276    247.973
     -5.767     31.765     58.489   -209.650    -25.499     57.895    248.079
     -5.769     31.816     58.373   -210.146    -25.569     57.514    248.185
     -5.771     31.867     58.259   -210.643    -25.639     57.133    248.288
     -5.773     31.918     58.145   -211.139    -25.709     56.753    248.390
     -5.775     31.970     58.032   -211.636    -25.779     56.372    248.491
     -5.777     32.021     57.919   -212.133    -25.848     55.991    248.590
     -5.779     32.073     57.808   -212.631    -25.917     55.610    248.688
     -5.781     32.125     57.697   -213.128    -25.987     55.229    248.784
     -5.783     32.177     57.587   -213.626    -26.055     54.848    248.879
     -5.785     32.229     57.478   -214.124    -26.124     54.467    248.973
     -5.787     32.281     57.369   -214.622    -26.192     54.086    249.065
     -5.789     32.334     57.261   -215.120    -26.260     53.705    249.155
     -5.791     32.386     57.154   -215.618    -26.328     53.325    249.244
     -5.793     32.439     57.048   -216.117    -26.396     52.944    249.332
     -5.795     32.492     56.942   -216.616    -26.463     52.564    249.418
     -5.797     32.545     56.838   -217.115    -26.530     52.183    249.503
     -5.799     32.598     56.734   -217.614    -26.597     51.803    249.587
     -5.801     32.651     56.630   -218.113    -26.664     51.422    249.669
     -5.803     32.705     56.528   -218.612    -26.731     51.042    249.749
     -5.805     32.758     56.426   -219.112    -26.797     50.662    249.828
     -5.807     32.812     56.325   -219.612    -26.863     50.282    249.906
     -5.809     32.866     56.225   -220.112    -26.929     49.902    249.982
     -5.811     32.920     56.126   -220.612    -26.994     49.523    250.057
     -5.813     32.974     56.027   -221.112    -27.060     49.143    250.131
     -5.815     33.028     55.929   -221.612    -27.125     48.764    250.203
     -5.817     33.082     55.832   -222.113    -27.190     48.385    250.274
     -5.819     33.137     55.736   -222.613    -27.254     48.006    250.343
     -5.821     33.191     55.640   -223.114    -27.319     47.627    250.411
     -5.823     33.246     55.545   -223.615    -27.383     47.248    250.477
     -5.825     33.301     55.451   -224.116    -27.447     46.870    250.543
     -5.827     33.356     55.358   -224.617    -27.511     46.491    250.606
     -5.829     33.411     55.265   -225.118    -27.574     46.113    250.669
     -5.831     33.466     55.173   -225.620    -27.637     45.735    250.730
     -5.833     33.521     55.082   -226.121    -27.700     45.358    250.790
     -5.835     33.577     54.992   -226.623    -27.763     44.980    250.848
     -5.837     33.632     54.902   -227.125    -27.825     44.603    250.905
     -5.839     33.688     54.813   -227.626    -27.888     44.226    250.960
     -5.841     33.744     54.725   -228.128    -27.950     43.849    251.015
     -5.843     33.800     54.638   -228.630    -28.012     43.473    251.068
     -5.845     33.856     54.551   -229.133    -28.073     43.097    251.119
     -5.847     33.912     54.466   -229.635    -28.134     42.721    251.169
     -5.849     33.969     54.381   -230.137    -28.196     42.345    251.218
     -5.851     34.025     54.296   -230.640    -28.256     41.970    251.266
     -5.853     34.082     54.213   -231.142    -28.317     41.594    251.312
     -5.855     34.138     54.130   -231.645    -28.377     41.220    251.357
     -5.857     34.195     54.048   -232.148    -28.437     40.845    251.401
     -5.859     34.252     53.966   -232.651    -28.497     40.471    251.443
     -5.861     34.309     53.886   -233.154    -28.557     40.097    251.484
     -5.863     34.366     53.806   -233.657    -28.616     39.723    251.524
     -5.865     34.424     53.727   -234.160    -28.676     39.350    251.562
     -5.867     34.481     53.649   -234.663    -28.734     38.977    251.599
     -5.869     34.539     53.571   -235.166    -28.793     38.605    251.634
     -5.871     34.596     53.494   -235.669    -28.852     38.232    251.667
     -5.873     34.654     53.418   -236.173    -28.910     37.860    251.699
     -5.875     34.712     53.343   -236.676    -28.968     37.489    251.729
     -5.877     34.770     53.268   -237.180    -29.025     37.118    251.759
     -5.879     34.828     53.194   -237.683    -29.083     36.747    251.787
     -5.881     34.886     53.121   -238.187    -29.140     36.377    251.814
     -5.883     34.945     53.049   -238.690    -29.197     36.007    251.839
     -5.885     35.003     52.977   -239.194    -29.254     35.637    251.864
     -5.887     35.062     52.906   -239.698    -29.310     35.268    251.887
     -5.889     35.120     52.836   -240.202    -29.366     34.899    251.909
     -5.891     35.179     52.767   -240.706    -29.423     34.531    251.929
     -5.893     35.238     52.698   -241.209    -29.478     34.163    251.949
     -5.895     35.297     52.630   -241.713    -29.534     33.795    251.967
     -5.897     35.356     52.563   -242.217    -29.589     33.428    251.984
     -5.899     35.415     52.496   -242.721    -29.644     33.061    252.000
     -5.901     35.475     52.431   -243.225    -29.699     32.695    252.014
     -5.903     35.534     52.366   -243.729    -29.753     32.329    252.028
     -5.905     35.594     52.301   -244.233    -29.808     31.964    252.040
     -5.907     35.653     52.238   -244.738    -29.862     31.599    252.051
     -5.909     35.713     52.175   -245.242    -29.916     31.235    252.061
     -5.911     35.773     52.113   -245.746    -29.969     30.871    252.069
     -5.913     35.833     52.051   -246.250    -30.023     30.507    252.077
     -5.915     35.893     51.991   -246.754    -30.076     30.144    252.083
     -5.917     35.953     51.931   -247.258    -30.129     29.782    252.088
     -5.919     36.014     51.872   -247.762    -30.181     29.420    252.092
     -5.921     36.074     51.813   -248.267    -30.234     29.058    252.095
     -5.923     36.134     51.755   -248.771    -30.286     28.697    252.097
     -5.925     36.195     51.698   -249.275    -30.338     28.336    252.097
     -5.927     36.256     51.642   -249.779    -30.389     27.976    252.096
     -5.929     36.317     51.586   -250.283    -30.441     27.617    252.095
     -5.931     36.378     51.532   -250.788    -30.492     27.258    252.092
     -5.933     36.439     51.477   -251.292    -30.543     26.899    252.088
     -5.935     36.500     51.424   -251.796    -30.593     26.541    252.083
     -5.937     36.561     51.371   -252.300    -30.644     26.183    252.076
     -5.939     36.622     51.319   -252.804    -30.694     25.826    252.069
     -5.941     36.684     51.268   -253.308    -30.744     25.470    252.061
     -5.943     36.745     51.217   -253.812    -30.794     25.114    252.051
     -5.945     36.807     51.167   -254.317    -30.843     24.758    252.041
     -5.947     36.869     51.118   -254.821    -30.893     24.404    252.029
     -5.949     36.931     51.070   -255.325    -30.942     24.049    252.016
     -5.951     36.992     51.022   -255.829    -30.990     23.696    252.002
     -5.953     37.054     50.975   -256.333    -31.039     23.342    251.987
     -5.955     37.117     50.929   -256.837    -31.087     22.990    251.971
     -5.957     37.179     50.883   -257.341    -31.135     22.638    251.954
     -5.959     37.241     50.838   -257.844    -31.183     22.286    251.936
     -5.961     37.304     50.794   -258.348    -31.231     21.935    251.917
     -5.963     37.366     50.750   -258.852    -31.278     21.585    251.897
     -5.965     37.429     50.708   -259.356    -31.325     21.235    251.876
     -5.967     37.491     50.665   -259.860    -31.372     20.885    251.854
     -5.969     37.554     50.624   -260.363    -31.419     20.537    251.830
     -5.971     37.617     50.583   -260.867    -31.465     20.189    251.806
     -5.973     37.680     50.543   -261.371    -31.512     19.841    251.781
     -5.975     37.743     50.504   -261.874    -31.558     19.494    251.755
     -5.977     37.806     50.465   -262.378    -31.603     19.148    251.727
     -5.979     37.870     50.427   -262.881    -31.649     18.802    251.699
     -5.981     37.933     50.390   -263.384    -31.694     18.457    251.670
     -5.983     37.996     50.354   -263.888    -31.739     18.113    251.640
     -5.985     38.060     50.318   -264.391    -31.784     17.769    251.608
     -5.987     38.123     50.282   -264.894    -31.829     17.425    251.576
     -5.989     38.187     50.248   -265.397    -31.873     17.083    251.543
     -5.991     38.251     50.214   -265.900    -31.917     16.741    251.509
     -5.993     38.315     50.181   -266.403    -31.961     16.399    251.474
     -5.995     38.379     50.149   -266.906    -32.005     16.058    251.438
     -5.997     38.443     50.117   -267.409    -32.048     15.718    251.401
     -5.999     38.507     50.086   -267.912    -32.091     15.378    251.363
     -6.001     38.571     50.055   -268.414    -32.134     15.039    251.324
     -6.003     38.635     50.026   -268.917    -32.177     14.701    251.284
     -6.005     38.700     49.996   -269.420    -32.220     14.363    251.244
     -6.007     38.764     49.968   -269.922    -32.262     14.026    251.202
     -6.009     38.829     49.940   -270.424    -32.304     13.690    251.160
     -6.011     38.894     49.913   -270.927    -32.346     13.354    251.116
     -6.013     38.958     49.887   -271.429    -32.388     13.019    251.072
     -6.015     39.023     49.861   -271.931    -32.429     12.684    251.027
     -6.017     39.088     49.836   -272.433    -32.470     12.351    250.981
     -6.019     39.153     49.812   -272.935    -32.511     12.017    250.934
     -6.021     39.218     49.788   -273.437    -32.552     11.685    250.886
     -6.023     39.283     49.765   -273.938    -32.593     11.353    250.837
     -6.025     39.348     49.743   -274.440    -32.633     11.022    250.787
     -6.027     39.414     49.721   -274.942    -32.673     10.691    250.737
     -6.029     39.479     49.700   -275.443    -32.713     10.361    250.686
     -6.031     39.545     49.680   -275.944    -32.752     10.032    250.633
     -6.033     39.610     49.660   -276.446    -32.792      9.703    250.580
     -6.035     39.676     49.641   -276.947    -32.831      9.375    250.527
     -6.037     39.741     49.622   -277.448    -32.870      9.048    250.472
     -6.039     39.807     49.605   -277.948    -32.909      8.721    250.416
     -6.041     39.873     49.587   -278.449    -32.947      8.395    250.360
     -6.043     39.939     49.571   -278.950    -32.986      8.070    250.303
     -6.045     40.005     49.555   -279.450    -33.024      7.745    250.245
     -6.047     40.071     49.540   -279.951    -33.062      7.421    250.186
     -6.049     40.137     49.525   -280.451    -33.100      7.098    250.126
     -6.051     40.204     49.512   -280.951    -33.137      6.776    250.066
     -6.053     40.270     49.498   -281.451    -33.174      6.454    250.005
     -6.055     40.336     49.486   -281.951    -33.211      6.132    249.943
     -6.057     40.403     49.474   -282.451    -33.248      5.812    249.880
     -6.059     40.469     49.463   -282.951    -33.285      5.492    249.816
     -6.061     40.536     49.452   -283.451    -33.321      5.173    249.752
     -6.063     40.603     49.442   -283.950    -33.358      4.854    249.687
     -6.065     40.669     49.432   -284.449    -33.394      4.537    249.621
     -6.067     40.736     49.424   -284.948    -33.429      4.219    249.554
     -6.069     40.803     49.416   -285.447    -33.465      3.903    249.487
     -6.071     40.870     49.408   -285.946    -33.500      3.587    249.419
     -6.073     40.937     49.401   -286.445    -33.535      3.272    249.350
     -6.075     41.004     49.395   -286.944    -33.570      2.958    249.281
     -6.077     41.071     49.389   -287.442    -33.605      2.644    249.210
     -6.079     41.139     49.384   -287.941    -33.640      2.331    249.139
     -6.081     41.206     49.380   -288.439    -33.674      2.019    249.067
     -6.083     41.273     49.376   -288.937    -33.708      1.707    248.995
     -6.085     41.341     49.373   -289.435    -33.742      1.397    248.922
     -6.087     41.408     49.371   -289.933    -33.776      1.086    248.848
     -6.089     41.476     49.369   -290.430    -33.810      0.777    248.773
     -6.091     41.543     49.368   -290.928    -33.843      0.468    248.698
     -6.093     41.611     49.367   -291.425    -33.876      0.160    248.622
     -6.095     41.679     49.367   -291.922    -33.909     -0.147    248.545
     -6.097     41.747     49.368   -292.419    -33.942     -0.454    248.468
     -6.099     41.815     49.369   -292.916    -33.974     -0.760    248.390
     -6.101     41.883     49.371   -293.413    -34.007     -1.065    248.311
     -6.103     41.951     49.373   -293.909    -34.039     -1.370    248.232
     -6.105     42.019     49.376   -294.406    -34.071     -1.674    248.152
     -6.107     42.087     49.380   -294.902    -34.102     -1.977    248.071
     -6.109     42.155     49.384   -295.398    -34.134     -2.279    247.990
     -6.111     42.224     49.389   -295.894    -34.165     -2.581    247.908
     -6.113     42.292     49.394   -296.390    -34.197     -2.882    247.825
     -6.115     42.360     49.400   -296.885    -34.228     -3.182    247.742
     -6.117     42.429     49.407   -297.381    -34.258     -3.482    247.658
     -6.119     42.497     49.414   -297.876    -34.289     -3.781    247.573
     -6.121     42.566     49.422   -298.371    -34.319     -4.079    247.488
     -6.123     42.635     49.431   -298.866    -34.350     -4.377    247.402
     -6.125     42.703     49.440   -299.360    -34.380     -4.673    247.316
     -6.127     42.772     49.449   -299.855    -34.409     -4.969    247.229
     -6.129     42.841     49.460   -300.349    -34.439     -5.265    247.141
     -6.131     42.910     49.470   -300.844    -34.468     -5.559    247.053
     -6.133     42.979     49.482   -301.338    -34.498     -5.853    246.964
     -6.135     43.048     49.494   -301.831    -34.527     -6.147    246.875
     -6.137     43.117     49.506   -302.325    -34.556     -6.439    246.785
     -6.139     43.186     49.520   -302.819    -34.584     -6.731    246.694
     -6.141     43.255     49.533   -303.312    -34.613     -7.022    246.603
     -6.143     43.325     49.548   -303.805    -34.641     -7.312    246.512
     -6.145     43.394     49.563   -304.298    -34.669     -7.602    246.419
     -6.147     43.463     49.578   -304.791    -34.697     -7.891    246.326
     -6.149     43.533     49.594   -305.283    -34.725     -8.179    246.233
     -6.151     43.602     49.611   -305.776    -34.753     -8.467    246.139
     -6.153     43.672     49.628   -306.268    -34.780     -8.754    246.045
     -6.155     43.741     49.646   -306.760    -34.807     -9.040    245.950
     -6.157     43.811     49.664   -307.252    -34.834     -9.325    245.854
     -6.159     43.881     49.683   -307.743    -34.861     -9.610    245.758
     -6.161     43.950     49.703   -308.235    -34.888     -9.894    245.661
     -6.163     44.020     49.723   -308.726    -34.915    -10.177    245.564
     -6.165     44.090     49.743   -309.217    -34.941    -10.460    245.466
     -6.167     44.160     49.765   -309.708    -34.967    -10.742    245.368
     -6.169     44.230     49.786   -310.198    -34.993    -11.023    245.269
     -6.171     44.300     49.809   -310.689    -35.019    -11.303    245.170
     -6.173     44.370     49.831   -311.179    -35.045    -11.583    245.070
     -6.175     44.440     49.855   -311.669    -35.070    -11.862    244.970
     -6.177     44.510     49.879   -312.159    -35.095    -12.141    244.869
     -6.179     44.580     49.903   -312.649    -35.121    -12.418    244.768
     -6.181     44.651     49.929   -313.138    -35.145    -12.695    244.666
     -6.183     44.721     49.954   -313.627    -35.170    -12.971    244.564
     -6.185     44.791     49.980   -314.116    -35.195    -13.247    244.461
     -6.187     44.862     50.007   -314.605    -35.219    -13.522    244.358
     -6.189     44.932     50.035   -315.094    -35.244    -13.796    244.254
     -6.191     45.003     50.062   -315.582    -35.268    -14.069    244.150
     -6.193     45.073     50.091   -316.070    -35.292    -14.342    244.045
     -6.195     45.144     50.120   -316.558    -35.315    -14.614    243.940
     -6.197     45.215     50.149   -317.046    -35.339    -14.885    243.835
     -6.199     45.285     50.179   -317.534    -35.362    -15.156    243.729
     -6.201     45.356     50.210   -318.021    -35.386    -15.426    243.622
     -6.203     45.427     50.241   -318.508    -35.409    -15.695    243.515
     -6.205     45.498     50.273   -318.995    -35.432    -15.963    243.408
     -6.207     45.569     50.305   -319.482    -35.455    -16.231    243.300
     -6.209     45.640     50.338   -319.968    -35.477    -16.498    243.192
     -6.211     45.710     50.371   -320.454    -35.500    -16.765    243.083
     -6.213     45.782     50.405   -320.941    -35.522    -17.030    242.974
     -6.215     45.853     50.439   -321.426    -35.544    -17.295    242.865
     -6.217     45.924     50.474   -321.912    -35.566    -17.560    242.755
     -6.219     45.995     50.509   -322.397    -35.588    -17.823    242.645
     -6.221     46.066     50.545   -322.883    -35.610    -18.086    242.534
     -6.223     46.137     50.582   -323.367    -35.631    -18.348    242.423
     -6.225     46.209     50.619   -323.852    -35.652    -18.610    242.311
     -6.227     46.280     50.656   -324.337    -35.674    -18.871    242.199
     -6.229     46.351     50.694   -324.821    -35.695    -19.131    242.087
     -6.231     46.423     50.733   -325.305    -35.715    -19.390    241.974
     -6.233     46.494     50.772   -325.789    -35.736    -19.649    241.861
     -6.235     46.566     50.811   -326.273    -35.757    -19.907    241.747
     -6.237     46.637     50.851   -326.756    -35.777    -20.164    241.634
     -6.239     46.709     50.892   -327.239    -35.797    -20.421    241.519
     -6.241     46.780     50.933   -327.722    -35.818    -20.677    241.405
     -6.243     46.852     50.975   -328.205    -35.837    -20.932    241.290
     -6.245     46.924     51.017   -328.687    -35.857    -21.187    241.174
     -6.247     46.995     51.059   -329.169    -35.877    -21.441    241.058
     -6.249     47.067     51.102   -329.651    -35.896    -21.694    240.942
     -6.251     47.139     51.146   -330.133    -35.916    -21.947    240.826
     -6.253     47.211     51.190   -330.615    -35.935    -22.199    240.709
     -6.255     47.283     51.235   -331.096    -35.954    -22.450    240.592
     -6.257     47.355     51.280   -331.577    -35.973    -22.700    240.474
     -6.259     47.427     51.326   -332.058    -35.992    -22.950    240.356
     -6.261     47.499     51.372   -332.538    -36.010    -23.199    240.238
     -6.263     47.571     51.418   -333.019    -36.029    -23.448    240.119
     -6.265     47.643     51.466   -333.499    -36.047    -23.696    240.000
     -6.267     47.715     51.513   -333.979    -36.065    -23.943    239.881
     -6.269     47.787     51.561   -334.458    -36.083    -24.189    239.762
     -6.271     47.859     51.610   -334.938    -36.101    -24.435    239.642
     -6.273     47.931     51.659   -335.417    -36.119    -24.680    239.522
     -6.275     48.004     51.709   -335.896    -36.137    -24.925    239.401
     -6.277     48.076     51.759   -336.375    -36.154    -25.168    239.280
     -6.279     48.148     51.809   -336.853    -36.172    -25.412    239.159
     -6.281     48.221     51.860   -337.331    -36.189    -25.654    239.037
     -6.283     48.293     51.912   -337.809    -36.206    -25.896    238.916
     -6.285     48.365     51.964   -338.287    -36.223    -26.137    238.794
     -6.287     48.438     52.017   -338.764    -36.239    -26.377    238.671
     -6.289     48.510     52.070   -339.242    -36.256    -26.617    238.549
     -6.291     48.583     52.123   -339.719    -36.273    -26.856    238.426
     -6.293     48.656     52.177   -340.195    -36.289    -27.095    238.302
     -6.295     48.728     52.231   -340.672    -36.305    -27.333    238.179
     -6.297     48.801     52.286   -341.148    -36.321    -27.570    238.055
     -6.299     48.873     52.342   -341.624    -36.337    -27.806    237.931
     -6.301     48.946     52.398   -342.100    -36.353    -28.042    237.806
     -6.303     49.019     52.454   -342.575    -36.369    -28.277    237.682
     -6.305     49.092     52.511   -343.050    -36.384    -28.512    237.557
     -6.307     49.164     52.568   -343.525    -36.400    -28.746    237.431
     -6.309     49.237     52.626   -344.000    -36.415    -28.979    237.306
     -6.311     49.310     52.684   -344.475    -36.430    -29.211    237.180
     -6.313     49.383     52.742   -344.949    -36.445    -29.443    237.054
     -6.315     49.456     52.802   -345.423    -36.460    -29.675    236.928
     -6.317     49.529     52.861   -345.897    -36.475    -29.905    236.801
     -6.319     49.602     52.921   -346.370    -36.490    -30.135    236.675
     -6.321     49.675     52.982   -346.843    -36.504    -30.365    236.548
     -6.323     49.748     53.043   -347.316    -36.519    -30.593    236.420
     -6.325     49.821     53.104   -347.789    -36.533    -30.821    236.293
     -6.327     49.894     53.166   -348.261    -36.547    -31.049    236.165
     -6.329     49.967     53.228   -348.734    -36.561    -31.276    236.037
     -6.331     50.040     53.291   -349.206    -36.575    -31.502    235.909
     -6.333     50.113     53.354   -349.677    -36.589    -31.727    235.780
     -6.335     50.186     53.418   -350.149    -36.602    -31.952    235.651
     -6.337     50.260     53.482   -350.620    -36.616    -32.176    235.522
     -6.339     50.333     53.547   -351.091    -36.629    -32.400    235.393
     -6.341     50.406     53.612   -351.562    -36.643    -32.623    235.264
     -6.343     50.479     53.677   -352.032    -36.656    -32.845    235.134
     -6.345     50.553     53.743   -352.502    -36.669    -33.067    235.004
     -6.347     50.626     53.809   -352.972    -36.682    -33.288    234.874
     -6.349     50.700     53.876   -353.442    -36.695    -33.509    234.744
     -6.351     50.773     53.943   -353.911    -36.707    -33.729    234.614
     -6.353     50.846     54.011   -354.380    -36.720    -33.948    234.483
     -6.355     50.920     54.079   -354.849    -36.732    -34.166    234.352
     -6.357     50.993     54.148   -355.317    -36.745    -34.384    234.221
     -6.359     51.067     54.217   -355.786    -36.757    -34.602    234.090
     -6.361     51.140     54.286   -356.254    -36.769    -34.819    233.958
     -6.363     51.214     54.356   -356.722    -36.781    -35.035    233.826
     -6.365     51.287     54.426   -357.189    -36.793    -35.250    233.695
     -6.367     51.361     54.497   -357.656    -36.805    -35.465    233.562
     -6.369     51.435     54.568   -358.123    -36.816    -35.679    233.430
     -6.371     51.508     54.640   -358.590    -36.828    -35.893    233.298
     -6.373     51.582     54.712   -359.057    -36.839    -36.106    233.165
     -6.375     51.656     54.784   -359.523    -36.850    -36.319    233.032
     -6.377     51.729     54.857   -359.989    -36.862    -36.530    232.899
     -6.379     51.803     54.930   -360.454    -36.873    -36.742    232.766
     -6.381     51.877     55.004   -360.920    -36.884    -36.952    232.633
     -6.383     51.951     55.078   -361.385    -36.894    -37.162    232.499
     -6.385     52.024     55.153   -361.850    -36.905    -37.372    232.365
     -6.387     52.098     55.228   -362.314    -36.916    -37.581    232.232
     -6.389     52.172     55.303   -362.779    -36.926    -37.789    232.097
     -6.391     52.246     55.379   -363.243    -36.937    -37.997    231.963
     -6.393     52.320     55.455   -363.706    -36.947    -38.204    231.829
     -6.395     52.394     55.532   -364.170    -36.957    -38.410    231.694
     -6.397     52.468     55.609   -364.633    -36.967    -38.616    231.560
     -6.399     52.542     55.686   -365.096    -36.977    -38.821    231.425
     -6.401     52.616     55.764   -365.559    -36.987    -39.026    231.290
     -6.403     52.690     55.842   -366.021    -36.997    -39.230    231.155
     -6.405     52.764     55.921   -366.484    -37.007    -39.434    231.019
     -6.407     52.838     56.000   -366.945    -37.016    -39.637    230.884
     -6.409     52.912     56.079   -367.407    -37.026    -39.839    230.748
     -6.411     52.986     56.159   -367.868    -37.035    -40.041    230.613
     -6.413     53.060     56.239   -368.330    -37.044    -40.242    230.477
     -6.415     53.134     56.320   -368.790    -37.054    -40.442    230.341
     -6.417     53.208     56.401   -369.251    -37.063    -40.643    230.205
     -6.419     53.282     56.483   -369.711    -37.072    -40.842    230.068
     -6.421     53.356     56.565   -370.171    -37.080    -41.041    229.932
     -6.423     53.430     56.647   -370.631    -37.089    -41.239    229.795
     -6.425     53.505     56.730   -371.090    -37.098    -41.437    229.659
     -6.427     53.579     56.813   -371.550    -37.106    -41.634    229.522
     -6.429     53.653     56.896   -372.008    -37.115    -41.831    229.385
     -6.431     53.727     56.980   -372.467    -37.123    -42.027    229.248
     -6.433     53.802     57.064   -372.925    -37.131    -42.222    229.111
     -6.435     53.876     57.149   -373.384    -37.140    -42.417    228.973
     -6.437     53.950     57.234   -373.841    -37.148    -42.611    228.836
     -6.439     54.024     57.319   -374.299    -37.156    -42.805    228.698
     -6.441     54.099     57.405   -374.756    -37.163    -42.998    228.561
     -6.443     54.173     57.491   -375.213    -37.171    -43.191    228.423
     -6.445     54.247     57.578   -375.670    -37.179    -43.383    228.285
     -6.447     54.322     57.665   -376.126    -37.186    -43.575    228.147
     -6.449     54.396     57.752   -376.582    -37.194    -43.766    228.009
     -6.451     54.471     57.840   -377.038    -37.201    -43.956    227.871
     -6.453     54.545     57.928   -377.494    -37.209    -44.146    227.732
     -6.455     54.619     58.016   -377.949    -37.216    -44.335    227.594
     -6.457     54.694     58.105   -378.404    -37.223    -44.524    227.455
     -6.459     54.768     58.195   -378.859    -37.230    -44.712    227.317
     -6.461     54.843     58.284   -379.314    -37.237    -44.900    227.178
     -6.463     54.917     58.374   -379.768    -37.244    -45.087    227.039
     -6.465     54.992     58.465   -380.222    -37.251    -45.274    226.900
     -6.467     55.066     58.555   -380.675    -37.257    -45.460    226.761
     -6.469     55.141     58.646   -381.129    -37.264    -45.645    226.622
     -6.471     55.215     58.738   -381.582    -37.270    -45.830    226.483
     -6.473     55.290     58.830   -382.035    -37.277    -46.014    226.344
     -6.475     55.364     58.922   -382.487    -37.283    -46.198    226.205
     -6.477     55.439     59.014   -382.939    -37.289    -46.382    226.065
     -6.479     55.514     59.107   -383.391    -37.295    -46.564    225.926
     -6.481     55.588     59.201   -383.843    -37.301    -46.747    225.786
     -6.483     55.663     59.294   -384.295    -37.307    -46.929    225.646
     -6.485     55.737     59.388   -384.746    -37.313    -47.110    225.507
     -6.487     55.812     59.483   -385.197    -37.319    -47.290    225.367
     -6.489     55.887     59.578   -385.647    -37.325    -47.471    225.227
     -6.491     55.961     59.673   -386.098    -37.330    -47.650    225.087
     -6.493     56.036     59.768   -386.548    -37.336    -47.829    224.947
     -6.495     56.111     59.864   -386.997    -37.341    -48.008    224.807
     -6.497     56.185     59.960   -387.447    -37.347    -48.186    224.667
     -6.499     56.260     60.057   -387.896    -37.352    -48.364    224.526
     -6.501     56.335     60.154   -388.345    -37.357    -48.541    224.386
     -6.503     56.409     60.251   -388.794    -37.362    -48.717    224.246
     -6.505     56.484     60.349   -389.242    -37.367    -48.893    224.105
     -6.507     56.559     60.447   -389.690    -37.372    -49.069    223.965
     -6.509     56.634     60.545   -390.138    -37.377    -49.244    223.824
     -6.511     56.708     60.644   -390.585    -37.382    -49.418    223.684
     -6.513     56.783     60.743   -391.033    -37.386    -49.592    223.543
     -6.515     56.858     60.842   -391.479    -37.391    -49.766    223.402
     -6.517     56.933     60.942   -391.926    -37.396    -49.939    223.261
     -6.519     57.008     61.042   -392.372    -37.400    -50.111    223.121
     -6.521     57.082     61.142   -392.819    -37.404    -50.283    222.980
     -6.523     57.157     61.243   -393.264    -37.409    -50.454    222.839
     -6.525     57.232     61.344   -393.710    -37.413    -50.625    222.698
     -6.527     57.307     61.445   -394.155    -37.417    -50.796    222.557
     -6.529     57.382     61.547   -394.600    -37.421    -50.966    222.416
     -6.531     57.457     61.649   -395.045    -37.425    -51.135    222.275
     -6.533     57.531     61.752   -395.489    -37.429    -51.304    222.133
     -6.535     57.606     61.854   -395.933    -37.433    -51.473    221.992
     -6.537     57.681     61.957   -396.377    -37.437    -51.641    221.851
     -6.539     57.756     62.061   -396.821    -37.440    -51.808    221.710
     -6.541     57.831     62.165   -397.264    -37.444    -51.975    221.568
     -6.543     57.906     62.269   -397.707    -37.448    -52.142    221.427
     -6.545     57.981     62.373   -398.150    -37.451    -52.308    221.286
     -6.547     58.056     62.478   -398.592    -37.454    -52.473    221.144
     -6.549     58.130     62.583   -399.034    -37.458    -52.638    221.003
     -6.551     58.205     62.689   -399.476    -37.461    -52.803    220.861
     -6.553     58.280     62.794   -399.918    -37.464    -52.967    220.720
     -6.555     58.355     62.900   -400.359    -37.467    -53.130    220.578
     -6.557     58.430     63.007   -400.800    -37.470    -53.293    220.436
     -6.559     58.505     63.114   -401.241    -37.473    -53.456    220.295
     -6.561     58.580     63.221   -401.681    -37.476    -53.618    220.153
     -6.563     58.655     63.328   -402.121    -37.479    -53.780    220.011
     -6.565     58.730     63.436   -402.561    -37.482    -53.941    219.870
     -6.567     58.805     63.544   -403.001    -37.484    -54.102    219.728
     -6.569     58.880     63.652   -403.440    -37.487    -54.262    219.586
     -6.571     58.955     63.761   -403.879    -37.490    -54.422    219.445
     -6.573     59.030     63.870   -404.318    -37.492    -54.581    219.303
     -6.575     59.105     63.979   -404.757    -37.494    -54.740    219.161
     -6.577     59.180     64.089   -405.195    -37.497    -54.899    219.019
     -6.579     59.255     64.199   -405.633    -37.499    -55.057    218.877
     -6.581     59.330     64.309   -406.070    -37.501    -55.214    218.735
     -6.583     59.405     64.420   -406.508    -37.503    -55.371    218.594
     -6.585     59.480     64.531   -406.945    -37.505    -55.528    218.452
     -6.587     59.555     64.642   -407.381    -37.507    -55.684    218.310
     -6.589     59.630     64.753   -407.818    -37.509    -55.839    218.168
     -6.591     59.705     64.865   -408.254    -37.511    -55.995    218.026
     -6.593     59.780     64.977   -408.690    -37.513    -56.149    217.884
     -6.595     59.855     65.090   -409.126    -37.515    -56.304    217.742
     -6.597     59.930     65.203   -409.561    -37.516    -56.457    217.600
     -6.599     60.005     65.316   -409.996    -37.518    -56.611    217.458
     -6.601     60.080     65.429   -410.431    -37.519    -56.764    217.316
     -6.603     60.155     65.543   -410.865    -37.521    -56.916    217.174
     -6.605     60.230     65.657   -411.299    -37.522    -57.068    217.032
     -6.607     60.305     65.771   -411.733    -37.524    -57.220    216.890
     -6.609     60.380     65.885   -412.167    -37.525    -57.371    216.748
     -6.611     60.455     66.000   -412.600    -37.526    -57.522    216.606
     -6.613     60.530     66.116   -413.033    -37.527    -57.672    216.464
     -6.615     60.605     66.231   -413.466    -37.528    -57.822    216.322
     -6.617     60.680     66.347   -413.899    -37.529    -57.971    216.181
     -6.619     60.756     66.463   -414.331    -37.530    -58.120    216.039
     -6.621     60.831     66.579   -414.763    -37.531    -58.269    215.897
     -6.623     60.906     66.696   -415.194    -37.532    -58.417    215.755
     -6.625     60.981     66.813   -415.626    -37.533    -58.564    215.613
     -6.627     61.056     66.930   -416.057    -37.534    -58.712    215.471
     -6.629     61.131     67.048   -416.488    -37.534    -58.858    215.329
     -6.631     61.206     67.166   -416.918    -37.535    -59.005    215.187
     -6.633     61.281     67.284   -417.348    -37.536    -59.151    215.045
     -6.635     61.356     67.402   -417.778    -37.536    -59.296    214.903
     -6.637     61.431     67.521   -418.208    -37.536    -59.441    214.761
     -6.639     61.506     67.640   -418.637    -37.537    -59.586    214.619
     -6.641     61.581     67.759   -419.067    -37.537    -59.730    214.477
     -6.643     61.656     67.879   -419.495    -37.537    -59.874    214.336
     -6.645     61.731     67.999   -419.924    -37.538    -60.017    214.194
     -6.647     61.807     68.119   -420.352    -37.538    -60.160    214.052
     -6.649     61.882     68.240   -420.780    -37.538    -60.303    213.910
     -6.651     61.957     68.360   -421.208    -37.538    -60.445    213.768
     -6.653     62.032     68.481   -421.635    -37.538    -60.587    213.627
     -6.655     62.107     68.603   -422.062    -37.538    -60.728    213.485
     -6.657     62.182     68.724   -422.489    -37.538    -60.869    213.343
     -6.659     62.257     68.846   -422.916    -37.537    -61.009    213.201
     -6.661     62.332     68.968   -423.342    -37.537    -61.149    213.060
     -6.663     62.407     69.091   -423.768    -37.537    -61.289    212.918
     -6.665     62.482     69.213   -424.194    -37.536    -61.428    212.776
     -6.667     62.557     69.336   -424.619    -37.536    -61.567    212.635
     -6.669     62.632     69.460   -425.044    -37.536    -61.706    212.493
     -6.671     62.707     69.583   -425.469    -37.535    -61.844    212.351
     -6.673     62.782     69.707   -425.894    -37.534    -61.981    212.210
     -6.675     62.858     69.831   -426.318    -37.534    -62.118    212.068
     -6.677     62.933     69.956   -426.742    -37.533    -62.255    211.927
     -6.679     63.008     70.080   -427.166    -37.532    -62.392    211.785
     -6.681     63.083     70.205   -427.589    -37.532    -62.528    211.644
     -6.683     63.158     70.330   -428.012    -37.531    -62.663    211.502
     -6.685     63.233     70.456   -428.435    -37.530    -62.799    211.361
     -6.687     63.308     70.581   -428.858    -37.529    -62.933    211.220
     -6.689     63.383     70.707   -429.280    -37.528    -63.068    211.078
     -6.691     63.458     70.834   -429.702    -37.527    -63.202    210.937
     -6.693     63.533     70.960   -430.124    -37.526    -63.336    210.796
     -6.695     63.608     71.087   -430.545    -37.525    -63.469    210.654
     -6.697     63.683     71.214   -430.966    -37.523    -63.602    210.513
     -6.699     63.758     71.342   -431.387    -37.522    -63.734    210.372
     -6.701     63.833     71.469   -431.808    -37.521    -63.866    210.231
     -6.703     63.908     71.597   -432.228    -37.519    -63.998    210.090
     -6.705     63.983     71.725   -432.648    -37.518    -64.129    209.949
     -6.707     64.058     71.853   -433.068    -37.517    -64.260    209.808
     -6.709     64.133     71.982   -433.487    -37.515    -64.391    209.667
     -6.711     64.208     72.111   -433.906    -37.514    -64.521    209.526
     -6.713     64.283     72.240   -434.325    -37.512    -64.651    209.385
     -6.715     64.358     72.370   -434.744    -37.510    -64.780    209.244
     -6.717     64.434     72.499   -435.162    -37.509    -64.910    209.103
     -6.719     64.509     72.629   -435.580    -37.507    -65.038    208.962
     -6.721     64.584     72.760   -435.998    -37.505    -65.167    208.822
     -6.723     64.659     72.890   -436.416    -37.503    -65.294    208.681
     -6.725     64.734     73.021   -436.833    -37.501    -65.422    208.540
     -6.727     64.809     73.152   -437.250    -37.499    -65.549    208.399
     -6.729     64.884     73.283   -437.667    -37.497    -65.676    208.259
     -6.731     64.959     73.414   -438.083    -37.495    -65.802    208.118
     -6.733     65.034     73.546   -438.499    -37.493    -65.929    207.978
     -6.735     65.109     73.678   -438.915    -37.491    -66.054    207.837
     -6.737     65.183     73.810   -439.330    -37.489    -66.180    207.697
     -6.739     65.258     73.943   -439.746    -37.487    -66.305    207.557
     -6.741     65.333     74.076   -440.161    -37.485    -66.429    207.416
     -6.743     65.408     74.209   -440.575    -37.482    -66.554    207.276
     -6.745     65.483     74.342   -440.990    -37.480    -66.677    207.136
     -6.747     65.558     74.475   -441.404    -37.478    -66.801    206.995
     -6.749     65.633     74.609   -441.818    -37.475    -66.924    206.855
     -6.751     65.708     74.743   -442.231    -37.473    -67.047    206.715
     -6.753     65.783     74.877   -442.645    -37.470    -67.169    206.575
     -6.755     65.858     75.012   -443.058    -37.468    -67.292    206.435
     -6.757     65.933     75.146   -443.470    -37.465    -67.413    206.295
     -6.759     66.008     75.281   -443.883    -37.462    -67.535    206.155
     -6.761     66.083     75.416   -444.295    -37.460    -67.656    206.016
     -6.763     66.158     75.552   -444.707    -37.457    -67.777    205.876
     -6.765     66.233     75.688   -445.118    -37.454    -67.897    205.736
     -6.767     66.308     75.823   -445.530    -37.451    -68.017    205.596
     -6.769     66.383     75.960   -445.941    -37.449    -68.137    205.457
     -6.771     66.457     76.096   -446.352    -37.446    -68.256    205.317
     -6.773     66.532     76.233   -446.762    -37.443    -68.375    205.178
     -6.775     66.607     76.369   -447.172    -37.440    -68.493    205.038
     -6.777     66.682     76.507   -447.582    -37.437    -68.612    204.899
     -6.779     66.757     76.644   -447.992    -37.434    -68.730    204.759
     -6.781     66.832     76.782   -448.401    -37.431    -68.847    204.620
     -6.783     66.907     76.919   -448.810    -37.427    -68.964    204.481
     -6.785     66.982     77.057   -449.219    -37.424    -69.081    204.342
     -6.787     67.056     77.196   -449.628    -37.421    -69.198    204.202
     -6.789     67.131     77.334   -450.036    -37.418    -69.314    204.063
     -6.791     67.206     77.473   -450.444    -37.414    -69.430    203.924
     -6.793     67.281     77.612   -450.852    -37.411    -69.546    203.785
     -6.795     67.356     77.751   -451.259    -37.408    -69.661    203.646
     -6.797     67.430     77.891   -451.666    -37.404    -69.776    203.508
     -6.799     67.505     78.030   -452.073    -37.401    -69.890    203.369
     -6.801     67.580     78.170   -452.480    -37.397    -70.004    203.230
     -6.803     67.655     78.310   -452.886    -37.394    -70.118    203.091
     -6.805     67.730     78.451   -453.292    -37.390    -70.232    202.953
     -6.807     67.804     78.591   -453.698    -37.387    -70.345    202.814
     -6.809     67.879     78.732   -454.103    -37.383    -70.458    202.676
     -6.811     67.954     78.873   -454.509    -37.379    -70.571    202.537
     -6.813     68.029     79.014   -454.914    -37.376    -70.683    202.399
     -6.815     68.103     79.156   -455.318    -37.372    -70.795    202.261
     -6.817     68.178     79.297   -455.723    -37.368    -70.906    202.122
     -6.819     68.253     79.439   -456.127    -37.364    -71.018    201.984
     -6.821     68.328     79.581   -456.530    -37.360    -71.129    201.846
     -6.823     68.402     79.724   -456.934    -37.356    -71.239    201.708
     -6.825     68.477     79.866   -457.337    -37.352    -71.350    201.570
     -6.827     68.552     80.009   -457.740    -37.348    -71.460    201.432
     -6.829     68.626     80.152   -458.143    -37.344    -71.569    201.294
     -6.831     68.701     80.296   -458.546    -37.340    -71.679    201.156
     -6.833     68.776     80.439   -458.948    -37.336    -71.788    201.019
     -6.835     68.851     80.583   -459.350    -37.332    -71.897    200.881
     -6.837     68.925     80.727   -459.751    -37.328    -72.005    200.743
     -6.839     69.000     80.871   -460.153    -37.324    -72.113    200.606
     -6.841     69.074     81.015   -460.554    -37.320    -72.221    200.468
     -6.843     69.149     81.160   -460.954    -37.315    -72.328    200.331
     -6.845     69.224     81.304   -461.355    -37.311    -72.436    200.194
     -6.847     69.298     81.449   -461.755    -37.307    -72.542    200.056
     -6.849     69.373     81.595   -462.155    -37.302    -72.649    199.919
     -6.851     69.448     81.740   -462.555    -37.298    -72.755    199.782
     -6.853     69.522     81.886   -462.954    -37.294    -72.861    199.645
     -6.855     69.597     82.031   -463.353    -37.289    -72.967    199.508
     -6.857     69.671     82.177   -463.752    -37.285    -73.072    199.371
     -6.859     69.746     82.324   -464.151    -37.280    -73.177    199.234
     -6.861     69.820     82.470   -464.549    -37.276    -73.282    199.098
     -6.863     69.895     82.617   -464.947    -37.271    -73.386    198.961
     -6.865     69.970     82.764   -465.345    -37.266    -73.491    198.824
     -6.867     70.044     82.911   -465.743    -37.262    -73.594    198.688
     -6.869     70.119     83.058   -466.140    -37.257    -73.698    198.551
     -6.871     70.193     83.206   -466.537    -37.252    -73.801    198.415
     -6.873     70.268     83.353   -466.934    -37.247    -73.904    198.278
     -6.875     70.342     83.501   -467.330    -37.243    -74.007    198.142
     -6.877     70.417     83.649   -467.726    -37.238    -74.109    198.006
     -6.879     70.491     83.798   -468.122    -37.233    -74.211    197.870
     -6.881     70.565     83.946   -468.518    -37.228    -74.313    197.734
     -6.883     70.640     84.095   -468.913    -37.223    -74.415    197.598
     -6.885     70.714     84.244   -469.308    -37.218    -74.516    197.462
     -6.887     70.789     84.393   -469.703    -37.213    -74.617    197.326
     -6.889     70.863     84.542   -470.097    -37.208    -74.717    197.190
     -6.891     70.938     84.692   -470.492    -37.203    -74.817    197.055
     -6.893     71.012     84.841   -470.885    -37.198    -74.918    196.919
     -6.895     71.086     84.991   -471.279    -37.193    -75.017    196.783
     -6.897     71.161     85.142   -471.673    -37.188    -75.117    196.648
     -6.899     71.235     85.292   -472.066    -37.183    -75.216    196.513
     -6.901     71.310     85.442   -472.459    -37.178    -75.315    196.377
     -6.903     71.384     85.593   -472.851    -37.172    -75.413    196.242
     -6.905     71.458     85.744   -473.244    -37.167    -75.512    196.107
     -6.907     71.533     85.895   -473.636    -37.162    -75.610    195.972
     -6.909     71.607     86.047   -474.028    -37.157    -75.707    195.837
     -6.911     71.681     86.198   -474.419    -37.151    -75.805    195.702
     -6.913     71.755     86.350   -474.810    -37.146    -75.902    195.567
     -6.915     71.830     86.502   -475.201    -37.141    -75.999    195.432
     -6.917     71.904     86.654   -475.592    -37.135    -76.096    195.297
     -6.919     71.978     86.806   -475.983    -37.130    -76.192    195.163
     -6.921     72.053     86.959   -476.373    -37.124    -76.288    195.028
     -6.923     72.127     87.111   -476.763    -37.119    -76.384    194.894
     -6.925     72.201     87.264   -477.152    -37.113    -76.480    194.759
     -6.927     72.275     87.417   -477.542    -37.108    -76.575    194.625
     -6.929     72.349     87.570   -477.931    -37.102    -76.670    194.491
     -6.931     72.424     87.724   -478.320    -37.096    -76.765    194.357
     -6.933     72.498     87.877   -478.708    -37.091    -76.859    194.222
     -6.935     72.572     88.031   -479.097    -37.085    -76.953    194.088
     -6.937     72.646     88.185   -479.485    -37.079    -77.047    193.954
     -6.939     72.720     88.339   -479.872    -37.074    -77.141    193.821
     -6.941     72.794     88.494   -480.260    -37.068    -77.234    193.687
     -6.943     72.869     88.648   -480.647    -37.062    -77.327    193.553
     -6.945     72.943     88.803   -481.034    -37.056    -77.420    193.420
     -6.947     73.017     88.958   -481.421    -37.051    -77.513    193.286
     -6.949     73.091     89.113   -481.807    -37.045    -77.605    193.153
     -6.951     73.165     89.268   -482.193    -37.039    -77.697    193.019
     -6.953     73.239     89.424   -482.579    -37.033    -77.789    192.886
     -6.955     73.313     89.580   -482.965    -37.027    -77.880    192.753
     -6.957     73.387     89.735   -483.350    -37.021    -77.972    192.620
     -6.959     73.461     89.891   -483.735    -37.015    -78.063    192.486
     -6.961     73.535     90.048   -484.120    -37.009    -78.153    192.353
     -6.963     73.609     90.204   -484.505    -37.003    -78.244    192.221
     -6.965     73.683     90.361   -484.889    -36.997    -78.334    192.088
     -6.967     73.757     90.517   -485.273    -36.991    -78.424    191.955
     -6.969     73.831     90.674   -485.657    -36.985    -78.514    191.822
     -6.971     73.905     90.831   -486.040    -36.979    -78.603    191.690
     -6.973     73.979     90.989   -486.424    -36.972    -78.692    191.557
     -6.975     74.053     91.146   -486.807    -36.966    -78.781    191.425
     -6.977     74.127     91.304   -487.189    -36.960    -78.870    191.293
     -6.979     74.201     91.462   -487.572    -36.954    -78.959    191.160
     -6.981     74.275     91.620   -487.954    -36.948    -79.047    191.028
     -6.983     74.349     91.778   -488.336    -36.941    -79.135    190.896
     -6.985     74.423     91.936   -488.718    -36.935    -79.222    190.764
     -6.987     74.496     92.095   -489.099    -36.929    -79.310    190.632
     -6.989     74.570     92.254   -489.480    -36.922    -79.397    190.500
     -6.991     74.644     92.412   -489.861    -36.916    -79.484    190.369
     -6.993     74.718     92.571   -490.242    -36.910    -79.571    190.237
     -6.995     74.792     92.731   -490.622    -36.903    -79.657    190.105
     -6.997     74.866     92.890   -491.002    -36.897    -79.743    189.974
     -6.999     74.939     93.050   -491.382    -36.890    -79.829    189.843
     -7.001     75.013     93.209   -491.761    -36.884    -79.915    189.711
     -7.003     75.087     93.369   -492.141    -36.877    -80.000    189.580
     -7.005     75.161     93.529   -492.520    -36.871    -80.086    189.449
     -7.007     75.234     93.690   -492.899    -36.864    -80.171    189.318
     -7.009     75.308     93.850   -493.277    -36.858    -80.255    189.187
     -7.011     75.382     94.011   -493.655    -36.851    -80.340    189.056
     -7.013     75.456     94.171   -494.033    -36.844    -80.424    188.925
     -7.015     75.529     94.332   -494.411    -36.838    -80.508    188.794
     -7.017     75.603     94.493   -494.788    -36.831    -80.592    188.664
     -7.019     75.677     94.655   -495.166    -36.824    -80.676    188.533
     -7.021     75.750     94.816   -495.543    -36.818    -80.759    188.403
     -7.023     75.824     94.978   -495.919    -36.811    -80.842    188.272
     -7.025     75.897     95.140   -496.296    -36.804    -80.925    188.142
     -7.027     75.971     95.301   -496.672    -36.798    -81.007    188.012
     -7.029     76.045     95.464   -497.048    -36.791    -81.090    187.881
     -7.031     76.118     95.626   -497.423    -36.784    -81.172    187.751
     -7.033     76.192     95.788   -497.799    -36.777    -81.254    187.621
     -7.035     76.265     95.951   -498.174    -36.770    -81.336    187.492
     -7.037     76.339     96.114   -498.549    -36.763    -81.417    187.362
     -7.039     76.412     96.277   -498.923    -36.757    -81.498    187.232
     -7.041     76.486     96.440   -499.298    -36.750    -81.579    187.102
     -7.043     76.559     96.603   -499.672    -36.743    -81.660    186.973
     -7.045     76.633     96.766   -500.045    -36.736    -81.741    186.843
     -7.047     76.706     96.930   -500.419    -36.729    -81.821    186.714
     -7.049     76.780     97.094   -500.792    -36.722    -81.901    186.585
     -7.051     76.853     97.257   -501.165    -36.715    -81.981    186.455
     -7.053     76.927     97.421   -501.538    -36.708    -82.060    186.326
     -7.055     77.000     97.586   -501.911    -36.701    -82.140    186.197
     -7.057     77.073     97.750   -502.283    -36.694    -82.219    186.068
     -7.059     77.147     97.915   -502.655    -36.686    -82.298    185.940
     -7.061     77.220     98.079   -503.027    -36.679    -82.377    185.811
     -7.063     77.293     98.244   -503.398    -36.672    -82.455    185.682
     -7.065     77.367     98.409   -503.769    -36.665    -82.533    185.553
     -7.067     77.440     98.574   -504.140    -36.658    -82.612    185.425
     -7.069     77.513     98.739   -504.511    -36.651    -82.689    185.297
     -7.071     77.587     98.905   -504.882    -36.644    -82.767    185.168
     -7.073     77.660     99.071   -505.252    -36.636    -82.844    185.040
     -7.075     77.733     99.236   -505.622    -36.629    -82.922    184.912
     -7.077     77.807     99.402   -505.991    -36.622    -82.999    184.784
     -7.079     77.880     99.568   -506.361    -36.615    -83.075    184.656
     -7.081     77.953     99.735   -506.730    -36.607    -83.152    184.528
     -7.083     78.026     99.901   -507.099    -36.600    -83.228    184.400
     -7.085     78.099    100.067   -507.468    -36.593    -83.304    184.272
     -7.087     78.173    100.234   -507.836    -36.585    -83.380    184.145
     -7.089     78.246    100.401   -508.204    -36.578    -83.456    184.017
     -7.091     78.319    100.568   -508.572    -36.570    -83.531    183.890
     -7.093     78.392    100.735   -508.940    -36.563    -83.607    183.762
     -7.095     78.465    100.902   -509.307    -36.556    -83.682    183.635
     -7.097     78.538    101.070   -509.674    -36.548    -83.756    183.508
     -7.099     78.611    101.237   -510.041    -36.541    -83.831    183.381
     -7.101     78.684    101.405   -510.408    -36.533    -83.905    183.254
     -7.103     78.757    101.573   -510.774    -36.526    -83.980    183.127
     -7.105     78.831    101.741   -511.140    -36.518    -84.054    183.000
     -7.107     78.904    101.909   -511.506    -36.511    -84.127    182.873
     -7.109     78.977    102.078   -511.872    -36.503    -84.201    182.746
     -7.111     79.050    102.246   -512.237    -36.496    -84.274    182.620
     -7.113     79.123    102.415   -512.602    -36.488    -84.348    182.493
     -7.115     79.196    102.583   -512.967    -36.480    -84.420    182.367
     -7.117     79.268    102.752   -513.332    -36.473    -84.493    182.240
     -7.119     79.341    102.921   -513.696    -36.465    -84.566    182.114
     -7.121     79.414    103.091   -514.060    -36.458    -84.638    181.988
     -7.123     79.487    103.260   -514.424    -36.450    -84.710    181.862
     -7.125     79.560    103.429   -514.788    -36.442    -84.782    181.736
     -7.127     79.633    103.599   -515.151    -36.435    -84.854    181.610
     -7.129     79.706    103.769   -515.514    -36.427    -84.925    181.484
     -7.131     79.779    103.939   -515.877    -36.419    -84.997    181.359
     -7.133     79.852    104.109   -516.240    -36.411    -85.068    181.233
     -7.135     79.924    104.279   -516.602    -36.404    -85.139    181.107
     -7.137     79.997    104.449   -516.964    -36.396    -85.210    180.982
     -7.139     80.070    104.620   -517.326    -36.388    -85.280    180.857
     -7.141     80.143    104.791   -517.687    -36.380    -85.350    180.731
     -7.143     80.215    104.961   -518.049    -36.372    -85.421    180.606
     -7.145     80.288    105.132   -518.410    -36.365    -85.490    180.481
     -7.147     80.361    105.303   -518.771    -36.357    -85.560    180.356
     -7.149     80.434    105.474   -519.131    -36.349    -85.630    180.231
     -7.151     80.506    105.646   -519.492    -36.341    -85.699    180.106
     -7.153     80.579    105.817   -519.852    -36.333    -85.768    179.982
     -7.155     80.652    105.989   -520.212    -36.325    -85.837    179.857
     -7.157     80.724    106.161   -520.571    -36.317    -85.906    179.732
     -7.159     80.797    106.332   -520.931    -36.309    -85.975    179.608
     -7.161     80.870    106.504   -521.290    -36.301    -86.043    179.484
     -7.163     80.942    106.677   -521.648    -36.293    -86.111    179.359
     -7.165     81.015    106.849   -522.007    -36.285    -86.179    179.235
     -7.167     81.087    107.021   -522.365    -36.274    -86.241    179.097
     -7.169     81.160    107.194   -522.723    -36.264    -86.302    178.959
     -7.171     81.232    107.367   -523.081    -36.253    -86.364    178.821
     -7.173     81.305    107.539   -523.439    -36.242    -86.425    178.683
     -7.175     81.377    107.712   -523.796    -36.231    -86.486    178.546
     -7.177     81.450    107.885   -524.153    -36.220    -86.546    178.409
     -7.179     81.522    108.058   -524.510    -36.209    -86.607    178.271
     -7.181     81.595    108.232   -524.866    -36.198    -86.667    178.134
     -7.183     81.667    108.405   -525.222    -36.187    -86.727    177.997
     -7.185     81.739    108.579   -525.578    -36.176    -86.786    177.861
     -7.187     81.812    108.752   -525.934    -36.165    -86.846    177.724
     -7.189     81.884    108.926   -526.289    -36.154    -86.905    177.588
     -7.191     81.956    109.100   -526.644    -36.143    -86.964    177.452
     -7.193     82.029    109.274   -526.999    -36.132    -87.023    177.316
     -7.195     82.101    109.448   -527.353    -36.121    -87.082    177.180
     -7.197     82.173    109.622   -527.707    -36.110    -87.141    177.044
     -7.199     82.245    109.797   -528.061    -36.099    -87.199    176.909
     -7.201     82.317    109.971   -528.415    -36.088    -87.257    176.773
     -7.203     82.390    110.146   -528.768    -36.077    -87.315    176.638
     -7.205     82.462    110.320   -529.122    -36.066    -87.372    176.503
     -7.207     82.534    110.495   -529.474    -36.055    -87.430    176.368
     -7.209     82.606    110.670   -529.827    -36.044    -87.487    176.233
     -7.211     82.678    110.845   -530.179    -36.033    -87.544    176.099
     -7.213     82.750    111.020   -530.531    -36.022    -87.601    175.964
     -7.215     82.822    111.195   -530.883    -36.011    -87.658    175.830
     -7.217     82.894    111.371   -531.235    -36.000    -87.714    175.696
     -7.219     82.966    111.546   -531.586    -35.989    -87.770    175.562
     -7.221     83.038    111.722   -531.937    -35.978    -87.826    175.428
     -7.223     83.110    111.898   -532.288    -35.967    -87.882    175.294
     -7.225     83.182    112.073   -532.638    -35.956    -87.938    175.161
     -7.227     83.254    112.249   -532.988    -35.945    -87.993    175.028
     -7.229     83.326    112.425   -533.338    -35.934    -88.049    174.894
     -7.231     83.398    112.601   -533.688    -35.922    -88.104    174.761
     -7.233     83.469    112.778   -534.037    -35.911    -88.158    174.628
     -7.235     83.541    112.954   -534.386    -35.900    -88.213    174.496
     -7.237     83.613    113.131   -534.735    -35.889    -88.267    174.363
     -7.239     83.685    113.307   -535.084    -35.878    -88.322    174.231
     -7.241     83.757    113.484   -535.432    -35.867    -88.376    174.099
     -7.243     83.828    113.661   -535.780    -35.856    -88.430    173.967
     -7.245     83.900    113.838   -536.128    -35.845    -88.483    173.835
     -7.247     83.972    114.015   -536.476    -35.833    -88.537    173.703
     -7.249     84.043    114.192   -536.823    -35.822    -88.590    173.571
     -7.251     84.115    114.369   -537.170    -35.811    -88.643    173.440
     -7.253     84.187    114.546   -537.517    -35.800    -88.696    173.309
     -7.255     84.258    114.724   -537.863    -35.789    -88.749    173.177
     -7.257     84.330    114.901   -538.209    -35.778    -88.801    173.046
     -7.259     84.401    115.079   -538.555    -35.767    -88.854    172.916
     -7.261     84.473    115.257   -538.901    -35.755    -88.906    172.785
     -7.263     84.544    115.435   -539.246    -35.744    -88.958    172.654
     -7.265     84.616    115.613   -539.592    -35.733    -89.010    172.524
     -7.267     84.687    115.791   -539.937    -35.722    -89.061    172.394
     -7.269     84.759    115.969   -540.281    -35.711    -89.113    172.264
     -7.271     84.830    116.147   -540.626    -35.699    -89.164    172.134
     -7.273     84.901    116.325   -540.970    -35.688    -89.215    172.004
     -7.275     84.973    116.504   -541.314    -35.677    -89.266    171.874
     -7.277     85.044    116.683   -541.657    -35.666    -89.316    171.745
     -7.279     85.115    116.861   -542.001    -35.655    -89.367    171.616
     -7.281     85.187    117.040   -542.344    -35.643    -89.417    171.486
     -7.283     85.258    117.219   -542.687    -35.632    -89.467    171.357
     -7.285     85.329    117.398   -543.029    -35.621    -89.517    171.229
     -7.287     85.401    117.577   -543.372    -35.610    -89.567    171.100
     -7.289     85.472    117.756   -543.714    -35.599    -89.617    170.971
     -7.291     85.543    117.935   -544.055    -35.587    -89.666    170.843
     -7.293     85.614    118.115   -544.397    -35.576    -89.715    170.715
     -7.295     85.685    118.294   -544.738    -35.565    -89.764    170.587
     -7.297     85.756    118.474   -545.079    -35.554    -89.813    170.459
     -7.299     85.827    118.654   -545.420    -35.542    -89.862    170.331
     -7.301     85.898    118.833   -545.761    -35.531    -89.911    170.203
     -7.303     85.970    119.013   -546.101    -35.520    -89.959    170.076
     -7.305     86.041    119.193   -546.441    -35.509    -90.007    169.948
     -7.307     86.112    119.373   -546.781    -35.497    -90.055    169.821
     -7.309     86.183    119.553   -547.120    -35.486    -90.103    169.694
     -7.311     86.254    119.734   -547.459    -35.475    -90.151    169.567
     -7.313     86.324    119.914   -547.798    -35.464    -90.198    169.440
     -7.315     86.395    120.094   -548.137    -35.452    -90.245    169.314
     -7.317     86.466    120.275   -548.476    -35.441    -90.293    169.187
     -7.319     86.537    120.456   -548.814    -35.430    -90.340    169.061
     -7.321     86.608    120.636   -549.152    -35.418    -90.386    168.935
     -7.323     86.679    120.817   -549.490    -35.407    -90.433    168.809
     -7.325     86.750    120.998   -549.827    -35.396    -90.480    168.683
     -7.327     86.820    121.179   -550.164    -35.385    -90.526    168.557
     -7.329     86.891    121.360   -550.501    -35.373    -90.572    168.431
     -7.331     86.962    121.541   -550.838    -35.362    -90.618    168.306
     -7.333     87.033    121.723   -551.175    -35.351    -90.664    168.181
     -7.335     87.103    121.904   -551.511    -35.339    -90.710    168.055
     -7.337     87.174    122.085   -551.847    -35.328    -90.755    167.930
     -7.339     87.245    122.267   -552.183    -35.317    -90.800    167.805
     -7.341     87.315    122.449   -552.518    -35.305    -90.846    167.681
     -7.343     87.386    122.630   -552.853    -35.294    -90.891    167.556
     -7.345     87.456    122.812   -553.188    -35.283    -90.935    167.432
     -7.347     87.527    122.994   -553.523    -35.272    -90.980    167.307
     -7.349     87.597    123.176   -553.858    -35.260    -91.025    167.183
     -7.351     87.668    123.358   -554.192    -35.249    -91.069    167.059
     -7.353     87.738    123.540   -554.526    -35.238    -91.113    166.935
     -7.355     87.809    123.723   -554.860    -35.226    -91.157    166.812
     -7.357     87.879    123.905   -555.193    -35.215    -91.201    166.688
     -7.359     87.950    124.087   -555.526    -35.204    -91.245    166.565
     -7.361     88.020    124.270   -555.859    -35.192    -91.288    166.441
     -7.363     88.091    124.453   -556.192    -35.181    -91.332    166.318
     -7.365     88.161    124.635   -556.525    -35.170    -91.375    166.195
     -7.367     88.231    124.818   -556.857    -35.158    -91.418    166.072
     -7.369     88.302    125.001   -557.189    -35.147    -91.461    165.949
     -7.371     88.372    125.184   -557.521    -35.136    -91.504    165.827
     -7.373     88.442    125.367   -557.852    -35.124    -91.547    165.704
     -7.375     88.512    125.550   -558.183    -35.113    -91.589    165.582
     -7.377     88.583    125.733   -558.514    -35.102    -91.631    165.460
     -7.379     88.653    125.917   -558.845    -35.090    -91.674    165.338
     -7.381     88.723    126.100   -559.176    -35.079    -91.716    165.216
     -7.383     88.793    126.284   -559.506    -35.067    -91.757    165.094
     -7.385     88.863    126.467   -559.836    -35.056    -91.799    164.972
     -7.387     88.933    126.651   -560.166    -35.045    -91.841    164.851
     -7.389     89.003    126.834   -560.496    -35.033    -91.882    164.730
     -7.391     89.073    127.018   -560.825    -35.022    -91.923    164.608
     -7.393     89.143    127.202   -561.154    -35.011    -91.965    164.487
     -7.395     89.213    127.386   -561.483    -34.999    -92.006    164.366
     -7.397     89.283    127.570   -561.812    -34.988    -92.046    164.246
     -7.399     89.353    127.754   -562.140    -34.977    -92.087    164.125
     -7.401     89.423    127.939   -562.468    -34.965    -92.128    164.004
     -7.403     89.493    128.123   -562.796    -34.954    -92.168    163.884
     -7.405     89.563    128.307   -563.124    -34.943    -92.208    163.764
     -7.407     89.633    128.492   -563.451    -34.931    -92.248    163.644
     -7.409     89.703    128.676   -563.778    -34.920    -92.288    163.524
     -7.411     89.773    128.861   -564.105    -34.908    -92.328    163.404
     -7.413     89.843    129.046   -564.432    -34.897    -92.368    163.284
     -7.415     89.912    129.230   -564.758    -34.886    -92.407    163.165
     -7.417     89.982    129.415   -565.084    -34.874    -92.447    163.045
     -7.419     90.052    129.600   -565.410    -34.863    -92.486    162.926
     -7.421     90.122    129.785   -565.736    -34.852    -92.525    162.807
     -7.423     90.191    129.970   -566.062    -34.840    -92.564    162.688
     -7.425     90.261    130.155   -566.387    -34.829    -92.603    162.569
     -7.427     90.331    130.341   -566.712    -34.817    -92.641    162.450
     -7.429     90.400    130.526   -567.037    -34.806    -92.680    162.331
     -7.431     90.470    130.711   -567.361    -34.795    -92.718    162.213
     -7.433     90.539    130.897   -567.686    -34.783    -92.756    162.095
     -7.435     90.609    131.082   -568.010    -34.772    -92.794    161.976
     -7.437     90.678    131.268   -568.333    -34.761    -92.832    161.858
     -7.439     90.748    131.454   -568.657    -34.749    -92.870    161.740
     -7.441     90.817    131.639   -568.980    -34.738    -92.908    161.622
     -7.443     90.887    131.825   -569.304    -34.726    -92.945    161.505
     -7.445     90.956    132.011   -569.626    -34.715    -92.983    161.387
     -7.447     91.026    132.197   -569.949    -34.704    -93.020    161.270
     -7.449     91.095    132.383   -570.271    -34.692    -93.057    161.152
     -7.451     91.165    132.569   -570.594    -34.681    -93.094    161.035
     -7.453     91.234    132.756   -570.916    -34.670    -93.131    160.918
     -7.455     91.303    132.942   -571.237    -34.658    -93.168    160.801
     -7.457     91.373    133.128   -571.559    -34.647    -93.205    160.685
     -7.459     91.442    133.315   -571.880    -34.635    -93.241    160.568
     -7.461     91.511    133.501   -572.201    -34.624    -93.277    160.451
     -7.463     91.580    133.688   -572.522    -34.613    -93.314    160.335
     -7.465     91.649    133.875   -572.842    -34.601    -93.350    160.219
     -7.467     91.719    134.061   -573.163    -34.590    -93.386    160.103
     -7.469     91.788    134.248   -573.483    -34.578    -93.421    159.987
     -7.471     91.857    134.435   -573.803    -34.567    -93.457    159.871
     -7.473     91.926    134.622   -574.122    -34.556    -93.493    159.755
     -7.475     91.995    134.809   -574.442    -34.544    -93.528    159.639
     -7.477     92.064    134.996   -574.761    -34.533    -93.563    159.524
     -7.479     92.133    135.183   -575.080    -34.522    -93.598    159.409
     -7.481     92.202    135.370   -575.399    -34.510    -93.633    159.293
     -7.483     92.271    135.558   -575.717    -34.499    -93.668    159.178
     -7.485     92.340    135.745   -576.035    -34.487    -93.703    159.063
     -7.487     92.409    135.933   -576.353    -34.476    -93.738    158.949
     -7.489     92.478    136.120   -576.671    -34.465    -93.772    158.834
     -7.491     92.547    136.308   -576.989    -34.453    -93.807    158.719
     -7.493     92.616    136.495   -577.306    -34.442    -93.841    158.605
     -7.495     92.685    136.683   -577.623    -34.430    -93.875    158.490
     -7.497     92.754    136.871   -577.940    -34.419    -93.909    158.376
     -7.499     92.823    137.059   -578.257    -34.408    -93.943    158.262
     -7.501     92.891    137.247   -578.573    -34.396    -93.977    158.148
     -7.503     92.960    137.435   -578.889    -34.385    -94.010    158.034
     -7.505     93.029    137.623   -579.205    -34.374    -94.044    157.921
     -7.507     93.098    137.811   -579.521    -34.362    -94.077    157.807
     -7.509     93.166    137.999   -579.836    -34.351    -94.110    157.694
     -7.511     93.235    138.187   -580.152    -34.339    -94.144    157.580
     -7.513     93.304    138.375   -580.467    -34.328    -94.177    157.467
     -7.515     93.372    138.564   -580.781    -34.317    -94.209    157.354
     -7.517     93.441    138.752   -581.096    -34.305    -94.242    157.241
     -7.519     93.510    138.941   -581.410    -34.294    -94.275    157.128
     -7.521     93.578    139.129   -581.725    -34.282    -94.307    157.016
     -7.523     93.647    139.318   -582.038    -34.271    -94.340    156.903
     -7.525     93.715    139.507   -582.352    -34.260    -94.372    156.791
     -7.527     93.784    139.696   -582.666    -34.248    -94.404    156.678
     -7.529     93.852    139.884   -582.979    -34.237    -94.436    156.566
     -7.531     93.921    140.073   -583.292    -34.226    -94.468    156.454
     -7.533     93.989    140.262   -583.605    -34.214    -94.500    156.342
     -7.535     94.058    140.451   -583.917    -34.203    -94.532    156.230
     -7.537     94.126    140.640   -584.230    -34.191    -94.563    156.119
     -7.539     94.194    140.830   -584.542    -34.180    -94.595    156.007
     -7.541     94.263    141.019   -584.854    -34.169    -94.626    155.895
     -7.543     94.331    141.208   -585.165    -34.157    -94.657    155.784
     -7.545     94.399    141.397   -585.477    -34.146    -94.688    155.673
     -7.547     94.468    141.587   -585.788    -34.135    -94.719    155.562
     -7.549     94.536    141.776   -586.099    -34.123    -94.750    155.451
     -7.551     94.604    141.966   -586.410    -34.112    -94.781    155.340
     -7.553     94.672    142.155   -586.720    -34.100    -94.812    155.229
     -7.555     94.741    142.345   -587.031    -34.089    -94.842    155.119
     -7.557     94.809    142.535   -587.341    -34.078    -94.873    155.008
     -7.559     94.877    142.725   -587.651    -34.066    -94.903    154.898
     -7.561     94.945    142.914   -587.960    -34.055    -94.933    154.787
     -7.563     95.013    143.104   -588.270    -34.044    -94.963    154.677
     -7.565     95.081    143.294   -588.579    -34.032    -94.993    154.567
     -7.567     95.149    143.484   -588.888    -34.021    -95.023    154.457
     -7.569     95.217    143.674   -589.197    -34.010    -95.053    154.348
     -7.571     95.285    143.864   -589.506    -33.998    -95.082    154.238
     -7.573     95.353    144.055   -589.814    -33.987    -95.112    154.128
     -7.575     95.421    144.245   -590.122    -33.975    -95.141    154.019
     -7.577     95.489    144.435   -590.430    -33.964    -95.171    153.910
     -7.579     95.557    144.626   -590.738    -33.953    -95.200    153.800
     -7.581     95.625    144.816   -591.045    -33.941    -95.229    153.691
     -7.583     95.693    145.007   -591.352    -33.930    -95.258    153.582
     -7.585     95.761    145.197   -591.660    -33.919    -95.287    153.474
     -7.587     95.828    145.388   -591.966    -33.907    -95.315    153.365
     -7.589     95.896    145.578   -592.273    -33.896    -95.344    153.256
     -7.591     95.964    145.769   -592.579    -33.885    -95.373    153.148
     -7.593     96.032    145.960   -592.886    -33.873    -95.401    153.039
     -7.595     96.100    146.151   -593.192    -33.862    -95.429    152.931
     -7.597     96.167    146.342   -593.497    -33.851    -95.458    152.823
     -7.599     96.235    146.532   -593.803    -33.839    -95.486    152.715
     -7.601     96.303    146.723   -594.108    -33.828    -95.514    152.607
     -7.603     96.370    146.915   -594.413    -33.817    -95.542    152.499
     -7.605     96.438    147.106   -594.718    -33.805    -95.569    152.392
     -7.607     96.506    147.297   -595.023    -33.794    -95.597    152.284
     -7.609     96.573    147.488   -595.327    -33.783    -95.625    152.177
     -7.611     96.641    147.679   -595.632    -33.771    -95.652    152.069
     -7.613     96.708    147.871   -595.936    -33.760    -95.679    151.962
     -7.615     96.776    148.062   -596.239    -33.749    -95.707    151.855
     -7.617     96.843    148.253   -596.543    -33.737    -95.734    151.748
     -7.619     96.911    148.445   -596.846    -33.726    -95.761    151.641
     -7.621     96.978    148.636   -597.150    -33.715    -95.788    151.534
     -7.623     97.045    148.828   -597.453    -33.703    -95.815    151.428
     -7.625     97.113    149.020   -597.755    -33.692    -95.841    151.321
     -7.627     97.180    149.211   -598.058    -33.681    -95.868    151.215
     -7.629     97.248    149.403   -598.360    -33.669    -95.895    151.109
     -7.631     97.315    149.595   -598.662    -33.658    -95.921    151.002
     -7.633     97.382    149.787   -598.964    -33.647    -95.947    150.896
     -7.635     97.450    149.979   -599.266    -33.635    -95.974    150.790
     -7.637     97.517    150.171   -599.567    -33.624    -96.000    150.685
     -7.639     97.584    150.363   -599.869    -33.613    -96.026    150.579
     -7.641     97.651    150.555   -600.170    -33.602    -96.052    150.473
     -7.643     97.718    150.747   -600.470    -33.590    -96.077    150.368
     -7.645     97.786    150.939   -600.771    -33.579    -96.103    150.262
     -7.647     97.853    151.131   -601.072    -33.568    -96.129    150.157
     -7.649     97.920    151.324   -601.372    -33.556    -96.154    150.052
     -7.651     97.987    151.516   -601.672    -33.545    -96.180    149.947
     -7.653     98.054    151.708   -601.972    -33.534    -96.205    149.842
     -7.655     98.121    151.901   -602.271    -33.522    -96.230    149.737
     -7.657     98.188    152.093   -602.570    -33.511    -96.256    149.632
     -7.659     98.255    152.286   -602.870    -33.500    -96.281    149.528
     -7.661     98.322    152.478   -603.169    -33.489    -96.305    149.423
     -7.663     98.389    152.671   -603.467    -33.477    -96.330    149.319
     -7.665     98.456    152.864   -603.766    -33.466    -96.355    149.214
     -7.667     98.523    153.057   -604.064    -33.455    -96.380    149.110
     -7.669     98.590    153.249   -604.362    -33.443    -96.404    149.006
     -7.671     98.657    153.442   -604.660    -33.432    -96.429    148.902
     -7.673     98.724    153.635   -604.958    -33.421    -96.453    148.798
     -7.675     98.790    153.828   -605.255    -33.410    -96.477    148.695
     -7.677     98.857    154.021   -605.553    -33.398    -96.502    148.591
     -7.679     98.924    154.214   -605.850    -33.387    -96.526    148.487
     -7.681     98.991    154.407   -606.147    -33.376    -96.550    148.384
     -7.683     99.058    154.600   -606.443    -33.365    -96.574    148.281
     -7.685     99.124    154.793   -606.740    -33.353    -96.597    148.177
     -7.687     99.191    154.987   -607.036    -33.342    -96.621    148.074
     -7.689     99.258    155.180   -607.332    -33.331    -96.645    147.971
     -7.691     99.324    155.373   -607.628    -33.319    -96.668    147.869
     -7.693     99.391    155.567   -607.924    -33.308    -96.692    147.766
     -7.695     99.457    155.760   -608.219    -33.297    -96.715    147.663
     -7.697     99.524    155.953   -608.514    -33.286    -96.738    147.561
     -7.699     99.591    156.147   -608.809    -33.274    -96.761    147.458
     -7.701     99.657    156.340   -609.104    -33.263    -96.785    147.356
     -7.703     99.724    156.534   -609.399    -33.252    -96.807    147.254
     -7.705     99.790    156.728   -609.693    -33.241    -96.830    147.151
     -7.707     99.857    156.921   -609.987    -33.230    -96.853    147.049
     -7.709     99.923    157.115   -610.281    -33.218    -96.876    146.947
     -7.711     99.990    157.309   -610.575    -33.207    -96.898    146.846
     -7.713    100.056    157.503   -610.869    -33.196    -96.921    146.744
     -7.715    100.122    157.697   -611.162    -33.185    -96.943    146.642
     -7.717    100.189    157.890   -611.455    -33.173    -96.966    146.541
     -7.719    100.255    158.084   -611.748    -33.162    -96.988    146.439
     -7.721    100.321    158.278   -612.041    -33.151    -97.010    146.338
     -7.723    100.388    158.472   -612.333    -33.140    -97.032    146.237
     -7.725    100.454    158.667   -612.626    -33.128    -97.054    146.136
     -7.727    100.520    158.861   -612.918    -33.117    -97.076    146.035
     -7.729    100.586    159.055   -613.210    -33.106    -97.098    145.934
     -7.731    100.653    159.249   -613.502    -33.095    -97.120    145.833
     -7.733    100.719    159.443   -613.793    -33.084    -97.141    145.733
     -7.735    100.785    159.638   -614.085    -33.072    -97.163    145.632
     -7.737    100.851    159.832   -614.376    -33.061    -97.184    145.532
     -7.739    100.917    160.026   -614.667    -33.050    -97.206    145.431
     -7.741    100.983    160.221   -614.958    -33.039    -97.227    145.331
     -7.743    101.049    160.415   -615.248    -33.028    -97.248    145.231
     -7.745    101.115    160.610   -615.539    -33.016    -97.269    145.131
     -7.747    101.181    160.804   -615.829    -33.005    -97.290    145.031
     -7.749    101.247    160.999   -616.119    -32.994    -97.311    144.931
     -7.751    101.313    161.194   -616.408    -32.983    -97.332    144.831
     -7.753    101.379    161.388   -616.698    -32.972    -97.353    144.732
     -7.755    101.445    161.583   -616.987    -32.960    -97.374    144.632
     -7.757    101.511    161.778   -617.276    -32.949    -97.394    144.533
     -7.759    101.577    161.973   -617.565    -32.938    -97.415    144.433
     -7.761    101.643    162.167   -617.854    -32.927    -97.435    144.334
     -7.763    101.709    162.362   -618.143    -32.916    -97.456    144.235
     -7.765    101.775    162.557   -618.431    -32.905    -97.476    144.136
     -7.767    101.840    162.752   -618.719    -32.893    -97.496    144.037
     -7.769    101.906    162.947   -619.007    -32.882    -97.516    143.938
     -7.771    101.972    163.142   -619.295    -32.871    -97.536    143.840
     -7.773    102.038    163.337   -619.583    -32.860    -97.556    143.741
     -7.775    102.103    163.532   -619.870    -32.849    -97.576    143.643
     -7.777    102.169    163.728   -620.157    -32.838    -97.596    143.544
     -7.779    102.235    163.923   -620.444    -32.826    -97.616    143.446
     -7.781    102.300    164.118   -620.731    -32.815    -97.635    143.348
     -7.783    102.366    164.313   -621.018    -32.804    -97.655    143.249
     -7.785    102.431    164.509   -621.304    -32.793    -97.674    143.151
     -7.787    102.497    164.704   -621.590    -32.782    -97.694    143.054
     -7.789    102.563    164.900   -621.876    -32.771    -97.713    142.956
     -7.791    102.628    165.095   -622.162    -32.760    -97.732    142.858
     -7.793    102.694    165.290   -622.448    -32.749    -97.751    142.760
     -7.795    102.759    165.486   -622.733    -32.737    -97.771    142.663
     -7.797    102.825    165.682   -623.018    -32.726    -97.790    142.565
     -7.799    102.890    165.877   -623.303    -32.715    -97.808    142.468
     -7.801    102.955    166.073   -623.588    -32.704    -97.827    142.371
     -7.803    103.021    166.268   -623.873    -32.693    -97.846    142.274
     -7.805    103.086    166.464   -624.157    -32.682    -97.865    142.177
     -7.807    103.152    166.660   -624.442    -32.671    -97.883    142.080
     -7.809    103.217    166.856   -624.726    -32.660    -97.902    141.983
     -7.811    103.282    167.052   -625.009    -32.648    -97.920    141.886
     -7.813    103.348    167.247   -625.293    -32.637    -97.939    141.790
     -7.815    103.413    167.443   -625.577    -32.626    -97.957    141.693
     -7.817    103.478    167.639   -625.860    -32.615    -97.975    141.597
     -7.819    103.543    167.835   -626.143    -32.604    -97.993    141.500
     -7.821    103.608    168.031   -626.426    -32.593    -98.011    141.404
     -7.823    103.674    168.227   -626.709    -32.582    -98.029    141.308
     -7.825    103.739    168.423   -626.991    -32.571    -98.047    141.212
     -7.827    103.804    168.619   -627.273    -32.560    -98.065    141.116
     -7.829    103.869    168.816   -627.556    -32.549    -98.083    141.020
     -7.831    103.934    169.012   -627.838    -32.538    -98.100    140.924
     -7.833    103.999    169.208   -628.119    -32.526    -98.118    140.828
     -7.835    104.064    169.404   -628.401    -32.515    -98.136    140.733
     -7.837    104.129    169.600   -628.682    -32.504    -98.153    140.637
     -7.839    104.194    169.797   -628.963    -32.493    -98.170    140.542
     -7.841    104.259    169.993   -629.244    -32.482    -98.188    140.447
     -7.843    104.324    170.190   -629.525    -32.471    -98.205    140.352
     -7.845    104.389    170.386   -629.806    -32.460    -98.222    140.256
     -7.847    104.454    170.582   -630.086    -32.449    -98.239    140.161
     -7.849    104.519    170.779   -630.366    -32.438    -98.256    140.067
     -7.851    104.584    170.975   -630.647    -32.427    -98.273    139.972
     -7.853    104.649    171.172   -630.926    -32.416    -98.290    139.877
     -7.855    104.713    171.369   -631.206    -32.405    -98.307    139.782
     -7.857    104.778    171.565   -631.485    -32.394    -98.324    139.688
     -7.859    104.843    171.762   -631.765    -32.383    -98.340    139.593
     -7.861    104.908    171.959   -632.044    -32.372    -98.357    139.499
     -7.863    104.972    172.155   -632.323    -32.361    -98.373    139.405
     -7.865    105.037    172.352   -632.601    -32.350    -98.390    139.311
     -7.867    105.102    172.549   -632.880    -32.339    -98.406    139.216
     -7.869    105.167    172.746   -633.158    -32.328    -98.422    139.122
     -7.871    105.231    172.943   -633.437    -32.317    -98.439    139.029
     -7.873    105.296    173.139   -633.714    -32.306    -98.455    138.935
     -7.875    105.360    173.336   -633.992    -32.295    -98.471    138.841
     -7.877    105.425    173.533   -634.270    -32.284    -98.487    138.747
     -7.879    105.490    173.730   -634.547    -32.273    -98.503    138.654
     -7.881    105.554    173.927   -634.824    -32.262    -98.519    138.561
     -7.883    105.619    174.124   -635.101    -32.251    -98.534    138.467
     -7.885    105.683    174.322   -635.378    -32.240    -98.550    138.374
     -7.887    105.748    174.519   -635.655    -32.229    -98.566    138.281
     -7.889    105.812    174.716   -635.931    -32.218    -98.581    138.188
     -7.891    105.876    174.913   -636.208    -32.207    -98.597    138.095
     -7.893    105.941    175.110   -636.484    -32.196    -98.612    138.002
     -7.895    106.005    175.307   -636.760    -32.185    -98.628    137.909
     -7.897    106.070    175.505   -637.035    -32.174    -98.643    137.816
     -7.899    106.134    175.702   -637.311    -32.163    -98.658    137.724
     -7.901    106.198    175.899   -637.586    -32.152    -98.673    137.631
     -7.903    106.262    176.097   -637.862    -32.141    -98.688    137.539
     -7.905    106.327    176.294   -638.137    -32.130    -98.704    137.447
     -7.907    106.391    176.491   -638.411    -32.119    -98.719    137.354
     -7.909    106.455    176.689   -638.686    -32.108    -98.733    137.262
     -7.911    106.519    176.886   -638.960    -32.097    -98.748    137.170
     -7.913    106.584    177.084   -639.235    -32.086    -98.763    137.078
     -7.915    106.648    177.281   -639.509    -32.075    -98.778    136.986
     -7.917    106.712    177.479   -639.783    -32.064    -98.792    136.894
     -7.919    106.776    177.677   -640.056    -32.053    -98.807    136.803
     -7.921    106.840    177.874   -640.330    -32.042    -98.821    136.711
     -7.923    106.904    178.072   -640.603    -32.031    -98.836    136.620
     -7.925    106.968    178.270   -640.876    -32.020    -98.850    136.528
     -7.927    107.032    178.467   -641.149    -32.009    -98.865    136.437
     -7.929    107.096    178.665   -641.422    -31.998    -98.879    136.345
     -7.931    107.160    178.863   -641.695    -31.987    -98.893    136.254
     -7.933    107.224    179.061   -641.967    -31.977    -98.907    136.163
     -7.935    107.288    179.258   -642.239    -31.966    -98.921    136.072
     -7.937    107.352    179.456   -642.511    -31.955    -98.935    135.981
     -7.939    107.416    179.654   -642.783    -31.944    -98.949    135.890
     -7.941    107.480    179.852   -643.055    -31.933    -98.963    135.800
     -7.943    107.544    180.050   -643.326    -31.922    -98.977    135.709
     -7.945    107.608    180.248   -643.598    -31.911    -98.990    135.619
     -7.947    107.671    180.446   -643.869    -31.900    -99.004    135.528
     -7.949    107.735    180.644   -644.140    -31.889    -99.018    135.438
     -7.951    107.799    180.842   -644.411    -31.878    -99.031    135.347
     -7.953    107.863    181.040   -644.681    -31.868    -99.045    135.257
     -7.955    107.926    181.238   -644.952    -31.857    -99.058    135.167
     -7.957    107.990    181.436   -645.222    -31.846    -99.071    135.077
     -7.959    108.054    181.635   -645.492    -31.835    -99.085    134.987
     -7.961    108.117    181.833   -645.762    -31.824    -99.098    134.897
     -7.963    108.181    182.031   -646.032    -31.813    -99.111    134.807
     -7.965    108.245    182.229   -646.301    -31.802    -99.124    134.718
     -7.967    108.308    182.427   -646.570    -31.791    -99.137    134.628
     -7.969    108.372    182.626   -646.840    -31.781    -99.150    134.539
     -7.971    108.435    182.824   -647.109    -31.770    -99.163    134.449
     -7.973    108.499    183.022   -647.377    -31.759    -99.176    134.360
     -7.975    108.562    183.221   -647.646    -31.748    -99.189    134.270
     -7.977    108.626    183.419   -647.914    -31.737    -99.201    134.181
     -7.979    108.689    183.618   -648.183    -31.726    -99.214    134.092
     -7.981    108.753    183.816   -648.451    -31.715    -99.227    134.003
     -7.983    108.816    184.014   -648.719    -31.705    -99.239    133.914
     -7.985    108.880    184.213   -648.986    -31.694    -99.252    133.825
     -7.987    108.943    184.411   -649.254    -31.683    -99.264    133.737
     -7.989    109.006    184.610   -649.521    -31.672    -99.276    133.648
     -7.991    109.070    184.809   -649.789    -31.661    -99.289    133.559
     -7.993    109.133    185.007   -650.056    -31.650    -99.301    133.471
     -7.995    109.196    185.206   -650.322    -31.640    -99.313    133.382
     -7.997    109.260    185.404   -650.589    -31.629    -99.325    133.294
     -7.999    109.323    185.603   -650.856    -31.618    -99.337    133.206
     -8.001    109.386    185.802   -651.122    -31.607    -99.349    133.118
     -8.003    109.449    186.000   -651.388    -31.596    -99.361    133.030
     -8.005    109.512    186.199   -651.654    -31.586    -99.373    132.942
     -8.007    109.576    186.398   -651.920    -31.575    -99.385    132.854
     -8.009    109.639    186.597   -652.186    -31.564    -99.397    132.766
     -8.011    109.702    186.796   -652.451    -31.553    -99.408    132.678
     -8.013    109.765    186.994   -652.716    -31.542    -99.420    132.590
     -8.015    109.828    187.193   -652.981    -31.532    -99.432    132.503
     -8.017    109.891    187.392   -653.246    -31.521    -99.443    132.415
     -8.019    109.954    187.591   -653.511    -31.510    -99.455    132.328
     -8.021    110.017    187.790   -653.776    -31.499    -99.466    132.240
     -8.023    110.080    187.989   -654.040    -31.489    -99.477    132.153
     -8.025    110.143    188.188   -654.304    -31.478    -99.489    132.066
     -8.027    110.206    188.387   -654.568    -31.467    -99.500    131.979
     -8.029    110.269    188.586   -654.832    -31.456    -99.511    131.892
     -8.031    110.332    188.785   -655.096    -31.445    -99.522    131.805
     -8.033    110.395    188.984   -655.359    -31.435    -99.533    131.718
     -8.035    110.458    189.183   -655.623    -31.424    -99.544    131.631
     -8.037    110.520    189.382   -655.886    -31.413    -99.555    131.545
     -8.039    110.583    189.581   -656.149    -31.402    -99.566    131.458
     -8.041    110.646    189.780   -656.412    -31.392    -99.577    131.372
     -8.043    110.709    189.980   -656.674    -31.381    -99.588    131.285
     -8.045    110.772    190.179   -656.937    -31.370    -99.599    131.199
     -8.047    110.834    190.378   -657.199    -31.360    -99.609    131.112
     -8.049    110.897    190.577   -657.461    -31.349    -99.620    131.026
     -8.051    110.960    190.776   -657.723    -31.338    -99.631    130.940
     -8.053    111.022    190.976   -657.985    -31.327    -99.641    130.854
     -8.055    111.085    191.175   -658.247    -31.317    -99.652    130.768
     -8.057    111.148    191.374   -658.508    -31.306    -99.662    130.682
     -8.059    111.210    191.574   -658.769    -31.295    -99.672    130.596
     -8.061    111.273    191.773   -659.030    -31.285    -99.683    130.511
     -8.063    111.335    191.972   -659.291    -31.274    -99.693    130.425
     -8.065    111.398    192.172   -659.552    -31.263    -99.703    130.339
     -8.067    111.460    192.371   -659.813    -31.252    -99.713    130.254
     -8.069    111.523    192.571   -660.073    -31.242    -99.723    130.168
     -8.071    111.585    192.770   -660.333    -31.231    -99.733    130.083
     -8.073    111.648    192.970   -660.594    -31.220    -99.743    129.998
     -8.075    111.710    193.169   -660.853    -31.210    -99.753    129.913
     -8.077    111.773    193.369   -661.113    -31.199    -99.763    129.828
     -8.079    111.835    193.568   -661.373    -31.188    -99.773    129.743
     -8.081    111.897    193.768   -661.632    -31.178    -99.783    129.658
     -8.083    111.960    193.967   -661.891    -31.167    -99.792    129.573
     -8.085    112.022    194.167   -662.150    -31.156    -99.802    129.488
     -8.087    112.084    194.366   -662.409    -31.146    -99.812    129.403
     -8.089    112.147    194.566   -662.668    -31.135    -99.821    129.319
     -8.091    112.209    194.766   -662.927    -31.124    -99.831    129.234
     -8.093    112.271    194.965   -663.185    -31.114    -99.840    129.150
     -8.095    112.333    195.165   -663.443    -31.103    -99.849    129.065
     -8.097    112.396    195.365   -663.701    -31.092    -99.859    128.981
     -8.099    112.458    195.565   -663.959    -31.082    -99.868    128.897
     -8.101    112.520    195.764   -664.217    -31.071    -99.877    128.812
     -8.103    112.582    195.964   -664.474    -31.061    -99.886    128.728
     -8.105    112.644    196.164   -664.732    -31.050    -99.896    128.644
     -8.107    112.706    196.364   -664.989    -31.039    -99.905    128.560
     -8.109    112.768    196.563   -665.246    -31.029    -99.914    128.477
     -8.111    112.830    196.763   -665.503    -31.018    -99.923    128.393
     -8.113    112.892    196.963   -665.760    -31.007    -99.932    128.309
     -8.115    112.954    197.163   -666.016    -30.997    -99.940    128.225
     -8.117    113.016    197.363   -666.272    -30.986    -99.949    128.142
     -8.119    113.078    197.563   -666.529    -30.976    -99.958    128.058
     -8.121    113.140    197.763   -666.785    -30.965    -99.967    127.975
     -8.123    113.202    197.963   -667.041    -30.954    -99.975    127.892
     -8.125    113.264    198.163   -667.296    -30.944    -99.984    127.808
     -8.127    113.326    198.363   -667.552    -30.933    -99.993    127.725
     -8.129    113.388    198.563   -667.807    -30.923   -100.001    127.642
     -8.131    113.450    198.763   -668.062    -30.912   -100.010    127.559
     -8.133    113.511    198.963   -668.317    -30.901   -100.018    127.476
     -8.135    113.573    199.163   -668.572    -30.891   -100.026    127.393
     -8.137    113.635    199.363   -668.827    -30.880   -100.035    127.311
     -8.139    113.697    199.563   -669.082    -30.870   -100.043    127.228
     -8.141    113.759    199.763   -669.336    -30.859   -100.051    127.145
     -8.143    113.820    199.963   -669.590    -30.849   -100.059    127.063
     -8.145    113.882    200.163   -669.844    -30.838   -100.068    126.980
     -8.147    113.944    200.363   -670.098    -30.828   -100.076    126.898
     -8.149    114.005    200.563   -670.352    -30.817   -100.084    126.815
     -8.151    114.067    200.764   -670.605    -30.806   -100.092    126.733
     -8.153    114.128    200.964   -670.859    -30.796   -100.100    126.651
     -8.155    114.190    201.164   -671.112    -30.785   -100.107    126.569
     -8.157    114.252    201.364   -671.365    -30.775   -100.115    126.487
     -8.159    114.313    201.564   -671.618    -30.764   -100.123    126.405
     -8.161    114.375    201.765   -671.871    -30.754   -100.131    126.323
     -8.163    114.436    201.965   -672.123    -30.743   -100.139    126.241
     -8.165    114.498    202.165   -672.376    -30.733   -100.146    126.159
     -8.167    114.559    202.366   -672.628    -30.722   -100.154    126.077
     -8.169    114.621    202.566   -672.880    -30.712   -100.161    125.996
     -8.171    114.682    202.766   -673.132    -30.701   -100.169    125.914
     -8.173    114.743    202.967   -673.383    -30.691   -100.176    125.833
     -8.175    114.805    203.167   -673.635    -30.680   -100.184    125.751
     -8.177    114.866    203.367   -673.886    -30.670   -100.191    125.670
     -8.179    114.927    203.568   -674.138    -30.659   -100.198    125.589
     -8.181    114.989    203.768   -674.389    -30.649   -100.206    125.508
     -8.183    115.050    203.969   -674.640    -30.638   -100.213    125.427
     -8.185    115.111    204.169   -674.891    -30.628   -100.220    125.346
     -8.187    115.172    204.369   -675.141    -30.617   -100.227    125.265
     -8.189    115.234    204.570   -675.392    -30.607   -100.234    125.184
     -8.191    115.295    204.770   -675.642    -30.596   -100.241    125.103
     -8.193    115.356    204.971   -675.892    -30.586   -100.248    125.022
     -8.195    115.417    205.171   -676.142    -30.575   -100.255    124.941
     -8.197    115.478    205.372   -676.392    -30.565   -100.262    124.861
     -8.199    115.539    205.572   -676.641    -30.554   -100.269    124.780
     -8.201    115.601    205.773   -676.891    -30.544   -100.276    124.700
     -8.203    115.662    205.973   -677.140    -30.533   -100.283    124.620
     -8.205    115.723    206.174   -677.389    -30.523   -100.289    124.539
     -8.207    115.784    206.375   -677.638    -30.513   -100.296    124.459
     -8.209    115.845    206.575   -677.887    -30.502   -100.303    124.379
     -8.211    115.906    206.776   -678.136    -30.492   -100.309    124.299
     -8.213    115.967    206.976   -678.384    -30.481   -100.316    124.219
     -8.215    116.028    207.177   -678.633    -30.471   -100.322    124.139
     -8.217    116.089    207.378   -678.881    -30.460   -100.329    124.059
     -8.219    116.150    207.578   -679.129    -30.450   -100.335    123.979
     -8.221    116.210    207.779   -679.377    -30.440   -100.342    123.899
     -8.223    116.271    207.980   -679.625    -30.429   -100.348    123.820
     -8.225    116.332    208.180   -679.872    -30.419   -100.354    123.740
     -8.227    116.393    208.381   -680.120    -30.408   -100.360    123.660
     -8.229    116.454    208.582   -680.367    -30.398   -100.367    123.581
     -8.231    116.515    208.783   -680.614    -30.387   -100.373    123.501
     -8.233    116.575    208.983   -680.861    -30.377   -100.379    123.422
     -8.235    116.636    209.184   -681.108    -30.367   -100.385    123.343
     -8.237    116.697    209.385   -681.354    -30.356   -100.391    123.264
     -8.239    116.757    209.586   -681.601    -30.346   -100.397    123.185
     -8.241    116.818    209.787   -681.847    -30.336   -100.403    123.106
     -8.243    116.879    209.987   -682.093    -30.325   -100.409    123.027
     -8.245    116.939    210.188   -682.339    -30.315   -100.415    122.948
     -8.247    117.000    210.389   -682.585    -30.304   -100.420    122.869
     -8.249    117.061    210.590   -682.831    -30.294   -100.426    122.790
     -8.251    117.121    210.791   -683.076    -30.284   -100.432    122.711
     -8.253    117.182    210.992   -683.321    -30.273   -100.437    122.633
     -8.255    117.242    211.192   -683.567    -30.263   -100.443    122.554
     -8.257    117.303    211.393   -683.812    -30.253   -100.449    122.476
     -8.259    117.363    211.594   -684.056    -30.242   -100.454    122.397
     -8.261    117.424    211.795   -684.301    -30.232   -100.460    122.319
     -8.263    117.484    211.996   -684.546    -30.222   -100.465    122.240
     -8.265    117.545    212.197   -684.790    -30.211   -100.471    122.162
     -8.267    117.605    212.398   -685.034    -30.201   -100.476    122.084
     -8.269    117.666    212.599   -685.278    -30.191   -100.481    122.006
     -8.271    117.726    212.800   -685.522    -30.180   -100.487    121.928
     -8.273    117.786    213.001   -685.766    -30.170   -100.492    121.850
     -8.275    117.847    213.202   -686.010    -30.160   -100.497    121.772
     -8.277    117.907    213.403   -686.253    -30.149   -100.502    121.694
     -8.279    117.967    213.604   -686.497    -30.139   -100.507    121.616
     -8.281    118.027    213.805   -686.740    -30.129   -100.513    121.539
     -8.283    118.088    214.006   -686.983    -30.118   -100.518    121.461
     -8.285    118.148    214.207   -687.226    -30.108   -100.523    121.384
     -8.287    118.208    214.408   -687.468    -30.098   -100.528    121.306
     -8.289    118.268    214.609   -687.711    -30.087   -100.532    121.229
     -8.291    118.328    214.810   -687.953    -30.077   -100.537    121.151
     -8.293    118.389    215.011   -688.195    -30.067   -100.542    121.074
     -8.295    118.449    215.212   -688.437    -30.056   -100.547    120.997
     -8.297    118.509    215.413   -688.679    -30.046   -100.552    120.920
     -8.299    118.569    215.615   -688.921    -30.036   -100.557    120.843
     -8.301    118.629    215.816   -689.163    -30.026   -100.561    120.765
     -8.303    118.689    216.017   -689.404    -30.015   -100.566    120.689
     -8.305    118.749    216.218   -689.646    -30.005   -100.570    120.612
     -8.307    118.809    216.419   -689.887    -29.995   -100.575    120.535
     -8.309    118.869    216.620   -690.128    -29.985   -100.580    120.458
     -8.311    118.929    216.821   -690.368    -29.974   -100.584    120.381
     -8.313    118.989    217.023   -690.609    -29.964   -100.588    120.305
     -8.315    119.049    217.224   -690.850    -29.954   -100.593    120.228
     -8.317    119.109    217.425   -691.090    -29.944   -100.597    120.152
     -8.319    119.169    217.626   -691.330    -29.933   -100.602    120.075
     -8.321    119.228    217.827   -691.570    -29.923   -100.606    119.999
     -8.323    119.288    218.029   -691.810    -29.913   -100.610    119.923
     -8.325    119.348    218.230   -692.050    -29.903   -100.614    119.846
     -8.327    119.408    218.431   -692.290    -29.892   -100.619    119.770
     -8.329    119.468    218.632   -692.529    -29.882   -100.623    119.694
     -8.331    119.527    218.833   -692.768    -29.872   -100.627    119.618
     -8.333    119.587    219.035   -693.008    -29.862   -100.631    119.542
     -8.335    119.647    219.236   -693.247    -29.851   -100.635    119.466
     -8.337    119.707    219.437   -693.485    -29.841   -100.639    119.390
     -8.339    119.766    219.639   -693.724    -29.831   -100.643    119.314
     -8.341    119.826    219.840   -693.963    -29.821   -100.647    119.239
     -8.343    119.886    220.041   -694.201    -29.811   -100.651    119.163
     -8.345    119.945    220.242   -694.439    -29.800   -100.654    119.087
     -8.347    120.005    220.444   -694.678    -29.790   -100.658    119.012
     -8.349    120.064    220.645   -694.915    -29.780   -100.662    118.936
     -8.351    120.124    220.846   -695.153    -29.770   -100.666    118.861
     -8.353    120.183    221.048   -695.391    -29.760   -100.669    118.786
     -8.355    120.243    221.249   -695.628    -29.750   -100.673    118.710
     -8.357    120.302    221.450   -695.866    -29.739   -100.677    118.635
     -8.359    120.362    221.652   -696.103    -29.729   -100.680    118.560
     -8.361    120.421    221.853   -696.340    -29.719   -100.684    118.485
     -8.363    120.481    222.055   -696.577    -29.709   -100.687    118.410
     -8.365    120.540    222.256   -696.814    -29.699   -100.691    118.335
     -8.367    120.600    222.457   -697.050    -29.689   -100.694    118.260
     -8.369    120.659    222.659   -697.287    -29.678   -100.697    118.185
     -8.371    120.718    222.860   -697.523    -29.668   -100.701    118.110
     -8.373    120.778    223.062   -697.759    -29.658   -100.704    118.036
     -8.375    120.837    223.263   -697.995    -29.648   -100.707    117.961
     -8.377    120.896    223.464   -698.231    -29.638   -100.711    117.886
     -8.379    120.955    223.666   -698.467    -29.628   -100.714    117.812
     -8.381    121.015    223.867   -698.702    -29.618   -100.717    117.737
     -8.383    121.074    224.069   -698.938    -29.607   -100.720    117.663
     -8.385    121.133    224.270   -699.173    -29.597   -100.723    117.589
     -8.387    121.192    224.472   -699.408    -29.587   -100.726    117.514
     -8.389    121.251    224.673   -699.643    -29.577   -100.729    117.440
     -8.391    121.311    224.874   -699.878    -29.567   -100.732    117.366
     -8.393    121.370    225.076   -700.112    -29.557   -100.735    117.292
     -8.395    121.429    225.277   -700.347    -29.547   -100.738    117.218
     -8.397    121.488    225.479   -700.581    -29.537   -100.741    117.144
     -8.399    121.547    225.680   -700.815    -29.526   -100.744    117.070
     -8.401    121.606    225.882   -701.050    -29.516   -100.747    116.996
     -8.403    121.665    226.083   -701.283    -29.506   -100.750    116.922
     -8.405    121.724    226.285   -701.517    -29.496   -100.752    116.849
     -8.407    121.783    226.486   -701.751    -29.486   -100.755    116.775
     -8.409    121.842    226.688   -701.984    -29.476   -100.758    116.701
     -8.411    121.901    226.889   -702.218    -29.466   -100.760    116.628
     -8.413    121.960    227.091   -702.451    -29.456   -100.763    116.554
     -8.415    122.019    227.292   -702.684    -29.446   -100.765    116.481
     -8.417    122.078    227.494   -702.917    -29.436   -100.768    116.408
     -8.419    122.136    227.695   -703.149    -29.426   -100.770    116.334
     -8.421    122.195    227.897   -703.382    -29.416   -100.773    116.261
     -8.423    122.254    228.099   -703.615    -29.406   -100.775    116.188
     -8.425    122.313    228.300   -703.847    -29.396   -100.778    116.115
     -8.427    122.372    228.502   -704.079    -29.385   -100.780    116.042
     -8.429    122.431    228.703   -704.311    -29.375   -100.782    115.969
     -8.431    122.489    228.905   -704.543    -29.365   -100.785    115.896
     -8.433    122.548    229.106   -704.775    -29.355   -100.787    115.823
     -8.435    122.607    229.308   -705.006    -29.345   -100.789    115.750
     -8.437    122.665    229.510   -705.238    -29.335   -100.791    115.677
     -8.439    122.724    229.711   -705.469    -29.325   -100.794    115.605
     -8.441    122.783    229.913   -705.700    -29.315   -100.796    115.532
     -8.443    122.841    230.114   -705.931    -29.305   -100.798    115.459
     -8.445    122.900    230.316   -706.162    -29.295   -100.800    115.387
     -8.447    122.958    230.518   -706.393    -29.285   -100.802    115.315
     -8.449    123.017    230.719   -706.623    -29.275   -100.804    115.242
     -8.451    123.076    230.921   -706.854    -29.265   -100.806    115.170
     -8.453    123.134    231.122   -707.084    -29.255   -100.808    115.098
     -8.455    123.193    231.324   -707.314    -29.245   -100.810    115.025
     -8.457    123.251    231.526   -707.544    -29.235   -100.811    114.953
     -8.459    123.310    231.727   -707.774    -29.225   -100.813    114.881
     -8.461    123.368    231.929   -708.003    -29.215   -100.815    114.809
     -8.463    123.426    232.130   -708.233    -29.205   -100.817    114.737
     -8.465    123.485    232.332   -708.462    -29.195   -100.819    114.665
     -8.467    123.543    232.534   -708.692    -29.185   -100.820    114.593
     -8.469    123.602    232.735   -708.921    -29.175   -100.822    114.521
     -8.471    123.660    232.937   -709.150    -29.165   -100.824    114.450
     -8.473    123.718    233.139   -709.379    -29.155   -100.825    114.378
     -8.475    123.776    233.340   -709.607    -29.145   -100.827    114.306
     -8.477    123.835    233.542   -709.836    -29.135   -100.828    114.235
     -8.479    123.893    233.744   -710.064    -29.125   -100.830    114.163
     -8.481    123.951    233.945   -710.292    -29.115   -100.831    114.092
     -8.483    124.009    234.147   -710.521    -29.106   -100.833    114.020
     -8.485    124.068    234.349   -710.748    -29.096   -100.834    113.949
     -8.487    124.126    234.550   -710.976    -29.086   -100.835    113.878
     -8.489    124.184    234.752   -711.204    -29.076   -100.837    113.806
     -8.491    124.242    234.954   -711.432    -29.066   -100.838    113.735
     -8.493    124.300    235.155   -711.659    -29.056   -100.839    113.664
     -8.495    124.358    235.357   -711.886    -29.046   -100.841    113.593
     -8.497    124.416    235.559   -712.113    -29.036   -100.842    113.522
     -8.499    124.475    235.760   -712.340    -29.026   -100.843    113.451
     -8.501    124.533    235.962   -712.567    -29.016   -100.844    113.380
     -8.503    124.591    236.164   -712.794    -29.006   -100.845    113.309
     -8.505    124.649    236.365   -713.020    -28.996   -100.846    113.239
     -8.507    124.707    236.567   -713.247    -28.986   -100.847    113.168
     -8.509    124.765    236.769   -713.473    -28.976   -100.849    113.097
     -8.511    124.822    236.971   -713.699    -28.967   -100.850    113.027
     -8.513    124.880    237.172   -713.925    -28.957   -100.850    112.956
     -8.515    124.938    237.374   -714.151    -28.947   -100.851    112.886
     -8.517    124.996    237.576   -714.377    -28.937   -100.852    112.815
     -8.519    125.054    237.777   -714.602    -28.927   -100.853    112.745
     -8.521    125.112    237.979   -714.828    -28.917   -100.854    112.674
     -8.523    125.170    238.181   -715.053    -28.907   -100.855    112.604
     -8.525    125.228    238.382   -715.278    -28.897   -100.856    112.534
     -8.527    125.285    238.584   -715.503    -28.887   -100.856    112.464
     -8.529    125.343    238.786   -715.728    -28.878   -100.857    112.394
     -8.531    125.401    238.988   -715.953    -28.868   -100.858    112.324
     -8.533    125.459    239.189   -716.177    -28.858   -100.858    112.254
     -8.535    125.516    239.391   -716.402    -28.848   -100.859    112.184
     -8.537    125.574    239.593   -716.626    -28.838   -100.860    112.114
     -8.539    125.632    239.794   -716.850    -28.828   -100.860    112.044
     -8.541    125.689    239.996   -717.074    -28.818   -100.861    111.974
     -8.543    125.747    240.198   -717.298    -28.809   -100.861    111.905
     -8.545    125.804    240.400   -717.522    -28.799   -100.862    111.835
     -8.547    125.862    240.601   -717.745    -28.789   -100.862    111.765
     -8.549    125.920    240.803   -717.969    -28.779   -100.863    111.696
     -8.551    125.977    241.005   -718.192    -28.769   -100.863    111.626
     -8.553    126.035    241.207   -718.415    -28.759   -100.863    111.557
     -8.555    126.092    241.408   -718.638    -28.750   -100.864    111.488
     -8.557    126.150    241.610   -718.861    -28.740   -100.864    111.418
     -8.559    126.207    241.812   -719.084    -28.730   -100.864    111.349
     -8.561    126.265    242.013   -719.307    -28.720   -100.865    111.280
     -8.563    126.322    242.215   -719.529    -28.710   -100.865    111.211
     -8.565    126.379    242.417   -719.752    -28.701   -100.865    111.141
     -8.567    126.437    242.619   -719.974    -28.691   -100.865    111.072
     -8.569    126.494    242.820   -720.196    -28.681   -100.865    111.003
     -8.571    126.552    243.022   -720.418    -28.671   -100.865    110.934
     -8.573    126.609    243.224   -720.640    -28.661   -100.866    110.866
     -8.575    126.666    243.426   -720.861    -28.652   -100.866    110.797
     -8.577    126.724    243.627   -721.083    -28.642   -100.866    110.728
     -8.579    126.781    243.829   -721.304    -28.632   -100.866    110.659
     -8.581    126.838    244.031   -721.525    -28.622   -100.866    110.591
     -8.583    126.895    244.233   -721.746    -28.612   -100.865    110.522
     -8.585    126.953    244.434   -721.967    -28.603   -100.865    110.453
     -8.587    127.010    244.636   -722.188    -28.593   -100.865    110.385
     -8.589    127.067    244.838   -722.409    -28.583   -100.865    110.316
     -8.591    127.124    245.039   -722.630    -28.573   -100.865    110.248
     -8.593    127.181    245.241   -722.850    -28.564   -100.865    110.180
     -8.595    127.238    245.443   -723.070    -28.554   -100.864    110.111
     -8.597    127.295    245.645   -723.290    -28.544   -100.864    110.043
     -8.599    127.352    245.846   -723.510    -28.534   -100.864    109.975
     -8.601    127.410    246.048   -723.730    -28.525   -100.864    109.907
     -8.603    127.467    246.250   -723.950    -28.515   -100.863    109.839
     -8.605    127.524    246.452   -724.170    -28.505   -100.863    109.771
     -8.607    127.581    246.653   -724.389    -28.495   -100.862    109.703
     -8.609    127.638    246.855   -724.608    -28.486   -100.862    109.635
     -8.611    127.695    247.057   -724.828    -28.476   -100.862    109.567
     -8.613    127.751    247.258   -725.047    -28.466   -100.861    109.499
     -8.615    127.808    247.460   -725.266    -28.457   -100.861    109.431
     -8.617    127.865    247.662   -725.484    -28.447   -100.860    109.364
     -8.619    127.922    247.864   -725.703    -28.437   -100.859    109.296
     -8.621    127.979    248.065   -725.922    -28.427   -100.859    109.228
     -8.623    128.036    248.267   -726.140    -28.418   -100.858    109.161
     -8.625    128.093    248.469   -726.358    -28.408   -100.858    109.093
     -8.627    128.150    248.670   -726.576    -28.398   -100.857    109.026
     -8.629    128.206    248.872   -726.794    -28.389   -100.856    108.958
     -8.631    128.263    249.074   -727.012    -28.379   -100.856    108.891
     -8.633    128.320    249.276   -727.230    -28.369   -100.855    108.824
     -8.635    128.377    249.477   -727.448    -28.360   -100.854    108.757
     -8.637    128.433    249.679   -727.665    -28.350   -100.853    108.689
     -8.639    128.490    249.881   -727.882    -28.340   -100.852    108.622
     -8.641    128.547    250.082   -728.099    -28.331   -100.851    108.555
     -8.643    128.603    250.284   -728.317    -28.321   -100.851    108.488
     -8.645    128.660    250.486   -728.533    -28.311   -100.850    108.421
     -8.647    128.717    250.688   -728.750    -28.302   -100.849    108.354
     -8.649    128.773    250.889   -728.967    -28.292   -100.848    108.287
     -8.651    128.830    251.091   -729.183    -28.282   -100.847    108.220
     -8.653    128.886    251.293   -729.400    -28.273   -100.846    108.154
     -8.655    128.943    251.494   -729.616    -28.263   -100.845    108.087
     -8.657    128.999    251.696   -729.832    -28.253   -100.844    108.020
     -8.659    129.056    251.898   -730.048    -28.244   -100.843    107.954
     -8.661    129.112    252.099   -730.264    -28.234   -100.841    107.887
     -8.663    129.169    252.301   -730.480    -28.224   -100.840    107.821
     -8.665    129.225    252.503   -730.695    -28.215   -100.839    107.754
     -8.667    129.282    252.704   -730.911    -28.205   -100.838    107.688
     -8.669    129.338    252.906   -731.126    -28.195   -100.837    107.621
     -8.671    129.394    253.108   -731.341    -28.186   -100.835    107.555
     -8.673    129.451    253.309   -731.556    -28.176   -100.834    107.489
     -8.675    129.507    253.511   -731.771    -28.167   -100.833    107.422
     -8.677    129.563    253.713   -731.986    -28.157   -100.831    107.356
     -8.679    129.620    253.914   -732.200    -28.147   -100.830    107.290
     -8.681    129.676    254.116   -732.415    -28.138   -100.829    107.224
     -8.683    129.732    254.318   -732.629    -28.128   -100.827    107.158
     -8.685    129.789    254.519   -732.844    -28.119   -100.826    107.092
     -8.687    129.845    254.721   -733.058    -28.109   -100.824    107.026
     -8.689    129.901    254.923   -733.272    -28.099   -100.823    106.960
     -8.691    129.957    255.124   -733.486    -28.090   -100.821    106.894
     -8.693    130.013    255.326   -733.699    -28.080   -100.820    106.829
     -8.695    130.069    255.528   -733.913    -28.071   -100.818    106.763
     -8.697    130.126    255.729   -734.126    -28.061   -100.817    106.697
     -8.699    130.182    255.931   -734.340    -28.051   -100.815    106.632
     -8.701    130.238    256.132   -734.553    -28.042   -100.814    106.566
     -8.703    130.294    256.334   -734.766    -28.032   -100.812    106.501
     -8.705    130.350    256.536   -734.979    -28.023   -100.810    106.435
     -8.707    130.406    256.737   -735.192    -28.013   -100.809    106.370
     -8.709    130.462    256.939   -735.404    -28.004   -100.807    106.304
     -8.711    130.518    257.141   -735.617    -27.994   -100.805    106.239
     -8.713    130.574    257.342   -735.829    -27.984   -100.803    106.174
     -8.715    130.630    257.544   -736.042    -27.975   -100.801    106.108
     -8.717    130.686    257.745   -736.254    -27.965   -100.800    106.043
     -8.719    130.742    257.947   -736.466    -27.956   -100.798    105.978
     -8.721    130.798    258.149   -736.678    -27.946   -100.796    105.913
     -8.723    130.854    258.350   -736.889    -27.937   -100.794    105.848
     -8.725    130.909    258.552   -737.101    -27.927   -100.792    105.783
     -8.727    130.965    258.753   -737.313    -27.918   -100.790    105.718
     -8.729    131.021    258.955   -737.524    -27.908   -100.788    105.653
     -8.731    131.077    259.156   -737.735    -27.899   -100.786    105.588
     -8.733    131.133    259.358   -737.946    -27.889   -100.784    105.524
     -8.735    131.188    259.560   -738.157    -27.880   -100.782    105.459
     -8.737    131.244    259.761   -738.368    -27.870   -100.780    105.394
     -8.739    131.300    259.963   -738.579    -27.861   -100.778    105.330
     -8.741    131.356    260.164   -738.789    -27.851   -100.776    105.265
     -8.743    131.411    260.366   -739.000    -27.842   -100.774    105.200
     -8.745    131.467    260.567   -739.210    -27.832   -100.772    105.136
     -8.747    131.523    260.769   -739.420    -27.823   -100.769    105.071
     -8.749    131.578    260.970   -739.631    -27.813   -100.767    105.007
     -8.751    131.634    261.172   -739.840    -27.804   -100.765    104.943
     -8.753    131.690    261.374   -740.050    -27.794   -100.763    104.878
     -8.755    131.745    261.575   -740.260    -27.785   -100.760    104.814
     -8.757    131.801    261.777   -740.470    -27.775   -100.758    104.750
     -8.759    131.856    261.978   -740.679    -27.766   -100.756    104.686
     -8.761    131.912    262.180   -740.888    -27.756   -100.753    104.622
     -8.763    131.967    262.381   -741.097    -27.747   -100.751    104.558
     -8.765    132.023    262.583   -741.307    -27.737   -100.749    104.494
     -8.767    132.078    262.784   -741.515    -27.728   -100.746    104.430
     -8.769    132.134    262.986   -741.724    -27.718   -100.744    104.366
     -8.771    132.189    263.187   -741.933    -27.709   -100.741    104.302
     -8.773    132.244    263.389   -742.141    -27.699   -100.739    104.238
     -8.775    132.300    263.590   -742.350    -27.690   -100.736    104.174
     -8.777    132.355    263.791   -742.558    -27.681   -100.734    104.110
     -8.779    132.411    263.993   -742.766    -27.671   -100.731    104.047
     -8.781    132.466    264.194   -742.974    -27.662   -100.729    103.983
     -8.783    132.521    264.396   -743.182    -27.652   -100.726    103.919
     -8.785    132.577    264.597   -743.390    -27.643   -100.723    103.856
     -8.787    132.632    264.799   -743.598    -27.633   -100.721    103.792
     -8.789    132.687    265.000   -743.805    -27.624   -100.718    103.729
     -8.791    132.742    265.202   -744.013    -27.615   -100.715    103.665
     -8.793    132.797    265.403   -744.220    -27.605   -100.713    103.602
     -8.795    132.853    265.604   -744.427    -27.596   -100.710    103.539
     -8.797    132.908    265.806   -744.634    -27.586   -100.707    103.476
     -8.799    132.963    266.007   -744.841    -27.577   -100.704    103.412
     -8.801    133.018    266.209   -745.048    -27.567   -100.702    103.349
     -8.803    133.073    266.410   -745.254    -27.558   -100.699    103.286
     -8.805    133.128    266.612   -745.461    -27.549   -100.696    103.223
     -8.807    133.184    266.813   -745.667    -27.539   -100.693    103.160
     -8.809    133.239    267.014   -745.873    -27.530   -100.690    103.097
     -8.811    133.294    267.216   -746.080    -27.520   -100.687    103.034
     -8.813    133.349    267.417   -746.286    -27.511   -100.684    102.971
     -8.815    133.404    267.618   -746.491    -27.502   -100.681    102.908
     -8.817    133.459    267.820   -746.697    -27.492   -100.678    102.845
     -8.819    133.514    268.021   -746.903    -27.483   -100.675    102.783
     -8.821    133.569    268.222   -747.108    -27.474   -100.672    102.720
     -8.823    133.624    268.424   -747.314    -27.464   -100.669    102.657
     -8.825    133.678    268.625   -747.519    -27.455   -100.666    102.595
     -8.827    133.733    268.826   -747.724    -27.445   -100.663    102.532
     -8.829    133.788    269.028   -747.929    -27.436   -100.660    102.469
     -8.831    133.843    269.229   -748.134    -27.427   -100.657    102.407
     -8.833    133.898    269.430   -748.339    -27.417   -100.654    102.345
     -8.835    133.953    269.632   -748.543    -27.408   -100.651    102.282
     -8.837    134.008    269.833   -748.748    -27.399   -100.648    102.220
     -8.839    134.062    270.034   -748.952    -27.389   -100.644    102.157
     -8.841    134.117    270.236   -749.156    -27.380   -100.641    102.095
     -8.843    134.172    270.437   -749.361    -27.371   -100.638    102.033
     -8.845    134.227    270.638   -749.565    -27.361   -100.635    101.971
     -8.847    134.281    270.839   -749.768    -27.352   -100.631    101.909
     -8.849    134.336    271.041   -749.972    -27.343   -100.628    101.847
     -8.851    134.391    271.242   -750.176    -27.333   -100.625    101.785
     -8.853    134.445    271.443   -750.379    -27.324   -100.621    101.723
     -8.855    134.500    271.644   -750.583    -27.315   -100.618    101.661
     -8.857    134.555    271.846   -750.786    -27.305   -100.614    101.599
     -8.859    134.609    272.047   -750.989    -27.296   -100.611    101.537
     -8.861    134.664    272.248   -751.192    -27.287   -100.608    101.475
     -8.863    134.718    272.449   -751.395    -27.277   -100.604    101.413
     -8.865    134.773    272.651   -751.598    -27.268   -100.601    101.351
     -8.867    134.827    272.852   -751.800    -27.259   -100.597    101.290
     -8.869    134.882    273.053   -752.003    -27.250   -100.594    101.228
     -8.871    134.936    273.254   -752.205    -27.240   -100.590    101.167
     -8.873    134.991    273.455   -752.408    -27.231   -100.586    101.105
     -8.875    135.045    273.656   -752.610    -27.222   -100.583    101.043
     -8.877    135.100    273.858   -752.812    -27.212   -100.579    100.982
     -8.879    135.154    274.059   -753.014    -27.203   -100.576    100.921
     -8.881    135.209    274.260   -753.216    -27.194   -100.572    100.859
     -8.883    135.263    274.461   -753.417    -27.185   -100.568    100.798
     -8.885    135.317    274.662   -753.619    -27.175   -100.565    100.737
     -8.887    135.372    274.863   -753.820    -27.166   -100.561    100.675
     -8.889    135.426    275.064   -754.021    -27.157   -100.557    100.614
     -8.891    135.480    275.266   -754.223    -27.148   -100.553    100.553
     -8.893    135.535    275.467   -754.424    -27.138   -100.550    100.492
     -8.895    135.589    275.668   -754.625    -27.129   -100.546    100.431
     -8.897    135.643    275.869   -754.825    -27.120   -100.542    100.370
     -8.899    135.697    276.070   -755.026    -27.110   -100.538    100.309
     -8.901    135.752    276.271   -755.227    -27.101   -100.534    100.248
     -8.903    135.806    276.472   -755.427    -27.092   -100.531    100.187
     -8.905    135.860    276.673   -755.627    -27.083   -100.527    100.126
     -8.907    135.914    276.874   -755.828    -27.074   -100.523    100.065
     -8.909    135.968    277.075   -756.028    -27.064   -100.519    100.004
     -8.911    136.022    277.276   -756.228    -27.055   -100.515     99.944
     -8.913    136.076    277.477   -756.427    -27.046   -100.511     99.883
     -8.915    136.131    277.678   -756.627    -27.037   -100.507     99.822
     -8.917    136.185    277.879   -756.827    -27.027   -100.503     99.762
     -8.919    136.239    278.080   -757.026    -27.018   -100.499     99.701
     -8.921    136.293    278.281   -757.225    -27.009   -100.495     99.641
     -8.923    136.347    278.482   -757.425    -27.000   -100.491     99.580
     -8.925    136.401    278.683   -757.624    -26.991   -100.487     99.520
     -8.927    136.455    278.884   -757.823    -26.981   -100.483     99.459
     -8.929    136.509    279.085   -758.022    -26.972   -100.478     99.399
     -8.931    136.563    279.286   -758.220    -26.963   -100.474     99.339
     -8.933    136.616    279.487   -758.419    -26.954   -100.470     99.279
     -8.935    136.670    279.688   -758.617    -26.945   -100.466     99.218
     -8.937    136.724    279.889   -758.816    -26.935   -100.462     99.158
     -8.939    136.778    280.090   -759.014    -26.926   -100.458     99.098
     -8.941    136.832    280.291   -759.212    -26.917   -100.453     99.038
     -8.943    136.886    280.492   -759.410    -26.908   -100.449     98.978
     -8.945    136.940    280.693   -759.608    -26.899   -100.445     98.918
     -8.947    136.993    280.893   -759.806    -26.889   -100.440     98.858
     -8.949    137.047    281.094   -760.004    -26.880   -100.436     98.798
     -8.951    137.101    281.295   -760.201    -26.871   -100.432     98.738
     -8.953    137.155    281.496   -760.399    -26.862   -100.428     98.678
     -8.955    137.208    281.697   -760.596    -26.853   -100.423     98.619
     -8.957    137.262    281.898   -760.793    -26.844   -100.419     98.559
     -8.959    137.316    282.099   -760.990    -26.834   -100.414     98.499
     -8.961    137.369    282.299   -761.187    -26.825   -100.410     98.439
     -8.963    137.423    282.500   -761.384    -26.816   -100.405     98.380
     -8.965    137.477    282.701   -761.581    -26.807   -100.401     98.320
     -8.967    137.530    282.902   -761.777    -26.798   -100.397     98.261
     -8.969    137.584    283.103   -761.974    -26.789   -100.392     98.201
     -8.971    137.637    283.303   -762.170    -26.780   -100.388     98.142
     -8.973    137.691    283.504   -762.366    -26.771   -100.383     98.082
     -8.975    137.744    283.705   -762.562    -26.761   -100.378     98.023
     -8.977    137.798    283.906   -762.758    -26.752   -100.374     97.964
     -8.979    137.851    284.106   -762.954    -26.743   -100.369     97.904
     -8.981    137.905    284.307   -763.150    -26.734   -100.365     97.845
     -8.983    137.958    284.508   -763.345    -26.725   -100.360     97.786
     -8.985    138.012    284.709   -763.541    -26.716   -100.355     97.727
     -8.987    138.065    284.909   -763.736    -26.707   -100.351     97.667
     -8.989    138.119    285.110   -763.932    -26.698   -100.346     97.608
     -8.991    138.172    285.311   -764.127    -26.688   -100.341     97.549
     -8.993    138.225    285.511   -764.322    -26.679   -100.337     97.490
     -8.995    138.279    285.712   -764.517    -26.670   -100.332     97.431
     -8.997    138.332    285.913   -764.712    -26.661   -100.327     97.372
     -8.999    138.385    286.113   -764.906    -26.652   -100.322     97.314
     -9.001    138.439    286.314   -765.101    -26.643   -100.318     97.255
     -9.003    138.492    286.515   -765.295    -26.634   -100.313     97.196
     -9.005    138.545    286.715   -765.490    -26.625   -100.308     97.137
     -9.007    138.598    286.916   -765.684    -26.616   -100.303     97.078
     -9.009    138.652    287.116   -765.878    -26.607   -100.298     97.020
     -9.011    138.705    287.317   -766.072    -26.598   -100.293     96.961
     -9.013    138.758    287.518   -766.266    -26.588   -100.288     96.902
     -9.015    138.811    287.718   -766.460    -26.579   -100.284     96.844
     -9.017    138.864    287.919   -766.653    -26.570   -100.279     96.785
     -9.019    138.918    288.119   -766.847    -26.561   -100.274     96.727
     -9.021    138.971    288.320   -767.040    -26.552   -100.269     96.668
     -9.023    139.024    288.520   -767.233    -26.543   -100.264     96.610
     -9.025    139.077    288.721   -767.426    -26.534   -100.259     96.552
     -9.027    139.130    288.921   -767.620    -26.525   -100.254     96.493
     -9.029    139.183    289.122   -767.812    -26.516   -100.249     96.435
     -9.031    139.236    289.322   -768.005    -26.507   -100.244     96.377
     -9.033    139.289    289.523   -768.198    -26.498   -100.238     96.319
     -9.035    139.342    289.723   -768.391    -26.489   -100.233     96.260
     -9.037    139.395    289.924   -768.583    -26.480   -100.228     96.202
     -9.039    139.448    290.124   -768.775    -26.471   -100.223     96.144
     -9.041    139.501    290.325   -768.968    -26.462   -100.218     96.086
     -9.043    139.554    290.525   -769.160    -26.453   -100.213     96.028
     -9.045    139.607    290.726   -769.352    -26.444   -100.208     95.970
     -9.047    139.659    290.926   -769.544    -26.435   -100.203     95.912
     -9.049    139.712    291.126   -769.735    -26.426   -100.197     95.854
     -9.051    139.765    291.327   -769.927    -26.417   -100.192     95.797
     -9.053    139.818    291.527   -770.119    -26.408   -100.187     95.739
     -9.055    139.871    291.727   -770.310    -26.399   -100.182     95.681
     -9.057    139.924    291.928   -770.501    -26.390   -100.176     95.623
     -9.059    139.976    292.128   -770.692    -26.381   -100.171     95.566
     -9.061    140.029    292.329   -770.884    -26.372   -100.166     95.508
     -9.063    140.082    292.529   -771.074    -26.363   -100.160     95.450
     -9.065    140.135    292.729   -771.265    -26.354   -100.155     95.393
     -9.067    140.187    292.929   -771.456    -26.345   -100.150     95.335
     -9.069    140.240    293.130   -771.647    -26.336   -100.144     95.278
     -9.071    140.293    293.330   -771.837    -26.327   -100.139     95.220
     -9.073    140.345    293.530   -772.028    -26.318   -100.133     95.163
     -9.075    140.398    293.731   -772.218    -26.309   -100.128     95.105
     -9.077    140.450    293.931   -772.408    -26.300   -100.123     95.048
     -9.079    140.503    294.131   -772.598    -26.291   -100.117     94.991
     -9.081    140.556    294.331   -772.788    -26.282   -100.112     94.933
     -9.083    140.608    294.532   -772.978    -26.273   -100.106     94.876
     -9.085    140.661    294.732   -773.167    -26.264   -100.101     94.819
     -9.087    140.713    294.932   -773.357    -26.255   -100.095     94.762
     -9.089    140.766    295.132   -773.546    -26.246   -100.090     94.705
     -9.091    140.818    295.332   -773.736    -26.237   -100.084     94.648
     -9.093    140.871    295.532   -773.925    -26.228   -100.078     94.591
     -9.095    140.923    295.733   -774.114    -26.219   -100.073     94.534
     -9.097    140.976    295.933   -774.303    -26.210   -100.067     94.477
     -9.099    141.028    296.133   -774.492    -26.201   -100.062     94.420
     -9.101    141.080    296.333   -774.681    -26.192   -100.056     94.363
     -9.103    141.133    296.533   -774.870    -26.183   -100.050     94.306
     -9.105    141.185    296.733   -775.058    -26.174   -100.045     94.249
     -9.107    141.237    296.933   -775.247    -26.166   -100.039     94.192
     -9.109    141.290    297.133   -775.435    -26.157   -100.033     94.136
     -9.111    141.342    297.333   -775.623    -26.148   -100.028     94.079
     -9.113    141.394    297.533   -775.811    -26.139   -100.022     94.022
     -9.115    141.447    297.733   -775.999    -26.130   -100.016     93.966
     -9.117    141.499    297.934   -776.187    -26.121   -100.010     93.909
     -9.119    141.551    298.134   -776.375    -26.112   -100.005     93.853
     -9.121    141.603    298.334   -776.562    -26.103    -99.999     93.796
     -9.123    141.656    298.534   -776.750    -26.094    -99.993     93.740
     -9.125    141.708    298.734   -776.937    -26.085    -99.987     93.683
     -9.127    141.760    298.933   -777.125    -26.076    -99.981     93.627
     -9.129    141.812    299.133   -777.312    -26.067    -99.975     93.570
     -9.131    141.864    299.333   -777.499    -26.059    -99.970     93.514
     -9.133    141.916    299.533   -777.686    -26.050    -99.964     93.458
     -9.135    141.968    299.733   -777.873    -26.041    -99.958     93.402
     -9.137    142.020    299.933   -778.060    -26.032    -99.952     93.345
     -9.139    142.072    300.133   -778.246    -26.023    -99.946     93.289
     -9.141    142.125    300.333   -778.433    -26.014    -99.940     93.233
     -9.143    142.177    300.533   -778.619    -26.005    -99.934     93.177
     -9.145    142.229    300.733   -778.805    -25.996    -99.928     93.121
     -9.147    142.281    300.933   -778.992    -25.988    -99.922     93.065
     -9.149    142.333    301.132   -779.178    -25.979    -99.916     93.009
     -9.151    142.384    301.332   -779.364    -25.970    -99.910     92.953
     -9.153    142.436    301.532   -779.550    -25.961    -99.904     92.897
     -9.155    142.488    301.732   -779.735    -25.952    -99.898     92.841
     -9.157    142.540    301.932   -779.921    -25.943    -99.892     92.785
     -9.159    142.592    302.131   -780.106    -25.934    -99.886     92.730
     -9.161    142.644    302.331   -780.292    -25.926    -99.880     92.674
     -9.163    142.696    302.531   -780.477    -25.917    -99.873     92.618
     -9.165    142.748    302.731   -780.662    -25.908    -99.867     92.562
     -9.167    142.799    302.930   -780.847    -25.899    -99.861     92.507
     -9.169    142.851    303.130   -781.032    -25.890    -99.855     92.451
     -9.171    142.903    303.330   -781.217    -25.881    -99.849     92.396
     -9.173    142.955    303.529   -781.402    -25.872    -99.843     92.340
     -9.175    143.006    303.729   -781.587    -25.864    -99.836     92.284
     -9.177    143.058    303.929   -781.771    -25.855    -99.830     92.229
     -9.179    143.110    304.128   -781.955    -25.846    -99.824     92.174
     -9.181    143.162    304.328   -782.140    -25.837    -99.818     92.118
     -9.183    143.213    304.528   -782.324    -25.828    -99.811     92.063
     -9.185    143.265    304.727   -782.508    -25.820    -99.805     92.007
     -9.187    143.316    304.927   -782.692    -25.811    -99.799     91.952
     -9.189    143.368    305.127   -782.876    -25.802    -99.793     91.897
     -9.191    143.420    305.326   -783.060    -25.793    -99.786     91.842
     -9.193    143.471    305.526   -783.243    -25.784    -99.780     91.787
     -9.195    143.523    305.725   -783.427    -25.775    -99.773     91.731
     -9.197    143.574    305.925   -783.610    -25.767    -99.767     91.676
     -9.199    143.626    306.124   -783.793    -25.758    -99.761     91.621
     -9.201    143.677    306.324   -783.977    -25.749    -99.754     91.566
     -9.203    143.729    306.523   -784.160    -25.740    -99.748     91.511
     -9.205    143.780    306.723   -784.343    -25.731    -99.741     91.456
     -9.207    143.832    306.922   -784.525    -25.723    -99.735     91.401
     -9.209    143.883    307.122   -784.708    -25.714    -99.729     91.346
     -9.211    143.935    307.321   -784.891    -25.705    -99.722     91.291
     -9.213    143.986    307.521   -785.073    -25.696    -99.716     91.237
     -9.215    144.037    307.720   -785.256    -25.688    -99.709     91.182
     -9.217    144.089    307.919   -785.438    -25.679    -99.703     91.127
     -9.219    144.140    308.119   -785.620    -25.670    -99.696     91.072
     -9.221    144.192    308.318   -785.802    -25.661    -99.689     91.018
     -9.223    144.243    308.518   -785.984    -25.653    -99.683     90.963
     -9.225    144.294    308.717   -786.166    -25.644    -99.676     90.908
     -9.227    144.345    308.916   -786.348    -25.635    -99.670     90.854
     -9.229    144.397    309.116   -786.530    -25.626    -99.663     90.799
     -9.231    144.448    309.315   -786.711    -25.618    -99.657     90.745
     -9.233    144.499    309.514   -786.893    -25.609    -99.650     90.690
     -9.235    144.550    309.714   -787.074    -25.600    -99.643     90.636
     -9.237    144.602    309.913   -787.255    -25.591    -99.637     90.581
     -9.239    144.653    310.112   -787.436    -25.583    -99.630     90.527
     -9.241    144.704    310.311   -787.617    -25.574    -99.623     90.473
     -9.243    144.755    310.511   -787.798    -25.565    -99.617     90.418
     -9.245    144.806    310.710   -787.979    -25.556    -99.610     90.364
     -9.247    144.857    310.909   -788.160    -25.548    -99.603     90.310
     -9.249    144.908    311.108   -788.340    -25.539    -99.596     90.256
     -9.251    144.959    311.307   -788.521    -25.530    -99.590     90.202
     -9.253    145.010    311.507   -788.701    -25.521    -99.583     90.147
     -9.255    145.061    311.706   -788.881    -25.513    -99.576     90.093
     -9.257    145.112    311.905   -789.061    -25.504    -99.569     90.039
     -9.259    145.163    312.104   -789.241    -25.495    -99.562     89.985
     -9.261    145.214    312.303   -789.421    -25.487    -99.556     89.931
     -9.263    145.265    312.502   -789.601    -25.478    -99.549     89.877
     -9.265    145.316    312.701   -789.781    -25.469    -99.542     89.823
     -9.267    145.367    312.900   -789.960    -25.460    -99.535     89.770
     -9.269    145.418    313.100   -790.140    -25.452    -99.528     89.716
     -9.271    145.469    313.299   -790.319    -25.443    -99.521     89.662
     -9.273    145.520    313.498   -790.499    -25.434    -99.514     89.608
     -9.275    145.571    313.697   -790.678    -25.426    -99.507     89.554
     -9.277    145.622    313.896   -790.857    -25.417    -99.501     89.501
     -9.279    145.673    314.095   -791.036    -25.408    -99.494     89.447
     -9.281    145.723    314.294   -791.215    -25.400    -99.487     89.393
     -9.283    145.774    314.493   -791.393    -25.391    -99.480     89.340
     -9.285    145.825    314.692   -791.572    -25.382    -99.473     89.286
     -9.287    145.876    314.890   -791.750    -25.374    -99.466     89.233
     -9.289    145.926    315.089   -791.929    -25.365    -99.459     89.179
     -9.291    145.977    315.288   -792.107    -25.356    -99.452     89.126
     -9.293    146.028    315.487   -792.285    -25.348    -99.445     89.072
     -9.295    146.079    315.686   -792.463    -25.339    -99.437     89.019
     -9.297    146.129    315.885   -792.641    -25.330    -99.430     88.965
     -9.299    146.180    316.084   -792.819    -25.322    -99.423     88.912
     -9.301    146.230    316.283   -792.997    -25.313    -99.416     88.859
     -9.303    146.281    316.481   -793.175    -25.304    -99.409     88.805
     -9.305    146.332    316.680   -793.352    -25.296    -99.402     88.752
     -9.307    146.382    316.879   -793.530    -25.287    -99.395     88.699
     -9.309    146.433    317.078   -793.707    -25.278    -99.388     88.646
     -9.311    146.483    317.277   -793.884    -25.270    -99.381     88.593
     -9.313    146.534    317.475   -794.061    -25.261    -99.373     88.540
     -9.315    146.584    317.674   -794.239    -25.252    -99.366     88.486
     -9.317    146.635    317.873   -794.415    -25.244    -99.359     88.433
     -9.319    146.685    318.072   -794.592    -25.235    -99.352     88.380
     -9.321    146.736    318.270   -794.769    -25.227    -99.345     88.327
     -9.323    146.786    318.469   -794.946    -25.218    -99.337     88.275
     -9.325    146.837    318.668   -795.122    -25.209    -99.330     88.222
     -9.327    146.887    318.866   -795.298    -25.201    -99.323     88.169
     -9.329    146.938    319.065   -795.475    -25.192    -99.316     88.116
     -9.331    146.988    319.264   -795.651    -25.183    -99.308     88.063
     -9.333    147.038    319.462   -795.827    -25.175    -99.301     88.010
     -9.335    147.089    319.661   -796.003    -25.166    -99.294     87.958
     -9.337    147.139    319.859   -796.179    -25.158    -99.286     87.905
     -9.339    147.189    320.058   -796.355    -25.149    -99.279     87.852
     -9.341    147.240    320.256   -796.530    -25.140    -99.272     87.800
     -9.343    147.290    320.455   -796.706    -25.132    -99.264     87.747
     -9.345    147.340    320.653   -796.881    -25.123    -99.257     87.694
     -9.347    147.390    320.852   -797.057    -25.115    -99.249     87.642
     -9.349    147.441    321.050   -797.232    -25.106    -99.242     87.589
     -9.351    147.491    321.249   -797.407    -25.097    -99.235     87.537
     -9.353    147.541    321.447   -797.582    -25.089    -99.227     87.484
     -9.355    147.591    321.646   -797.757    -25.080    -99.220     87.432
     -9.357    147.641    321.844   -797.932    -25.072    -99.212     87.380
     -9.359    147.691    322.043   -798.106    -25.063    -99.205     87.327
     -9.361    147.741    322.241   -798.281    -25.055    -99.197     87.275
     -9.363    147.792    322.439   -798.455    -25.046    -99.190     87.223
     -9.365    147.842    322.638   -798.630    -25.037    -99.182     87.170
     -9.367    147.892    322.836   -798.804    -25.029    -99.175     87.118
     -9.369    147.942    323.035   -798.978    -25.020    -99.167     87.066
     -9.371    147.992    323.233   -799.152    -25.012    -99.160     87.014
     -9.373    148.042    323.431   -799.326    -25.003    -99.152     86.962
     -9.375    148.092    323.629   -799.500    -24.995    -99.145     86.910
     -9.377    148.142    323.828   -799.674    -24.986    -99.137     86.857
     -9.379    148.192    324.026   -799.848    -24.977    -99.130     86.805
     -9.381    148.242    324.224   -800.021    -24.969    -99.122     86.753
     -9.383    148.292    324.423   -800.195    -24.960    -99.114     86.702
     -9.385    148.342    324.621   -800.368    -24.952    -99.107     86.650
     -9.387    148.391    324.819   -800.541    -24.943    -99.099     86.598
     -9.389    148.441    325.017   -800.714    -24.935    -99.091     86.546
     -9.391    148.491    325.215   -800.887    -24.926    -99.084     86.494
     -9.393    148.541    325.413   -801.060    -24.918    -99.076     86.442
     -9.395    148.591    325.612   -801.233    -24.909    -99.068     86.390
     -9.397    148.641    325.810   -801.406    -24.901    -99.061     86.339
     -9.399    148.690    326.008   -801.579    -24.892    -99.053     86.287
     -9.401    148.740    326.206   -801.751    -24.884    -99.045     86.235
     -9.403    148.790    326.404   -801.924    -24.875    -99.038     86.184
     -9.405    148.840    326.602   -802.096    -24.867    -99.030     86.132
     -9.407    148.889    326.800   -802.268    -24.858    -99.022     86.080
     -9.409    148.939    326.998   -802.440    -24.850    -99.014     86.029
     -9.411    148.989    327.196   -802.612    -24.841    -99.006     85.977
     -9.413    149.039    327.394   -802.784    -24.833    -98.999     85.926
     -9.415    149.088    327.592   -802.956    -24.824    -98.991     85.874
     -9.417    149.138    327.790   -803.128    -24.816    -98.983     85.823
     -9.419    149.187    327.988   -803.299    -24.807    -98.975     85.772
     -9.421    149.237    328.186   -803.471    -24.799    -98.967     85.720
     -9.423    149.287    328.384   -803.642    -24.790    -98.960     85.669
     -9.425    149.336    328.582   -803.813    -24.782    -98.952     85.618
     -9.427    149.386    328.780   -803.985    -24.773    -98.944     85.566
     -9.429    149.435    328.978   -804.156    -24.765    -98.936     85.515
     -9.431    149.485    329.176   -804.327    -24.756    -98.928     85.464
     -9.433    149.534    329.373   -804.497    -24.748    -98.920     85.413
     -9.435    149.584    329.571   -804.668    -24.739    -98.912     85.362
     -9.437    149.633    329.769   -804.839    -24.731    -98.904     85.310
     -9.439    149.683    329.967   -805.009    -24.722    -98.896     85.259
     -9.441    149.732    330.165   -805.180    -24.714    -98.888     85.208
     -9.443    149.782    330.362   -805.350    -24.705    -98.880     85.157
     -9.445    149.831    330.560   -805.521    -24.697    -98.872     85.106
     -9.447    149.880    330.758   -805.691    -24.688    -98.864     85.055
     -9.449    149.930    330.956   -805.861    -24.680    -98.856     85.004
     -9.451    149.979    331.153   -806.031    -24.671    -98.848     84.953
     -9.453    150.028    331.351   -806.201    -24.663    -98.840     84.903
     -9.455    150.078    331.549   -806.370    -24.655    -98.832     84.852
     -9.457    150.127    331.746   -806.540    -24.646    -98.824     84.801
     -9.459    150.176    331.944   -806.710    -24.638    -98.816     84.750
     -9.461    150.226    332.142   -806.879    -24.629    -98.808     84.699
     -9.463    150.275    332.339   -807.048    -24.621    -98.800     84.649
     -9.465    150.324    332.537   -807.218    -24.612    -98.792     84.598
     -9.467    150.373    332.734   -807.387    -24.604    -98.784     84.547
     -9.469    150.423    332.932   -807.556    -24.595    -98.776     84.497
     -9.471    150.472    333.130   -807.725    -24.587    -98.768     84.446
     -9.473    150.521    333.327   -807.894    -24.579    -98.759     84.396
     -9.475    150.570    333.525   -808.062    -24.570    -98.751     84.345
     -9.477    150.619    333.722   -808.231    -24.562    -98.743     84.295
     -9.479    150.668    333.920   -808.400    -24.553    -98.735     84.244
     -9.481    150.717    334.117   -808.568    -24.545    -98.727     84.194
     -9.483    150.766    334.314   -808.736    -24.537    -98.719     84.143
     -9.485    150.815    334.512   -808.905    -24.528    -98.710     84.093
     -9.487    150.865    334.709   -809.073    -24.520    -98.702     84.043
     -9.489    150.914    334.907   -809.241    -24.511    -98.694     83.992
     -9.491    150.963    335.104   -809.409    -24.503    -98.686     83.942
     -9.493    151.012    335.301   -809.576    -24.494    -98.677     83.892
     -9.495    151.061    335.499   -809.744    -24.486    -98.669     83.841
     -9.497    151.110    335.696   -809.912    -24.478    -98.661     83.791
     -9.499    151.158    335.893   -810.079    -24.469    -98.653     83.741
     -9.501    151.207    336.091   -810.247    -24.461    -98.644     83.691
     -9.503    151.256    336.288   -810.414    -24.452    -98.636     83.641
     -9.505    151.305    336.485   -810.581    -24.444    -98.628     83.591
     -9.507    151.354    336.682   -810.748    -24.436    -98.619     83.541
     -9.509    151.403    336.880   -810.916    -24.427    -98.611     83.491
     -9.511    151.452    337.077   -811.082    -24.419    -98.603     83.441
     -9.513    151.501    337.274   -811.249    -24.411    -98.594     83.391
     -9.515    151.549    337.471   -811.416    -24.402    -98.586     83.341
     -9.517    151.598    337.668   -811.583    -24.394    -98.578     83.291
     -9.519    151.647    337.866   -811.749    -24.385    -98.569     83.241
     -9.521    151.696    338.063   -811.916    -24.377    -98.561     83.191
     -9.523    151.745    338.260   -812.082    -24.369    -98.552     83.141
     -9.525    151.793    338.457   -812.248    -24.360    -98.544     83.092
     -9.527    151.842    338.654   -812.414    -24.352    -98.536     83.042
     -9.529    151.891    338.851   -812.580    -24.344    -98.527     82.992
     -9.531    151.939    339.048   -812.746    -24.335    -98.519     82.942
     -9.533    151.988    339.245   -812.912    -24.327    -98.510     82.893
     -9.535    152.037    339.442   -813.078    -24.319    -98.502     82.843
     -9.537    152.085    339.639   -813.243    -24.310    -98.493     82.793
     -9.539    152.134    339.836   -813.409    -24.302    -98.485     82.744
     -9.541    152.182    340.033   -813.574    -24.294    -98.476     82.694
     -9.543    152.231    340.230   -813.740    -24.285    -98.468     82.645
     -9.545    152.280    340.427   -813.905    -24.277    -98.459     82.595
     -9.547    152.328    340.624   -814.070    -24.269    -98.451     82.546
     -9.549    152.377    340.821   -814.235    -24.260    -98.442     82.496
     -9.551    152.425    341.018   -814.400    -24.252    -98.434     82.447
     -9.553    152.474    341.215   -814.565    -24.244    -98.425     82.398
     -9.555    152.522    341.411   -814.730    -24.235    -98.416     82.348
     -9.557    152.571    341.608   -814.894    -24.227    -98.408     82.299
     -9.559    152.619    341.805   -815.059    -24.219    -98.399     82.250
     -9.561    152.668    342.002   -815.223    -24.210    -98.391     82.200
     -9.563    152.716    342.199   -815.388    -24.202    -98.382     82.151
     -9.565    152.764    342.395   -815.552    -24.194    -98.373     82.102
     -9.567    152.813    342.592   -815.716    -24.185    -98.365     82.053
     -9.569    152.861    342.789   -815.880    -24.177    -98.356     82.004
     -9.571    152.909    342.985   -816.044    -24.169    -98.347     81.954
     -9.573    152.958    343.182   -816.208    -24.160    -98.339     81.905
     -9.575    153.006    343.379   -816.372    -24.152    -98.330     81.856
     -9.577    153.054    343.575   -816.535    -24.144    -98.321     81.807
     -9.579    153.103    343.772   -816.699    -24.136    -98.313     81.758
     -9.581    153.151    343.969   -816.862    -24.127    -98.304     81.709
     -9.583    153.199    344.165   -817.026    -24.119    -98.295     81.660
     -9.585    153.247    344.362   -817.189    -24.111    -98.286     81.611
     -9.587    153.296    344.558   -817.352    -24.102    -98.278     81.563
     -9.589    153.344    344.755   -817.515    -24.094    -98.269     81.514
     -9.591    153.392    344.952   -817.678    -24.086    -98.260     81.465
     -9.593    153.440    345.148   -817.841    -24.078    -98.251     81.416
     -9.595    153.488    345.345   -818.004    -24.069    -98.243     81.367
     -9.597    153.536    345.541   -818.167    -24.061    -98.234     81.319
     -9.599    153.585    345.737   -818.329    -24.053    -98.225     81.270
     -9.601    153.633    345.934   -818.492    -24.044    -98.216     81.221
     -9.603    153.681    346.130   -818.654    -24.036    -98.207     81.172
     -9.605    153.729    346.327   -818.816    -24.028    -98.199     81.124
     -9.607    153.777    346.523   -818.979    -24.020    -98.190     81.075
     -9.609    153.825    346.720   -819.141    -24.011    -98.181     81.027
     -9.611    153.873    346.916   -819.303    -24.003    -98.172     80.978
     -9.613    153.921    347.112   -819.465    -23.995    -98.163     80.930
     -9.615    153.969    347.309   -819.626    -23.987    -98.154     80.881
     -9.617    154.017    347.505   -819.788    -23.978    -98.145     80.833
     -9.619    154.065    347.701   -819.950    -23.970    -98.137     80.784
     -9.621    154.113    347.897   -820.111    -23.962    -98.128     80.736
     -9.623    154.161    348.094   -820.273    -23.954    -98.119     80.687
     -9.625    154.208    348.290   -820.434    -23.945    -98.110     80.639
     -9.627    154.256    348.486   -820.595    -23.937    -98.101     80.591
     -9.629    154.304    348.682   -820.756    -23.929    -98.092     80.542
     -9.631    154.352    348.878   -820.917    -23.921    -98.083     80.494
     -9.633    154.400    349.075   -821.078    -23.913    -98.074     80.446
     -9.635    154.448    349.271   -821.239    -23.904    -98.065     80.398
     -9.637    154.496    349.467   -821.400    -23.896    -98.056     80.349
     -9.639    154.543    349.663   -821.561    -23.888    -98.047     80.301
     -9.641    154.591    349.859   -821.721    -23.880    -98.038     80.253
     -9.643    154.639    350.055   -821.882    -23.871    -98.029     80.205
     -9.645    154.687    350.251   -822.042    -23.863    -98.020     80.157
     -9.647    154.734    350.447   -822.202    -23.855    -98.011     80.109
     -9.649    154.782    350.643   -822.362    -23.847    -98.002     80.061
     -9.651    154.830    350.839   -822.523    -23.839    -97.993     80.013
     -9.653    154.877    351.035   -822.683    -23.830    -97.984     79.965
     -9.655    154.925    351.231   -822.842    -23.822    -97.975     79.917
     -9.657    154.973    351.427   -823.002    -23.814    -97.966     79.869
     -9.659    155.020    351.623   -823.162    -23.806    -97.956     79.821
     -9.661    155.068    351.819   -823.321    -23.798    -97.947     79.773
     -9.663    155.115    352.015   -823.481    -23.789    -97.938     79.725
     -9.665    155.163    352.211   -823.640    -23.781    -97.929     79.678
     -9.667    155.211    352.406   -823.800    -23.773    -97.920     79.630
     -9.669    155.258    352.602   -823.959    -23.765    -97.911     79.582
     -9.671    155.306    352.798   -824.118    -23.757    -97.902     79.534
     -9.673    155.353    352.994   -824.277    -23.748    -97.893     79.487
     -9.675    155.401    353.190   -824.436    -23.740    -97.883     79.439
     -9.677    155.448    353.385   -824.595    -23.732    -97.874     79.391
     -9.679    155.496    353.581   -824.754    -23.724    -97.865     79.344
     -9.681    155.543    353.777   -824.912    -23.716    -97.856     79.296
     -9.683    155.590    353.973   -825.071    -23.708    -97.847     79.249
     -9.685    155.638    354.168   -825.229    -23.699    -97.837     79.201
     -9.687    155.685    354.364   -825.388    -23.691    -97.828     79.154
     -9.689    155.733    354.560   -825.546    -23.683    -97.819     79.106
     -9.691    155.780    354.755   -825.704    -23.675    -97.810     79.059
     -9.693    155.827    354.951   -825.862    -23.667    -97.800     79.011
     -9.695    155.875    355.146   -826.020    -23.659    -97.791     78.964
     -9.697    155.922    355.342   -826.178    -23.650    -97.782     78.916
     -9.699    155.969    355.538   -826.336    -23.642    -97.773     78.869
     -9.701    156.016    355.733   -826.493    -23.634    -97.763     78.822
     -9.703    156.064    355.929   -826.651    -23.626    -97.754     78.774
     -9.705    156.111    356.124   -826.808    -23.618    -97.745     78.727
     -9.707    156.158    356.320   -826.966    -23.610    -97.735     78.680
     -9.709    156.205    356.515   -827.123    -23.602    -97.726     78.633
     -9.711    156.253    356.711   -827.280    -23.593    -97.717     78.585
     -9.713    156.300    356.906   -827.438    -23.585    -97.707     78.538
     -9.715    156.347    357.101   -827.595    -23.577    -97.698     78.491
     -9.717    156.394    357.297   -827.751    -23.569    -97.689     78.444
     -9.719    156.441    357.492   -827.908    -23.561    -97.679     78.397
     -9.721    156.488    357.687   -828.065    -23.553    -97.670     78.350
     -9.723    156.535    357.883   -828.222    -23.545    -97.661     78.303
     -9.725    156.583    358.078   -828.378    -23.536    -97.651     78.256
     -9.727    156.630    358.273   -828.535    -23.528    -97.642     78.209
     -9.729    156.677    358.469   -828.691    -23.520    -97.632     78.162
     -9.731    156.724    358.664   -828.847    -23.512    -97.623     78.115
     -9.733    156.771    358.859   -829.004    -23.504    -97.614     78.068
     -9.735    156.818    359.054   -829.160    -23.496    -97.604     78.021
     -9.737    156.865    359.250   -829.316    -23.488    -97.595     77.974
     -9.739    156.912    359.445   -829.472    -23.480    -97.585     77.928
     -9.741    156.959    359.640   -829.627    -23.472    -97.576     77.881
     -9.743    157.006    359.835   -829.783    -23.464    -97.566     77.834
     -9.745    157.052    360.030   -829.939    -23.455    -97.557     77.787
     -9.747    157.099    360.225   -830.094    -23.447    -97.547     77.741
     -9.749    157.146    360.420   -830.250    -23.439    -97.538     77.694
     -9.751    157.193    360.615   -830.405    -23.431    -97.528     77.647
     -9.753    157.240    360.810   -830.560    -23.423    -97.519     77.601
     -9.755    157.287    361.006   -830.715    -23.415    -97.509     77.554
     -9.757    157.334    361.201   -830.870    -23.407    -97.500     77.507
     -9.759    157.380    361.396   -831.025    -23.399    -97.490     77.461
     -9.761    157.427    361.590   -831.180    -23.391    -97.481     77.414
     -9.763    157.474    361.785   -831.335    -23.383    -97.471     77.368
     -9.765    157.521    361.980   -831.490    -23.375    -97.461     77.321
     -9.767    157.568    362.175   -831.644    -23.366    -97.452     77.275
     -9.769    157.614    362.370   -831.799    -23.358    -97.442     77.228
     -9.771    157.661    362.565   -831.953    -23.350    -97.433     77.182
     -9.773    157.708    362.760   -832.108    -23.342    -97.423     77.136
     -9.775    157.754    362.955   -832.262    -23.334    -97.413     77.089
     -9.777    157.801    363.150   -832.416    -23.326    -97.404     77.043
     -9.779    157.848    363.344   -832.570    -23.318    -97.394     76.997
     -9.781    157.894    363.539   -832.724    -23.310    -97.385     76.950
     -9.783    157.941    363.734   -832.878    -23.302    -97.375     76.904
     -9.785    157.987    363.929   -833.032    -23.294    -97.365     76.858
     -9.787    158.034    364.123   -833.185    -23.286    -97.356     76.812
     -9.789    158.081    364.318   -833.339    -23.278    -97.346     76.765
     -9.791    158.127    364.513   -833.492    -23.270    -97.336     76.719
     -9.793    158.174    364.707   -833.646    -23.262    -97.327     76.673
     -9.795    158.220    364.902   -833.799    -23.254    -97.317     76.627
     -9.797    158.267    365.097   -833.952    -23.246    -97.307     76.581
     -9.799    158.313    365.291   -834.105    -23.238    -97.297     76.535
     -9.801    158.360    365.486   -834.258    -23.230    -97.288     76.489
     -9.803    158.406    365.680   -834.411    -23.222    -97.278     76.443
     -9.805    158.453    365.875   -834.564    -23.214    -97.268     76.397
     -9.807    158.499    366.069   -834.717    -23.205    -97.259     76.351
     -9.809    158.545    366.264   -834.870    -23.197    -97.249     76.305
     -9.811    158.592    366.458   -835.022    -23.189    -97.239     76.259
     -9.813    158.638    366.653   -835.175    -23.181    -97.229     76.213
     -9.815    158.684    366.847   -835.327    -23.173    -97.219     76.167
     -9.817    158.731    367.042   -835.479    -23.165    -97.210     76.121
     -9.819    158.777    367.236   -835.631    -23.157    -97.200     76.076
     -9.821    158.823    367.431   -835.784    -23.149    -97.190     76.030
     -9.823    158.870    367.625   -835.936    -23.141    -97.180     75.984
     -9.825    158.916    367.819   -836.087    -23.133    -97.170     75.938
     -9.827    158.962    368.014   -836.239    -23.125    -97.161     75.893
     -9.829    159.008    368.208   -836.391    -23.117    -97.151     75.847
     -9.831    159.055    368.402   -836.543    -23.109    -97.141     75.801
     -9.833    159.101    368.597   -836.694    -23.101    -97.131     75.756
     -9.835    159.147    368.791   -836.846    -23.093    -97.121     75.710
     -9.837    159.193    368.985   -836.997    -23.085    -97.111     75.665
     -9.839    159.239    369.179   -837.148    -23.077    -97.101     75.619
     -9.841    159.286    369.373   -837.300    -23.069    -97.092     75.573
     -9.843    159.332    369.568   -837.451    -23.061    -97.082     75.528
     -9.845    159.378    369.762   -837.602    -23.053    -97.072     75.482
     -9.847    159.424    369.956   -837.753    -23.045    -97.062     75.437
     -9.849    159.470    370.150   -837.903    -23.037    -97.052     75.392
     -9.851    159.516    370.344   -838.054    -23.029    -97.042     75.346
     -9.853    159.562    370.538   -838.205    -23.021    -97.032     75.301
     -9.855    159.608    370.732   -838.355    -23.013    -97.022     75.255
     -9.857    159.654    370.926   -838.506    -23.005    -97.012     75.210
     -9.859    159.700    371.120   -838.656    -22.998    -97.002     75.165
     -9.861    159.746    371.314   -838.806    -22.990    -96.992     75.119
     -9.863    159.792    371.508   -838.957    -22.982    -96.982     75.074
     -9.865    159.838    371.702   -839.107    -22.974    -96.972     75.029
     -9.867    159.884    371.896   -839.257    -22.966    -96.962     74.984
     -9.869    159.930    372.090   -839.407    -22.958    -96.952     74.939
     -9.871    159.976    372.284   -839.557    -22.950    -96.942     74.893
     -9.873    160.022    372.478   -839.706    -22.942    -96.932     74.848
     -9.875    160.068    372.672   -839.856    -22.934    -96.922     74.803
     -9.877    160.114    372.866   -840.006    -22.926    -96.912     74.758
     -9.879    160.159    373.059   -840.155    -22.918    -96.902     74.713
     -9.881    160.205    373.253   -840.304    -22.910    -96.892     74.668
     -9.883    160.251    373.447   -840.454    -22.902    -96.882     74.623
     -9.885    160.297    373.641   -840.603    -22.894    -96.872     74.578
     -9.887    160.343    373.834   -840.752    -22.886    -96.862     74.533
     -9.889    160.388    374.028   -840.901    -22.878    -96.852     74.488
     -9.891    160.434    374.222   -841.050    -22.870    -96.842     74.443
     -9.893    160.480    374.415   -841.199    -22.862    -96.832     74.398
     -9.895    160.526    374.609   -841.347    -22.854    -96.822     74.353
     -9.897    160.571    374.803   -841.496    -22.846    -96.812     74.308
     -9.899    160.617    374.996   -841.645    -22.839    -96.801     74.264
     -9.901    160.663    375.190   -841.793    -22.831    -96.791     74.219
     -9.903    160.708    375.384   -841.942    -22.823    -96.781     74.174
     -9.905    160.754    375.577   -842.090    -22.815    -96.771     74.129
     -9.907    160.800    375.771   -842.238    -22.807    -96.761     74.084
     -9.909    160.845    375.964   -842.386    -22.799    -96.751     74.040
     -9.911    160.891    376.158   -842.534    -22.791    -96.741     73.995
     -9.913    160.936    376.351   -842.682    -22.783    -96.730     73.950
     -9.915    160.982    376.545   -842.830    -22.775    -96.720     73.906
     -9.917    161.027    376.738   -842.978    -22.767    -96.710     73.861
     -9.919    161.073    376.931   -843.126    -22.759    -96.700     73.817
     -9.921    161.118    377.125   -843.273    -22.751    -96.690     73.772
     -9.923    161.164    377.318   -843.421    -22.744    -96.680     73.727
     -9.925    161.209    377.512   -843.568    -22.736    -96.669     73.683
     -9.927    161.255    377.705   -843.715    -22.728    -96.659     73.638
     -9.929    161.300    377.898   -843.863    -22.720    -96.649     73.594
     -9.931    161.346    378.091   -844.010    -22.712    -96.639     73.550
     -9.933    161.391    378.285   -844.157    -22.704    -96.628     73.505
     -9.935    161.437    378.478   -844.304    -22.696    -96.618     73.461
     -9.937    161.482    378.671   -844.451    -22.688    -96.608     73.416
     -9.939    161.527    378.864   -844.597    -22.680    -96.598     73.372
     -9.941    161.573    379.058   -844.744    -22.673    -96.587     73.328
     -9.943    161.618    379.251   -844.891    -22.665    -96.577     73.283
     -9.945    161.663    379.444   -845.037    -22.657    -96.567     73.239
     -9.947    161.709    379.637   -845.184    -22.649    -96.556     73.195
     -9.949    161.754    379.830   -845.330    -22.641    -96.546     73.151
     -9.951    161.799    380.023   -845.476    -22.633    -96.536     73.106
     -9.953    161.844    380.216   -845.622    -22.625    -96.526     73.062
     -9.955    161.890    380.409   -845.769    -22.617    -96.515     73.018
     -9.957    161.935    380.602   -845.915    -22.610    -96.505     72.974
     -9.959    161.980    380.795   -846.060    -22.602    -96.495     72.930
     -9.961    162.025    380.988   -846.206    -22.594    -96.484     72.886
     -9.963    162.070    381.181   -846.352    -22.586    -96.474     72.841
     -9.965    162.116    381.374   -846.498    -22.578    -96.464     72.797
     -9.967    162.161    381.567   -846.643    -22.570    -96.453     72.753
     -9.969    162.206    381.760   -846.789    -22.562    -96.443     72.709
     -9.971    162.251    381.953   -846.934    -22.555    -96.432     72.665
     -9.973    162.296    382.146   -847.079    -22.547    -96.422     72.621
     -9.975    162.341    382.339   -847.224    -22.539    -96.412     72.577
     -9.977    162.386    382.531   -847.370    -22.531    -96.401     72.534
     -9.979    162.431    382.724   -847.515    -22.523    -96.391     72.490
     -9.981    162.476    382.917   -847.660    -22.515    -96.380     72.446
     -9.983    162.521    383.110   -847.804    -22.507    -96.370     72.402
     -9.985    162.566    383.302   -847.949    -22.500    -96.360     72.358
     -9.987    162.611    383.495   -848.094    -22.492    -96.349     72.314
     -9.989    162.656    383.688   -848.238    -22.484    -96.339     72.270
     -9.991    162.701    383.880   -848.383    -22.476    -96.328     72.227
     -9.993    162.746    384.073   -848.527    -22.468    -96.318     72.183
     -9.995    162.791    384.266   -848.672    -22.460    -96.307     72.139
     -9.997    162.836    384.458   -848.816    -22.453    -96.297     72.096
     -9.999    162.881    384.651   -848.960    -22.445    -96.286     72.052
    -10.001    162.926    384.843   -849.104    -22.437    -96.276     72.008
    -10.003    162.971    385.036   -849.248    -22.429    -96.265     71.965
    -10.005    163.016    385.229   -849.392    -22.421    -96.255     71.921
    -10.007    163.060    385.421   -849.536    -22.414    -96.244     71.877
    -10.009    163.105    385.614   -849.679    -22.406    -96.234     71.834
    -10.011    163.150    385.806   -849.823    -22.398    -96.223     71.790
    -10.013    163.195    385.998   -849.967    -22.390    -96.213     71.747
    -10.015    163.240    386.191   -850.110    -22.382    -96.202     71.703
    -10.017    163.284    386.383   -850.253    -22.375    -96.192     71.660
    -10.019    163.329    386.576   -850.397    -22.367    -96.181     71.616
    -10.021    163.374    386.768   -850.540    -22.359    -96.171     71.573
    -10.023    163.419    386.960   -850.683    -22.351    -96.160     71.530
    -10.025    163.463    387.153   -850.826    -22.343    -96.149     71.486
    -10.027    163.508    387.345   -850.969    -22.336    -96.139     71.443
    -10.029    163.553    387.537   -851.112    -22.328    -96.128     71.400
    -10.031    163.597    387.729   -851.255    -22.320    -96.118     71.356
    -10.033    163.642    387.922   -851.397    -22.312    -96.107     71.313
    -10.035    163.687    388.114   -851.540    -22.304    -96.097     71.270
    -10.037    163.731    388.306   -851.682    -22.297    -96.086     71.226
    -10.039    163.776    388.498   -851.825    -22.289    -96.075     71.183
    -10.041    163.820    388.690   -851.967    -22.281    -96.065     71.140
    -10.043    163.865    388.882   -852.109    -22.273    -96.054     71.097
    -10.045    163.909    389.075   -852.251    -22.265    -96.043     71.054
    -10.047    163.954    389.267   -852.393    -22.258    -96.033     71.011
    -10.049    163.998    389.459   -852.535    -22.250    -96.022     70.967
    -10.051    164.043    389.651   -852.677    -22.242    -96.011     70.924
    -10.053    164.087    389.843   -852.819    -22.234    -96.001     70.881
    -10.055    164.132    390.035   -852.961    -22.227    -95.990     70.838
    -10.057    164.176    390.227   -853.103    -22.219    -95.979     70.795
    -10.059    164.221    390.419   -853.244    -22.211    -95.969     70.752
    -10.061    164.265    390.611   -853.386    -22.203    -95.958     70.709
    -10.063    164.310    390.802   -853.527    -22.196    -95.947     70.666
    -10.065    164.354    390.994   -853.668    -22.188    -95.937     70.623
    -10.067    164.398    391.186   -853.809    -22.180    -95.926     70.580
    -10.069    164.443    391.378   -853.950    -22.172    -95.915     70.538
    -10.071    164.487    391.570   -854.092    -22.165    -95.904     70.495
    -10.073    164.531    391.762   -854.232    -22.157    -95.894     70.452
    -10.075    164.576    391.953   -854.373    -22.149    -95.883     70.409
    -10.077    164.620    392.145   -854.514    -22.141    -95.872     70.366
    -10.079    164.664    392.337   -854.655    -22.134    -95.861     70.323
    -10.081    164.708    392.529   -854.795    -22.126    -95.851     70.281
    -10.083    164.753    392.720   -854.936    -22.118    -95.840     70.238
    -10.085    164.797    392.912   -855.076    -22.110    -95.829     70.195
    -10.087    164.841    393.104   -855.217    -22.103    -95.818     70.152
    -10.089    164.885    393.295   -855.357    -22.095    -95.808     70.110
    -10.091    164.929    393.487   -855.497    -22.087    -95.797     70.067
    -10.093    164.974    393.678   -855.637    -22.079    -95.786     70.024
    -10.095    165.018    393.870   -855.777    -22.072    -95.775     69.982
    -10.097    165.062    394.062   -855.917    -22.064    -95.764     69.939
    -10.099    165.106    394.253   -856.057    -22.056    -95.754     69.897
    -10.101    165.150    394.445   -856.197    -22.049    -95.743     69.854
    -10.103    165.194    394.636   -856.336    -22.041    -95.732     69.812
    -10.105    165.238    394.827   -856.476    -22.033    -95.721     69.769
    -10.107    165.282    395.019   -856.615    -22.025    -95.710     69.727
    -10.109    165.326    395.210   -856.755    -22.018    -95.699     69.684
    -10.111    165.370    395.402   -856.894    -22.010    -95.689     69.642
    -10.113    165.414    395.593   -857.033    -22.002    -95.678     69.599
    -10.115    165.458    395.784   -857.173    -21.995    -95.667     69.557
    -10.117    165.502    395.976   -857.312    -21.987    -95.656     69.515
    -10.119    165.546    396.167   -857.451    -21.979    -95.645     69.472
    -10.121    165.590    396.358   -857.590    -21.971    -95.634     69.430
    -10.123    165.634    396.550   -857.728    -21.964    -95.623     69.388
    -10.125    165.678    396.741   -857.867    -21.956    -95.612     69.345
    -10.127    165.722    396.932   -858.006    -21.948    -95.601     69.303
    -10.129    165.766    397.123   -858.144    -21.941    -95.591     69.261
    -10.131    165.810    397.314   -858.283    -21.933    -95.580     69.219
    -10.133    165.854    397.506   -858.421    -21.925    -95.569     69.176
    -10.135    165.898    397.697   -858.560    -21.918    -95.558     69.134
    -10.137    165.941    397.888   -858.698    -21.910    -95.547     69.092
    -10.139    165.985    398.079   -858.836    -21.902    -95.536     69.050
    -10.141    166.029    398.270   -858.974    -21.895    -95.525     69.008
    -10.143    166.073    398.461   -859.112    -21.887    -95.514     68.966
    -10.145    166.117    398.652   -859.250    -21.879    -95.503     68.923
    -10.147    166.160    398.843   -859.388    -21.872    -95.492     68.881
    -10.149    166.204    399.034   -859.525    -21.864    -95.481     68.839
    -10.151    166.248    399.225   -859.663    -21.856    -95.470     68.797
    -10.153    166.291    399.416   -859.801    -21.849    -95.459     68.755
    -10.155    166.335    399.607   -859.938    -21.841    -95.448     68.713
    -10.157    166.379    399.798   -860.075    -21.833    -95.437     68.671
    -10.159    166.423    399.988   -860.213    -21.826    -95.426     68.629
    -10.161    166.466    400.179   -860.350    -21.818    -95.415     68.588
    -10.163    166.510    400.370   -860.487    -21.810    -95.404     68.546
    -10.165    166.553    400.561   -860.624    -21.803    -95.393     68.504
    -10.167    166.597    400.752   -860.761    -21.795    -95.382     68.462
    -10.169    166.641    400.942   -860.898    -21.787    -95.371     68.420
    -10.171    166.684    401.133   -861.035    -21.780    -95.360     68.378
    -10.173    166.728    401.324   -861.171    -21.772    -95.349     68.337
    -10.175    166.771    401.515   -861.308    -21.764    -95.338     68.295
    -10.177    166.815    401.705   -861.445    -21.757    -95.327     68.253
    -10.179    166.858    401.896   -861.581    -21.749    -95.316     68.211
    -10.181    166.902    402.087   -861.717    -21.741    -95.305     68.170
    -10.183    166.945    402.277   -861.854    -21.734    -95.293     68.128
    -10.185    166.989    402.468   -861.990    -21.726    -95.282     68.086
    -10.187    167.032    402.658   -862.126    -21.718    -95.271     68.045
    -10.189    167.076    402.849   -862.262    -21.711    -95.260     68.003
    -10.191    167.119    403.039   -862.398    -21.703    -95.249     67.961
    -10.193    167.162    403.230   -862.534    -21.696    -95.238     67.920
    -10.195    167.206    403.420   -862.670    -21.688    -95.227     67.878
    -10.197    167.249    403.611   -862.806    -21.680    -95.216     67.837
    -10.199    167.292    403.801   -862.941    -21.673    -95.205     67.795
    -10.201    167.336    403.991   -863.077    -21.665    -95.193     67.754
    -10.203    167.379    404.182   -863.212    -21.657    -95.182     67.712
    -10.205    167.422    404.372   -863.348    -21.650    -95.171     67.671
    -10.207    167.466    404.563   -863.483    -21.642    -95.160     67.629
    -10.209    167.509    404.753   -863.618    -21.635    -95.149     67.588
    -10.211    167.552    404.943   -863.753    -21.627    -95.138     67.546
    -10.213    167.596    405.133   -863.888    -21.619    -95.126     67.505
    -10.215    167.639    405.324   -864.023    -21.612    -95.115     67.464
    -10.217    167.682    405.514   -864.158    -21.604    -95.104     67.422
    -10.219    167.725    405.704   -864.293    -21.597    -95.093     67.381
    -10.221    167.768    405.894   -864.428    -21.589    -95.082     67.340
    -10.223    167.812    406.084   -864.562    -21.581    -95.071     67.298
    -10.225    167.855    406.275   -864.697    -21.574    -95.059     67.257
    -10.227    167.898    406.465   -864.831    -21.566    -95.048     67.216
    -10.229    167.941    406.655   -864.966    -21.559    -95.037     67.175
    -10.231    167.984    406.845   -865.100    -21.551    -95.026     67.133
    -10.233    168.027    407.035   -865.234    -21.543    -95.014     67.092
    -10.235    168.070    407.225   -865.368    -21.536    -95.003     67.051
    -10.237    168.113    407.415   -865.502    -21.528    -94.992     67.010
    -10.239    168.156    407.605   -865.636    -21.521    -94.981     66.969
    -10.241    168.199    407.795   -865.770    -21.513    -94.969     66.928
    -10.243    168.242    407.985   -865.904    -21.505    -94.958     66.887
    -10.245    168.285    408.175   -866.038    -21.498    -94.947     66.846
    -10.247    168.328    408.364   -866.171    -21.490    -94.936     66.804
    -10.249    168.371    408.554   -866.305    -21.483    -94.924     66.763
    -10.251    168.414    408.744   -866.439    -21.475    -94.913     66.722
    -10.253    168.457    408.934   -866.572    -21.468    -94.902     66.681
    -10.255    168.500    409.124   -866.705    -21.460    -94.890     66.641
    -10.257    168.543    409.314   -866.839    -21.452    -94.879     66.600
    -10.259    168.586    409.503   -866.972    -21.445    -94.868     66.559
    -10.261    168.629    409.693   -867.105    -21.437    -94.857     66.518
    -10.263    168.672    409.883   -867.238    -21.430    -94.845     66.477
    -10.265    168.715    410.072   -867.371    -21.422    -94.834     66.436
    -10.267    168.757    410.262   -867.503    -21.415    -94.823     66.395
    -10.269    168.800    410.452   -867.636    -21.407    -94.811     66.354
    -10.271    168.843    410.641   -867.769    -21.399    -94.800     66.313
    -10.273    168.886    410.831   -867.901    -21.392    -94.789     66.273
    -10.275    168.929    411.020   -868.034    -21.384    -94.777     66.232
    -10.277    168.971    411.210   -868.166    -21.377    -94.766     66.191
    -10.279    169.014    411.400   -868.299    -21.369    -94.754     66.150
    -10.281    169.057    411.589   -868.431    -21.362    -94.743     66.110
    -10.283    169.100    411.778   -868.563    -21.354    -94.732     66.069
    -10.285    169.142    411.968   -868.695    -21.347    -94.720     66.028
    -10.287    169.185    412.157   -868.827    -21.339    -94.709     65.988
    -10.289    169.228    412.347   -868.959    -21.331    -94.698     65.947
    -10.291    169.270    412.536   -869.091    -21.324    -94.686     65.906
    -10.293    169.313    412.726   -869.223    -21.316    -94.675     65.866
    -10.295    169.356    412.915   -869.355    -21.309    -94.663     65.825
    -10.297    169.398    413.104   -869.486    -21.301    -94.652     65.785
    -10.299    169.441    413.293   -869.618    -21.294    -94.641     65.744
    -10.301    169.483    413.483   -869.749    -21.286    -94.629     65.704
    -10.303    169.526    413.672   -869.881    -21.279    -94.618     65.663
    -10.305    169.568    413.861   -870.012    -21.271    -94.606     65.623
    -10.307    169.611    414.050   -870.143    -21.264    -94.595     65.582
    -10.309    169.654    414.240   -870.274    -21.256    -94.583     65.542
    -10.311    169.696    414.429   -870.405    -21.249    -94.572     65.501
    -10.313    169.739    414.618   -870.536    -21.241    -94.560     65.461
    -10.315    169.781    414.807   -870.667    -21.234    -94.549     65.421
    -10.317    169.823    414.996   -870.798    -21.226    -94.537     65.380
    -10.319    169.866    415.185   -870.929    -21.219    -94.526     65.340
    -10.321    169.908    415.374   -871.059    -21.211    -94.515     65.300
    -10.323    169.951    415.563   -871.190    -21.204    -94.503     65.259
    -10.325    169.993    415.752   -871.320    -21.196    -94.492     65.219
    -10.327    170.036    415.941   -871.451    -21.189    -94.480     65.179
    -10.329    170.078    416.130   -871.581    -21.181    -94.469     65.139
    -10.331    170.120    416.319   -871.711    -21.174    -94.457     65.098
    -10.333    170.163    416.508   -871.841    -21.166    -94.446     65.058
    -10.335    170.205    416.697   -871.971    -21.159    -94.434     65.018
    -10.337    170.247    416.886   -872.101    -21.151    -94.422     64.978
    -10.339    170.290    417.075   -872.231    -21.144    -94.411     64.938
    -10.341    170.332    417.263   -872.361    -21.136    -94.399     64.897
    -10.343    170.374    417.452   -872.491    -21.129    -94.388     64.857
    -10.345    170.416    417.641   -872.621    -21.121    -94.376     64.817
    -10.347    170.459    417.830   -872.750    -21.114    -94.365     64.777
    -10.349    170.501    418.018   -872.880    -21.106    -94.353     64.737
    -10.351    170.543    418.207   -873.009    -21.099    -94.342     64.697
    -10.353    170.585    418.396   -873.138    -21.091    -94.330     64.657
    -10.355    170.627    418.584   -873.268    -21.084    -94.318     64.617
    -10.357    170.669    418.773   -873.397    -21.076    -94.307     64.577
    -10.359    170.712    418.962   -873.526    -21.069    -94.295     64.537
    -10.361    170.754    419.150   -873.655    -21.061    -94.284     64.497
    -10.363    170.796    419.339   -873.784    -21.054    -94.272     64.457
    -10.365    170.838    419.527   -873.913    -21.046    -94.261     64.417
    -10.367    170.880    419.716   -874.042    -21.039    -94.249     64.377
    -10.369    170.922    419.904   -874.170    -21.031    -94.237     64.338
    -10.371    170.964    420.093   -874.299    -21.024    -94.226     64.298
    -10.373    171.006    420.281   -874.428    -21.016    -94.214     64.258
    -10.375    171.048    420.470   -874.556    -21.009    -94.202     64.218
    -10.377    171.090    420.658   -874.684    -21.001    -94.191     64.178
    -10.379    171.132    420.846   -874.813    -20.994    -94.179     64.138
    -10.381    171.174    421.035   -874.941    -20.987    -94.168     64.099
    -10.383    171.216    421.223   -875.069    -20.979    -94.156     64.059
    -10.385    171.258    421.411   -875.197    -20.972    -94.144     64.019
    -10.387    171.300    421.600   -875.325    -20.964    -94.133     63.980
    -10.389    171.342    421.788   -875.453    -20.957    -94.121     63.940
    -10.391    171.384    421.976   -875.581    -20.949    -94.109     63.900
    -10.393    171.426    422.164   -875.709    -20.942    -94.098     63.861
    -10.395    171.468    422.352   -875.836    -20.934    -94.086     63.821
    -10.397    171.510    422.541   -875.964    -20.927    -94.074     63.781
    -10.399    171.551    422.729   -876.092    -20.920    -94.063     63.742
    -10.401    171.593    422.917   -876.219    -20.912    -94.051     63.702
    -10.403    171.635    423.105   -876.346    -20.905    -94.039     63.663
    -10.405    171.677    423.293   -876.474    -20.897    -94.027     63.623
    -10.407    171.719    423.481   -876.601    -20.890    -94.016     63.583
    -10.409    171.760    423.669   -876.728    -20.882    -94.004     63.544
    -10.411    171.802    423.857   -876.855    -20.875    -93.992     63.504
    -10.413    171.844    424.045   -876.982    -20.867    -93.981     63.465
    -10.415    171.886    424.233   -877.109    -20.860    -93.969     63.426
    -10.417    171.927    424.421   -877.236    -20.853    -93.957     63.386
    -10.419    171.969    424.609   -877.362    -20.845    -93.945     63.347
    -10.421    172.011    424.797   -877.489    -20.838    -93.934     63.307
    -10.423    172.052    424.985   -877.616    -20.830    -93.922     63.268
    -10.425    172.094    425.172   -877.742    -20.823    -93.910     63.229
    -10.427    172.136    425.360   -877.869    -20.815    -93.898     63.189
    -10.429    172.177    425.548   -877.995    -20.808    -93.887     63.150
    -10.431    172.219    425.736   -878.121    -20.801    -93.875     63.111
    -10.433    172.261    425.923   -878.247    -20.793    -93.863     63.071
    -10.435    172.302    426.111   -878.374    -20.786    -93.851     63.032
    -10.437    172.344    426.299   -878.500    -20.778    -93.839     62.993
    -10.439    172.385    426.487   -878.625    -20.771    -93.828     62.954
    -10.441    172.427    426.674   -878.751    -20.764    -93.816     62.914
    -10.443    172.468    426.862   -878.877    -20.756    -93.804     62.875
    -10.445    172.510    427.049   -879.003    -20.749    -93.792     62.836
    -10.447    172.551    427.237   -879.128    -20.741    -93.780     62.797
    -10.449    172.593    427.425   -879.254    -20.734    -93.769     62.758
    -10.451    172.634    427.612   -879.380    -20.727    -93.757     62.719
    -10.453    172.676    427.800   -879.505    -20.719    -93.745     62.680
    -10.455    172.717    427.987   -879.630    -20.712    -93.733     62.640
    -10.457    172.758    428.174   -879.755    -20.704    -93.721     62.601
    -10.459    172.800    428.362   -879.881    -20.697    -93.709     62.562
    -10.461    172.841    428.549   -880.006    -20.690    -93.698     62.523
    -10.463    172.883    428.737   -880.131    -20.682    -93.686     62.484
    -10.465    172.924    428.924   -880.256    -20.675    -93.674     62.445
    -10.467    172.965    429.111   -880.381    -20.667    -93.662     62.406
    -10.469    173.007    429.299   -880.505    -20.660    -93.650     62.367
    -10.471    173.048    429.486   -880.630    -20.653    -93.638     62.328
    -10.473    173.089    429.673   -880.755    -20.645    -93.626     62.289
    -10.475    173.131    429.861   -880.879    -20.638    -93.614     62.251
    -10.477    173.172    430.048   -881.004    -20.631    -93.603     62.212
    -10.479    173.213    430.235   -881.128    -20.623    -93.591     62.173
    -10.481    173.254    430.422   -881.252    -20.616    -93.579     62.134
    -10.483    173.296    430.609   -881.377    -20.608    -93.567     62.095
    -10.485    173.337    430.796   -881.501    -20.601    -93.555     62.056
    -10.487    173.378    430.983   -881.625    -20.594    -93.543     62.017
    -10.489    173.419    431.171   -881.749    -20.586    -93.531     61.979
    -10.491    173.460    431.358   -881.873    -20.579    -93.519     61.940
    -10.493    173.501    431.545   -881.997    -20.572    -93.507     61.901
    -10.495    173.543    431.732   -882.120    -20.564    -93.495     61.862
    -10.497    173.584    431.919   -882.244    -20.557    -93.483     61.824
    -10.499    173.625    432.106   -882.368    -20.550    -93.472     61.785
    -10.501    173.666    432.292   -882.491    -20.542    -93.460     61.746
    -10.503    173.707    432.479   -882.615    -20.535    -93.448     61.708
    -10.505    173.748    432.666   -882.738    -20.527    -93.436     61.669
    -10.507    173.789    432.853   -882.861    -20.520    -93.424     61.630
    -10.509    173.830    433.040   -882.984    -20.513    -93.412     61.592
    -10.511    173.871    433.227   -883.108    -20.505    -93.400     61.553
    -10.513    173.912    433.414   -883.231    -20.498    -93.388     61.515
    -10.515    173.953    433.600   -883.354    -20.491    -93.376     61.476
    -10.517    173.994    433.787   -883.477    -20.483    -93.364     61.437
    -10.519    174.035    433.974   -883.599    -20.476    -93.352     61.399
    -10.521    174.076    434.160   -883.722    -20.469    -93.340     61.360
    -10.523    174.117    434.347   -883.845    -20.461    -93.328     61.322
    -10.525    174.158    434.534   -883.967    -20.454    -93.316     61.283
    -10.527    174.199    434.720   -884.090    -20.447    -93.304     61.245
    -10.529    174.240    434.907   -884.212    -20.439    -93.292     61.207
    -10.531    174.281    435.094   -884.335    -20.432    -93.280     61.168
    -10.533    174.321    435.280   -884.457    -20.425    -93.268     61.130
    -10.535    174.362    435.467   -884.579    -20.417    -93.256     61.091
    -10.537    174.403    435.653   -884.701    -20.410    -93.244     61.053
    -10.539    174.444    435.840   -884.824    -20.403    -93.232     61.015
    -10.541    174.485    436.026   -884.946    -20.395    -93.220     60.976
    -10.543    174.525    436.212   -885.067    -20.388    -93.208     60.938
    -10.545    174.566    436.399   -885.189    -20.381    -93.196     60.900
    -10.547    174.607    436.585   -885.311    -20.373    -93.183     60.861
    -10.549    174.648    436.772   -885.433    -20.366    -93.171     60.823
    -10.551    174.688    436.958   -885.554    -20.359    -93.159     60.785
    -10.553    174.729    437.144   -885.676    -20.352    -93.147     60.747
    -10.555    174.770    437.331   -885.797    -20.344    -93.135     60.708
    -10.557    174.811    437.517   -885.919    -20.337    -93.123     60.670
    -10.559    174.851    437.703   -886.040    -20.330    -93.111     60.632
    -10.561    174.892    437.889   -886.161    -20.322    -93.099     60.594
    -10.563    174.932    438.075   -886.282    -20.315    -93.087     60.556
    -10.565    174.973    438.262   -886.403    -20.308    -93.075     60.518
    -10.567    175.014    438.448   -886.524    -20.300    -93.063     60.479
    -10.569    175.054    438.634   -886.645    -20.293    -93.051     60.441
    -10.571    175.095    438.820   -886.766    -20.286    -93.038     60.403
    -10.573    175.135    439.006   -886.887    -20.278    -93.026     60.365
    -10.575    175.176    439.192   -887.008    -20.271    -93.014     60.327
    -10.577    175.217    439.378   -887.128    -20.264    -93.002     60.289
    -10.579    175.257    439.564   -887.249    -20.257    -92.990     60.251
    -10.581    175.298    439.750   -887.369    -20.249    -92.978     60.213
    -10.583    175.338    439.936   -887.490    -20.242    -92.966     60.175
    -10.585    175.379    440.122   -887.610    -20.235    -92.954     60.137
    -10.587    175.419    440.308   -887.730    -20.227    -92.941     60.099
    -10.589    175.459    440.494   -887.850    -20.220    -92.929     60.061
    -10.591    175.500    440.679   -887.970    -20.213    -92.917     60.023
    -10.593    175.540    440.865   -888.090    -20.206    -92.905     59.986
    -10.595    175.581    441.051   -888.210    -20.198    -92.893     59.948
    -10.597    175.621    441.237   -888.330    -20.191    -92.881     59.910
    -10.599    175.661    441.423   -888.450    -20.184    -92.868     59.872
    -10.601    175.702    441.608   -888.570    -20.177    -92.856     59.834
    -10.603    175.742    441.794   -888.689    -20.169    -92.844     59.796
    -10.605    175.782    441.980   -888.809    -20.162    -92.832     59.758
    -10.607    175.823    442.165   -888.928    -20.155    -92.820     59.721
    -10.609    175.863    442.351   -889.048    -20.147    -92.807     59.683
    -10.611    175.903    442.537   -889.167    -20.140    -92.795     59.645
    -10.613    175.944    442.722   -889.286    -20.133    -92.783     59.607
    -10.615    175.984    442.908   -889.406    -20.126    -92.771     59.570
    -10.617    176.024    443.093   -889.525    -20.118    -92.759     59.532
    -10.619    176.064    443.279   -889.644    -20.111    -92.746     59.494
    -10.621    176.105    443.464   -889.763    -20.104    -92.734     59.457
    -10.623    176.145    443.650   -889.882    -20.097    -92.722     59.419
    -10.625    176.185    443.835   -890.000    -20.089    -92.710     59.381
    -10.627    176.225    444.021   -890.119    -20.082    -92.697     59.344
    -10.629    176.265    444.206   -890.238    -20.075    -92.685     59.306
    -10.631    176.305    444.391   -890.356    -20.068    -92.673     59.269
    -10.633    176.346    444.577   -890.475    -20.060    -92.661     59.231
    -10.635    176.386    444.762   -890.593    -20.053    -92.648     59.194
    -10.637    176.426    444.947   -890.712    -20.046    -92.636     59.156
    -10.639    176.466    445.132   -890.830    -20.039    -92.624     59.118
    -10.641    176.506    445.318   -890.948    -20.031    -92.612     59.081
    -10.643    176.546    445.503   -891.066    -20.024    -92.599     59.043
    -10.645    176.586    445.688   -891.184    -20.017    -92.587     59.006
    -10.647    176.626    445.873   -891.302    -20.010    -92.575     58.969
    -10.649    176.666    446.058   -891.420    -20.002    -92.563     58.931
    -10.651    176.706    446.244   -891.538    -19.995    -92.550     58.894
    -10.653    176.746    446.429   -891.656    -19.988    -92.538     58.856
    -10.655    176.786    446.614   -891.773    -19.981    -92.526     58.819
    -10.657    176.826    446.799   -891.891    -19.974    -92.513     58.782
    -10.659    176.866    446.984   -892.008    -19.966    -92.501     58.744
    -10.661    176.906    447.169   -892.126    -19.959    -92.489     58.707
    -10.663    176.946    447.354   -892.243    -19.952    -92.476     58.670
    -10.665    176.986    447.539   -892.361    -19.945    -92.464     58.632
    -10.667    177.026    447.724   -892.478    -19.937    -92.452     58.595
    -10.669    177.065    447.908   -892.595    -19.930    -92.439     58.558
    -10.671    177.105    448.093   -892.712    -19.923    -92.427     58.520
    -10.673    177.145    448.278   -892.829    -19.916    -92.415     58.483
    -10.675    177.185    448.463   -892.946    -19.909    -92.402     58.446
    -10.677    177.225    448.648   -893.063    -19.901    -92.390     58.409
    -10.679    177.265    448.833   -893.180    -19.894    -92.378     58.371
    -10.681    177.304    449.017   -893.296    -19.887    -92.365     58.334
    -10.683    177.344    449.202   -893.413    -19.880    -92.353     58.297
    -10.685    177.384    449.387   -893.530    -19.872    -92.341     58.260
    -10.687    177.424    449.571   -893.646    -19.865    -92.328     58.223
    -10.689    177.463    449.756   -893.762    -19.858    -92.316     58.186
    -10.691    177.503    449.941   -893.879    -19.851    -92.303     58.149
    -10.693    177.543    450.125   -893.995    -19.844    -92.291     58.112
    -10.695    177.582    450.310   -894.111    -19.836    -92.279     58.074
    -10.697    177.622    450.494   -894.227    -19.829    -92.266     58.037
    -10.699    177.662    450.679   -894.343    -19.822    -92.254     58.000
    -10.701    177.701    450.863   -894.459    -19.815    -92.242     57.963
    -10.703    177.741    451.048   -894.575    -19.808    -92.229     57.926
    -10.705    177.781    451.232   -894.691    -19.800    -92.217     57.889
    -10.707    177.820    451.417   -894.807    -19.793    -92.204     57.852
    -10.709    177.860    451.601   -894.922    -19.786    -92.192     57.815
    -10.711    177.899    451.785   -895.038    -19.779    -92.179     57.779
    -10.713    177.939    451.970   -895.154    -19.772    -92.167     57.742
    -10.715    177.978    452.154   -895.269    -19.765    -92.155     57.705
    -10.717    178.018    452.338   -895.384    -19.757    -92.142     57.668
    -10.719    178.057    452.523   -895.500    -19.750    -92.130     57.631
    -10.721    178.097    452.707   -895.615    -19.743    -92.117     57.594
    -10.723    178.136    452.891   -895.730    -19.736    -92.105     57.557
    -10.725    178.176    453.075   -895.845    -19.729    -92.092     57.520
    -10.727    178.215    453.260   -895.960    -19.721    -92.080     57.484
    -10.729    178.255    453.444   -896.075    -19.714    -92.067     57.447
    -10.731    178.294    453.628   -896.190    -19.707    -92.055     57.410
    -10.733    178.334    453.812   -896.305    -19.700    -92.043     57.373
    -10.735    178.373    453.996   -896.419    -19.693    -92.030     57.336
    -10.737    178.412    454.180   -896.534    -19.686    -92.018     57.300
    -10.739    178.452    454.364   -896.649    -19.678    -92.005     57.263
    -10.741    178.491    454.548   -896.763    -19.671    -91.993     57.226
    -10.743    178.530    454.732   -896.877    -19.664    -91.980     57.190
    -10.745    178.570    454.916   -896.992    -19.657    -91.968     57.153
    -10.747    178.609    455.100   -897.106    -19.650    -91.955     57.116
    -10.749    178.648    455.284   -897.220    -19.643    -91.943     57.080
    -10.751    178.688    455.468   -897.334    -19.635    -91.930     57.043
    -10.753    178.727    455.651   -897.448    -19.628    -91.918     57.006
    -10.755    178.766    455.835   -897.562    -19.621    -91.905     56.970
    -10.757    178.805    456.019   -897.676    -19.614    -91.893     56.933
    -10.759    178.845    456.203   -897.790    -19.607    -91.880     56.897
    -10.761    178.884    456.387   -897.904    -19.600    -91.868     56.860
    -10.763    178.923    456.570   -898.018    -19.593    -91.855     56.824
    -10.765    178.962    456.754   -898.131    -19.585    -91.843     56.787
    -10.767    179.001    456.938   -898.245    -19.578    -91.830     56.750
    -10.769    179.040    457.121   -898.358    -19.571    -91.817     56.714
    -10.771    179.080    457.305   -898.472    -19.564    -91.805     56.678
    -10.773    179.119    457.489   -898.585    -19.557    -91.792     56.641
    -10.775    179.158    457.672   -898.698    -19.550    -91.780     56.605
    -10.777    179.197    457.856   -898.811    -19.543    -91.767     56.568
    -10.779    179.236    458.039   -898.924    -19.535    -91.755     56.532
    -10.781    179.275    458.223   -899.037    -19.528    -91.742     56.495
    -10.783    179.314    458.406   -899.150    -19.521    -91.730     56.459
    -10.785    179.353    458.590   -899.263    -19.514    -91.717     56.423
    -10.787    179.392    458.773   -899.376    -19.507    -91.704     56.386
    -10.789    179.431    458.956   -899.489    -19.500    -91.692     56.350
    -10.791    179.470    459.140   -899.602    -19.493    -91.679     56.314
    -10.793    179.509    459.323   -899.714    -19.486    -91.667     56.277
    -10.795    179.548    459.507   -899.827    -19.478    -91.654     56.241
    -10.797    179.587    459.690   -899.939    -19.471    -91.641     56.205
    -10.799    179.626    459.873   -900.051    -19.464    -91.629     56.168
    -10.801    179.665    460.056   -900.164    -19.457    -91.616     56.132
    -10.803    179.704    460.240   -900.276    -19.450    -91.604     56.096
    -10.805    179.743    460.423   -900.388    -19.443    -91.591     56.060
    -10.807    179.782    460.606   -900.500    -19.436    -91.578     56.024
    -10.809    179.820    460.789   -900.612    -19.429    -91.566     55.987
    -10.811    179.859    460.972   -900.724    -19.421    -91.553     55.951
    -10.813    179.898    461.155   -900.836    -19.414    -91.541     55.915
    -10.815    179.937    461.338   -900.948    -19.407    -91.528     55.879
    -10.817    179.976    461.521   -901.060    -19.400    -91.515     55.843
    -10.819    180.015    461.704   -901.171    -19.393    -91.503     55.807
    -10.821    180.053    461.887   -901.283    -19.386    -91.490     55.771
    -10.823    180.092    462.070   -901.394    -19.379    -91.477     55.734
    -10.825    180.131    462.253   -901.506    -19.372    -91.465     55.698
    -10.827    180.170    462.436   -901.617    -19.365    -91.452     55.662
    -10.829    180.208    462.619   -901.728    -19.358    -91.439     55.626
    -10.831    180.247    462.802   -901.840    -19.350    -91.427     55.590
    -10.833    180.286    462.985   -901.951    -19.343    -91.414     55.554
    -10.835    180.324    463.168   -902.062    -19.336    -91.401     55.518
    -10.837    180.363    463.350   -902.173    -19.329    -91.389     55.482
    -10.839    180.402    463.533   -902.284    -19.322    -91.376     55.446
    -10.841    180.440    463.716   -902.395    -19.315    -91.363     55.410
    -10.843    180.479    463.899   -902.505    -19.308    -91.351     55.374
    -10.845    180.518    464.081   -902.616    -19.301    -91.338     55.339
    -10.847    180.556    464.264   -902.727    -19.294    -91.325     55.303
    -10.849    180.595    464.447   -902.837    -19.287    -91.312     55.267
    -10.851    180.633    464.629   -902.948    -19.280    -91.300     55.231
    -10.853    180.672    464.812   -903.058    -19.272    -91.287     55.195
    -10.855    180.710    464.994   -903.169    -19.265    -91.274     55.159
    -10.857    180.749    465.177   -903.279    -19.258    -91.262     55.123
    -10.859    180.787    465.359   -903.389    -19.251    -91.249     55.087
    -10.861    180.826    465.542   -903.499    -19.244    -91.236     55.052
    -10.863    180.864    465.724   -903.609    -19.237    -91.223     55.016
    -10.865    180.903    465.907   -903.719    -19.230    -91.211     54.980
    -10.867    180.941    466.089   -903.829    -19.223    -91.198     54.944
    -10.869    180.980    466.272   -903.939    -19.216    -91.185     54.909
    -10.871    181.018    466.454   -904.049    -19.209    -91.173     54.873
    -10.873    181.057    466.636   -904.159    -19.202    -91.160     54.837
    -10.875    181.095    466.819   -904.268    -19.195    -91.147     54.801
    -10.877    181.133    467.001   -904.378    -19.188    -91.134     54.766
    -10.879    181.172    467.183   -904.487    -19.181    -91.122     54.730
    -10.881    181.210    467.365   -904.597    -19.173    -91.109     54.694
    -10.883    181.248    467.548   -904.706    -19.166    -91.096     54.659
    -10.885    181.287    467.730   -904.815    -19.159    -91.083     54.623
    -10.887    181.325    467.912   -904.925    -19.152    -91.070     54.588
    -10.889    181.363    468.094   -905.034    -19.145    -91.058     54.552
    -10.891    181.402    468.276   -905.143    -19.138    -91.045     54.516
    -10.893    181.440    468.458   -905.252    -19.131    -91.032     54.481
    -10.895    181.478    468.640   -905.361    -19.124    -91.019     54.445
    -10.897    181.516    468.822   -905.470    -19.117    -91.007     54.410
    -10.899    181.555    469.004   -905.578    -19.110    -90.994     54.374
    -10.901    181.593    469.186   -905.687    -19.103    -90.981     54.339
    -10.903    181.631    469.368   -905.796    -19.096    -90.968     54.303
    -10.905    181.669    469.550   -905.904    -19.089    -90.955     54.268
    -10.907    181.707    469.732   -906.013    -19.082    -90.942     54.232
    -10.909    181.746    469.914   -906.121    -19.075    -90.930     54.197
    -10.911    181.784    470.096   -906.230    -19.068    -90.917     54.161
    -10.913    181.822    470.278   -906.338    -19.061    -90.904     54.126
    -10.915    181.860    470.459   -906.446    -19.054    -90.891     54.090
    -10.917    181.898    470.641   -906.554    -19.047    -90.878     54.055
    -10.919    181.936    470.823   -906.662    -19.040    -90.866     54.020
    -10.921    181.974    471.005   -906.770    -19.033    -90.853     53.984
    -10.923    182.012    471.186   -906.878    -19.026    -90.840     53.949
    -10.925    182.050    471.368   -906.986    -19.019    -90.827     53.914
    -10.927    182.088    471.550   -907.094    -19.011    -90.814     53.878
    -10.929    182.126    471.731   -907.202    -19.004    -90.801     53.843
    -10.931    182.164    471.913   -907.309    -18.997    -90.788     53.808
    -10.933    182.202    472.094   -907.417    -18.990    -90.776     53.772
    -10.935    182.240    472.276   -907.524    -18.983    -90.763     53.737
    -10.937    182.278    472.457   -907.632    -18.976    -90.750     53.702
    -10.939    182.316    472.639   -907.739    -18.969    -90.737     53.667
    -10.941    182.354    472.820   -907.846    -18.962    -90.724     53.631
    -10.943    182.392    473.002   -907.954    -18.955    -90.711     53.596
    -10.945    182.430    473.183   -908.061    -18.948    -90.698     53.561
    -10.947    182.468    473.365   -908.168    -18.941    -90.685     53.526
    -10.949    182.506    473.546   -908.275    -18.934    -90.673     53.491
    -10.951    182.544    473.727   -908.382    -18.927    -90.660     53.455
    -10.953    182.581    473.909   -908.489    -18.920    -90.647     53.420
    -10.955    182.619    474.090   -908.595    -18.913    -90.634     53.385
    -10.957    182.657    474.271   -908.702    -18.906    -90.621     53.350
    -10.959    182.695    474.452   -908.809    -18.899    -90.608     53.315
    -10.961    182.733    474.634   -908.915    -18.892    -90.595     53.280
    -10.963    182.770    474.815   -909.022    -18.885    -90.582     53.245
    -10.965    182.808    474.996   -909.128    -18.878    -90.569     53.210
    -10.967    182.846    475.177   -909.235    -18.871    -90.556     53.175
    -10.969    182.884    475.358   -909.341    -18.864    -90.543     53.140
    -10.971    182.921    475.539   -909.447    -18.857    -90.531     53.105
    -10.973    182.959    475.720   -909.554    -18.850    -90.518     53.070
    -10.975    182.997    475.901   -909.660    -18.843    -90.505     53.035
    -10.977    183.035    476.082   -909.766    -18.836    -90.492     53.000
    -10.979    183.072    476.263   -909.872    -18.829    -90.479     52.965
    -10.981    183.110    476.444   -909.978    -18.822    -90.466     52.930
    -10.983    183.147    476.625   -910.083    -18.815    -90.453     52.895
    -10.985    183.185    476.806   -910.189    -18.808    -90.440     52.860
    -10.987    183.223    476.987   -910.295    -18.801    -90.427     52.825
    -10.989    183.260    477.168   -910.400    -18.794    -90.414     52.790
    -10.991    183.298    477.348   -910.506    -18.787    -90.401     52.755
    -10.993    183.335    477.529   -910.611    -18.780    -90.388     52.720
    -10.995    183.373    477.710   -910.717    -18.773    -90.375     52.686
    -10.997    183.411    477.891   -910.822    -18.766    -90.362     52.651
    -10.999    183.448    478.071   -910.927    -18.759    -90.349     52.616
    -11.001    183.486    478.252   -911.033    -18.752    -90.336     52.581
    -11.003    183.523    478.433   -911.138    -18.745    -90.323     52.546
    -11.005    183.561    478.613   -911.243    -18.738    -90.310     52.511
    -11.007    183.598    478.794   -911.348    -18.731    -90.297     52.477
    -11.009    183.636    478.975   -911.453    -18.725    -90.284     52.442
    -11.011    183.673    479.155   -911.558    -18.718    -90.271     52.407
    -11.013    183.710    479.336   -911.662    -18.711    -90.258     52.372
    -11.015    183.748    479.516   -911.767    -18.704    -90.245     52.338
    -11.017    183.785    479.697   -911.872    -18.697    -90.232     52.303
    -11.019    183.823    479.877   -911.976    -18.690    -90.219     52.268
    -11.021    183.860    480.058   -912.081    -18.683    -90.206     52.234
    -11.023    183.897    480.238   -912.185    -18.676    -90.193     52.199
    -11.025    183.935    480.418   -912.290    -18.669    -90.180     52.164
    -11.027    183.972    480.599   -912.394    -18.662    -90.167     52.130
    -11.029    184.009    480.779   -912.498    -18.655    -90.154     52.095
    -11.031    184.047    480.959   -912.602    -18.648    -90.141     52.061
    -11.033    184.084    481.140   -912.706    -18.641    -90.128     52.026
    -11.035    184.121    481.320   -912.810    -18.634    -90.115     51.991
    -11.037    184.158    481.500   -912.914    -18.627    -90.102     51.957
    -11.039    184.196    481.680   -913.018    -18.620    -90.089     51.922
    -11.041    184.233    481.860   -913.122    -18.613    -90.076     51.888
    -11.043    184.270    482.041   -913.226    -18.606    -90.063     51.853
    -11.045    184.307    482.221   -913.329    -18.599    -90.050     51.819
    -11.047    184.345    482.401   -913.433    -18.592    -90.037     51.784
    -11.049    184.382    482.581   -913.537    -18.585    -90.023     51.750
    -11.051    184.419    482.761   -913.640    -18.578    -90.010     51.715
    -11.053    184.456    482.941   -913.743    -18.571    -89.997     51.681
    -11.055    184.493    483.121   -913.847    -18.565    -89.984     51.646
    -11.057    184.530    483.301   -913.950    -18.558    -89.971     51.612
    -11.059    184.567    483.481   -914.053    -18.551    -89.958     51.577
    -11.061    184.604    483.661   -914.156    -18.544    -89.945     51.543
    -11.063    184.642    483.841   -914.259    -18.537    -89.932     51.509
    -11.065    184.679    484.020   -914.362    -18.530    -89.919     51.474
    -11.067    184.716    484.200   -914.465    -18.523    -89.906     51.440
    -11.069    184.753    484.380   -914.568    -18.516    -89.893     51.406
    -11.071    184.790    484.560   -914.671    -18.509    -89.879     51.371
    -11.073    184.827    484.739   -914.774    -18.502    -89.866     51.337
    -11.075    184.864    484.919   -914.876    -18.495    -89.853     51.303
    -11.077    184.901    485.099   -914.979    -18.488    -89.840     51.268
    -11.079    184.938    485.279   -915.081    -18.481    -89.827     51.234
    -11.081    184.975    485.458   -915.184    -18.474    -89.814     51.200
    -11.083    185.012    485.638   -915.286    -18.468    -89.801     51.165
    -11.085    185.049    485.817   -915.388    -18.461    -89.788     51.131
    -11.087    185.085    485.997   -915.491    -18.454    -89.774     51.097
    -11.089    185.122    486.177   -915.593    -18.447    -89.761     51.063
    -11.091    185.159    486.356   -915.695    -18.440    -89.748     51.029
    -11.093    185.196    486.536   -915.797    -18.433    -89.735     50.994
    -11.095    185.233    486.715   -915.899    -18.426    -89.722     50.960
    -11.097    185.270    486.894   -916.001    -18.419    -89.709     50.926
    -11.099    185.307    487.074   -916.103    -18.412    -89.696     50.892
    -11.101    185.343    487.253   -916.204    -18.405    -89.682     50.858
    -11.103    185.380    487.433   -916.306    -18.398    -89.669     50.824
    -11.105    185.417    487.612   -916.408    -18.391    -89.656     50.789
    -11.107    185.454    487.791   -916.509    -18.385    -89.643     50.755
    -11.109    185.491    487.970   -916.611    -18.378    -89.630     50.721
    -11.111    185.527    488.150   -916.712    -18.371    -89.617     50.687
    -11.113    185.564    488.329   -916.813    -18.364    -89.603     50.653
    -11.115    185.601    488.508   -916.915    -18.357    -89.590     50.619
    -11.117    185.638    488.687   -917.016    -18.350    -89.577     50.585
    -11.119    185.674    488.866   -917.117    -18.343    -89.564     50.551
    -11.121    185.711    489.046   -917.218    -18.336    -89.551     50.517
    -11.123    185.748    489.225   -917.319    -18.329    -89.537     50.483
    -11.125    185.784    489.404   -917.420    -18.322    -89.524     50.449
    -11.127    185.821    489.583   -917.521    -18.316    -89.511     50.415
    -11.129    185.857    489.762   -917.622    -18.309    -89.498     50.381
    -11.131    185.894    489.941   -917.722    -18.302    -89.485     50.347
    -11.133    185.931    490.120   -917.823    -18.295    -89.471     50.313
    -11.135    185.967    490.299   -917.924    -18.288    -89.458     50.279
    -11.137    186.004    490.477   -918.024    -18.281    -89.445     50.245
    -11.139    186.040    490.656   -918.125    -18.274    -89.432     50.211
    -11.141    186.077    490.835   -918.225    -18.267    -89.418     50.178
    -11.143    186.113    491.014   -918.325    -18.260    -89.405     50.144
    -11.145    186.150    491.193   -918.426    -18.254    -89.392     50.110
    -11.147    186.186    491.372   -918.526    -18.247    -89.379     50.076
    -11.149    186.223    491.550   -918.626    -18.240    -89.366     50.042
    -11.151    186.259    491.729   -918.726    -18.233    -89.352     50.008
    -11.153    186.296    491.908   -918.826    -18.226    -89.339     49.975
    -11.155    186.332    492.086   -918.926    -18.219    -89.326     49.941
    -11.157    186.369    492.265   -919.026    -18.212    -89.313     49.907
    -11.159    186.405    492.444   -919.126    -18.205    -89.299     49.873
    -11.161    186.442    492.622   -919.225    -18.199    -89.286     49.839
    -11.163    186.478    492.801   -919.325    -18.192    -89.273     49.806
    -11.165    186.514    492.979   -919.424    -18.185    -89.260     49.772
    -11.167    186.551    493.158   -919.524    -18.178    -89.246     49.738
    -11.169    186.587    493.336   -919.623    -18.171    -89.233     49.705
    -11.171    186.623    493.515   -919.723    -18.164    -89.220     49.671
    -11.173    186.660    493.693   -919.822    -18.157    -89.206     49.637
    -11.175    186.696    493.872   -919.921    -18.151    -89.193     49.604
    -11.177    186.732    494.050   -920.020    -18.144    -89.180     49.570
    -11.179    186.769    494.228   -920.120    -18.137    -89.167     49.536
    -11.181    186.805    494.407   -920.219    -18.130    -89.153     49.503
    -11.183    186.841    494.585   -920.318    -18.123    -89.140     49.469
    -11.185    186.877    494.763   -920.417    -18.116    -89.127     49.435
    -11.187    186.914    494.941   -920.515    -18.109    -89.113     49.402
    -11.189    186.950    495.120   -920.614    -18.103    -89.100     49.368
    -11.191    186.986    495.298   -920.713    -18.096    -89.087     49.335
    -11.193    187.022    495.476   -920.811    -18.089    -89.073     49.301
    -11.195    187.058    495.654   -920.910    -18.082    -89.060     49.268
    -11.197    187.094    495.832   -921.009    -18.075    -89.047     49.234
    -11.199    187.131    496.010   -921.107    -18.068    -89.033     49.201
    -11.201    187.167    496.188   -921.205    -18.061    -89.020     49.167
    -11.203    187.203    496.366   -921.304    -18.055    -89.007     49.134
    -11.205    187.239    496.544   -921.402    -18.048    -88.993     49.100
    -11.207    187.275    496.722   -921.500    -18.041    -88.980     49.067
    -11.209    187.311    496.900   -921.598    -18.034    -88.967     49.033
    -11.211    187.347    497.078   -921.696    -18.027    -88.953     49.000
    -11.213    187.383    497.256   -921.794    -18.020    -88.940     48.966
    -11.215    187.419    497.434   -921.892    -18.014    -88.927     48.933
    -11.217    187.455    497.612   -921.990    -18.007    -88.913     48.899
    -11.219    187.491    497.790   -922.088    -18.000    -88.900     48.866
    -11.221    187.527    497.967   -922.185    -17.993    -88.887     48.833
    -11.223    187.563    498.145   -922.283    -17.986    -88.873     48.799
    -11.225    187.599    498.323   -922.381    -17.979    -88.860     48.766
    -11.227    187.635    498.501   -922.478    -17.973    -88.847     48.733
    -11.229    187.671    498.678   -922.575    -17.966    -88.833     48.699
    -11.231    187.707    498.856   -922.673    -17.959    -88.820     48.666
    -11.233    187.743    499.034   -922.770    -17.952    -88.806     48.633
    -11.235    187.779    499.211   -922.867    -17.945    -88.793     48.599
    -11.237    187.815    499.389   -922.965    -17.938    -88.780     48.566
    -11.239    187.851    499.566   -923.062    -17.932    -88.766     48.533
    -11.241    187.886    499.744   -923.159    -17.925    -88.753     48.500
    -11.243    187.922    499.921   -923.256    -17.918    -88.740     48.466
    -11.245    187.958    500.099   -923.353    -17.911    -88.726     48.433
    -11.247    187.994    500.276   -923.449    -17.904    -88.713     48.400
    -11.249    188.030    500.454   -923.546    -17.897    -88.699     48.367
    -11.251    188.066    500.631   -923.643    -17.891    -88.686     48.334
    -11.253    188.101    500.808   -923.739    -17.884    -88.672     48.300
    -11.255    188.137    500.986   -923.836    -17.877    -88.659     48.267
    -11.257    188.173    501.163   -923.933    -17.870    -88.646     48.234
    -11.259    188.209    501.340   -924.029    -17.863    -88.632     48.201
    -11.261    188.244    501.518   -924.125    -17.857    -88.619     48.168
    -11.263    188.280    501.695   -924.222    -17.850    -88.605     48.135
    -11.265    188.316    501.872   -924.318    -17.843    -88.592     48.102
    -11.267    188.351    502.049   -924.414    -17.836    -88.579     48.068
    -11.269    188.387    502.226   -924.510    -17.829    -88.565     48.035
    -11.271    188.423    502.403   -924.606    -17.823    -88.552     48.002
    -11.273    188.458    502.581   -924.702    -17.816    -88.538     47.969
    -11.275    188.494    502.758   -924.798    -17.809    -88.525     47.936
    -11.277    188.530    502.935   -924.894    -17.802    -88.511     47.903
    -11.279    188.565    503.112   -924.990    -17.795    -88.498     47.870
    -11.281    188.601    503.289   -925.085    -17.789    -88.484     47.837
    -11.283    188.636    503.466   -925.181    -17.782    -88.471     47.804
    -11.285    188.672    503.642   -925.277    -17.775    -88.457     47.771
    -11.287    188.707    503.819   -925.372    -17.768    -88.444     47.738
    -11.289    188.743    503.996   -925.468    -17.761    -88.431     47.705
    -11.291    188.778    504.173   -925.563    -17.755    -88.417     47.672
    -11.293    188.814    504.350   -925.658    -17.748    -88.404     47.639
    -11.295    188.849    504.527   -925.753    -17.741    -88.390     47.606
    -11.297    188.885    504.703   -925.849    -17.734    -88.377     47.573
    -11.299    188.920    504.880   -925.944    -17.727    -88.363     47.541
    -11.301    188.956    505.057   -926.039    -17.721    -88.350     47.508
    -11.303    188.991    505.234   -926.134    -17.714    -88.336     47.475
    -11.305    189.027    505.410   -926.229    -17.707    -88.323     47.442
    -11.307    189.062    505.587   -926.324    -17.700    -88.309     47.409
    -11.309    189.098    505.764   -926.418    -17.694    -88.296     47.376
    -11.311    189.133    505.940   -926.513    -17.687    -88.282     47.343
    -11.313    189.168    506.117   -926.608    -17.680    -88.269     47.311
    -11.315    189.204    506.293   -926.702    -17.673    -88.255     47.278
    -11.317    189.239    506.470   -926.797    -17.666    -88.242     47.245
    -11.319    189.274    506.646   -926.891    -17.660    -88.228     47.212
    -11.321    189.310    506.823   -926.986    -17.653    -88.215     47.179
    -11.323    189.345    506.999   -927.080    -17.646    -88.201     47.147
    -11.325    189.380    507.175   -927.174    -17.639    -88.188     47.114
    -11.327    189.415    507.352   -927.268    -17.633    -88.174     47.081
    -11.329    189.451    507.528   -927.363    -17.626    -88.161     47.048
    -11.331    189.486    507.704   -927.457    -17.619    -88.147     47.016
    -11.333    189.521    507.881   -927.551    -17.612    -88.133     46.983
    -11.335    189.556    508.057   -927.645    -17.606    -88.120     46.950
    -11.337    189.592    508.233   -927.738    -17.599    -88.106     46.918
    -11.339    189.627    508.409   -927.832    -17.592    -88.093     46.885
    -11.341    189.662    508.586   -927.926    -17.585    -88.079     46.852
    -11.343    189.697    508.762   -928.020    -17.578    -88.066     46.820
    -11.345    189.732    508.938   -928.113    -17.572    -88.052     46.787
    -11.347    189.767    509.114   -928.207    -17.565    -88.039     46.754
    -11.349    189.803    509.290   -928.300    -17.558    -88.025     46.722
    -11.351    189.838    509.466   -928.394    -17.551    -88.012     46.689
    -11.353    189.873    509.642   -928.487    -17.545    -87.998     46.657
    -11.355    189.908    509.818   -928.580    -17.538    -87.984     46.624
    -11.357    189.943    509.994   -928.674    -17.531    -87.971     46.591
    -11.359    189.978    510.170   -928.767    -17.524    -87.957     46.559
    -11.361    190.013    510.346   -928.860    -17.518    -87.944     46.526
    -11.363    190.048    510.522   -928.953    -17.511    -87.930     46.494
    -11.365    190.083    510.697   -929.046    -17.504    -87.916     46.461
    -11.367    190.118    510.873   -929.139    -17.497    -87.903     46.429
    -11.369    190.153    511.049   -929.231    -17.491    -87.889     46.396
    -11.371    190.188    511.225   -929.324    -17.484    -87.876     46.364
    -11.373    190.223    511.401   -929.417    -17.477    -87.862     46.331
    -11.375    190.258    511.576   -929.510    -17.470    -87.849     46.299
    -11.377    190.293    511.752   -929.602    -17.464    -87.835     46.267
    -11.379    190.328    511.928   -929.695    -17.457    -87.821     46.234
    -11.381    190.363    512.103   -929.787    -17.450    -87.808     46.202
    -11.383    190.398    512.279   -929.879    -17.444    -87.794     46.169
    -11.385    190.432    512.454   -929.972    -17.437    -87.780     46.137
    -11.387    190.467    512.630   -930.064    -17.430    -87.767     46.104
    -11.389    190.502    512.806   -930.156    -17.423    -87.753     46.072
    -11.391    190.537    512.981   -930.248    -17.417    -87.740     46.040
    -11.393    190.572    513.156   -930.340    -17.410    -87.726     46.007
    -11.395    190.607    513.332   -930.432    -17.403    -87.712     45.975
    -11.397    190.641    513.507   -930.524    -17.396    -87.699     45.943
    -11.399    190.676    513.683   -930.616    -17.390    -87.685     45.910
    -11.401    190.711    513.858   -930.708    -17.383    -87.671     45.878
    -11.403    190.746    514.033   -930.800    -17.376    -87.658     45.846
    -11.405    190.781    514.209   -930.891    -17.370    -87.644     45.813
    -11.407    190.815    514.384   -930.983    -17.363    -87.630     45.781
    -11.409    190.850    514.559   -931.074    -17.356    -87.617     45.749
    -11.411    190.885    514.734   -931.166    -17.349    -87.603     45.717
    -11.413    190.919    514.910   -931.257    -17.343    -87.590     45.684
    -11.415    190.954    515.085   -931.349    -17.336    -87.576     45.652
    -11.417    190.989    515.260   -931.440    -17.329    -87.562     45.620
    -11.419    191.023    515.435   -931.531    -17.322    -87.549     45.588
    -11.421    191.058    515.610   -931.622    -17.316    -87.535     45.556
    -11.423    191.093    515.785   -931.713    -17.309    -87.521     45.523
    -11.425    191.127    515.960   -931.804    -17.302    -87.508     45.491
    -11.427    191.162    516.135   -931.895    -17.296    -87.494     45.459
    -11.429    191.196    516.310   -931.986    -17.289    -87.480     45.427
    -11.431    191.231    516.485   -932.077    -17.282    -87.466     45.395
    -11.433    191.266    516.660   -932.168    -17.276    -87.453     45.363
    -11.435    191.300    516.835   -932.258    -17.269    -87.439     45.331
    -11.437    191.335    517.010   -932.349    -17.262    -87.425     45.298
    -11.439    191.369    517.185   -932.440    -17.255    -87.412     45.266
    -11.441    191.404    517.359   -932.530    -17.249    -87.398     45.234
    -11.443    191.438    517.534   -932.621    -17.242    -87.384     45.202
    -11.445    191.473    517.709   -932.711    -17.235    -87.371     45.170
    -11.447    191.507    517.884   -932.801    -17.229    -87.357     45.138
    -11.449    191.542    518.058   -932.891    -17.222    -87.343     45.106
    -11.451    191.576    518.233   -932.982    -17.215    -87.329     45.074
    -11.453    191.610    518.408   -933.072    -17.209    -87.316     45.042
    -11.455    191.645    518.582   -933.162    -17.202    -87.302     45.010
    -11.457    191.679    518.757   -933.252    -17.195    -87.288     44.978
    -11.459    191.714    518.932   -933.342    -17.188    -87.275     44.946
    -11.461    191.748    519.106   -933.432    -17.182    -87.261     44.914
    -11.463    191.782    519.281   -933.521    -17.175    -87.247     44.882
    -11.465    191.817    519.455   -933.611    -17.168    -87.233     44.850
    -11.467    191.851    519.629   -933.701    -17.162    -87.220     44.818
    -11.469    191.885    519.804   -933.790    -17.155    -87.206     44.786
    -11.471    191.920    519.978   -933.880    -17.148    -87.192     44.754
    -11.473    191.954    520.153   -933.969    -17.142    -87.178     44.723
    -11.475    191.988    520.327   -934.059    -17.135    -87.165     44.691
    -11.477    192.022    520.501   -934.148    -17.128    -87.151     44.659
    -11.479    192.057    520.676   -934.237    -17.122    -87.137     44.627
    -11.481    192.091    520.850   -934.327    -17.115    -87.123     44.595
    -11.483    192.125    521.024   -934.416    -17.108    -87.110     44.563
    -11.485    192.159    521.198   -934.505    -17.102    -87.096     44.531
    -11.487    192.194    521.372   -934.594    -17.095    -87.082     44.500
    -11.489    192.228    521.547   -934.683    -17.088    -87.068     44.468
    -11.491    192.262    521.721   -934.772    -17.082    -87.055     44.436
    -11.493    192.296    521.895   -934.861    -17.075    -87.041     44.404
    -11.495    192.330    522.069   -934.949    -17.068    -87.027     44.372
    -11.497    192.364    522.243   -935.038    -17.061    -87.013     44.341
    -11.499    192.398    522.417   -935.127    -17.055    -86.999     44.309
    -11.501    192.433    522.591   -935.215    -17.048    -86.986     44.277
    -11.503    192.467    522.765   -935.304    -17.041    -86.972     44.245
    -11.505    192.501    522.939   -935.392    -17.035    -86.958     44.214
    -11.507    192.535    523.113   -935.481    -17.028    -86.944     44.182
    -11.509    192.569    523.287   -935.569    -17.021    -86.930     44.150
    -11.511    192.603    523.460   -935.657    -17.015    -86.917     44.118
    -11.513    192.637    523.634   -935.746    -17.008    -86.903     44.087
    -11.515    192.671    523.808   -935.834    -17.002    -86.889     44.055
    -11.517    192.705    523.982   -935.922    -16.995    -86.875     44.023
    -11.519    192.739    524.156   -936.010    -16.988    -86.861     43.992
    -11.521    192.773    524.329   -936.098    -16.982    -86.848     43.960
    -11.523    192.807    524.503   -936.186    -16.975    -86.834     43.929
    -11.525    192.841    524.677   -936.273    -16.968    -86.820     43.897
    -11.527    192.875    524.850   -936.361    -16.962    -86.806     43.865
    -11.529    192.909    525.024   -936.449    -16.955    -86.792     43.834
    -11.531    192.942    525.197   -936.537    -16.948    -86.778     43.802
    -11.533    192.976    525.371   -936.624    -16.942    -86.765     43.771
    -11.535    193.010    525.544   -936.712    -16.935    -86.751     43.739
    -11.537    193.044    525.718   -936.799    -16.928    -86.737     43.707
    -11.539    193.078    525.891   -936.886    -16.922    -86.723     43.676
    -11.541    193.112    526.065   -936.974    -16.915    -86.709     43.644
    -11.543    193.146    526.238   -937.061    -16.908    -86.695     43.613
    -11.545    193.179    526.412   -937.148    -16.902    -86.682     43.581
    -11.547    193.213    526.585   -937.235    -16.895    -86.668     43.550
    -11.549    193.247    526.758   -937.322    -16.888    -86.654     43.518
    -11.551    193.281    526.932   -937.409    -16.882    -86.640     43.487
    -11.553    193.315    527.105   -937.496    -16.875    -86.626     43.455
    -11.555    193.348    527.278   -937.583    -16.869    -86.612     43.424
    -11.557    193.382    527.451   -937.670    -16.862    -86.598     43.392
    -11.559    193.416    527.625   -937.757    -16.855    -86.585     43.361
    -11.561    193.449    527.798   -937.844    -16.849    -86.571     43.330
    -11.563    193.483    527.971   -937.930    -16.842    -86.557     43.298
    -11.565    193.517    528.144   -938.017    -16.835    -86.543     43.267
    -11.567    193.550    528.317   -938.103    -16.829    -86.529     43.235
    -11.569    193.584    528.490   -938.190    -16.822    -86.515     43.204
    -11.571    193.618    528.663   -938.276    -16.815    -86.501     43.173
    -11.573    193.651    528.836   -938.362    -16.809    -86.487     43.141
    -11.575    193.685    529.009   -938.449    -16.802    -86.473     43.110
    -11.577    193.719    529.182   -938.535    -16.796    -86.460     43.079
    -11.579    193.752    529.355   -938.621    -16.789    -86.446     43.047
    -11.581    193.786    529.528   -938.707    -16.782    -86.432     43.016
    -11.583    193.819    529.701   -938.793    -16.776    -86.418     42.985
    -11.585    193.853    529.873   -938.879    -16.769    -86.404     42.953
    -11.587    193.886    530.046   -938.965    -16.762    -86.390     42.922
    -11.589    193.920    530.219   -939.051    -16.756    -86.376     42.891
    -11.591    193.953    530.392   -939.136    -16.749    -86.362     42.859
    -11.593    193.987    530.564   -939.222    -16.743    -86.348     42.828
    -11.595    194.020    530.737   -939.308    -16.736    -86.334     42.797
    -11.597    194.054    530.910   -939.393    -16.729    -86.320     42.766
    -11.599    194.087    531.082   -939.479    -16.723    -86.307     42.735
    -11.601    194.121    531.255   -939.564    -16.716    -86.293     42.703
    -11.603    194.154    531.428   -939.650    -16.709    -86.279     42.672
    -11.605    194.188    531.600   -939.735    -16.703    -86.265     42.641
    -11.607    194.221    531.773   -939.820    -16.696    -86.251     42.610
    -11.609    194.254    531.945   -939.905    -16.690    -86.237     42.579
    -11.611    194.288    532.118   -939.990    -16.683    -86.223     42.547
    -11.613    194.321    532.290   -940.075    -16.676    -86.209     42.516
    -11.615    194.354    532.462   -940.160    -16.670    -86.195     42.485
    -11.617    194.388    532.635   -940.245    -16.663    -86.181     42.454
    -11.619    194.421    532.807   -940.330    -16.657    -86.167     42.423
    -11.621    194.454    532.979   -940.415    -16.650    -86.153     42.392
    -11.623    194.488    533.152   -940.500    -16.643    -86.139     42.361
    -11.625    194.521    533.324   -940.585    -16.637    -86.125     42.330
    -11.627    194.554    533.496   -940.669    -16.630    -86.111     42.298
    -11.629    194.587    533.668   -940.754    -16.624    -86.097     42.267
    -11.631    194.621    533.841   -940.838    -16.617    -86.083     42.236
    -11.633    194.654    534.013   -940.923    -16.610    -86.069     42.205
    -11.635    194.687    534.185   -941.007    -16.604    -86.055     42.174
    -11.637    194.720    534.357   -941.091    -16.597    -86.041     42.143
    -11.639    194.754    534.529   -941.176    -16.591    -86.027     42.112
    -11.641    194.787    534.701   -941.260    -16.584    -86.013     42.081
    -11.643    194.820    534.873   -941.344    -16.577    -85.999     42.050
    -11.645    194.853    535.045   -941.428    -16.571    -85.985     42.019
    -11.647    194.886    535.217   -941.512    -16.564    -85.971     41.988
    -11.649    194.919    535.389   -941.596    -16.558    -85.957     41.957
    -11.651    194.952    535.561   -941.680    -16.551    -85.943     41.926
    -11.653    194.986    535.733   -941.764    -16.544    -85.929     41.895
    -11.655    195.019    535.905   -941.847    -16.538    -85.915     41.864
    -11.657    195.052    536.076   -941.931    -16.531    -85.901     41.833
    -11.659    195.085    536.248   -942.015    -16.525    -85.887     41.803
    -11.661    195.118    536.420   -942.098    -16.518    -85.873     41.772
    -11.663    195.151    536.592   -942.182    -16.512    -85.859     41.741
    -11.665    195.184    536.763   -942.265    -16.505    -85.845     41.710
    -11.667    195.217    536.935   -942.349    -16.498    -85.831     41.679
    -11.669    195.250    537.107   -942.432    -16.492    -85.817     41.648
    -11.671    195.283    537.278   -942.515    -16.485    -85.803     41.617
    -11.673    195.316    537.450   -942.599    -16.479    -85.789     41.586
    -11.675    195.349    537.621   -942.682    -16.472    -85.775     41.556
    -11.677    195.382    537.793   -942.765    -16.466    -85.761     41.525
    -11.679    195.415    537.965   -942.848    -16.459    -85.747     41.494
    -11.681    195.447    538.136   -942.931    -16.452    -85.733     41.463
    -11.683    195.480    538.307   -943.014    -16.446    -85.719     41.432
    -11.685    195.513    538.479   -943.096    -16.439    -85.705     41.402
    -11.687    195.546    538.650   -943.179    -16.433    -85.691     41.371
    -11.689    195.579    538.822   -943.262    -16.426    -85.677     41.340
    -11.691    195.612    538.993   -943.345    -16.420    -85.663     41.309
    -11.693    195.645    539.164   -943.427    -16.413    -85.649     41.279
    -11.695    195.677    539.336   -943.510    -16.406    -85.635     41.248
    -11.697    195.710    539.507   -943.592    -16.400    -85.621     41.217
    -11.699    195.743    539.678   -943.675    -16.393    -85.607     41.186
    -11.701    195.776    539.849   -943.757    -16.387    -85.593     41.156
    -11.703    195.809    540.020   -943.839    -16.380    -85.578     41.125
    -11.705    195.841    540.192   -943.921    -16.374    -85.564     41.094
    -11.707    195.874    540.363   -944.004    -16.367    -85.550     41.064
    -11.709    195.907    540.534   -944.086    -16.360    -85.536     41.033
    -11.711    195.940    540.705   -944.168    -16.354    -85.522     41.002
    -11.713    195.972    540.876   -944.250    -16.347    -85.508     40.972
    -11.715    196.005    541.047   -944.332    -16.341    -85.494     40.941
    -11.717    196.038    541.218   -944.413    -16.334    -85.480     40.910
    -11.719    196.070    541.389   -944.495    -16.328    -85.466     40.880
    -11.721    196.103    541.560   -944.577    -16.321    -85.452     40.849
    -11.723    196.136    541.731   -944.659    -16.315    -85.438     40.819
    -11.725    196.168    541.901   -944.740    -16.308    -85.423     40.788
    -11.727    196.201    542.072   -944.822    -16.301    -85.409     40.757
    -11.729    196.233    542.243   -944.903    -16.295    -85.395     40.727
    -11.731    196.266    542.414   -944.985    -16.288    -85.381     40.696
    -11.733    196.299    542.585   -945.066    -16.282    -85.367     40.666
    -11.735    196.331    542.755   -945.147    -16.275    -85.353     40.635
    -11.737    196.364    542.926   -945.229    -16.269    -85.339     40.605
    -11.739    196.396    543.097   -945.310    -16.262    -85.325     40.574
    -11.741    196.429    543.267   -945.391    -16.256    -85.311     40.544
    -11.743    196.461    543.438   -945.472    -16.249    -85.296     40.513
    -11.745    196.494    543.609   -945.553    -16.243    -85.282     40.483
    -11.747    196.526    543.779   -945.634    -16.236    -85.268     40.452
    -11.749    196.559    543.950   -945.715    -16.230    -85.254     40.422
    -11.751    196.591    544.120   -945.796    -16.223    -85.240     40.391
    -11.753    196.624    544.291   -945.876    -16.216    -85.226     40.361
    -11.755    196.656    544.461   -945.957    -16.210    -85.212     40.330
    -11.757    196.688    544.631   -946.038    -16.203    -85.197     40.300
    -11.759    196.721    544.802   -946.118    -16.197    -85.183     40.270
    -11.761    196.753    544.972   -946.199    -16.190    -85.169     40.239
    -11.763    196.786    545.142   -946.279    -16.184    -85.155     40.209
    -11.765    196.818    545.313   -946.360    -16.177    -85.141     40.178
    -11.767    196.850    545.483   -946.440    -16.171    -85.127     40.148
    -11.769    196.883    545.653   -946.520    -16.164    -85.112     40.118
    -11.771    196.915    545.823   -946.600    -16.158    -85.098     40.087
    -11.773    196.947    545.994   -946.680    -16.151    -85.084     40.057
    -11.775    196.980    546.164   -946.761    -16.145    -85.070     40.027
    -11.777    197.012    546.334   -946.841    -16.138    -85.056     39.996
    -11.779    197.044    546.504   -946.921    -16.132    -85.042     39.966
    -11.781    197.076    546.674   -947.000    -16.125    -85.027     39.936
    -11.783    197.109    546.844   -947.080    -16.119    -85.013     39.905
    -11.785    197.141    547.014   -947.160    -16.112    -84.999     39.875
    -11.787    197.173    547.184   -947.240    -16.105    -84.985     39.845
    -11.789    197.205    547.354   -947.319    -16.099    -84.971     39.814
    -11.791    197.237    547.524   -947.399    -16.092    -84.957     39.784
    -11.793    197.270    547.694   -947.479    -16.086    -84.942     39.754
    -11.795    197.302    547.864   -947.558    -16.079    -84.928     39.724
    -11.797    197.334    548.034   -947.637    -16.073    -84.914     39.693
    -11.799    197.366    548.203   -947.717    -16.066    -84.900     39.663
    -11.801    197.398    548.373   -947.796    -16.060    -84.886     39.633
    -11.803    197.430    548.543   -947.875    -16.053    -84.871     39.603
    -11.805    197.462    548.713   -947.955    -16.047    -84.857     39.573
    -11.807    197.494    548.882   -948.034    -16.040    -84.843     39.542
    -11.809    197.527    549.052   -948.113    -16.034    -84.829     39.512
    -11.811    197.559    549.222   -948.192    -16.027    -84.814     39.482
    -11.813    197.591    549.391   -948.271    -16.021    -84.800     39.452
    -11.815    197.623    549.561   -948.350    -16.014    -84.786     39.422
    -11.817    197.655    549.730   -948.428    -16.008    -84.772     39.392
    -11.819    197.687    549.900   -948.507    -16.001    -84.758     39.362
    -11.821    197.719    550.070   -948.586    -15.995    -84.743     39.331
    -11.823    197.751    550.239   -948.664    -15.988    -84.729     39.301
    -11.825    197.783    550.408   -948.743    -15.982    -84.715     39.271
    -11.827    197.815    550.578   -948.821    -15.975    -84.701     39.241
    -11.829    197.847    550.747   -948.900    -15.969    -84.686     39.211
    -11.831    197.878    550.917   -948.978    -15.962    -84.672     39.181
    -11.833    197.910    551.086   -949.057    -15.956    -84.658     39.151
    -11.835    197.942    551.255   -949.135    -15.949    -84.644     39.121
    -11.837    197.974    551.424   -949.213    -15.943    -84.629     39.091
    -11.839    198.006    551.594   -949.291    -15.936    -84.615     39.061
    -11.841    198.038    551.763   -949.369    -15.930    -84.601     39.031
    -11.843    198.070    551.932   -949.447    -15.923    -84.587     39.001
    -11.845    198.102    552.101   -949.525    -15.917    -84.572     38.971
    -11.847    198.133    552.270   -949.603    -15.910    -84.558     38.941
    -11.849    198.165    552.440   -949.681    -15.904    -84.544     38.911
    -11.851    198.197    552.609   -949.759    -15.897    -84.530     38.881
    -11.853    198.229    552.778   -949.837    -15.891    -84.515     38.851
    -11.855    198.261    552.947   -949.914    -15.884    -84.501     38.821
    -11.857    198.292    553.116   -949.992    -15.878    -84.487     38.791
    -11.859    198.324    553.285   -950.070    -15.871    -84.472     38.761
    -11.861    198.356    553.454   -950.147    -15.865    -84.458     38.731
    -11.863    198.388    553.622   -950.224    -15.858    -84.444     38.701
    -11.865    198.419    553.791   -950.302    -15.852    -84.430     38.671
    -11.867    198.451    553.960   -950.379    -15.845    -84.415     38.641
    -11.869    198.483    554.129   -950.456    -15.839    -84.401     38.611
    -11.871    198.514    554.298   -950.534    -15.833    -84.387     38.581
    -11.873    198.546    554.467   -950.611    -15.826    -84.372     38.552
    -11.875    198.578    554.635   -950.688    -15.820    -84.358     38.522
    -11.877    198.609    554.804   -950.765    -15.813    -84.344     38.492
    -11.879    198.641    554.973   -950.842    -15.807    -84.329     38.462
    -11.881    198.673    555.141   -950.919    -15.800    -84.315     38.432
    -11.883    198.704    555.310   -950.995    -15.794    -84.301     38.402
    -11.885    198.736    555.478   -951.072    -15.787    -84.286     38.373
    -11.887    198.767    555.647   -951.149    -15.781    -84.272     38.343
    -11.889    198.799    555.816   -951.226    -15.774    -84.258     38.313
    -11.891    198.830    555.984   -951.302    -15.768    -84.244     38.283
    -11.893    198.862    556.153   -951.379    -15.761    -84.229     38.253
    -11.895    198.893    556.321   -951.455    -15.755    -84.215     38.224
    -11.897    198.925    556.489   -951.532    -15.748    -84.201     38.194
    -11.899    198.956    556.658   -951.608    -15.742    -84.186     38.164
    -11.901    198.988    556.826   -951.684    -15.735    -84.172     38.134
    -11.903    199.019    556.994   -951.761    -15.729    -84.158     38.105
    -11.905    199.051    557.163   -951.837    -15.723    -84.143     38.075
    -11.907    199.082    557.331   -951.913    -15.716    -84.129     38.045
    -11.909    199.114    557.499   -951.989    -15.710    -84.114     38.015
    -11.911    199.145    557.667   -952.065    -15.703    -84.100     37.986
    -11.913    199.176    557.836   -952.141    -15.697    -84.086     37.956
    -11.915    199.208    558.004   -952.217    -15.690    -84.071     37.926
    -11.917    199.239    558.172   -952.293    -15.684    -84.057     37.897
    -11.919    199.271    558.340   -952.368    -15.677    -84.043     37.867
    -11.921    199.302    558.508   -952.444    -15.671    -84.028     37.837
    -11.923    199.333    558.676   -952.520    -15.664    -84.014     37.808
    -11.925    199.365    558.844   -952.595    -15.658    -84.000     37.778
    -11.927    199.396    559.012   -952.671    -15.651    -83.985     37.748
    -11.929    199.427    559.180   -952.746    -15.645    -83.971     37.719
    -11.931    199.459    559.348   -952.822    -15.639    -83.956     37.689
    -11.933    199.490    559.516   -952.897    -15.632    -83.942     37.660
    -11.935    199.521    559.684   -952.972    -15.626    -83.928     37.630
    -11.937    199.552    559.852   -953.048    -15.619    -83.913     37.600
    -11.939    199.584    560.019   -953.123    -15.613    -83.899     37.571
    -11.941    199.615    560.187   -953.198    -15.606    -83.885     37.541
    -11.943    199.646    560.355   -953.273    -15.600    -83.870     37.512
    -11.945    199.677    560.523   -953.348    -15.593    -83.856     37.482
    -11.947    199.708    560.690   -953.423    -15.587    -83.841     37.453
    -11.949    199.739    560.858   -953.498    -15.581    -83.827     37.423
    -11.951    199.771    561.026   -953.572    -15.574    -83.813     37.394
    -11.953    199.802    561.193   -953.647    -15.568    -83.798     37.364
    -11.955    199.833    561.361   -953.722    -15.561    -83.784     37.335
    -11.957    199.864    561.529   -953.797    -15.555    -83.769     37.305
    -11.959    199.895    561.696   -953.871    -15.548    -83.755     37.276
    -11.961    199.926    561.864   -953.946    -15.542    -83.740     37.246
    -11.963    199.957    562.031   -954.020    -15.535    -83.726     37.217
    -11.965    199.988    562.198   -954.095    -15.529    -83.712     37.187
    -11.967    200.019    562.366   -954.169    -15.523    -83.697     37.158
    -11.969    200.050    562.533   -954.243    -15.516    -83.683     37.128
    -11.971    200.081    562.701   -954.317    -15.510    -83.668     37.099
    -11.973    200.112    562.868   -954.392    -15.503    -83.654     37.070
    -11.975    200.143    563.035   -954.466    -15.497    -83.639     37.040
    -11.977    200.174    563.202   -954.540    -15.490    -83.625     37.011
    -11.979    200.205    563.370   -954.614    -15.484    -83.611     36.981
    -11.981    200.236    563.537   -954.688    -15.478    -83.596     36.952
    -11.983    200.267    563.704   -954.762    -15.471    -83.582     36.923
    -11.985    200.298    563.871   -954.835    -15.465    -83.567     36.893
    -11.987    200.329    564.038   -954.909    -15.458    -83.553     36.864
    -11.989    200.360    564.205   -954.983    -15.452    -83.538     36.834
    -11.991    200.391    564.372   -955.056    -15.445    -83.524     36.805
    -11.993    200.422    564.540   -955.130    -15.439    -83.509     36.776
    -11.995    200.453    564.707   -955.204    -15.433    -83.495     36.746
    -11.997    200.484    564.874   -955.277    -15.426    -83.481     36.717
    -11.999    200.514    565.040   -955.350    -15.420    -83.466     36.688
    -12.001    200.545    565.207   -955.424    -15.413    -83.452     36.659
    -12.003    200.576    565.374   -955.497    -15.407    -83.437     36.629
    -12.005    200.607    565.541   -955.570    -15.400    -83.423     36.600
    -12.007    200.638    565.708   -955.643    -15.394    -83.408     36.571
    -12.009    200.669    565.875   -955.717    -15.388    -83.394     36.541
    -12.011    200.699    566.042   -955.790    -15.381    -83.379     36.512
    -12.013    200.730    566.208   -955.863    -15.375    -83.365     36.483
    -12.015    200.761    566.375   -955.936    -15.368    -83.350     36.454
    -12.017    200.792    566.542   -956.008    -15.362    -83.336     36.424
    -12.019    200.822    566.708   -956.081    -15.356    -83.321     36.395
    -12.021    200.853    566.875   -956.154    -15.349    -83.307     36.366
    -12.023    200.884    567.042   -956.227    -15.343    -83.292     36.337
    -12.025    200.914    567.208   -956.299    -15.336    -83.278     36.308
    -12.027    200.945    567.375   -956.372    -15.330    -83.263     36.278
    -12.029    200.976    567.541   -956.444    -15.324    -83.249     36.249
    -12.031    201.006    567.708   -956.517    -15.317    -83.234     36.220
    -12.033    201.037    567.874   -956.589    -15.311    -83.220     36.191
    -12.035    201.068    568.041   -956.662    -15.304    -83.205     36.162
    -12.037    201.098    568.207   -956.734    -15.298    -83.191     36.133
    -12.039    201.129    568.373   -956.806    -15.292    -83.176     36.104
    -12.041    201.159    568.540   -956.878    -15.285    -83.162     36.074
    -12.043    201.190    568.706   -956.951    -15.279    -83.147     36.045
    -12.045    201.220    568.872   -957.023    -15.272    -83.133     36.016
    -12.047    201.251    569.038   -957.095    -15.266    -83.118     35.987
    -12.049    201.281    569.205   -957.167    -15.260    -83.104     35.958
    -12.051    201.312    569.371   -957.238    -15.253    -83.089     35.929
    -12.053    201.342    569.537   -957.310    -15.247    -83.074     35.900
    -12.055    201.373    569.703   -957.382    -15.240    -83.060     35.871
    -12.057    201.403    569.869   -957.454    -15.234    -83.045     35.842
    -12.059    201.434    570.035   -957.525    -15.228    -83.031     35.813
    -12.061    201.464    570.201   -957.597    -15.221    -83.016     35.784
    -12.063    201.495    570.367   -957.669    -15.215    -83.002     35.755
    -12.065    201.525    570.533   -957.740    -15.208    -82.987     35.726
    -12.067    201.556    570.699   -957.811    -15.202    -82.973     35.697
    -12.069    201.586    570.865   -957.883    -15.196    -82.958     35.668
    -12.071    201.616    571.031   -957.954    -15.189    -82.944     35.639
    -12.073    201.647    571.197   -958.025    -15.183    -82.929     35.610
    -12.075    201.677    571.363   -958.097    -15.176    -82.914     35.581
    -12.077    201.707    571.529   -958.168    -15.170    -82.900     35.552
    -12.079    201.738    571.695   -958.239    -15.164    -82.885     35.523
    -12.081    201.768    571.860   -958.310    -15.157    -82.871     35.494
    -12.083    201.798    572.026   -958.381    -15.151    -82.856     35.465
    -12.085    201.829    572.192   -958.452    -15.144    -82.842     35.436
    -12.087    201.859    572.357   -958.522    -15.138    -82.827     35.407
    -12.089    201.889    572.523   -958.593    -15.132    -82.812     35.378
    -12.091    201.920    572.689   -958.664    -15.125    -82.798     35.349
    -12.093    201.950    572.854   -958.735    -15.119    -82.783     35.320
    -12.095    201.980    573.020   -958.805    -15.113    -82.769     35.291
    -12.097    202.010    573.185   -958.876    -15.106    -82.754     35.263
    -12.099    202.040    573.351   -958.946    -15.100    -82.739     35.234
    -12.101    202.071    573.516   -959.017    -15.093    -82.725     35.205
    -12.103    202.101    573.682   -959.087    -15.087    -82.710     35.176
    -12.105    202.131    573.847   -959.157    -15.081    -82.696     35.147
    -12.107    202.161    574.012   -959.228    -15.074    -82.681     35.118
    -12.109    202.191    574.178   -959.298    -15.068    -82.666     35.089
    -12.111    202.221    574.343   -959.368    -15.062    -82.652     35.061
    -12.113    202.252    574.508   -959.438    -15.055    -82.637     35.032
    -12.115    202.282    574.674   -959.508    -15.049    -82.623     35.003
    -12.117    202.312    574.839   -959.578    -15.042    -82.608     34.974
    -12.119    202.342    575.004   -959.648    -15.036    -82.593     34.945
    -12.121    202.372    575.169   -959.718    -15.030    -82.579     34.917
    -12.123    202.402    575.334   -959.788    -15.023    -82.564     34.888
    -12.125    202.432    575.500   -959.858    -15.017    -82.549     34.859
    -12.127    202.462    575.665   -959.927    -15.011    -82.535     34.830
    -12.129    202.492    575.830   -959.997    -15.004    -82.520     34.802
    -12.131    202.522    575.995   -960.066    -14.998    -82.506     34.773
    -12.133    202.552    576.160   -960.136    -14.992    -82.491     34.744
    -12.135    202.582    576.325   -960.205    -14.985    -82.476     34.715
    -12.137    202.612    576.490   -960.275    -14.979    -82.462     34.687
    -12.139    202.642    576.655   -960.344    -14.972    -82.447     34.658
    -12.141    202.672    576.819   -960.413    -14.966    -82.432     34.629
    -12.143    202.702    576.984   -960.483    -14.960    -82.418     34.600
    -12.145    202.732    577.149   -960.552    -14.953    -82.403     34.572
    -12.147    202.762    577.314   -960.621    -14.947    -82.388     34.543
    -12.149    202.791    577.479   -960.690    -14.941    -82.374     34.514
    -12.151    202.821    577.643   -960.759    -14.934    -82.359     34.486
    -12.153    202.851    577.808   -960.828    -14.928    -82.344     34.457
    -12.155    202.881    577.973   -960.897    -14.922    -82.330     34.429
    -12.157    202.911    578.137   -960.966    -14.915    -82.315     34.400
    -12.159    202.941    578.302   -961.034    -14.909    -82.300     34.371
    -12.161    202.971    578.467   -961.103    -14.903    -82.286     34.343
    -12.163    203.000    578.631   -961.172    -14.896    -82.271     34.314
    -12.165    203.030    578.796   -961.240    -14.890    -82.256     34.285
    -12.167    203.060    578.960   -961.309    -14.884    -82.242     34.257
    -12.169    203.090    579.125   -961.377    -14.877    -82.227     34.228
    -12.171    203.119    579.289   -961.446    -14.871    -82.212     34.200
    -12.173    203.149    579.453   -961.514    -14.864    -82.198     34.171
    -12.175    203.179    579.618   -961.583    -14.858    -82.183     34.143
    -12.177    203.209    579.782   -961.651    -14.852    -82.168     34.114
    -12.179    203.238    579.947   -961.719    -14.845    -82.154     34.085
    -12.181    203.268    580.111   -961.787    -14.839    -82.139     34.057
    -12.183    203.298    580.275   -961.855    -14.833    -82.124     34.028
    -12.185    203.327    580.439   -961.923    -14.826    -82.109     34.000
    -12.187    203.357    580.604   -961.991    -14.820    -82.095     33.971
    -12.189    203.387    580.768   -962.059    -14.814    -82.080     33.943
    -12.191    203.416    580.932   -962.127    -14.807    -82.065     33.914
    -12.193    203.446    581.096   -962.195    -14.801    -82.051     33.886
    -12.195    203.475    581.260   -962.263    -14.795    -82.036     33.857
    -12.197    203.505    581.424   -962.330    -14.788    -82.021     33.829
    -12.199    203.535    581.588   -962.398    -14.782    -82.006     33.800
    -12.201    203.564    581.752   -962.465    -14.776    -81.992     33.772
    -12.203    203.594    581.916   -962.533    -14.769    -81.977     33.744
    -12.205    203.623    582.080   -962.600    -14.763    -81.962     33.715
    -12.207    203.653    582.244   -962.668    -14.757    -81.947     33.687
    -12.209    203.682    582.408   -962.735    -14.750    -81.933     33.658
    -12.211    203.712    582.572   -962.802    -14.744    -81.918     33.630
    -12.213    203.741    582.735   -962.870    -14.738    -81.903     33.601
    -12.215    203.771    582.899   -962.937    -14.731    -81.889     33.573
    -12.217    203.800    583.063   -963.004    -14.725    -81.874     33.545
    -12.219    203.830    583.227   -963.071    -14.719    -81.859     33.516
    -12.221    203.859    583.390   -963.138    -14.712    -81.844     33.488
    -12.223    203.888    583.554   -963.205    -14.706    -81.830     33.460
    -12.225    203.918    583.718   -963.272    -14.700    -81.815     33.431
    -12.227    203.947    583.881   -963.339    -14.693    -81.800     33.403
    -12.229    203.977    584.045   -963.405    -14.687    -81.785     33.375
    -12.231    204.006    584.209   -963.472    -14.681    -81.771     33.346
    -12.233    204.035    584.372   -963.539    -14.674    -81.756     33.318
    -12.235    204.065    584.536   -963.605    -14.668    -81.741     33.290
    -12.237    204.094    584.699   -963.672    -14.662    -81.726     33.261
    -12.239    204.123    584.862   -963.739    -14.655    -81.711     33.233
    -12.241    204.153    585.026   -963.805    -14.649    -81.697     33.205
    -12.243    204.182    585.189   -963.871    -14.643    -81.682     33.176
    -12.245    204.211    585.353   -963.938    -14.637    -81.667     33.148
    -12.247    204.240    585.516   -964.004    -14.630    -81.652     33.120
    -12.249    204.270    585.679   -964.070    -14.624    -81.638     33.092
    -12.251    204.299    585.842   -964.136    -14.618    -81.623     33.063
    -12.253    204.328    586.006   -964.202    -14.611    -81.608     33.035
    -12.255    204.357    586.169   -964.268    -14.605    -81.593     33.007
    -12.257    204.387    586.332   -964.334    -14.599    -81.578     32.979
    -12.259    204.416    586.495   -964.400    -14.592    -81.564     32.950
    -12.261    204.445    586.658   -964.466    -14.586    -81.549     32.922
    -12.263    204.474    586.821   -964.532    -14.580    -81.534     32.894
    -12.265    204.503    586.984   -964.598    -14.573    -81.519     32.866
    -12.267    204.532    587.148   -964.663    -14.567    -81.504     32.838
    -12.269    204.562    587.310   -964.729    -14.561    -81.490     32.809
    -12.271    204.591    587.473   -964.795    -14.554    -81.475     32.781
    -12.273    204.620    587.636   -964.860    -14.548    -81.460     32.753
    -12.275    204.649    587.799   -964.926    -14.542    -81.445     32.725
    -12.277    204.678    587.962   -964.991    -14.536    -81.430     32.697
    -12.279    204.707    588.125   -965.057    -14.529    -81.415     32.669
    -12.281    204.736    588.288   -965.122    -14.523    -81.401     32.640
    -12.283    204.765    588.451   -965.187    -14.517    -81.386     32.612
    -12.285    204.794    588.613   -965.252    -14.510    -81.371     32.584
    -12.287    204.823    588.776   -965.317    -14.504    -81.356     32.556
    -12.289    204.852    588.939   -965.383    -14.498    -81.341     32.528
    -12.291    204.881    589.101   -965.448    -14.491    -81.326     32.500
    -12.293    204.910    589.264   -965.513    -14.485    -81.312     32.472
    -12.295    204.939    589.427   -965.577    -14.479    -81.297     32.444
    -12.297    204.968    589.589   -965.642    -14.473    -81.282     32.416
    -12.299    204.997    589.752   -965.707    -14.466    -81.267     32.388
    -12.301    205.026    589.914   -965.772    -14.460    -81.252     32.360
    -12.303    205.055    590.077   -965.837    -14.454    -81.237     32.331
    -12.305    205.084    590.239   -965.901    -14.447    -81.222     32.303
    -12.307    205.113    590.402   -965.966    -14.441    -81.208     32.275
    -12.309    205.141    590.564   -966.030    -14.435    -81.193     32.247
    -12.311    205.170    590.727   -966.095    -14.429    -81.178     32.219
    -12.313    205.199    590.889   -966.159    -14.422    -81.163     32.191
    -12.315    205.228    591.051   -966.223    -14.416    -81.148     32.163
    -12.317    205.257    591.213   -966.288    -14.410    -81.133     32.135
    -12.319    205.286    591.376   -966.352    -14.403    -81.118     32.107
    -12.321    205.314    591.538   -966.416    -14.397    -81.104     32.079
    -12.323    205.343    591.700   -966.480    -14.391    -81.089     32.051
    -12.325    205.372    591.862   -966.544    -14.384    -81.074     32.023
    -12.327    205.401    592.024   -966.608    -14.378    -81.059     31.995
    -12.329    205.429    592.187   -966.672    -14.372    -81.044     31.968
    -12.331    205.458    592.349   -966.736    -14.366    -81.029     31.940
    -12.333    205.487    592.511   -966.800    -14.359    -81.014     31.912
    -12.335    205.516    592.673   -966.864    -14.353    -80.999     31.884
    -12.337    205.544    592.835   -966.928    -14.347    -80.984     31.856
    -12.339    205.573    592.997   -966.991    -14.341    -80.970     31.828
    -12.341    205.602    593.159   -967.055    -14.334    -80.955     31.800
    -12.343    205.630    593.320   -967.119    -14.328    -80.940     31.772
    -12.345    205.659    593.482   -967.182    -14.322    -80.925     31.744
    -12.347    205.688    593.644   -967.246    -14.315    -80.910     31.716
    -12.349    205.716    593.806   -967.309    -14.309    -80.895     31.688
    -12.351    205.745    593.968   -967.372    -14.303    -80.880     31.661
    -12.353    205.774    594.129   -967.436    -14.297    -80.865     31.633
    -12.355    205.802    594.291   -967.499    -14.290    -80.850     31.605
    -12.357    205.831    594.453   -967.562    -14.284    -80.835     31.577
    -12.359    205.859    594.614   -967.625    -14.278    -80.820     31.549
    -12.361    205.888    594.776   -967.688    -14.271    -80.805     31.521
    -12.363    205.916    594.938   -967.751    -14.265    -80.791     31.494
    -12.365    205.945    595.099   -967.814    -14.259    -80.776     31.466
    -12.367    205.973    595.261   -967.877    -14.253    -80.761     31.438
    -12.369    206.002    595.422   -967.940    -14.246    -80.746     31.410
    -12.371    206.030    595.584   -968.003    -14.240    -80.731     31.382
    -12.373    206.059    595.745   -968.065    -14.234    -80.716     31.355
    -12.375    206.087    595.907   -968.128    -14.228    -80.701     31.327
    -12.377    206.116    596.068   -968.191    -14.221    -80.686     31.299
    -12.379    206.144    596.229   -968.253    -14.215    -80.671     31.271
    -12.381    206.173    596.391   -968.316    -14.209    -80.656     31.243
    -12.383    206.201    596.552   -968.378    -14.203    -80.641     31.216
    -12.385    206.229    596.713   -968.441    -14.196    -80.626     31.188
    -12.387    206.258    596.875   -968.503    -14.190    -80.611     31.160
    -12.389    206.286    597.036   -968.565    -14.184    -80.596     31.133
    -12.391    206.315    597.197   -968.628    -14.177    -80.581     31.105
    -12.393    206.343    597.358   -968.690    -14.171    -80.566     31.077
    -12.395    206.371    597.519   -968.752    -14.165    -80.551     31.049
    -12.397    206.400    597.680   -968.814    -14.159    -80.536     31.022
    -12.399    206.428    597.841   -968.876    -14.152    -80.521     30.994
    -12.401    206.456    598.002   -968.938    -14.146    -80.506     30.966
    -12.403    206.484    598.163   -969.000    -14.140    -80.491     30.939
    -12.405    206.513    598.324   -969.062    -14.134    -80.476     30.911
    -12.407    206.541    598.485   -969.124    -14.127    -80.461     30.883
    -12.409    206.569    598.646   -969.185    -14.121    -80.446     30.856
    -12.411    206.597    598.807   -969.247    -14.115    -80.431     30.828
    -12.413    206.626    598.968   -969.309    -14.109    -80.416     30.800
    -12.415    206.654    599.129   -969.370    -14.102    -80.401     30.773
    -12.417    206.682    599.289   -969.432    -14.096    -80.386     30.745
    -12.419    206.710    599.450   -969.493    -14.090    -80.371     30.718
    -12.421    206.738    599.611   -969.555    -14.084    -80.356     30.690
    -12.423    206.767    599.772   -969.616    -14.077    -80.341     30.662
    -12.425    206.795    599.932   -969.677    -14.071    -80.326     30.635
    -12.427    206.823    600.093   -969.738    -14.065    -80.311     30.607
    -12.429    206.851    600.254   -969.800    -14.059    -80.296     30.580
    -12.431    206.879    600.414   -969.861    -14.052    -80.281     30.552
    -12.433    206.907    600.575   -969.922    -14.046    -80.266     30.525
    -12.435    206.935    600.735   -969.983    -14.040    -80.251     30.497
    -12.437    206.963    600.896   -970.044    -14.034    -80.236     30.469
    -12.439    206.991    601.056   -970.105    -14.027    -80.221     30.442
    -12.441    207.019    601.217   -970.166    -14.021    -80.206     30.414
    -12.443    207.048    601.377   -970.226    -14.015    -80.191     30.387
    -12.445    207.076    601.537   -970.287    -14.009    -80.176     30.359
    -12.447    207.104    601.698   -970.348    -14.002    -80.161     30.332
    -12.449    207.132    601.858   -970.408    -13.996    -80.146     30.304
    -12.451    207.160    602.018   -970.469    -13.990    -80.131     30.277
    -12.453    207.188    602.179   -970.530    -13.984    -80.116     30.249
    -12.455    207.215    602.339   -970.590    -13.977    -80.101     30.222
    -12.457    207.243    602.499   -970.650    -13.971    -80.086     30.194
    -12.459    207.271    602.659   -970.711    -13.965    -80.071     30.167
    -12.461    207.299    602.819   -970.771    -13.959    -80.056     30.139
    -12.463    207.327    602.979   -970.831    -13.953    -80.041     30.112
    -12.465    207.355    603.139   -970.892    -13.946    -80.026     30.085
    -12.467    207.383    603.299   -970.952    -13.940    -80.011     30.057
    -12.469    207.411    603.459   -971.012    -13.934    -79.996     30.030
    -12.471    207.439    603.619   -971.072    -13.928    -79.981     30.002
    -12.473    207.467    603.779   -971.132    -13.921    -79.966     29.975
    -12.475    207.494    603.939   -971.192    -13.915    -79.950     29.947
    -12.477    207.522    604.099   -971.252    -13.909    -79.935     29.920
    -12.479    207.550    604.259   -971.311    -13.903    -79.920     29.893
    -12.481    207.578    604.419   -971.371    -13.896    -79.905     29.865
    -12.483    207.606    604.579   -971.431    -13.890    -79.890     29.838
    -12.485    207.633    604.738   -971.491    -13.884    -79.875     29.811
    -12.487    207.661    604.898   -971.550    -13.878    -79.860     29.783
    -12.489    207.689    605.058   -971.610    -13.872    -79.845     29.756
    -12.491    207.717    605.218   -971.669    -13.865    -79.830     29.728
    -12.493    207.744    605.377   -971.729    -13.859    -79.815     29.701
    -12.495    207.772    605.537   -971.788    -13.853    -79.800     29.674
    -12.497    207.800    605.696   -971.847    -13.847    -79.785     29.646
    -12.499    207.827    605.856   -971.907    -13.840    -79.769     29.619
    -12.501    207.855    606.015   -971.966    -13.834    -79.754     29.592
    -12.503    207.883    606.175   -972.025    -13.828    -79.739     29.565
    -12.505    207.910    606.334   -972.084    -13.822    -79.724     29.537
    -12.507    207.938    606.494   -972.143    -13.816    -79.709     29.510
    -12.509    207.966    606.653   -972.202    -13.809    -79.694     29.483
    -12.511    207.993    606.813   -972.261    -13.803    -79.679     29.455
    -12.513    208.021    606.972   -972.320    -13.797    -79.664     29.428
    -12.515    208.049    607.131   -972.379    -13.791    -79.649     29.401
    -12.517    208.076    607.291   -972.437    -13.784    -79.633     29.374
    -12.519    208.104    607.450   -972.496    -13.778    -79.618     29.346
    -12.521    208.131    607.609   -972.555    -13.772    -79.603     29.319
    -12.523    208.159    607.768   -972.613    -13.766    -79.588     29.292
    -12.525    208.186    607.927   -972.672    -13.760    -79.573     29.265
    -12.527    208.214    608.086   -972.731    -13.753    -79.558     29.237
    -12.529    208.241    608.246   -972.789    -13.747    -79.543     29.210
    -12.531    208.269    608.405   -972.847    -13.741    -79.527     29.183
    -12.533    208.296    608.564   -972.906    -13.735    -79.512     29.156
    -12.535    208.324    608.723   -972.964    -13.729    -79.497     29.129
    -12.537    208.351    608.882   -973.022    -13.722    -79.482     29.101
    -12.539    208.379    609.041   -973.080    -13.716    -79.467     29.074
    -12.541    208.406    609.200   -973.138    -13.710    -79.452     29.047
    -12.543    208.433    609.358   -973.197    -13.704    -79.437     29.020
    -12.545    208.461    609.517   -973.255    -13.697    -79.421     28.993
    -12.547    208.488    609.676   -973.313    -13.691    -79.406     28.966
    -12.549    208.516    609.835   -973.370    -13.685    -79.391     28.938
    -12.551    208.543    609.994   -973.428    -13.679    -79.376     28.911
    -12.553    208.570    610.152   -973.486    -13.673    -79.361     28.884
    -12.555    208.598    610.311   -973.544    -13.666    -79.346     28.857
    -12.557    208.625    610.470   -973.602    -13.660    -79.330     28.830
    -12.559    208.652    610.628   -973.659    -13.654    -79.315     28.803
    -12.561    208.680    610.787   -973.717    -13.648    -79.300     28.776
    -12.563    208.707    610.946   -973.774    -13.642    -79.285     28.749
    -12.565    208.734    611.104   -973.832    -13.635    -79.270     28.722
    -12.567    208.761    611.263   -973.889    -13.629    -79.254     28.694
    -12.569    208.789    611.421   -973.946    -13.623    -79.239     28.667
    -12.571    208.816    611.580   -974.004    -13.617    -79.224     28.640
    -12.573    208.843    611.738   -974.061    -13.611    -79.209     28.613
    -12.575    208.870    611.897   -974.118    -13.604    -79.194     28.586
    -12.577    208.898    612.055   -974.175    -13.598    -79.179     28.559
    -12.579    208.925    612.213   -974.232    -13.592    -79.163     28.532
    -12.581    208.952    612.372   -974.290    -13.586    -79.148     28.505
    -12.583    208.979    612.530   -974.347    -13.580    -79.133     28.478
    -12.585    209.006    612.688   -974.403    -13.573    -79.118     28.451
    -12.587    209.033    612.846   -974.460    -13.567    -79.102     28.424
    -12.589    209.061    613.004   -974.517    -13.561    -79.087     28.397
    -12.591    209.088    613.163   -974.574    -13.555    -79.072     28.370
    -12.593    209.115    613.321   -974.631    -13.549    -79.057     28.343
    -12.595    209.142    613.479   -974.687    -13.543    -79.042     28.316
    -12.597    209.169    613.637   -974.744    -13.536    -79.026     28.289
    -12.599    209.196    613.795   -974.800    -13.530    -79.011     28.262
    -12.601    209.223    613.953   -974.857    -13.524    -78.996     28.235
    -12.603    209.250    614.111   -974.913    -13.518    -78.981     28.208
    -12.605    209.277    614.269   -974.970    -13.512    -78.965     28.181
    -12.607    209.304    614.427   -975.026    -13.505    -78.950     28.154
    -12.609    209.331    614.585   -975.082    -13.499    -78.935     28.127
    -12.611    209.358    614.743   -975.139    -13.493    -78.920     28.100
    -12.613    209.385    614.900   -975.195    -13.487    -78.904     28.074
    -12.615    209.412    615.058   -975.251    -13.481    -78.889     28.047
    -12.617    209.439    615.216   -975.307    -13.474    -78.874     28.020
    -12.619    209.466    615.374   -975.363    -13.468    -78.859     27.993
    -12.621    209.493    615.531   -975.419    -13.462    -78.843     27.966
    -12.623    209.520    615.689   -975.475    -13.456    -78.828     27.939
    -12.625    209.547    615.847   -975.531    -13.450    -78.813     27.912
    -12.627    209.574    616.004   -975.587    -13.444    -78.798     27.885
    -12.629    209.600    616.162   -975.642    -13.437    -78.782     27.858
    -12.631    209.627    616.319   -975.698    -13.431    -78.767     27.832
    -12.633    209.654    616.477   -975.754    -13.425    -78.752     27.805
    -12.635    209.681    616.634   -975.809    -13.419    -78.737     27.778
    -12.637    209.708    616.792   -975.865    -13.413    -78.721     27.751
    -12.639    209.735    616.949   -975.920    -13.407    -78.706     27.724
    -12.641    209.762    617.107   -975.976    -13.400    -78.691     27.697
    -12.643    209.788    617.264   -976.031    -13.394    -78.676     27.671
    -12.645    209.815    617.421   -976.086    -13.388    -78.660     27.644
    -12.647    209.842    617.579   -976.142    -13.382    -78.645     27.617
    -12.649    209.869    617.736   -976.197    -13.376    -78.630     27.590
    -12.651    209.895    617.893   -976.252    -13.369    -78.614     27.563
    -12.653    209.922    618.050   -976.307    -13.363    -78.599     27.537
    -12.655    209.949    618.208   -976.362    -13.357    -78.584     27.510
    -12.657    209.976    618.365   -976.417    -13.351    -78.568     27.483
    -12.659    210.002    618.522   -976.472    -13.345    -78.553     27.456
    -12.661    210.029    618.679   -976.527    -13.339    -78.538     27.429
    -12.663    210.056    618.836   -976.582    -13.332    -78.523     27.403
    -12.665    210.082    618.993   -976.636    -13.326    -78.507     27.376
    -12.667    210.109    619.150   -976.691    -13.320    -78.492     27.349
    -12.669    210.136    619.307   -976.746    -13.314    -78.477     27.322
    -12.671    210.162    619.464   -976.800    -13.308    -78.461     27.296
    -12.673    210.189    619.621   -976.855    -13.302    -78.446     27.269
    -12.675    210.215    619.778   -976.910    -13.295    -78.431     27.242
    -12.677    210.242    619.935   -976.964    -13.289    -78.415     27.216
    -12.679    210.269    620.091   -977.018    -13.283    -78.400     27.189
    -12.681    210.295    620.248   -977.073    -13.277    -78.385     27.162
    -12.683    210.322    620.405   -977.127    -13.271    -78.369     27.136
    -12.685    210.348    620.562   -977.181    -13.265    -78.354     27.109
    -12.687    210.375    620.718   -977.235    -13.258    -78.339     27.082
    -12.689    210.401    620.875   -977.290    -13.252    -78.323     27.056
    -12.691    210.428    621.032   -977.344    -13.246    -78.308     27.029
    -12.693    210.454    621.188   -977.398    -13.240    -78.293     27.002
    -12.695    210.481    621.345   -977.452    -13.234    -78.277     26.976
    -12.697    210.507    621.501   -977.506    -13.228    -78.262     26.949
    -12.699    210.534    621.658   -977.560    -13.222    -78.247     26.922
    -12.701    210.560    621.814   -977.613    -13.215    -78.231     26.896
    -12.703    210.586    621.971   -977.667    -13.209    -78.216     26.869
    -12.705    210.613    622.127   -977.721    -13.203    -78.201     26.842
    -12.707    210.639    622.284   -977.774    -13.197    -78.185     26.816
    -12.709    210.666    622.440   -977.828    -13.191    -78.170     26.789
    -12.711    210.692    622.596   -977.882    -13.185    -78.154     26.763
    -12.713    210.718    622.753   -977.935    -13.178    -78.139     26.736
    -12.715    210.745    622.909   -977.989    -13.172    -78.124     26.709
    -12.717    210.771    623.065   -978.042    -13.166    -78.108     26.683
    -12.719    210.797    623.221   -978.095    -13.160    -78.093     26.656
    -12.721    210.824    623.377   -978.149    -13.154    -78.078     26.630
    -12.723    210.850    623.534   -978.202    -13.148    -78.062     26.603
    -12.725    210.876    623.690   -978.255    -13.142    -78.047     26.577
    -12.727    210.903    623.846   -978.308    -13.135    -78.031     26.550
    -12.729    210.929    624.002   -978.361    -13.129    -78.016     26.524
    -12.731    210.955    624.158   -978.414    -13.123    -78.001     26.497
    -12.733    210.981    624.314   -978.467    -13.117    -77.985     26.471
    -12.735    211.008    624.470   -978.520    -13.111    -77.970     26.444
    -12.737    211.034    624.626   -978.573    -13.105    -77.954     26.418
    -12.739    211.060    624.782   -978.626    -13.099    -77.939     26.391
    -12.741    211.086    624.938   -978.679    -13.092    -77.924     26.365
    -12.743    211.112    625.093   -978.731    -13.086    -77.908     26.338
    -12.745    211.138    625.249   -978.784    -13.080    -77.893     26.312
    -12.747    211.165    625.405   -978.836    -13.074    -77.877     26.285
    -12.749    211.191    625.561   -978.889    -13.068    -77.862     26.259
    -12.751    211.217    625.716   -978.942    -13.062    -77.847     26.232
    -12.753    211.243    625.872   -978.994    -13.056    -77.831     26.206
    -12.755    211.269    626.028   -979.046    -13.049    -77.816     26.179
    -12.757    211.295    626.183   -979.099    -13.043    -77.800     26.153
    -12.759    211.321    626.339   -979.151    -13.037    -77.785     26.126
    -12.761    211.347    626.494   -979.203    -13.031    -77.769     26.100
    -12.763    211.373    626.650   -979.255    -13.025    -77.754     26.073
    -12.765    211.399    626.805   -979.307    -13.019    -77.739     26.047
    -12.767    211.426    626.961   -979.360    -13.013    -77.723     26.021
    -12.769    211.452    627.116   -979.412    -13.006    -77.708     25.994
    -12.771    211.478    627.272   -979.464    -13.000    -77.692     25.968
    -12.773    211.504    627.427   -979.515    -12.994    -77.677     25.941
    -12.775    211.530    627.582   -979.567    -12.988    -77.661     25.915
    -12.777    211.555    627.738   -979.619    -12.982    -77.646     25.889
    -12.779    211.581    627.893   -979.671    -12.976    -77.630     25.862
    -12.781    211.607    628.048   -979.723    -12.970    -77.615     25.836
    -12.783    211.633    628.203   -979.774    -12.963    -77.599     25.810
    -12.785    211.659    628.359   -979.826    -12.957    -77.584     25.783
    -12.787    211.685    628.514   -979.877    -12.951    -77.569     25.757
    -12.789    211.711    628.669   -979.929    -12.945    -77.553     25.731
    -12.791    211.737    628.824   -979.980    -12.939    -77.538     25.704
    -12.793    211.763    628.979   -980.032    -12.933    -77.522     25.678
    -12.795    211.789    629.134   -980.083    -12.927    -77.507     25.652
    -12.797    211.815    629.289   -980.134    -12.921    -77.491     25.625
    -12.799    211.840    629.444   -980.185    -12.914    -77.476     25.599
    -12.801    211.866    629.599   -980.237    -12.908    -77.460     25.573
    -12.803    211.892    629.754   -980.288    -12.902    -77.445     25.546
    -12.805    211.918    629.909   -980.339    -12.896    -77.429     25.520
    -12.807    211.944    630.064   -980.390    -12.890    -77.414     25.494
    -12.809    211.969    630.218   -980.441    -12.884    -77.398     25.467
    -12.811    211.995    630.373   -980.492    -12.878    -77.383     25.441
    -12.813    212.021    630.528   -980.543    -12.872    -77.367     25.415
    -12.815    212.047    630.683   -980.593    -12.865    -77.352     25.389
    -12.817    212.072    630.837   -980.644    -12.859    -77.336     25.362
    -12.819    212.098    630.992   -980.695    -12.853    -77.321     25.336
    -12.821    212.124    631.147   -980.745    -12.847    -77.305     25.310
    -12.823    212.149    631.301   -980.796    -12.841    -77.290     25.284
    -12.825    212.175    631.456   -980.847    -12.835    -77.274     25.257
    -12.827    212.201    631.610   -980.897    -12.829    -77.259     25.231
    -12.829    212.226    631.765   -980.948    -12.823    -77.243     25.205
    -12.831    212.252    631.919   -980.998    -12.817    -77.228     25.179
    -12.833    212.278    632.074   -981.048    -12.810    -77.212     25.153
    -12.835    212.303    632.228   -981.099    -12.804    -77.197     25.126
    -12.837    212.329    632.383   -981.149    -12.798    -77.181     25.100
    -12.839    212.354    632.537   -981.199    -12.792    -77.166     25.074
    -12.841    212.380    632.691   -981.249    -12.786    -77.150     25.048
    -12.843    212.406    632.846   -981.299    -12.780    -77.134     25.022
    -12.845    212.431    633.000   -981.349    -12.774    -77.119     24.996
    -12.847    212.457    633.154   -981.399    -12.768    -77.103     24.969
    -12.849    212.482    633.308   -981.449    -12.761    -77.088     24.943
    -12.851    212.508    633.462   -981.499    -12.755    -77.072     24.917
    -12.853    212.533    633.616   -981.549    -12.749    -77.057     24.891
    -12.855    212.559    633.771   -981.598    -12.743    -77.041     24.865
    -12.857    212.584    633.925   -981.648    -12.737    -77.026     24.839
    -12.859    212.610    634.079   -981.698    -12.731    -77.010     24.813
    -12.861    212.635    634.233   -981.747    -12.725    -76.995     24.786
    -12.863    212.661    634.387   -981.797    -12.719    -76.979     24.760
    -12.865    212.686    634.541   -981.846    -12.713    -76.963     24.734
    -12.867    212.711    634.695   -981.896    -12.706    -76.948     24.708
    -12.869    212.737    634.848   -981.945    -12.700    -76.932     24.682
    -12.871    212.762    635.002   -981.995    -12.694    -76.917     24.656
    -12.873    212.788    635.156   -982.044    -12.688    -76.901     24.630
    -12.875    212.813    635.310   -982.093    -12.682    -76.886     24.604
    -12.877    212.838    635.464   -982.142    -12.676    -76.870     24.578
    -12.879    212.864    635.617   -982.191    -12.670    -76.854     24.552
    -12.881    212.889    635.771   -982.240    -12.664    -76.839     24.526
    -12.883    212.914    635.925   -982.290    -12.658    -76.823     24.500
    -12.885    212.940    636.078   -982.338    -12.652    -76.808     24.474
    -12.887    212.965    636.232   -982.387    -12.645    -76.792     24.448
    -12.889    212.990    636.385   -982.436    -12.639    -76.776     24.421
    -12.891    213.016    636.539   -982.485    -12.633    -76.761     24.395
    -12.893    213.041    636.693   -982.534    -12.627    -76.745     24.369
    -12.895    213.066    636.846   -982.583    -12.621    -76.730     24.343
    -12.897    213.091    636.999   -982.631    -12.615    -76.714     24.317
    -12.899    213.116    637.153   -982.680    -12.609    -76.698     24.291
    -12.901    213.142    637.306   -982.728    -12.603    -76.683     24.265
    -12.903    213.167    637.460   -982.777    -12.597    -76.667     24.239
    -12.905    213.192    637.613   -982.825    -12.591    -76.652     24.213
    -12.907    213.217    637.766   -982.874    -12.584    -76.636     24.188
    -12.909    213.242    637.919   -982.922    -12.578    -76.620     24.162
    -12.911    213.268    638.073   -982.970    -12.572    -76.605     24.136
    -12.913    213.293    638.226   -983.019    -12.566    -76.589     24.110
    -12.915    213.318    638.379   -983.067    -12.560    -76.573     24.084
    -12.917    213.343    638.532   -983.115    -12.554    -76.558     24.058
    -12.919    213.368    638.685   -983.163    -12.548    -76.542     24.032
    -12.921    213.393    638.838   -983.211    -12.542    -76.527     24.006
    -12.923    213.418    638.991   -983.259    -12.536    -76.511     23.980
    -12.925    213.443    639.144   -983.307    -12.530    -76.495     23.954
    -12.927    213.468    639.297   -983.355    -12.524    -76.480     23.928
    -12.929    213.493    639.450   -983.403    -12.517    -76.464     23.902
    -12.931    213.518    639.603   -983.451    -12.511    -76.448     23.876
    -12.933    213.543    639.756   -983.498    -12.505    -76.433     23.850
    -12.935    213.568    639.909   -983.546    -12.499    -76.417     23.824
    -12.937    213.593    640.062   -983.594    -12.493    -76.401     23.799
    -12.939    213.618    640.215   -983.641    -12.487    -76.386     23.773
    -12.941    213.643    640.367   -983.689    -12.481    -76.370     23.747
    -12.943    213.668    640.520   -983.736    -12.475    -76.354     23.721
    -12.945    213.693    640.673   -983.784    -12.469    -76.339     23.695
    -12.947    213.718    640.825   -983.831    -12.463    -76.323     23.669
    -12.949    213.743    640.978   -983.878    -12.457    -76.307     23.643
    -12.951    213.768    641.131   -983.925    -12.451    -76.292     23.618
    -12.953    213.793    641.283   -983.973    -12.444    -76.276     23.592
    -12.955    213.818    641.436   -984.020    -12.438    -76.260     23.566
    -12.957    213.843    641.588   -984.067    -12.432    -76.245     23.540
    -12.959    213.868    641.741   -984.114    -12.426    -76.229     23.514
    -12.961    213.892    641.893   -984.161    -12.420    -76.213     23.488
    -12.963    213.917    642.046   -984.208    -12.414    -76.198     23.463
    -12.965    213.942    642.198   -984.255    -12.408    -76.182     23.437
    -12.967    213.967    642.350   -984.302    -12.402    -76.166     23.411
    -12.969    213.992    642.503   -984.348    -12.396    -76.151     23.385
    -12.971    214.016    642.655   -984.395    -12.390    -76.135     23.359
    -12.973    214.041    642.807   -984.442    -12.384    -76.119     23.334
    -12.975    214.066    642.959   -984.489    -12.378    -76.103     23.308
    -12.977    214.091    643.112   -984.535    -12.371    -76.088     23.282
    -12.979    214.115    643.264   -984.582    -12.365    -76.072     23.256
    -12.981    214.140    643.416   -984.628    -12.359    -76.056     23.231
    -12.983    214.165    643.568   -984.675    -12.353    -76.041     23.205
    -12.985    214.190    643.720   -984.721    -12.347    -76.025     23.179
    -12.987    214.214    643.872   -984.767    -12.341    -76.009     23.153
    -12.989    214.239    644.024   -984.814    -12.335    -75.993     23.128
    -12.991    214.264    644.176   -984.860    -12.329    -75.978     23.102
    -12.993    214.288    644.328   -984.906    -12.323    -75.962     23.076
    -12.995    214.313    644.480   -984.952    -12.317    -75.946     23.051
    -12.997    214.338    644.632   -984.998    -12.311    -75.930     23.025
    -12.999    214.362    644.784   -985.044    -12.305    -75.915     22.999
    -13.001    214.387    644.935   -985.090    -12.299    -75.899     22.973
    -13.003    214.411    645.087   -985.136    -12.293    -75.883     22.948
    -13.005    214.436    645.239   -985.182    -12.286    -75.867     22.922
    -13.007    214.461    645.391   -985.228    -12.280    -75.852     22.896
    -13.009    214.485    645.542   -985.274    -12.274    -75.836     22.871
    -13.011    214.510    645.694   -985.319    -12.268    -75.820     22.845
    -13.013    214.534    645.846   -985.365    -12.262    -75.804     22.819
    -13.015    214.559    645.997   -985.411    -12.256    -75.789     22.794
    -13.017    214.583    646.149   -985.456    -12.250    -75.773     22.768
    -13.019    214.608    646.300   -985.502    -12.244    -75.757     22.742
    -13.021    214.632    646.452   -985.547    -12.238    -75.741     22.717
    -13.023    214.657    646.603   -985.593    -12.232    -75.726     22.691
    -13.025    214.681    646.755   -985.638    -12.226    -75.710     22.666
    -13.027    214.706    646.906   -985.683    -12.220    -75.694     22.640
    -13.029    214.730    647.057   -985.728    -12.214    -75.678     22.614
    -13.031    214.754    647.209   -985.774    -12.208    -75.663     22.589
    -13.033    214.779    647.360   -985.819    -12.202    -75.647     22.563
    -13.035    214.803    647.511   -985.864    -12.195    -75.631     22.538
    -13.037    214.828    647.663   -985.909    -12.189    -75.615     22.512
    -13.039    214.852    647.814   -985.954    -12.183    -75.599     22.486
    -13.041    214.876    647.965   -985.999    -12.177    -75.584     22.461
    -13.043    214.901    648.116   -986.044    -12.171    -75.568     22.435
    -13.045    214.925    648.267   -986.089    -12.165    -75.552     22.410
    -13.047    214.949    648.418   -986.133    -12.159    -75.536     22.384
    -13.049    214.974    648.569   -986.178    -12.153    -75.520     22.359
    -13.051    214.998    648.720   -986.223    -12.147    -75.505     22.333
    -13.053    215.022    648.871   -986.268    -12.141    -75.489     22.307
    -13.055    215.046    649.022   -986.312    -12.135    -75.473     22.282
    -13.057    215.071    649.173   -986.357    -12.129    -75.457     22.256
    -13.059    215.095    649.324   -986.401    -12.123    -75.441     22.231
    -13.061    215.119    649.475   -986.446    -12.117    -75.426     22.205
    -13.063    215.143    649.626   -986.490    -12.111    -75.410     22.180
    -13.065    215.168    649.777   -986.534    -12.105    -75.394     22.154
    -13.067    215.192    649.928   -986.579    -12.099    -75.378     22.129
    -13.069    215.216    650.078   -986.623    -12.092    -75.362     22.103
    -13.071    215.240    650.229   -986.667    -12.086    -75.346     22.078
    -13.073    215.264    650.380   -986.711    -12.080    -75.331     22.052
    -13.075    215.289    650.530   -986.755    -12.074    -75.315     22.027
    -13.077    215.313    650.681   -986.799    -12.068    -75.299     22.001
    -13.079    215.337    650.832   -986.843    -12.062    -75.283     21.976
    -13.081    215.361    650.982   -986.887    -12.056    -75.267     21.950
    -13.083    215.385    651.133   -986.931    -12.050    -75.251     21.925
    -13.085    215.409    651.283   -986.975    -12.044    -75.236     21.900
    -13.087    215.433    651.434   -987.019    -12.038    -75.220     21.874
    -13.089    215.457    651.584   -987.062    -12.032    -75.204     21.849
    -13.091    215.481    651.734   -987.106    -12.026    -75.188     21.823
    -13.093    215.505    651.885   -987.150    -12.020    -75.172     21.798
    -13.095    215.529    652.035   -987.193    -12.014    -75.156     21.772
    -13.097    215.553    652.185   -987.237    -12.008    -75.140     21.747
    -13.099    215.577    652.336   -987.280    -12.002    -75.124     21.722
    -13.101    215.601    652.486   -987.324    -11.996    -75.109     21.696
    -13.103    215.625    652.636   -987.367    -11.990    -75.093     21.671
    -13.105    215.649    652.786   -987.410    -11.984    -75.077     21.645
    -13.107    215.673    652.936   -987.454    -11.978    -75.061     21.620
    -13.109    215.697    653.086   -987.497    -11.972    -75.045     21.595
    -13.111    215.721    653.237   -987.540    -11.965    -75.029     21.569
    -13.113    215.745    653.387   -987.583    -11.959    -75.013     21.544
    -13.115    215.769    653.537   -987.626    -11.953    -74.997     21.518
    -13.117    215.793    653.687   -987.669    -11.947    -74.982     21.493
    -13.119    215.817    653.836   -987.712    -11.941    -74.966     21.468
    -13.121    215.841    653.986   -987.755    -11.935    -74.950     21.442
    -13.123    215.865    654.136   -987.798    -11.929    -74.934     21.417
    -13.125    215.888    654.286   -987.841    -11.923    -74.918     21.392
    -13.127    215.912    654.436   -987.883    -11.917    -74.902     21.366
    -13.129    215.936    654.586   -987.926    -11.911    -74.886     21.341
    -13.131    215.960    654.735   -987.969    -11.905    -74.870     21.316
    -13.133    215.984    654.885   -988.011    -11.899    -74.854     21.290
    -13.135    216.008    655.035   -988.054    -11.893    -74.838     21.265
    -13.137    216.031    655.185   -988.096    -11.887    -74.822     21.240
    -13.139    216.055    655.334   -988.139    -11.881    -74.807     21.214
    -13.141    216.079    655.484   -988.181    -11.875    -74.791     21.189
    -13.143    216.103    655.633   -988.224    -11.869    -74.775     21.164
    -13.145    216.126    655.783   -988.266    -11.863    -74.759     21.139
    -13.147    216.150    655.932   -988.308    -11.857    -74.743     21.113
    -13.149    216.174    656.082   -988.350    -11.851    -74.727     21.088
    -13.151    216.197    656.231   -988.393    -11.845    -74.711     21.063
    -13.153    216.221    656.381   -988.435    -11.839    -74.695     21.037
    -13.155    216.245    656.530   -988.477    -11.833    -74.679     21.012
    -13.157    216.268    656.679   -988.519    -11.827    -74.663     20.987
    -13.159    216.292    656.829   -988.561    -11.821    -74.647     20.962
    -13.161    216.316    656.978   -988.603    -11.815    -74.631     20.936
    -13.163    216.339    657.127   -988.644    -11.809    -74.615     20.911
    -13.165    216.363    657.276   -988.686    -11.802    -74.599     20.886
    -13.167    216.387    657.426   -988.728    -11.796    -74.583     20.861
    -13.169    216.410    657.575   -988.770    -11.790    -74.567     20.836
    -13.171    216.434    657.724   -988.811    -11.784    -74.551     20.810
    -13.173    216.457    657.873   -988.853    -11.778    -74.535     20.785
    -13.175    216.481    658.022   -988.894    -11.772    -74.520     20.760
    -13.177    216.504    658.171   -988.936    -11.766    -74.504     20.735
    -13.179    216.528    658.320   -988.977    -11.760    -74.488     20.710
    -13.181    216.551    658.469   -989.019    -11.754    -74.472     20.684
    -13.183    216.575    658.618   -989.060    -11.748    -74.456     20.659
    -13.185    216.598    658.767   -989.101    -11.742    -74.440     20.634
    -13.187    216.622    658.916   -989.143    -11.736    -74.424     20.609
    -13.189    216.645    659.065   -989.184    -11.730    -74.408     20.584
    -13.191    216.669    659.213   -989.225    -11.724    -74.392     20.559
    -13.193    216.692    659.362   -989.266    -11.718    -74.376     20.533
    -13.195    216.716    659.511   -989.307    -11.712    -74.360     20.508
    -13.197    216.739    659.660   -989.348    -11.706    -74.344     20.483
    -13.199    216.763    659.808   -989.389    -11.700    -74.328     20.458
    -13.201    216.786    659.957   -989.430    -11.694    -74.312     20.433
    -13.203    216.809    660.105   -989.471    -11.688    -74.296     20.408
    -13.205    216.833    660.254   -989.512    -11.682    -74.280     20.383
    -13.207    216.856    660.403   -989.552    -11.676    -74.264     20.357
    -13.209    216.879    660.551   -989.593    -11.670    -74.248     20.332
    -13.211    216.903    660.700   -989.634    -11.664    -74.232     20.307
    -13.213    216.926    660.848   -989.674    -11.658    -74.216     20.282
    -13.215    216.949    660.996   -989.715    -11.652    -74.200     20.257
    -13.217    216.973    661.145   -989.755    -11.646    -74.184     20.232
    -13.219    216.996    661.293   -989.796    -11.640    -74.168     20.207
    -13.221    217.019    661.442   -989.836    -11.634    -74.151     20.182
    -13.223    217.042    661.590   -989.876    -11.628    -74.135     20.157
    -13.225    217.066    661.738   -989.917    -11.622    -74.119     20.132
    -13.227    217.089    661.886   -989.957    -11.616    -74.103     20.107
    -13.229    217.112    662.034   -989.997    -11.610    -74.087     20.082
    -13.231    217.135    662.183   -990.037    -11.604    -74.071     20.057
    -13.233    217.159    662.331   -990.077    -11.598    -74.055     20.031
    -13.235    217.182    662.479   -990.117    -11.592    -74.039     20.006
    -13.237    217.205    662.627   -990.157    -11.586    -74.023     19.981
    -13.239    217.228    662.775   -990.197    -11.580    -74.007     19.956
    -13.241    217.251    662.923   -990.237    -11.574    -73.991     19.931
    -13.243    217.274    663.071   -990.277    -11.568    -73.975     19.906
    -13.245    217.298    663.219   -990.317    -11.562    -73.959     19.881
    -13.247    217.321    663.367   -990.357    -11.556    -73.943     19.856
    -13.249    217.344    663.515   -990.396    -11.550    -73.927     19.831
    -13.251    217.367    663.662   -990.436    -11.544    -73.911     19.806
    -13.253    217.390    663.810   -990.475    -11.538    -73.895     19.781
    -13.255    217.413    663.958   -990.515    -11.532    -73.879     19.756
    -13.257    217.436    664.106   -990.554    -11.526    -73.862     19.731
    -13.259    217.459    664.253   -990.594    -11.520    -73.846     19.706
    -13.261    217.482    664.401   -990.633    -11.514    -73.830     19.681
    -13.263    217.505    664.549   -990.673    -11.508    -73.814     19.656
    -13.265    217.528    664.696   -990.712    -11.502    -73.798     19.631
    -13.267    217.551    664.844   -990.751    -11.496    -73.782     19.607
    -13.269    217.574    664.992   -990.790    -11.490    -73.766     19.582
    -13.271    217.597    665.139   -990.830    -11.484    -73.750     19.557
    -13.273    217.620    665.287   -990.869    -11.477    -73.734     19.532
    -13.275    217.643    665.434   -990.908    -11.471    -73.718     19.507
    -13.277    217.666    665.581   -990.947    -11.465    -73.702     19.482
    -13.279    217.689    665.729   -990.986    -11.459    -73.685     19.457
    -13.281    217.712    665.876   -991.024    -11.453    -73.669     19.432
    -13.283    217.735    666.023   -991.063    -11.447    -73.653     19.407
    -13.285    217.758    666.171   -991.102    -11.441    -73.637     19.382
    -13.287    217.781    666.318   -991.141    -11.435    -73.621     19.357
    -13.289    217.803    666.465   -991.180    -11.429    -73.605     19.332
    -13.291    217.826    666.612   -991.218    -11.423    -73.589     19.307
    -13.293    217.849    666.760   -991.257    -11.417    -73.573     19.283
    -13.295    217.872    666.907   -991.295    -11.411    -73.556     19.258
    -13.297    217.895    667.054   -991.334    -11.405    -73.540     19.233
    -13.299    217.918    667.201   -991.372    -11.399    -73.524     19.208
    -13.301    217.940    667.348   -991.411    -11.393    -73.508     19.183
    -13.303    217.963    667.495   -991.449    -11.387    -73.492     19.158
    -13.305    217.986    667.642   -991.487    -11.381    -73.476     19.133
    -13.307    218.009    667.789   -991.525    -11.375    -73.460     19.109
    -13.309    218.031    667.936   -991.564    -11.369    -73.443     19.084
    -13.311    218.054    668.083   -991.602    -11.363    -73.427     19.059
    -13.313    218.077    668.229   -991.640    -11.357    -73.411     19.034
    -13.315    218.100    668.376   -991.678    -11.351    -73.395     19.009
    -13.317    218.122    668.523   -991.716    -11.345    -73.379     18.984
    -13.319    218.145    668.670   -991.754    -11.339    -73.363     18.960
    -13.321    218.168    668.816   -991.792    -11.333    -73.347     18.935
    -13.323    218.190    668.963   -991.830    -11.327    -73.330     18.910
    -13.325    218.213    669.110   -991.867    -11.321    -73.314     18.885
    -13.327    218.236    669.256   -991.905    -11.315    -73.298     18.860
    -13.329    218.258    669.403   -991.943    -11.309    -73.282     18.836
    -13.331    218.281    669.550   -991.980    -11.303    -73.266     18.811
    -13.333    218.303    669.696   -992.018    -11.297    -73.249     18.786
    -13.335    218.326    669.843   -992.056    -11.292    -73.233     18.761
    -13.337    218.349    669.989   -992.093    -11.286    -73.217     18.736
    -13.339    218.371    670.135   -992.131    -11.280    -73.201     18.712
    -13.341    218.394    670.282   -992.168    -11.274    -73.185     18.687
    -13.343    218.416    670.428   -992.205    -11.268    -73.168     18.662
    -13.345    218.439    670.574   -992.243    -11.262    -73.152     18.637
    -13.347    218.461    670.721   -992.280    -11.256    -73.136     18.613
    -13.349    218.484    670.867   -992.317    -11.250    -73.120     18.588
    -13.351    218.506    671.013   -992.354    -11.244    -73.104     18.563
    -13.353    218.529    671.159   -992.391    -11.238    -73.087     18.538
    -13.355    218.551    671.306   -992.428    -11.232    -73.071     18.514
    -13.357    218.574    671.452   -992.465    -11.226    -73.055     18.489
    -13.359    218.596    671.598   -992.502    -11.220    -73.039     18.464
    -13.361    218.619    671.744   -992.539    -11.214    -73.023     18.440
    -13.363    218.641    671.890   -992.576    -11.208    -73.006     18.415
    -13.365    218.663    672.036   -992.613    -11.202    -72.990     18.390
    -13.367    218.686    672.182   -992.650    -11.196    -72.974     18.365
    -13.369    218.708    672.328   -992.686    -11.190    -72.958     18.341
    -13.371    218.731    672.474   -992.723    -11.184    -72.941     18.316
    -13.373    218.753    672.620   -992.760    -11.178    -72.925     18.291
    -13.375    218.775    672.765   -992.796    -11.172    -72.909     18.267
    -13.377    218.798    672.911   -992.833    -11.166    -72.893     18.242
    -13.379    218.820    673.057   -992.869    -11.160    -72.876     18.217
    -13.381    218.842    673.203   -992.906    -11.154    -72.860     18.193
    -13.383    218.864    673.348   -992.942    -11.148    -72.844     18.168
    -13.385    218.887    673.494   -992.978    -11.142    -72.828     18.143
    -13.387    218.909    673.640   -993.015    -11.136    -72.811     18.119
    -13.389    218.931    673.785   -993.051    -11.130    -72.795     18.094
    -13.391    218.954    673.931   -993.087    -11.124    -72.779     18.069
    -13.393    218.976    674.076   -993.123    -11.118    -72.763     18.045
    -13.395    218.998    674.222   -993.159    -11.112    -72.746     18.020
    -13.397    219.020    674.367   -993.195    -11.106    -72.730     17.996
    -13.399    219.042    674.513   -993.231    -11.100    -72.714     17.971
    -13.401    219.065    674.658   -993.267    -11.094    -72.698     17.946
    -13.403    219.087    674.804   -993.303    -11.088    -72.681     17.922
    -13.405    219.109    674.949   -993.339    -11.082    -72.665     17.897
    -13.407    219.131    675.094   -993.374    -11.076    -72.649     17.873
    -13.409    219.153    675.240   -993.410    -11.070    -72.632     17.848
    -13.411    219.175    675.385   -993.446    -11.064    -72.616     17.823
    -13.413    219.198    675.530   -993.481    -11.058    -72.600     17.799
    -13.415    219.220    675.675   -993.517    -11.052    -72.584     17.774
    -13.417    219.242    675.820   -993.553    -11.046    -72.567     17.750
    -13.419    219.264    675.966   -993.588    -11.040    -72.551     17.725
    -13.421    219.286    676.111   -993.623    -11.034    -72.535     17.701
    -13.423    219.308    676.256   -993.659    -11.028    -72.518     17.676
    -13.425    219.330    676.401   -993.694    -11.022    -72.502     17.651
    -13.427    219.352    676.546   -993.729    -11.016    -72.486     17.627
    -13.429    219.374    676.691   -993.765    -11.010    -72.469     17.602
    -13.431    219.396    676.836   -993.800    -11.004    -72.453     17.578
    -13.433    219.418    676.980   -993.835    -10.998    -72.437     17.553
    -13.435    219.440    677.125   -993.870    -10.992    -72.420     17.529
    -13.437    219.462    677.270   -993.905    -10.986    -72.404     17.504
    -13.439    219.484    677.415   -993.940    -10.980    -72.388     17.480
    -13.441    219.506    677.560   -993.975    -10.974    -72.372     17.455
    -13.443    219.528    677.704   -994.010    -10.968    -72.355     17.431
    -13.445    219.550    677.849   -994.045    -10.962    -72.339     17.406
    -13.447    219.572    677.994   -994.079    -10.956    -72.322     17.382
    -13.449    219.594    678.138   -994.114    -10.951    -72.306     17.357
    -13.451    219.616    678.283   -994.149    -10.945    -72.290     17.333
    -13.453    219.638    678.428   -994.184    -10.939    -72.273     17.308
    -13.455    219.659    678.572   -994.218    -10.933    -72.257     17.284
    -13.457    219.681    678.717   -994.253    -10.927    -72.241     17.259
    -13.459    219.703    678.861   -994.287    -10.921    -72.224     17.235
    -13.461    219.725    679.005   -994.322    -10.915    -72.208     17.210
    -13.463    219.747    679.150   -994.356    -10.909    -72.192     17.186
    -13.465    219.769    679.294   -994.390    -10.903    -72.175     17.161
    -13.467    219.790    679.439   -994.425    -10.897    -72.159     17.137
    -13.469    219.812    679.583   -994.459    -10.891    -72.143     17.113
    -13.471    219.834    679.727   -994.493    -10.885    -72.126     17.088
    -13.473    219.856    679.871   -994.527    -10.879    -72.110     17.064
    -13.475    219.877    680.016   -994.561    -10.873    -72.093     17.039
    -13.477    219.899    680.160   -994.595    -10.867    -72.077     17.015
    -13.479    219.921    680.304   -994.629    -10.861    -72.061     16.990
    -13.481    219.943    680.448   -994.663    -10.855    -72.044     16.966
    -13.483    219.964    680.592   -994.697    -10.849    -72.028     16.942
    -13.485    219.986    680.736   -994.731    -10.843    -72.012     16.917
    -13.487    220.008    680.880   -994.765    -10.837    -71.995     16.893
    -13.489    220.029    681.024   -994.799    -10.831    -71.979     16.868
    -13.491    220.051    681.168   -994.832    -10.825    -71.962     16.844
    -13.493    220.073    681.312   -994.866    -10.819    -71.946     16.820
    -13.495    220.094    681.456   -994.900    -10.813    -71.930     16.795
    -13.497    220.116    681.600   -994.933    -10.807    -71.913     16.771
    -13.499    220.138    681.743   -994.967    -10.801    -71.897     16.747
    -13.501    220.159    681.887   -995.000    -10.795    -71.880     16.722
    -13.503    220.181    682.031   -995.034    -10.789    -71.864     16.698
    -13.505    220.202    682.175   -995.067    -10.783    -71.847     16.673
    -13.507    220.224    682.318   -995.100    -10.778    -71.831     16.649
    -13.509    220.245    682.462   -995.134    -10.772    -71.815     16.625
    -13.511    220.267    682.606   -995.167    -10.766    -71.798     16.600
    -13.513    220.288    682.749   -995.200    -10.760    -71.782     16.576
    -13.515    220.310    682.893   -995.233    -10.754    -71.765     16.552
    -13.517    220.331    683.036   -995.266    -10.748    -71.749     16.527
    -13.519    220.353    683.180   -995.299    -10.742    -71.732     16.503
    -13.521    220.374    683.323   -995.332    -10.736    -71.716     16.479
    -13.523    220.396    683.467   -995.365    -10.730    -71.700     16.454
    -13.525    220.417    683.610   -995.398    -10.724    -71.683     16.430
    -13.527    220.439    683.753   -995.431    -10.718    -71.667     16.406
    -13.529    220.460    683.897   -995.464    -10.712    -71.650     16.382
    -13.531    220.482    684.040   -995.496    -10.706    -71.634     16.357
    -13.533    220.503    684.183   -995.529    -10.700    -71.617     16.333
    -13.535    220.524    684.326   -995.562    -10.694    -71.601     16.309
    -13.537    220.546    684.470   -995.594    -10.688    -71.584     16.284
    -13.539    220.567    684.613   -995.627    -10.682    -71.568     16.260
    -13.541    220.589    684.756   -995.659    -10.676    -71.551     16.236
    -13.543    220.610    684.899   -995.692    -10.670    -71.535     16.212
    -13.545    220.631    685.042   -995.724    -10.664    -71.518     16.187
    -13.547    220.653    685.185   -995.757    -10.658    -71.502     16.163
    -13.549    220.674    685.328   -995.789    -10.652    -71.485     16.139
    -13.551    220.695    685.471   -995.821    -10.646    -71.469     16.115
    -13.553    220.716    685.614   -995.853    -10.641    -71.452     16.090
    -13.555    220.738    685.757   -995.886    -10.635    -71.436     16.066
    -13.557    220.759    685.900   -995.918    -10.629    -71.419     16.042
    -13.559    220.780    686.042   -995.950    -10.623    -71.403     16.018
    -13.561    220.801    686.185   -995.982    -10.617    -71.386     15.993
    -13.563    220.823    686.328   -996.014    -10.611    -71.370     15.969
    -13.565    220.844    686.471   -996.046    -10.605    -71.353     15.945
    -13.567    220.865    686.613   -996.077    -10.599    -71.337     15.921
    -13.569    220.886    686.756   -996.109    -10.593    -71.320     15.897
    -13.571    220.908    686.899   -996.141    -10.587    -71.304     15.872
    -13.573    220.929    687.041   -996.173    -10.581    -71.287     15.848
    -13.575    220.950    687.184   -996.204    -10.575    -71.271     15.824
    -13.577    220.971    687.326   -996.236    -10.569    -71.254     15.800
    -13.579    220.992    687.469   -996.268    -10.563    -71.238     15.776
    -13.581    221.013    687.611   -996.299    -10.557    -71.221     15.751
    -13.583    221.034    687.754   -996.331    -10.551    -71.205     15.727
    -13.585    221.055    687.896   -996.362    -10.545    -71.188     15.703
    -13.587    221.077    688.038   -996.393    -10.539    -71.172     15.679
    -13.589    221.098    688.181   -996.425    -10.533    -71.155     15.655
    -13.591    221.119    688.323   -996.456    -10.527    -71.139     15.631
    -13.593    221.140    688.465   -996.487    -10.522    -71.122     15.607
    -13.595    221.161    688.608   -996.519    -10.516    -71.106     15.582
    -13.597    221.182    688.750   -996.550    -10.510    -71.089     15.558
    -13.599    221.203    688.892   -996.581    -10.504    -71.072     15.534
    -13.601    221.224    689.034   -996.612    -10.498    -71.056     15.510
    -13.603    221.245    689.176   -996.643    -10.492    -71.039     15.486
    -13.605    221.266    689.318   -996.674    -10.486    -71.023     15.462
    -13.607    221.287    689.460   -996.705    -10.480    -71.006     15.438
    -13.609    221.308    689.602   -996.735    -10.474    -70.990     15.414
    -13.611    221.329    689.744   -996.766    -10.468    -70.973     15.389
    -13.613    221.350    689.886   -996.797    -10.462    -70.956     15.365
    -13.615    221.370    690.028   -996.828    -10.456    -70.940     15.341
    -13.617    221.391    690.170   -996.858    -10.450    -70.923     15.317
    -13.619    221.412    690.312   -996.889    -10.444    -70.907     15.293
    -13.621    221.433    690.454   -996.920    -10.438    -70.890     15.269
    -13.623    221.454    690.595   -996.950    -10.432    -70.874     15.245
    -13.625    221.475    690.737   -996.981    -10.426    -70.857     15.221
    -13.627    221.496    690.879   -997.011    -10.420    -70.840     15.197
    -13.629    221.517    691.020   -997.041    -10.415    -70.824     15.173
    -13.631    221.537    691.162   -997.072    -10.409    -70.807     15.149
    -13.633    221.558    691.304   -997.102    -10.403    -70.791     15.125
    -13.635    221.579    691.445   -997.132    -10.397    -70.774     15.101
    -13.637    221.600    691.587   -997.162    -10.391    -70.757     15.076
    -13.639    221.621    691.728   -997.192    -10.385    -70.741     15.052
    -13.641    221.641    691.870   -997.223    -10.379    -70.724     15.028
    -13.643    221.662    692.011   -997.253    -10.373    -70.707     15.004
    -13.645    221.683    692.153   -997.283    -10.367    -70.691     14.980
    -13.647    221.704    692.294   -997.313    -10.361    -70.674     14.956
    -13.649    221.724    692.435   -997.342    -10.355    -70.658     14.932
    -13.651    221.745    692.577   -997.372    -10.349    -70.641     14.908
    -13.653    221.766    692.718   -997.402    -10.343    -70.624     14.884
    -13.655    221.786    692.859   -997.432    -10.337    -70.608     14.860
    -13.657    221.807    693.000   -997.461    -10.331    -70.591     14.836
    -13.659    221.828    693.141   -997.491    -10.325    -70.574     14.812
    -13.661    221.848    693.283   -997.521    -10.320    -70.558     14.788
    -13.663    221.869    693.424   -997.550    -10.314    -70.541     14.764
    -13.665    221.890    693.565   -997.580    -10.308    -70.525     14.740
    -13.667    221.910    693.706   -997.609    -10.302    -70.508     14.716
    -13.669    221.931    693.847   -997.639    -10.296    -70.491     14.692
    -13.671    221.951    693.988   -997.668    -10.290    -70.475     14.668
    -13.673    221.972    694.129   -997.697    -10.284    -70.458     14.644
    -13.675    221.992    694.269   -997.727    -10.278    -70.441     14.620
    -13.677    222.013    694.410   -997.756    -10.272    -70.425     14.597
    -13.679    222.034    694.551   -997.785    -10.266    -70.408     14.573
    -13.681    222.054    694.692   -997.814    -10.260    -70.391     14.549
    -13.683    222.075    694.833   -997.843    -10.254    -70.375     14.525
    -13.685    222.095    694.973   -997.872    -10.248    -70.358     14.501
    -13.687    222.116    695.114   -997.901    -10.242    -70.341     14.477
    -13.689    222.136    695.255   -997.930    -10.236    -70.324     14.453
    -13.691    222.157    695.395   -997.959    -10.231    -70.308     14.429
    -13.693    222.177    695.536   -997.988    -10.225    -70.291     14.405
    -13.695    222.197    695.677   -998.017    -10.219    -70.274     14.381
    -13.697    222.218    695.817   -998.045    -10.213    -70.258     14.357
    -13.699    222.238    695.958   -998.074    -10.207    -70.241     14.333
    -13.701    222.259    696.098   -998.103    -10.201    -70.224     14.309
    -13.703    222.279    696.239   -998.131    -10.195    -70.208     14.286
    -13.705    222.299    696.379   -998.160    -10.189    -70.191     14.262
    -13.707    222.320    696.519   -998.188    -10.183    -70.174     14.238
    -13.709    222.340    696.660   -998.217    -10.177    -70.157     14.214
    -13.711    222.361    696.800   -998.245    -10.171    -70.141     14.190
    -13.713    222.381    696.940   -998.274    -10.165    -70.124     14.166
    -13.715    222.401    697.080   -998.302    -10.159    -70.107     14.142
    -13.717    222.422    697.221   -998.330    -10.153    -70.091     14.118
    -13.719    222.442    697.361   -998.358    -10.147    -70.074     14.095
    -13.721    222.462    697.501   -998.386    -10.142    -70.057     14.071
    -13.723    222.482    697.641   -998.415    -10.136    -70.040     14.047
    -13.725    222.503    697.781   -998.443    -10.130    -70.024     14.023
    -13.727    222.523    697.921   -998.471    -10.124    -70.007     13.999
    -13.729    222.543    698.061   -998.499    -10.118    -69.990     13.975
    -13.731    222.563    698.201   -998.527    -10.112    -69.973     13.951
    -13.733    222.584    698.341   -998.554    -10.106    -69.957     13.928
    -13.735    222.604    698.481   -998.582    -10.100    -69.940     13.904
    -13.737    222.624    698.621   -998.610    -10.094    -69.923     13.880
    -13.739    222.644    698.761   -998.638    -10.088    -69.906     13.856
    -13.741    222.664    698.900   -998.665    -10.082    -69.890     13.832
    -13.743    222.685    699.040   -998.693    -10.076    -69.873     13.809
    -13.745    222.705    699.180   -998.721    -10.070    -69.856     13.785
    -13.747    222.725    699.320   -998.748    -10.065    -69.839     13.761
    -13.749    222.745    699.459   -998.776    -10.059    -69.823     13.737
    -13.751    222.765    699.599   -998.803    -10.053    -69.806     13.713
    -13.753    222.785    699.739   -998.831    -10.047    -69.789     13.690
    -13.755    222.805    699.878   -998.858    -10.041    -69.772     13.666
    -13.757    222.825    700.018   -998.885    -10.035    -69.755     13.642
    -13.759    222.845    700.157   -998.913    -10.029    -69.739     13.618
    -13.761    222.865    700.297   -998.940    -10.023    -69.722     13.594
    -13.763    222.885    700.436   -998.967    -10.017    -69.705     13.571
    -13.765    222.905    700.575   -998.994    -10.011    -69.688     13.547
    -13.767    222.926    700.715   -999.021    -10.005    -69.671     13.523
    -13.769    222.946    700.854   -999.048     -9.999    -69.655     13.499
    -13.771    222.965    700.993   -999.075     -9.993    -69.638     13.476
    -13.773    222.985    701.133   -999.102     -9.988    -69.621     13.452
    -13.775    223.005    701.272   -999.129     -9.982    -69.604     13.428
    -13.777    223.025    701.411   -999.156     -9.976    -69.587     13.404
    -13.779    223.045    701.550   -999.183     -9.970    -69.571     13.381
    -13.781    223.065    701.689   -999.209     -9.964    -69.554     13.357
    -13.783    223.085    701.828   -999.236     -9.958    -69.537     13.333
    -13.785    223.105    701.967   -999.263     -9.952    -69.520     13.310
    -13.787    223.125    702.106   -999.289     -9.946    -69.503     13.286
    -13.789    223.145    702.245   -999.316     -9.940    -69.486     13.262
    -13.791    223.165    702.384   -999.342     -9.934    -69.470     13.238
    -13.793    223.185    702.523   -999.369     -9.928    -69.453     13.215
    -13.795    223.204    702.662   -999.395     -9.922    -69.436     13.191
    -13.797    223.224    702.801   -999.421     -9.917    -69.419     13.167
    -13.799    223.244    702.940   -999.448     -9.911    -69.402     13.144
    -13.801    223.264    703.079   -999.474     -9.905    -69.385     13.120
    -13.803    223.284    703.217   -999.500     -9.899    -69.369     13.096
    -13.805    223.304    703.356   -999.526     -9.893    -69.352     13.073
    -13.807    223.323    703.495   -999.553     -9.887    -69.335     13.049
    -13.809    223.343    703.634   -999.579     -9.881    -69.318     13.025
    -13.811    223.363    703.772   -999.605     -9.875    -69.301     13.002
    -13.813    223.383    703.911   -999.631     -9.869    -69.284     12.978
    -13.815    223.402    704.049   -999.657     -9.863    -69.267     12.954
    -13.817    223.422    704.188   -999.682     -9.857    -69.250     12.931
    -13.819    223.442    704.326   -999.708     -9.851    -69.234     12.907
    -13.821    223.461    704.465   -999.734     -9.846    -69.217     12.883
    -13.823    223.481    704.603   -999.760     -9.840    -69.200     12.860
    -13.825    223.501    704.742   -999.786     -9.834    -69.183     12.836
    -13.827    223.520    704.880   -999.811     -9.828    -69.166     12.813
    -13.829    223.540    705.018   -999.837     -9.822    -69.149     12.789
    -13.831    223.560    705.156   -999.862     -9.816    -69.132     12.765
    -13.833    223.579    705.295   -999.888     -9.810    -69.115     12.742
    -13.835    223.599    705.433   -999.913     -9.804    -69.098     12.718
    -13.837    223.619    705.571   -999.939     -9.798    -69.082     12.694
    -13.839    223.638    705.709   -999.964     -9.792    -69.065     12.671
    -13.841    223.658    705.847   -999.989     -9.786    -69.048     12.647
    -13.843    223.677    705.985  -1000.015     -9.781    -69.031     12.624
    -13.845    223.697    706.123  -1000.040     -9.775    -69.014     12.600
    -13.847    223.716    706.262  -1000.065     -9.769    -68.997     12.577
    -13.849    223.736    706.399  -1000.090     -9.763    -68.980     12.553
    -13.851    223.756    706.537  -1000.115     -9.757    -68.963     12.529
    -13.853    223.775    706.675  -1000.140     -9.751    -68.946     12.506
    -13.855    223.795    706.813  -1000.165     -9.745    -68.929     12.482
    -13.857    223.814    706.951  -1000.190     -9.739    -68.912     12.459
    -13.859    223.833    707.089  -1000.215     -9.733    -68.895     12.435
    -13.861    223.853    707.227  -1000.240     -9.727    -68.878     12.412
    -13.863    223.872    707.364  -1000.265     -9.721    -68.862     12.388
    -13.865    223.892    707.502  -1000.290     -9.716    -68.845     12.364
    -13.867    223.911    707.640  -1000.314     -9.710    -68.828     12.341
    -13.869    223.931    707.777  -1000.339     -9.704    -68.811     12.317
    -13.871    223.950    707.915  -1000.363     -9.698    -68.794     12.294
    -13.873    223.969    708.053  -1000.388     -9.692    -68.777     12.270
    -13.875    223.989    708.190  -1000.413     -9.686    -68.760     12.247
    -13.877    224.008    708.328  -1000.437     -9.680    -68.743     12.223
    -13.879    224.028    708.465  -1000.461     -9.674    -68.726     12.200
    -13.881    224.047    708.603  -1000.486     -9.668    -68.709     12.176
    -13.883    224.066    708.740  -1000.510     -9.662    -68.692     12.153
    -13.885    224.086    708.877  -1000.534     -9.656    -68.675     12.129
    -13.887    224.105    709.015  -1000.559     -9.651    -68.658     12.106
    -13.889    224.124    709.152  -1000.583     -9.645    -68.641     12.082
    -13.891    224.143    709.289  -1000.607     -9.639    -68.624     12.059
    -13.893    224.163    709.426  -1000.631     -9.633    -68.607     12.035
    -13.895    224.182    709.564  -1000.655     -9.627    -68.590     12.012
    -13.897    224.201    709.701  -1000.679     -9.621    -68.573     11.988
    -13.899    224.220    709.838  -1000.703     -9.615    -68.556     11.965
    -13.901    224.240    709.975  -1000.727     -9.609    -68.539     11.941
    -13.903    224.259    710.112  -1000.751     -9.603    -68.522     11.918
    -13.905    224.278    710.249  -1000.775     -9.597    -68.505     11.894
    -13.907    224.297    710.386  -1000.798     -9.591    -68.488     11.871
    -13.909    224.316    710.523  -1000.822     -9.586    -68.471     11.848
    -13.911    224.336    710.660  -1000.846     -9.580    -68.454     11.824
    -13.913    224.355    710.797  -1000.869     -9.574    -68.437     11.801
    -13.915    224.374    710.934  -1000.893     -9.568    -68.420     11.777
    -13.917    224.393    711.071  -1000.917     -9.562    -68.403     11.754
    -13.919    224.412    711.207  -1000.940     -9.556    -68.386     11.730
    -13.921    224.431    711.344  -1000.964     -9.550    -68.369     11.707
    -13.923    224.450    711.481  -1000.987     -9.544    -68.352     11.683
    -13.925    224.469    711.617  -1001.010     -9.538    -68.335     11.660
    -13.927    224.489    711.754  -1001.034     -9.532    -68.318     11.637
    -13.929    224.508    711.891  -1001.057     -9.527    -68.301     11.613
    -13.931    224.527    712.027  -1001.080     -9.521    -68.284     11.590
    -13.933    224.546    712.164  -1001.103     -9.515    -68.267     11.566
    -13.935    224.565    712.300  -1001.126     -9.509    -68.250     11.543
    -13.937    224.584    712.437  -1001.149     -9.503    -68.232     11.520
    -13.939    224.603    712.573  -1001.172     -9.497    -68.215     11.496
    -13.941    224.622    712.710  -1001.195     -9.491    -68.198     11.473
    -13.943    224.641    712.846  -1001.218     -9.485    -68.181     11.449
    -13.945    224.660    712.982  -1001.241     -9.479    -68.164     11.426
    -13.947    224.679    713.119  -1001.264     -9.473    -68.147     11.403
    -13.949    224.698    713.255  -1001.287     -9.468    -68.130     11.379
    -13.951    224.716    713.391  -1001.309     -9.462    -68.113     11.356
    -13.953    224.735    713.527  -1001.332     -9.456    -68.096     11.333
    -13.955    224.754    713.664  -1001.355     -9.450    -68.079     11.309
    -13.957    224.773    713.800  -1001.377     -9.444    -68.062     11.286
    -13.959    224.792    713.936  -1001.400     -9.438    -68.045     11.263
    -13.961    224.811    714.072  -1001.422     -9.432    -68.028     11.239
    -13.963    224.830    714.208  -1001.445     -9.426    -68.010     11.216
    -13.965    224.849    714.344  -1001.467     -9.420    -67.993     11.192
    -13.967    224.867    714.480  -1001.490     -9.414    -67.976     11.169
    -13.969    224.886    714.616  -1001.512     -9.409    -67.959     11.146
    -13.971    224.905    714.752  -1001.534     -9.403    -67.942     11.122
    -13.973    224.924    714.888  -1001.556     -9.397    -67.925     11.099
    -13.975    224.943    715.024  -1001.579     -9.391    -67.908     11.076
    -13.977    224.961    715.159  -1001.601     -9.385    -67.891     11.053
    -13.979    224.980    715.295  -1001.623     -9.379    -67.874     11.029
    -13.981    224.999    715.431  -1001.645     -9.373    -67.856     11.006
    -13.983    225.018    715.567  -1001.667     -9.367    -67.839     10.983
    -13.985    225.036    715.702  -1001.689     -9.361    -67.822     10.959
    -13.987    225.055    715.838  -1001.711     -9.356    -67.805     10.936
    -13.989    225.074    715.973  -1001.733     -9.350    -67.788     10.913
    -13.991    225.093    716.109  -1001.754     -9.344    -67.771     10.889
    -13.993    225.111    716.244  -1001.776     -9.338    -67.754     10.866
    -13.995    225.130    716.380  -1001.798     -9.332    -67.736     10.843
    -13.997    225.149    716.515  -1001.819     -9.326    -67.719     10.820
    -13.999    225.167    716.651  -1001.841     -9.320    -67.702     10.796
    -14.001    225.186    716.786  -1001.863     -9.314    -67.685     10.773
    -14.003    225.204    716.922  -1001.884     -9.308    -67.668     10.750
    -14.005    225.223    717.057  -1001.906     -9.302    -67.651     10.727
    -14.007    225.242    717.192  -1001.927     -9.297    -67.633     10.703
    -14.009    225.260    717.327  -1001.948     -9.291    -67.616     10.680
    -14.011    225.279    717.463  -1001.970     -9.285    -67.599     10.657
    -14.013    225.297    717.598  -1001.991     -9.279    -67.582     10.634
    -14.015    225.316    717.733  -1002.012     -9.273    -67.565     10.610
    -14.017    225.334    717.868  -1002.034     -9.267    -67.548     10.587
    -14.019    225.353    718.003  -1002.055     -9.261    -67.530     10.564
    -14.021    225.372    718.138  -1002.076     -9.255    -67.513     10.541
    -14.023    225.390    718.273  -1002.097     -9.249    -67.496     10.517
    -14.025    225.409    718.408  -1002.118     -9.244    -67.479     10.494
    -14.027    225.427    718.543  -1002.139     -9.238    -67.462     10.471
    -14.029    225.445    718.678  -1002.160     -9.232    -67.444     10.448
    -14.031    225.464    718.813  -1002.181     -9.226    -67.427     10.425
    -14.033    225.482    718.948  -1002.201     -9.220    -67.410     10.401
    -14.035    225.501    719.083  -1002.222     -9.214    -67.393     10.378
    -14.037    225.519    719.217  -1002.243     -9.208    -67.376     10.355
    -14.039    225.538    719.352  -1002.264     -9.202    -67.358     10.332
    -14.041    225.556    719.487  -1002.284     -9.196    -67.341     10.309
    -14.043    225.574    719.621  -1002.305     -9.191    -67.324     10.285
    -14.045    225.593    719.756  -1002.325     -9.185    -67.307     10.262
    -14.047    225.611    719.891  -1002.346     -9.179    -67.289     10.239
    -14.049    225.630    720.025  -1002.366     -9.173    -67.272     10.216
    -14.051    225.648    720.160  -1002.387     -9.167    -67.255     10.193
    -14.053    225.666    720.294  -1002.407     -9.161    -67.238     10.170
    -14.055    225.685    720.429  -1002.427     -9.155    -67.221     10.146
    -14.057    225.703    720.563  -1002.448     -9.149    -67.203     10.123
    -14.059    225.721    720.698  -1002.468     -9.143    -67.186     10.100
    -14.061    225.739    720.832  -1002.488     -9.138    -67.169     10.077
    -14.063    225.758    720.966  -1002.508     -9.132    -67.152     10.054
    -14.065    225.776    721.100  -1002.528     -9.126    -67.134     10.031
    -14.067    225.794    721.235  -1002.548     -9.120    -67.117     10.007
    -14.069    225.812    721.369  -1002.568     -9.114    -67.100      9.984
    -14.071    225.831    721.503  -1002.588     -9.108    -67.082      9.961
    -14.073    225.849    721.637  -1002.608     -9.102    -67.065      9.938
    -14.075    225.867    721.771  -1002.628     -9.096    -67.048      9.915
    -14.077    225.885    721.905  -1002.648     -9.090    -67.031      9.892
    -14.079    225.903    722.040  -1002.668     -9.085    -67.013      9.869
    -14.081    225.922    722.174  -1002.687     -9.079    -66.996      9.846
    -14.083    225.940    722.307  -1002.707     -9.073    -66.979      9.822
    -14.085    225.958    722.441  -1002.727     -9.067    -66.962      9.799
    -14.087    225.976    722.575  -1002.746     -9.061    -66.944      9.776
    -14.089    225.994    722.709  -1002.766     -9.055    -66.927      9.753
    -14.091    226.012    722.843  -1002.785     -9.049    -66.910      9.730
    -14.093    226.030    722.977  -1002.805     -9.043    -66.892      9.707
    -14.095    226.048    723.111  -1002.824     -9.037    -66.875      9.684
    -14.097    226.066    723.244  -1002.843     -9.032    -66.858      9.661
    -14.099    226.084    723.378  -1002.863     -9.026    -66.840      9.638
    -14.101    226.103    723.512  -1002.882     -9.020    -66.823      9.615
    -14.103    226.121    723.645  -1002.901     -9.014    -66.806      9.592
    -14.105    226.139    723.779  -1002.920     -9.008    -66.788      9.569
    -14.107    226.157    723.913  -1002.939     -9.002    -66.771      9.546
    -14.109    226.175    724.046  -1002.959     -8.996    -66.754      9.522
    -14.111    226.193    724.180  -1002.978     -8.990    -66.736      9.499
    -14.113    226.211    724.313  -1002.997     -8.984    -66.719      9.476
    -14.115    226.229    724.446  -1003.015     -8.979    -66.702      9.453
    -14.117    226.246    724.580  -1003.034     -8.973    -66.684      9.430
    -14.119    226.264    724.713  -1003.053     -8.967    -66.667      9.407
    -14.121    226.282    724.846  -1003.072     -8.961    -66.650      9.384
    -14.123    226.300    724.980  -1003.091     -8.955    -66.632      9.361
    -14.125    226.318    725.113  -1003.109     -8.949    -66.615      9.338
    -14.127    226.336    725.246  -1003.128     -8.943    -66.598      9.315
    -14.129    226.354    725.379  -1003.147     -8.937    -66.580      9.292
    -14.131    226.372    725.513  -1003.165     -8.932    -66.563      9.269
    -14.133    226.390    725.646  -1003.184     -8.926    -66.546      9.246
    -14.135    226.407    725.779  -1003.202     -8.920    -66.528      9.223
    -14.137    226.425    725.912  -1003.221     -8.914    -66.511      9.200
    -14.139    226.443    726.045  -1003.239     -8.908    -66.493      9.177
    -14.141    226.461    726.178  -1003.257     -8.902    -66.476      9.154
    -14.143    226.479    726.311  -1003.276     -8.896    -66.459      9.131
    -14.145    226.497    726.444  -1003.294     -8.890    -66.441      9.108
    -14.147    226.514    726.576  -1003.312     -8.884    -66.424      9.085
    -14.149    226.532    726.709  -1003.330     -8.879    -66.407      9.062
    -14.151    226.550    726.842  -1003.348     -8.873    -66.389      9.039
    -14.153    226.568    726.975  -1003.366     -8.867    -66.372      9.016
    -14.155    226.585    727.108  -1003.384     -8.861    -66.354      8.993
    -14.157    226.603    727.240  -1003.402     -8.855    -66.337      8.970
    -14.159    226.621    727.373  -1003.420     -8.849    -66.320      8.947
    -14.161    226.638    727.505  -1003.438     -8.843    -66.302      8.924
    -14.163    226.656    727.638  -1003.456     -8.837    -66.285      8.901
    -14.165    226.674    727.771  -1003.474     -8.832    -66.267      8.878
    -14.167    226.691    727.903  -1003.491     -8.826    -66.250      8.855
    -14.169    226.709    728.036  -1003.509     -8.820    -66.232      8.833
    -14.171    226.727    728.168  -1003.527     -8.814    -66.215      8.810
    -14.173    226.744    728.300  -1003.544     -8.808    -66.198      8.787
    -14.175    226.762    728.433  -1003.562     -8.802    -66.180      8.764
    -14.177    226.780    728.565  -1003.579     -8.796    -66.163      8.741
    -14.179    226.797    728.698  -1003.597     -8.790    -66.145      8.718
    -14.181    226.815    728.830  -1003.614     -8.784    -66.128      8.695
    -14.183    226.832    728.962  -1003.632     -8.779    -66.110      8.672
    -14.185    226.850    729.094  -1003.649     -8.773    -66.093      8.649
    -14.187    226.867    729.226  -1003.666     -8.767    -66.075      8.626
    -14.189    226.885    729.359  -1003.684     -8.761    -66.058      8.603
    -14.191    226.902    729.491  -1003.701     -8.755    -66.041      8.580
    -14.193    226.920    729.623  -1003.718     -8.749    -66.023      8.558
    -14.195    226.937    729.755  -1003.735     -8.743    -66.006      8.535
    -14.197    226.955    729.887  -1003.752     -8.737    -65.988      8.512
    -14.199    226.972    730.019  -1003.769     -8.732    -65.971      8.489
    -14.201    226.990    730.151  -1003.786     -8.726    -65.953      8.466
    -14.203    227.007    730.282  -1003.803     -8.720    -65.936      8.443
    -14.205    227.025    730.414  -1003.820     -8.714    -65.918      8.420
    -14.207    227.042    730.546  -1003.837     -8.708    -65.901      8.397
    -14.209    227.060    730.678  -1003.853     -8.702    -65.883      8.374
    -14.211    227.077    730.810  -1003.870     -8.696    -65.866      8.352
    -14.213    227.094    730.941  -1003.887     -8.690    -65.848      8.329
    -14.215    227.112    731.073  -1003.903     -8.685    -65.831      8.306
    -14.217    227.129    731.205  -1003.920     -8.679    -65.813      8.283
    -14.219    227.146    731.336  -1003.936     -8.673    -65.796      8.260
    -14.221    227.164    731.468  -1003.953     -8.667    -65.778      8.237
    -14.223    227.181    731.599  -1003.969     -8.661    -65.761      8.214
    -14.225    227.198    731.731  -1003.986     -8.655    -65.743      8.192
    -14.227    227.216    731.862  -1004.002     -8.649    -65.726      8.169
    -14.229    227.233    731.994  -1004.018     -8.643    -65.708      8.146
    -14.231    227.250    732.125  -1004.035     -8.638    -65.691      8.123
    -14.233    227.268    732.257  -1004.051     -8.632    -65.673      8.100
    -14.235    227.285    732.388  -1004.067     -8.626    -65.656      8.078
    -14.237    227.302    732.519  -1004.083     -8.620    -65.638      8.055
    -14.239    227.319    732.651  -1004.099     -8.614    -65.620      8.032
    -14.241    227.336    732.782  -1004.115     -8.608    -65.603      8.009
    -14.243    227.354    732.913  -1004.131     -8.602    -65.585      7.986
    -14.245    227.371    733.044  -1004.147     -8.596    -65.568      7.963
    -14.247    227.388    733.175  -1004.163     -8.591    -65.550      7.941
    -14.249    227.405    733.306  -1004.179     -8.585    -65.533      7.918
    -14.251    227.422    733.437  -1004.195     -8.579    -65.515      7.895
    -14.253    227.440    733.568  -1004.211     -8.573    -65.498      7.872
    -14.255    227.457    733.699  -1004.226     -8.567    -65.480      7.849
    -14.257    227.474    733.830  -1004.242     -8.561    -65.462      7.827
    -14.259    227.491    733.961  -1004.258     -8.555    -65.445      7.804
    -14.261    227.508    734.092  -1004.273     -8.549    -65.427      7.781
    -14.263    227.525    734.223  -1004.289     -8.544    -65.410      7.758
    -14.265    227.542    734.354  -1004.304     -8.538    -65.392      7.736
    -14.267    227.559    734.484  -1004.320     -8.532    -65.375      7.713
    -14.269    227.576    734.615  -1004.335     -8.526    -65.357      7.690
    -14.271    227.593    734.746  -1004.351     -8.520    -65.339      7.667
    -14.273    227.610    734.877  -1004.366     -8.514    -65.322      7.645
    -14.275    227.627    735.007  -1004.381     -8.508    -65.304      7.622
    -14.277    227.644    735.138  -1004.396     -8.502    -65.287      7.599
    -14.279    227.661    735.268  -1004.412     -8.497    -65.269      7.576
    -14.281    227.678    735.399  -1004.427     -8.491    -65.251      7.554
    -14.283    227.695    735.529  -1004.442     -8.485    -65.234      7.531
    -14.285    227.712    735.660  -1004.457     -8.479    -65.216      7.508
    -14.287    227.729    735.790  -1004.472     -8.473    -65.199      7.485
    -14.289    227.746    735.921  -1004.487     -8.467    -65.181      7.463
    -14.291    227.763    736.051  -1004.502     -8.461    -65.163      7.440
    -14.293    227.780    736.181  -1004.516     -8.455    -65.146      7.417
    -14.295    227.797    736.311  -1004.531     -8.450    -65.128      7.395
    -14.297    227.814    736.442  -1004.546     -8.444    -65.110      7.372
    -14.299    227.831    736.572  -1004.561     -8.438    -65.093      7.349
    -14.301    227.848    736.702  -1004.575     -8.432    -65.075      7.326
    -14.303    227.865    736.832  -1004.590     -8.426    -65.057      7.304
    -14.305    227.881    736.962  -1004.605     -8.420    -65.040      7.281
    -14.307    227.898    737.092  -1004.619     -8.414    -65.022      7.258
    -14.309    227.915    737.222  -1004.634     -8.408    -65.004      7.236
    -14.311    227.932    737.352  -1004.648     -8.403    -64.987      7.213
    -14.313    227.949    737.482  -1004.663     -8.397    -64.969      7.190
    -14.315    227.965    737.612  -1004.677     -8.391    -64.951      7.168
    -14.317    227.982    737.742  -1004.691     -8.385    -64.934      7.145
    -14.319    227.999    737.872  -1004.706     -8.379    -64.916      7.122
    -14.321    228.016    738.002  -1004.720     -8.373    -64.898      7.100
    -14.323    228.032    738.132  -1004.734     -8.367    -64.881      7.077
    -14.325    228.049    738.261  -1004.748     -8.362    -64.863      7.054
    -14.327    228.066    738.391  -1004.762     -8.356    -64.845      7.032
    -14.329    228.083    738.521  -1004.776     -8.350    -64.828      7.009
    -14.331    228.099    738.650  -1004.790     -8.344    -64.810      6.986
    -14.333    228.116    738.780  -1004.804     -8.338    -64.792      6.964
    -14.335    228.133    738.910  -1004.818     -8.332    -64.775      6.941
    -14.337    228.149    739.039  -1004.832     -8.326    -64.757      6.918
    -14.339    228.166    739.169  -1004.846     -8.320    -64.739      6.896
    -14.341    228.183    739.298  -1004.859     -8.315    -64.721      6.873
    -14.343    228.199    739.427  -1004.873     -8.309    -64.704      6.851
    -14.345    228.216    739.557  -1004.887     -8.303    -64.686      6.828
    -14.347    228.232    739.686  -1004.900     -8.297    -64.668      6.805
    -14.349    228.249    739.816  -1004.914     -8.291    -64.651      6.783
    -14.351    228.266    739.945  -1004.928     -8.285    -64.633      6.760
    -14.353    228.282    740.074  -1004.941     -8.279    -64.615      6.737
    -14.355    228.299    740.203  -1004.955     -8.273    -64.597      6.715
    -14.357    228.315    740.332  -1004.968     -8.268    -64.580      6.692
    -14.359    228.332    740.462  -1004.981     -8.262    -64.562      6.670
    -14.361    228.348    740.591  -1004.995     -8.256    -64.544      6.647
    -14.363    228.365    740.720  -1005.008     -8.250    -64.526      6.624
    -14.365    228.381    740.849  -1005.021     -8.244    -64.509      6.602
    -14.367    228.398    740.978  -1005.034     -8.238    -64.491      6.579
    -14.369    228.414    741.107  -1005.047     -8.232    -64.473      6.557
    -14.371    228.431    741.236  -1005.061     -8.226    -64.455      6.534
    -14.373    228.447    741.365  -1005.074     -8.221    -64.438      6.512
    -14.375    228.464    741.493  -1005.087     -8.215    -64.420      6.489
    -14.377    228.480    741.622  -1005.100     -8.209    -64.402      6.466
    -14.379    228.496    741.751  -1005.112     -8.203    -64.384      6.444
    -14.381    228.513    741.880  -1005.125     -8.197    -64.367      6.421
    -14.383    228.529    742.008  -1005.138     -8.191    -64.349      6.399
    -14.385    228.546    742.137  -1005.151     -8.185    -64.331      6.376
    -14.387    228.562    742.266  -1005.164     -8.180    -64.313      6.354
    -14.389    228.578    742.394  -1005.176     -8.174    -64.295      6.331
    -14.391    228.595    742.523  -1005.189     -8.168    -64.278      6.308
    -14.393    228.611    742.652  -1005.202     -8.162    -64.260      6.286
    -14.395    228.627    742.780  -1005.214     -8.156    -64.242      6.263
    -14.397    228.644    742.909  -1005.227     -8.150    -64.224      6.241
    -14.399    228.660    743.037  -1005.239     -8.144    -64.206      6.218
    -14.401    228.676    743.165  -1005.252     -8.138    -64.189      6.196
    -14.403    228.692    743.294  -1005.264     -8.133    -64.171      6.173
    -14.405    228.709    743.422  -1005.276     -8.127    -64.153      6.151
    -14.407    228.725    743.550  -1005.288     -8.121    -64.135      6.128
    -14.409    228.741    743.679  -1005.301     -8.115    -64.117      6.106
    -14.411    228.757    743.807  -1005.313     -8.109    -64.099      6.083
    -14.413    228.774    743.935  -1005.325     -8.103    -64.082      6.061
    -14.415    228.790    744.063  -1005.337     -8.097    -64.064      6.038
    -14.417    228.806    744.191  -1005.349     -8.092    -64.046      6.016
    -14.419    228.822    744.319  -1005.361     -8.086    -64.028      5.993
    -14.421    228.838    744.447  -1005.373     -8.080    -64.010      5.971
    -14.423    228.855    744.575  -1005.385     -8.074    -63.992      5.948
    -14.425    228.871    744.703  -1005.397     -8.068    -63.974      5.926
    -14.427    228.887    744.831  -1005.409     -8.062    -63.957      5.903
    -14.429    228.903    744.959  -1005.421     -8.056    -63.939      5.881
    -14.431    228.919    745.087  -1005.432     -8.050    -63.921      5.858
    -14.433    228.935    745.215  -1005.444     -8.045    -63.903      5.836
    -14.435    228.951    745.343  -1005.456     -8.039    -63.885      5.813
    -14.437    228.967    745.470  -1005.467     -8.033    -63.867      5.791
    -14.439    228.983    745.598  -1005.479     -8.027    -63.849      5.768
    -14.441    228.999    745.726  -1005.490     -8.021    -63.831      5.746
    -14.443    229.015    745.853  -1005.502     -8.015    -63.814      5.724
    -14.445    229.031    745.981  -1005.513     -8.009    -63.796      5.701
    -14.447    229.047    746.109  -1005.525     -8.004    -63.778      5.679
    -14.449    229.063    746.236  -1005.536     -7.998    -63.760      5.656
    -14.451    229.079    746.364  -1005.547     -7.992    -63.742      5.634
    -14.453    229.095    746.491  -1005.558     -7.986    -63.724      5.611
    -14.455    229.111    746.619  -1005.570     -7.980    -63.706      5.589
    -14.457    229.127    746.746  -1005.581     -7.974    -63.688      5.566
    -14.459    229.143    746.873  -1005.592     -7.968    -63.670      5.544
    -14.461    229.159    747.001  -1005.603     -7.962    -63.652      5.522
    -14.463    229.175    747.128  -1005.614     -7.957    -63.635      5.499
    -14.465    229.191    747.255  -1005.625     -7.951    -63.617      5.477
    -14.467    229.207    747.382  -1005.636     -7.945    -63.599      5.454
    -14.469    229.223    747.510  -1005.647     -7.939    -63.581      5.432
    -14.471    229.239    747.637  -1005.658     -7.933    -63.563      5.409
    -14.473    229.255    747.764  -1005.668     -7.927    -63.545      5.387
    -14.475    229.270    747.891  -1005.679     -7.921    -63.527      5.365
    -14.477    229.286    748.018  -1005.690     -7.916    -63.509      5.342
    -14.479    229.302    748.145  -1005.701     -7.910    -63.491      5.320
    -14.481    229.318    748.272  -1005.711     -7.904    -63.473      5.297
    -14.483    229.334    748.399  -1005.722     -7.898    -63.455      5.275
    -14.485    229.349    748.526  -1005.732     -7.892    -63.437      5.253
    -14.487    229.365    748.653  -1005.743     -7.886    -63.419      5.230
    -14.489    229.381    748.779  -1005.753     -7.880    -63.401      5.208
    -14.491    229.397    748.906  -1005.764     -7.874    -63.383      5.186
    -14.493    229.413    749.033  -1005.774     -7.869    -63.365      5.163
    -14.495    229.428    749.160  -1005.784     -7.863    -63.347      5.141
    -14.497    229.444    749.286  -1005.795     -7.857    -63.329      5.118
    -14.499    229.460    749.413  -1005.805     -7.851    -63.311      5.096
    -14.501    229.475    749.539  -1005.815     -7.845    -63.293      5.074
    -14.503    229.491    749.666  -1005.825     -7.839    -63.275      5.051
    -14.505    229.507    749.793  -1005.835     -7.833    -63.257      5.029
    -14.507    229.522    749.919  -1005.845     -7.828    -63.239      5.007
    -14.509    229.538    750.046  -1005.855     -7.822    -63.221      4.984
    -14.511    229.554    750.172  -1005.865     -7.816    -63.203      4.962
    -14.513    229.569    750.298  -1005.875     -7.810    -63.185      4.940
    -14.515    229.585    750.425  -1005.885     -7.804    -63.167      4.917
    -14.517    229.601    750.551  -1005.895     -7.798    -63.149      4.895
    -14.519    229.616    750.677  -1005.904     -7.792    -63.131      4.873
    -14.521    229.632    750.804  -1005.914     -7.786    -63.113      4.850
    -14.523    229.647    750.930  -1005.924     -7.781    -63.095      4.828
    -14.525    229.663    751.056  -1005.933     -7.775    -63.077      4.806
    -14.527    229.678    751.182  -1005.943     -7.769    -63.059      4.783
    -14.529    229.694    751.308  -1005.953     -7.763    -63.041      4.761
    -14.531    229.709    751.434  -1005.962     -7.757    -63.023      4.739
    -14.533    229.725    751.560  -1005.972     -7.751    -63.005      4.716
    -14.535    229.740    751.686  -1005.981     -7.745    -62.987      4.694
    -14.537    229.756    751.812  -1005.990     -7.740    -62.969      4.672
    -14.539    229.771    751.938  -1006.000     -7.734    -62.951      4.650
    -14.541    229.787    752.064  -1006.009     -7.728    -62.933      4.627
    -14.543    229.802    752.190  -1006.018     -7.722    -62.915      4.605
    -14.545    229.818    752.316  -1006.027     -7.716    -62.897      4.583
    -14.547    229.833    752.441  -1006.036     -7.710    -62.879      4.560
    -14.549    229.849    752.567  -1006.046     -7.704    -62.860      4.538
    -14.551    229.864    752.693  -1006.055     -7.699    -62.842      4.516
    -14.553    229.879    752.819  -1006.064     -7.693    -62.824      4.494
    -14.555    229.895    752.944  -1006.073     -7.687    -62.806      4.471
    -14.557    229.910    753.070  -1006.082     -7.681    -62.788      4.449
    -14.559    229.925    753.195  -1006.090     -7.675    -62.770      4.427
    -14.561    229.941    753.321  -1006.099     -7.669    -62.752      4.404
    -14.563    229.956    753.446  -1006.108     -7.663    -62.734      4.382
    -14.565    229.971    753.572  -1006.117     -7.657    -62.716      4.360
    -14.567    229.987    753.697  -1006.125     -7.652    -62.698      4.338
    -14.569    230.002    753.823  -1006.134     -7.646    -62.680      4.315
    -14.571    230.017    753.948  -1006.143     -7.640    -62.661      4.293
    -14.573    230.033    754.073  -1006.151     -7.634    -62.643      4.271
    -14.575    230.048    754.199  -1006.160     -7.628    -62.625      4.249
    -14.577    230.063    754.324  -1006.168     -7.622    -62.607      4.227
    -14.579    230.078    754.449  -1006.177     -7.616    -62.589      4.204
    -14.581    230.094    754.574  -1006.185     -7.611    -62.571      4.182
    -14.583    230.109    754.699  -1006.193     -7.605    -62.553      4.160
    -14.585    230.124    754.824  -1006.202     -7.599    -62.534      4.138
    -14.587    230.139    754.949  -1006.210     -7.593    -62.516      4.115
    -14.589    230.154    755.074  -1006.218     -7.587    -62.498      4.093
    -14.591    230.170    755.199  -1006.226     -7.581    -62.480      4.071
    -14.593    230.185    755.324  -1006.234     -7.575    -62.462      4.049
    -14.595    230.200    755.449  -1006.243     -7.569    -62.444      4.027
    -14.597    230.215    755.574  -1006.251     -7.564    -62.426      4.004
    -14.599    230.230    755.699  -1006.259     -7.558    -62.407      3.982
    -14.601    230.245    755.824  -1006.267     -7.552    -62.389      3.960
    -14.603    230.260    755.948  -1006.274     -7.546    -62.371      3.938
    -14.605    230.275    756.073  -1006.282     -7.540    -62.353      3.916
    -14.607    230.290    756.198  -1006.290     -7.534    -62.335      3.893
    -14.609    230.306    756.323  -1006.298     -7.528    -62.316      3.871
    -14.611    230.321    756.447  -1006.306     -7.523    -62.298      3.849
    -14.613    230.336    756.572  -1006.313     -7.517    -62.280      3.827
    -14.615    230.351    756.696  -1006.321     -7.511    -62.262      3.805
    -14.617    230.366    756.821  -1006.328     -7.505    -62.244      3.782
    -14.619    230.381    756.945  -1006.336     -7.499    -62.226      3.760
    -14.621    230.396    757.070  -1006.344     -7.493    -62.207      3.738
    -14.623    230.411    757.194  -1006.351     -7.487    -62.189      3.716
    -14.625    230.426    757.318  -1006.358     -7.482    -62.171      3.694
    -14.627    230.441    757.443  -1006.366     -7.476    -62.153      3.672
    -14.629    230.456    757.567  -1006.373     -7.470    -62.134      3.649
    -14.631    230.470    757.691  -1006.380     -7.464    -62.116      3.627
    -14.633    230.485    757.815  -1006.388     -7.458    -62.098      3.605
    -14.635    230.500    757.940  -1006.395     -7.452    -62.080      3.583
    -14.637    230.515    758.064  -1006.402     -7.446    -62.062      3.561
    -14.639    230.530    758.188  -1006.409     -7.440    -62.043      3.539
    -14.641    230.545    758.312  -1006.416     -7.435    -62.025      3.517
    -14.643    230.560    758.436  -1006.423     -7.429    -62.007      3.494
    -14.645    230.575    758.560  -1006.430     -7.423    -61.989      3.472
    -14.647    230.590    758.684  -1006.437     -7.417    -61.970      3.450
    -14.649    230.604    758.808  -1006.444     -7.411    -61.952      3.428
    -14.651    230.619    758.932  -1006.451     -7.405    -61.934      3.406
    -14.653    230.634    759.056  -1006.457     -7.399    -61.916      3.384
    -14.655    230.649    759.179  -1006.464     -7.394    -61.897      3.362
    -14.657    230.664    759.303  -1006.471     -7.388    -61.879      3.340
    -14.659    230.678    759.427  -1006.478     -7.382    -61.861      3.318
    -14.661    230.693    759.551  -1006.484     -7.376    -61.842      3.295
    -14.663    230.708    759.674  -1006.491     -7.370    -61.824      3.273
    -14.665    230.723    759.798  -1006.497     -7.364    -61.806      3.251
    -14.667    230.737    759.922  -1006.504     -7.358    -61.788      3.229
    -14.669    230.752    760.045  -1006.510     -7.353    -61.769      3.207
    -14.671    230.767    760.169  -1006.517     -7.347    -61.751      3.185
    -14.673    230.781    760.292  -1006.523     -7.341    -61.733      3.163
    -14.675    230.796    760.416  -1006.529     -7.335    -61.714      3.141
    -14.677    230.811    760.539  -1006.535     -7.329    -61.696      3.119
    -14.679    230.825    760.662  -1006.542     -7.323    -61.678      3.097
    -14.681    230.840    760.786  -1006.548     -7.317    -61.659      3.075
    -14.683    230.855    760.909  -1006.554     -7.311    -61.641      3.053
    -14.685    230.869    761.032  -1006.560     -7.306    -61.623      3.030
    -14.687    230.884    761.155  -1006.566     -7.300    -61.604      3.008
    -14.689    230.898    761.279  -1006.572     -7.294    -61.586      2.986
    -14.691    230.913    761.402  -1006.578     -7.288    -61.568      2.964
    -14.693    230.928    761.525  -1006.584     -7.282    -61.549      2.942
    -14.695    230.942    761.648  -1006.590     -7.276    -61.531      2.920
    -14.697    230.957    761.771  -1006.596     -7.270    -61.513      2.898
    -14.699    230.971    761.894  -1006.601     -7.265    -61.494      2.876
    -14.701    230.986    762.017  -1006.607     -7.259    -61.476      2.854
    -14.703    231.000    762.140  -1006.613     -7.253    -61.458      2.832
    -14.705    231.015    762.263  -1006.618     -7.247    -61.439      2.810
    -14.707    231.029    762.386  -1006.624     -7.241    -61.421      2.788
    -14.709    231.044    762.509  -1006.630     -7.235    -61.403      2.766
    -14.711    231.058    762.631  -1006.635     -7.229    -61.384      2.744
    -14.713    231.073    762.754  -1006.641     -7.223    -61.366      2.722
    -14.715    231.087    762.877  -1006.646     -7.218    -61.347      2.700
    -14.717    231.102    762.999  -1006.651     -7.212    -61.329      2.678
    -14.719    231.116    763.122  -1006.657     -7.206    -61.311      2.656
    -14.721    231.130    763.245  -1006.662     -7.200    -61.292      2.634
    -14.723    231.145    763.367  -1006.667     -7.194    -61.274      2.612
    -14.725    231.159    763.490  -1006.672     -7.188    -61.255      2.590
    -14.727    231.173    763.612  -1006.678     -7.182    -61.237      2.568
    -14.729    231.188    763.735  -1006.683     -7.177    -61.219      2.546
    -14.731    231.202    763.857  -1006.688     -7.171    -61.200      2.524
    -14.733    231.217    763.980  -1006.693     -7.165    -61.182      2.502
    -14.735    231.231    764.102  -1006.698     -7.159    -61.163      2.480
    -14.737    231.245    764.224  -1006.703     -7.153    -61.145      2.458
    -14.739    231.259    764.346  -1006.708     -7.147    -61.127      2.436
    -14.741    231.274    764.469  -1006.713     -7.141    -61.108      2.414
    -14.743    231.288    764.591  -1006.717     -7.136    -61.090      2.392
    -14.745    231.302    764.713  -1006.722     -7.130    -61.071      2.370
    -14.747    231.317    764.835  -1006.727     -7.124    -61.053      2.348
    -14.749    231.331    764.957  -1006.731     -7.118    -61.034      2.326
    -14.751    231.345    765.079  -1006.736     -7.112    -61.016      2.304
    -14.753    231.359    765.201  -1006.741     -7.106    -60.997      2.282
    -14.755    231.373    765.323  -1006.745     -7.100    -60.979      2.260
    -14.757    231.388    765.445  -1006.750     -7.094    -60.961      2.238
    -14.759    231.402    765.567  -1006.754     -7.089    -60.942      2.216
    -14.761    231.416    765.689  -1006.759     -7.083    -60.924      2.194
    -14.763    231.430    765.811  -1006.763     -7.077    -60.905      2.172
    -14.765    231.444    765.933  -1006.767     -7.071    -60.887      2.150
    -14.767    231.458    766.054  -1006.772     -7.065    -60.868      2.128
    -14.769    231.473    766.176  -1006.776     -7.059    -60.850      2.106
    -14.771    231.487    766.298  -1006.780     -7.053    -60.831      2.084
    -14.773    231.501    766.419  -1006.784     -7.048    -60.813      2.063
    -14.775    231.515    766.541  -1006.788     -7.042    -60.794      2.041
    -14.777    231.529    766.663  -1006.792     -7.036    -60.776      2.019
    -14.779    231.543    766.784  -1006.796     -7.030    -60.757      1.997
    -14.781    231.557    766.906  -1006.800     -7.024    -60.739      1.975
    -14.783    231.571    767.027  -1006.804     -7.018    -60.720      1.953
    -14.785    231.585    767.149  -1006.808     -7.012    -60.702      1.931
    -14.787    231.599    767.270  -1006.812     -7.006    -60.683      1.909
    -14.789    231.613    767.391  -1006.816     -7.001    -60.665      1.887
    -14.791    231.627    767.513  -1006.819     -6.995    -60.646      1.865
    -14.793    231.641    767.634  -1006.823     -6.989    -60.628      1.843
    -14.795    231.655    767.755  -1006.827     -6.983    -60.609      1.821
    -14.797    231.669    767.876  -1006.830     -6.977    -60.591      1.800
    -14.799    231.683    767.997  -1006.834     -6.971    -60.572      1.778
    -14.801    231.697    768.119  -1006.838     -6.965    -60.553      1.756
    -14.803    231.711    768.240  -1006.841     -6.960    -60.535      1.734
    -14.805    231.725    768.361  -1006.845     -6.954    -60.516      1.712
    -14.807    231.739    768.482  -1006.848     -6.948    -60.498      1.690
    -14.809    231.753    768.603  -1006.851     -6.942    -60.479      1.668
    -14.811    231.766    768.724  -1006.855     -6.936    -60.461      1.646
    -14.813    231.780    768.845  -1006.858     -6.930    -60.442      1.624
    -14.815    231.794    768.965  -1006.861     -6.924    -60.423      1.603
    -14.817    231.808    769.086  -1006.864     -6.918    -60.405      1.581
    -14.819    231.822    769.207  -1006.867     -6.913    -60.386      1.559
    -14.821    231.836    769.328  -1006.871     -6.907    -60.368      1.537
    -14.823    231.849    769.449  -1006.874     -6.901    -60.349      1.515
    -14.825    231.863    769.569  -1006.877     -6.895    -60.331      1.493
    -14.827    231.877    769.690  -1006.880     -6.889    -60.312      1.471
    -14.829    231.891    769.810  -1006.882     -6.883    -60.293      1.450
    -14.831    231.905    769.931  -1006.885     -6.877    -60.275      1.428
    -14.833    231.918    770.052  -1006.888     -6.871    -60.256      1.406
    -14.835    231.932    770.172  -1006.891     -6.866    -60.238      1.384
    -14.837    231.946    770.292  -1006.894     -6.860    -60.219      1.362
    -14.839    231.960    770.413  -1006.896     -6.854    -60.200      1.340
    -14.841    231.973    770.533  -1006.899     -6.848    -60.182      1.319
    -14.843    231.987    770.654  -1006.902     -6.842    -60.163      1.297
    -14.845    232.001    770.774  -1006.904     -6.836    -60.144      1.275
    -14.847    232.014    770.894  -1006.907     -6.830    -60.126      1.253
    -14.849    232.028    771.014  -1006.909     -6.825    -60.107      1.231
    -14.851    232.042    771.135  -1006.912     -6.819    -60.089      1.209
    -14.853    232.055    771.255  -1006.914     -6.813    -60.070      1.188
    -14.855    232.069    771.375  -1006.916     -6.807    -60.051      1.166
    -14.857    232.082    771.495  -1006.919     -6.801    -60.033      1.144
    -14.859    232.096    771.615  -1006.921     -6.795    -60.014      1.122
    -14.861    232.110    771.735  -1006.923     -6.789    -59.995      1.100
    -14.863    232.123    771.855  -1006.925     -6.783    -59.977      1.079
    -14.865    232.137    771.975  -1006.928     -6.778    -59.958      1.057
    -14.867    232.150    772.095  -1006.930     -6.772    -59.939      1.035
    -14.869    232.164    772.215  -1006.932     -6.766    -59.921      1.013
    -14.871    232.177    772.335  -1006.934     -6.760    -59.902      0.991
    -14.873    232.191    772.454  -1006.936     -6.754    -59.883      0.970
    -14.875    232.204    772.574  -1006.938     -6.748    -59.865      0.948
    -14.877    232.218    772.694  -1006.939     -6.742    -59.846      0.926
    -14.879    232.231    772.813  -1006.941     -6.737    -59.827      0.904
    -14.881    232.245    772.933  -1006.943     -6.731    -59.808      0.882
    -14.883    232.258    773.053  -1006.945     -6.725    -59.790      0.861
    -14.885    232.272    773.172  -1006.947     -6.719    -59.771      0.839
    -14.887    232.285    773.292  -1006.948     -6.713    -59.752      0.817
    -14.889    232.299    773.411  -1006.950     -6.707    -59.734      0.795
    -14.891    232.312    773.531  -1006.951     -6.701    -59.715      0.774
    -14.893    232.325    773.650  -1006.953     -6.695    -59.696      0.752
    -14.895    232.339    773.770  -1006.954     -6.690    -59.677      0.730
    -14.897    232.352    773.889  -1006.956     -6.684    -59.659      0.708
    -14.899    232.365    774.008  -1006.957     -6.678    -59.640      0.687
    -14.901    232.379    774.127  -1006.959     -6.672    -59.621      0.665
    -14.903    232.392    774.247  -1006.960     -6.666    -59.602      0.643
    -14.905    232.405    774.366  -1006.961     -6.660    -59.584      0.621
    -14.907    232.419    774.485  -1006.962     -6.654    -59.565      0.600
    -14.909    232.432    774.604  -1006.964     -6.648    -59.546      0.578
    -14.911    232.445    774.723  -1006.965     -6.643    -59.527      0.556
    -14.913    232.459    774.842  -1006.966     -6.637    -59.509      0.534
    -14.915    232.472    774.961  -1006.967     -6.631    -59.490      0.513
    -14.917    232.485    775.080  -1006.968     -6.625    -59.471      0.491
    -14.919    232.498    775.199  -1006.969     -6.619    -59.452      0.469
    -14.921    232.512    775.318  -1006.970     -6.613    -59.434      0.448
    -14.923    232.525    775.437  -1006.971     -6.607    -59.415      0.426
    -14.925    232.538    775.556  -1006.971     -6.601    -59.396      0.404
    -14.927    232.551    775.674  -1006.972     -6.596    -59.377      0.382
    -14.929    232.564    775.793  -1006.973     -6.590    -59.358      0.361
    -14.931    232.578    775.912  -1006.974     -6.584    -59.340      0.339
    -14.933    232.591    776.030  -1006.974     -6.578    -59.321      0.317
    -14.935    232.604    776.149  -1006.975     -6.572    -59.302      0.296
    -14.937    232.617    776.268  -1006.975     -6.566    -59.283      0.274
    -14.939    232.630    776.386  -1006.976     -6.560    -59.264      0.252
    -14.941    232.643    776.505  -1006.976     -6.555    -59.246      0.230
    -14.943    232.656    776.623  -1006.977     -6.549    -59.227      0.209
    -14.945    232.670    776.742  -1006.977     -6.543    -59.208      0.187
    -14.947    232.683    776.860  -1006.978     -6.537    -59.189      0.165
    -14.949    232.696    776.978  -1006.978     -6.531    -59.170      0.144
    -14.951    232.709    777.097  -1006.978     -6.525    -59.151      0.122
    -14.953    232.722    777.215  -1006.978     -6.519    -59.133      0.100
    -14.955    232.735    777.333  -1006.979     -6.513    -59.114      0.079
    -14.957    232.748    777.451  -1006.979     -6.508    -59.095      0.057
    -14.959    232.761    777.570  -1006.979     -6.502    -59.076      0.035
    -14.961    232.774    777.688  -1006.979     -6.496    -59.057      0.014
    -14.963    232.787    777.806  -1006.979     -6.490    -59.038     -0.008
    -14.965    232.800    777.924  -1006.979     -6.484    -59.019     -0.030
    -14.967    232.813    778.042  -1006.979     -6.478    -59.001     -0.051
    -14.969    232.826    778.160  -1006.979     -6.472    -58.982     -0.073
    -14.971    232.839    778.278  -1006.979     -6.466    -58.963     -0.095
    -14.973    232.852    778.396  -1006.978     -6.461    -58.944     -0.116
    -14.975    232.865    778.514  -1006.978     -6.455    -58.925     -0.138
    -14.977    232.877    778.631  -1006.978     -6.449    -58.906     -0.159
    -14.979    232.890    778.749  -1006.977     -6.443    -58.887     -0.181
    -14.981    232.903    778.867  -1006.977     -6.437    -58.868     -0.203
    -14.983    232.916    778.985  -1006.977     -6.431    -58.849     -0.224
    -14.985    232.929    779.102  -1006.976     -6.425    -58.830     -0.246
    -14.987    232.942    779.220  -1006.976     -6.419    -58.812     -0.268
    -14.989    232.955    779.338  -1006.975     -6.414    -58.793     -0.289
    -14.991    232.967    779.455  -1006.974     -6.408    -58.774     -0.311
    -14.993    232.980    779.573  -1006.974     -6.402    -58.755     -0.333
    -14.995    232.993    779.690  -1006.973     -6.396    -58.736     -0.354
    -14.997    233.006    779.808  -1006.972     -6.390    -58.717     -0.376
    -14.999    233.019    779.925  -1006.972     -6.384    -58.698     -0.397
    -15.001    233.031    780.042  -1006.971     -6.378    -58.679     -0.419
