#         t          x          y          z         vx         vy         vz
      0.001      0.000      0.000      0.000      0.000      0.000      0.000
     -0.001     -0.000     -0.000     -0.000      0.006      0.264      0.182
     -0.003     -0.000     -0.001     -0.001      0.012      0.527      0.368
     -0.005     -0.000     -0.002     -0.002      0.017      0.788      0.558
     -0.007     -0.000     -0.004     -0.003      0.022      1.047      0.752
     -0.009     -0.000     -0.007     -0.005      0.025      1.305      0.949
     -0.011     -0.000     -0.009     -0.007      0.028      1.561      1.150
     -0.013     -0.000     -0.013     -0.009      0.030      1.814      1.355
     -0.015     -0.000     -0.017     -0.012      0.031      2.066      1.564
     -0.017     -0.000     -0.021     -0.016      0.032      2.315      1.777
     -0.019     -0.000     -0.026     -0.019      0.032      2.562      1.993
     -0.021     -0.001     -0.031     -0.024      0.030      2.807      2.213
     -0.023     -0.001     -0.037     -0.028      0.029      3.049      2.436
     -0.025     -0.001     -0.044     -0.033      0.026      3.289      2.663
     -0.027     -0.001     -0.050     -0.039      0.022      3.526      2.893
     -0.029     -0.001     -0.058     -0.045      0.018      3.760      3.127
     -0.031     -0.001     -0.065     -0.051      0.013      3.991      3.364
     -0.033     -0.001     -0.074     -0.058      0.007      4.220      3.605
     -0.035     -0.001     -0.082     -0.066      0.000      4.445      3.849
     -0.037     -0.001     -0.091     -0.074     -0.007      4.667      4.096
     -0.039     -0.001     -0.101     -0.082     -0.016      4.886      4.346
     -0.041     -0.001     -0.111     -0.091     -0.025      5.102      4.599
     -0.043     -0.001     -0.121     -0.101     -0.035      5.314      4.855
     -0.045     -0.001     -0.132     -0.110     -0.046      5.523      5.113
     -0.047     -0.000     -0.143     -0.121     -0.058      5.728      5.375
     -0.049     -0.000     -0.155     -0.132     -0.070      5.930      5.639
     -0.051     -0.000     -0.167     -0.144     -0.083      6.128      5.906
     -0.053      0.000     -0.180     -0.156     -0.098      6.322      6.175
     -0.055      0.000     -0.192     -0.168     -0.112      6.513      6.447
     -0.057      0.000     -0.206     -0.181     -0.128      6.699      6.721
     -0.059      0.001     -0.219     -0.195     -0.145      6.882      6.997
     -0.061      0.001     -0.233     -0.209     -0.162      7.061      7.276
     -0.063      0.001     -0.247     -0.224     -0.180      7.236      7.556
     -0.065      0.002     -0.262     -0.240     -0.199      7.406      7.838
     -0.067      0.002     -0.277     -0.256     -0.218      7.573      8.123
     -0.069      0.003     -0.292     -0.272     -0.239      7.736      8.408
     -0.071      0.003     -0.308     -0.289     -0.260      7.894      8.696
     -0.073      0.004     -0.324     -0.307     -0.282      8.048      8.985
     -0.075      0.004     -0.340     -0.325     -0.304      8.198      9.275
     -0.077      0.005     -0.357     -0.344     -0.327      8.344      9.566
     -0.079      0.006     -0.374     -0.363     -0.351      8.485      9.859
     -0.081      0.006     -0.391     -0.383     -0.376      8.623     10.153
     -0.083      0.007     -0.408     -0.404     -0.401      8.756     10.447
     -0.085      0.008     -0.426     -0.425     -0.427      8.884     10.743
     -0.087      0.009     -0.444     -0.447     -0.453      9.009     11.039
     -0.089      0.010     -0.462     -0.469     -0.480      9.129     11.336
     -0.091      0.011     -0.480     -0.492     -0.508      9.245     11.633
     -0.093      0.012     -0.499     -0.516     -0.537      9.357     11.931
     -0.095      0.013     -0.517     -0.540     -0.565      9.464     12.229
     -0.097      0.014     -0.537     -0.565     -0.595      9.568     12.527
     -0.099      0.015     -0.556     -0.590     -0.625      9.667     12.825
     -0.101      0.017     -0.575     -0.616     -0.655      9.762     13.124
     -0.103      0.018     -0.595     -0.643     -0.686      9.852     13.422
     -0.105      0.019     -0.615     -0.670     -0.718      9.939     13.720
     -0.107      0.021     -0.635     -0.698     -0.750     10.022     14.018
     -0.109      0.022     -0.655     -0.726     -0.782     10.100     14.315
     -0.111      0.024     -0.675     -0.755     -0.815     10.175     14.612
     -0.113      0.026     -0.695     -0.784     -0.849     10.245     14.909
     -0.115      0.027     -0.716     -0.814     -0.882     10.312     15.204
     -0.117      0.029     -0.737     -0.845     -0.916     10.374     15.500
     -0.119      0.031     -0.757     -0.876     -0.951     10.433     15.794
     -0.121      0.033     -0.778     -0.908     -0.986     10.488     16.087
     -0.123      0.035     -0.799     -0.941     -1.021     10.540     16.380
     -0.125      0.037     -0.821     -0.974     -1.056     10.588     16.671
     -0.127      0.039     -0.842     -1.007     -1.092     10.632     16.962
     -0.129      0.041     -0.863     -1.042     -1.128     10.672     17.251
     -0.131      0.044     -0.884     -1.076     -1.165     10.709     17.539
     -0.133      0.046     -0.906     -1.112     -1.201     10.743     17.826
     -0.135      0.048     -0.927     -1.148     -1.238     10.773     18.112
     -0.137      0.051     -0.949     -1.184     -1.276     10.800     18.396
     -0.139      0.054     -0.971     -1.221     -1.313     10.823     18.679
     -0.141      0.056     -0.992     -1.259     -1.350     10.843     18.960
     -0.143      0.059     -1.014     -1.297     -1.388     10.861     19.239
     -0.145      0.062     -1.036     -1.336     -1.426     10.875     19.518
     -0.147      0.065     -1.057     -1.375     -1.464     10.886     19.794
     -0.149      0.068     -1.079     -1.415     -1.502     10.894     20.069
     -0.151      0.071     -1.101     -1.456     -1.541     10.899     20.342
     -0.153      0.074     -1.123     -1.497     -1.579     10.901     20.614
     -0.155      0.077     -1.145     -1.538     -1.618     10.901     20.883
     -0.157      0.080     -1.166     -1.580     -1.657     10.898     21.151
     -0.159      0.084     -1.188     -1.623     -1.695     10.892     21.417
     -0.161      0.087     -1.210     -1.666     -1.734     10.884     21.681
     -0.163      0.091     -1.232     -1.709     -1.773     10.873     21.944
     -0.165      0.094     -1.253     -1.753     -1.812     10.859     22.204
     -0.167      0.098     -1.275     -1.798     -1.851     10.844     22.463
     -0.169      0.101     -1.297     -1.843     -1.890     10.826     22.719
     -0.171      0.105     -1.318     -1.889     -1.929     10.805     22.974
     -0.173      0.109     -1.340     -1.935     -1.968     10.783     23.227
     -0.175      0.113     -1.362     -1.982     -2.007     10.758     23.477
     -0.177      0.117     -1.383     -2.029     -2.046     10.731     23.726
     -0.179      0.121     -1.405     -2.077     -2.085     10.702     23.973
     -0.181      0.126     -1.426     -2.125     -2.124     10.672     24.218
     -0.183      0.130     -1.447     -2.174     -2.162     10.639     24.461
     -0.185      0.134     -1.468     -2.223     -2.201     10.604     24.702
     -0.187      0.139     -1.490     -2.273     -2.240     10.568     24.940
     -0.189      0.143     -1.511     -2.323     -2.279     10.529     25.177
     -0.191      0.148     -1.532     -2.373     -2.317     10.489     25.412
     -0.193      0.152     -1.553     -2.424     -2.356     10.448     25.645
     -0.195      0.157     -1.574     -2.476     -2.394     10.404     25.876
     -0.197      0.162     -1.594     -2.528     -2.433     10.360     26.105
     -0.199      0.167     -1.615     -2.580     -2.471     10.313     26.332
     -0.201      0.172     -1.636     -2.633     -2.509     10.265     26.556
     -0.203      0.177     -1.656     -2.686     -2.547     10.216     26.779
     -0.205      0.182     -1.676     -2.740     -2.585     10.166     27.000
     -0.207      0.187     -1.697     -2.794     -2.623     10.113     27.219
     -0.209      0.193     -1.717     -2.849     -2.661     10.060     27.436
     -0.211      0.198     -1.737     -2.904     -2.698     10.006     27.651
     -0.213      0.203     -1.757     -2.960     -2.736      9.950     27.865
     -0.215      0.209     -1.777     -3.016     -2.773      9.893     28.076
     -0.217      0.214     -1.796     -3.072     -2.810      9.835     28.285
     -0.219      0.220     -1.816     -3.129     -2.847      9.775     28.492
     -0.221      0.226     -1.836     -3.186     -2.884      9.715     28.698
     -0.223      0.232     -1.855     -3.244     -2.921      9.654     28.902
     -0.225      0.238     -1.874     -3.302     -2.957      9.591     29.103
     -0.227      0.243     -1.893     -3.360     -2.994      9.528     29.303
     -0.229      0.250     -1.912     -3.419     -3.030      9.464     29.501
     -0.231      0.256     -1.931     -3.478     -3.066      9.399     29.698
     -0.233      0.262     -1.950     -3.538     -3.102      9.333     29.892
     -0.235      0.268     -1.968     -3.598     -3.138      9.266     30.085
     -0.237      0.274     -1.987     -3.658     -3.173      9.198     30.275
     -0.239      0.281     -2.005     -3.719     -3.209      9.130     30.464
     -0.241      0.287     -2.023     -3.780     -3.244      9.060     30.652
     -0.243      0.294     -2.041     -3.841     -3.279      8.991     30.837
     -0.245      0.300     -2.059     -3.903     -3.314      8.920     31.021
     -0.247      0.307     -2.077     -3.965     -3.349      8.849     31.203
     -0.249      0.314     -2.095     -4.028     -3.383      8.777     31.383
     -0.251      0.320     -2.112     -4.091     -3.418      8.704     31.562
     -0.253      0.327     -2.130     -4.154     -3.452      8.631     31.739
     -0.255      0.334     -2.147     -4.218     -3.486      8.557     31.914
     -0.257      0.341     -2.164     -4.282     -3.520      8.483     32.088
     -0.259      0.348     -2.181     -4.346     -3.554      8.408     32.260
     -0.261      0.356     -2.197     -4.411     -3.587      8.333     32.431
     -0.263      0.363     -2.214     -4.476     -3.621      8.257     32.599
     -0.265      0.370     -2.231     -4.541     -3.654      8.181     32.767
     -0.267      0.377     -2.247     -4.607     -3.687      8.104     32.932
     -0.269      0.385     -2.263     -4.673     -3.720      8.027     33.097
     -0.271      0.392     -2.279     -4.739     -3.752      7.950     33.259
     -0.273      0.400     -2.295     -4.806     -3.785      7.872     33.420
     -0.275      0.407     -2.310     -4.873     -3.817      7.794     33.580
     -0.277      0.415     -2.326     -4.940     -3.849      7.715     33.738
     -0.279      0.423     -2.341     -5.008     -3.881      7.636     33.895
     -0.281      0.431     -2.356     -5.076     -3.913      7.557     34.050
     -0.283      0.438     -2.371     -5.144     -3.944      7.477     34.204
     -0.285      0.446     -2.386     -5.213     -3.976      7.398     34.356
     -0.287      0.454     -2.401     -5.282     -4.007      7.318     34.507
     -0.289      0.462     -2.416     -5.351     -4.038      7.237     34.656
     -0.291      0.470     -2.430     -5.420     -4.069      7.157     34.804
     -0.293      0.479     -2.444     -5.490     -4.099      7.076     34.951
     -0.295      0.487     -2.458     -5.560     -4.130      6.995     35.096
     -0.297      0.495     -2.472     -5.630     -4.160      6.914     35.241
     -0.299      0.503     -2.486     -5.701     -4.190      6.832     35.383
     -0.301      0.512     -2.500     -5.772     -4.220      6.751     35.525
     -0.303      0.520     -2.513     -5.843     -4.250      6.669     35.665
     -0.305      0.529     -2.526     -5.915     -4.280      6.587     35.804
     -0.307      0.537     -2.539     -5.986     -4.309      6.505     35.941
     -0.309      0.546     -2.552     -6.058     -4.339      6.423     36.077
     -0.311      0.555     -2.565     -6.131     -4.368      6.341     36.212
     -0.313      0.564     -2.578     -6.203     -4.397      6.259     36.346
     -0.315      0.572     -2.590     -6.276     -4.425      6.176     36.479
     -0.317      0.581     -2.602     -6.349     -4.454      6.094     36.610
     -0.319      0.590     -2.614     -6.422     -4.483      6.011     36.740
     -0.321      0.599     -2.626     -6.496     -4.511      5.928     36.869
     -0.323      0.608     -2.638     -6.570     -4.539      5.846     36.997
     -0.325      0.617     -2.650     -6.644     -4.567      5.763     37.124
     -0.327      0.627     -2.661     -6.718     -4.595      5.680     37.250
     -0.329      0.636     -2.672     -6.793     -4.622      5.597     37.374
     -0.331      0.645     -2.684     -6.868     -4.650      5.514     37.497
     -0.333      0.654     -2.695     -6.943     -4.677      5.431     37.620
     -0.335      0.664     -2.705     -7.018     -4.704      5.348     37.741
     -0.337      0.673     -2.716     -7.094     -4.731      5.265     37.861
     -0.339      0.683     -2.726     -7.170     -4.758      5.183     37.980
     -0.341      0.692     -2.737     -7.246     -4.785      5.100     38.098
     -0.343      0.702     -2.747     -7.322     -4.811      5.017     38.215
     -0.345      0.711     -2.757     -7.399     -4.837      4.934     38.330
     -0.347      0.721     -2.766     -7.476     -4.864      4.851     38.445
     -0.349      0.731     -2.776     -7.553     -4.890      4.768     38.559
     -0.351      0.741     -2.786     -7.630     -4.916      4.685     38.672
     -0.353      0.751     -2.795     -7.707     -4.941      4.603     38.784
     -0.355      0.760     -2.804     -7.785     -4.967      4.520     38.895
     -0.357      0.770     -2.813     -7.863     -4.992      4.437     39.005
     -0.359      0.780     -2.822     -7.941     -5.018      4.355     39.114
     -0.361      0.791     -2.830     -8.019     -5.043      4.272     39.222
     -0.363      0.801     -2.839     -8.098     -5.068      4.190     39.329
     -0.365      0.811     -2.847     -8.177     -5.093      4.108     39.435
     -0.367      0.821     -2.855     -8.256     -5.117      4.025     39.540
     -0.369      0.831     -2.863     -8.335     -5.142      3.943     39.645
     -0.371      0.842     -2.871     -8.414     -5.166      3.861     39.748
     -0.373      0.852     -2.879     -8.494     -5.190      3.779     39.851
     -0.375      0.862     -2.886     -8.574     -5.215      3.697     39.952
     -0.377      0.873     -2.893     -8.654     -5.239      3.615     40.053
     -0.379      0.883     -2.901     -8.734     -5.262      3.534     40.153
     -0.381      0.894     -2.908     -8.814     -5.286      3.452     40.253
     -0.383      0.904     -2.914     -8.895     -5.310      3.371     40.351
     -0.385      0.915     -2.921     -8.976     -5.333      3.289     40.448
     -0.387      0.926     -2.928     -9.057     -5.356      3.208     40.545
     -0.389      0.936     -2.934     -9.138     -5.380      3.127     40.641
     -0.391      0.947     -2.940     -9.219     -5.403      3.046     40.736
     -0.393      0.958     -2.946     -9.301     -5.426      2.965     40.830
     -0.395      0.969     -2.952     -9.382     -5.448      2.884     40.924
     -0.397      0.980     -2.958     -9.464     -5.471      2.804     41.017
     -0.399      0.991     -2.963     -9.546     -5.493      2.723     41.109
     -0.401      1.002     -2.969     -9.629     -5.516      2.643     41.200
     -0.403      1.013     -2.974     -9.711     -5.538      2.563     41.290
     -0.405      1.024     -2.979     -9.794     -5.560      2.482     41.380
     -0.407      1.035     -2.984     -9.877     -5.582      2.402     41.469
     -0.409      1.046     -2.988     -9.960     -5.604      2.323     41.558
     -0.411      1.058     -2.993    -10.043     -5.626      2.243     41.645
     -0.413      1.069     -2.997    -10.126     -5.647      2.164     41.732
     -0.415      1.080     -3.002    -10.210     -5.669      2.084     41.818
     -0.417      1.092     -3.006    -10.294     -5.690      2.005     41.904
     -0.419      1.103     -3.010    -10.378     -5.712      1.926     41.988
     -0.421      1.114     -3.013    -10.462     -5.733      1.847     42.073
     -0.423      1.126     -3.017    -10.546     -5.754      1.768     42.156
     -0.425      1.137     -3.020    -10.630     -5.775      1.690     42.239
     -0.427      1.149     -3.024    -10.715     -5.796      1.611     42.321
     -0.429      1.161     -3.027    -10.800     -5.816      1.533     42.402
     -0.431      1.172     -3.030    -10.884     -5.837      1.455     42.483
     -0.433      1.184     -3.033    -10.969     -5.857      1.377     42.563
     -0.435      1.196     -3.035    -11.055     -5.878      1.299     42.643
     -0.437      1.207     -3.038    -11.140     -5.898      1.221     42.722
     -0.439      1.219     -3.040    -11.226     -5.918      1.144     42.800
     -0.441      1.231     -3.042    -11.311     -5.938      1.067     42.878
     -0.443      1.243     -3.045    -11.397     -5.958      0.990     42.955
     -0.445      1.255     -3.046    -11.483     -5.978      0.913     43.032
     -0.447      1.267     -3.048    -11.569     -5.997      0.836     43.108
     -0.449      1.279     -3.050    -11.655     -6.017      0.759     43.183
     -0.451      1.291     -3.051    -11.742     -6.036      0.683     43.258
     -0.453      1.303     -3.053    -11.829     -6.056      0.606     43.332
     -0.455      1.315     -3.054    -11.915     -6.075      0.530     43.406
     -0.457      1.327     -3.055    -12.002     -6.094      0.454     43.479
     -0.459      1.340     -3.055    -12.089     -6.113      0.379     43.551
     -0.461      1.352     -3.056    -12.176     -6.132      0.303     43.623
     -0.463      1.364     -3.057    -12.264     -6.151      0.228     43.695
     -0.465      1.376     -3.057    -12.351     -6.170      0.152     43.766
     -0.467      1.389     -3.057    -12.439     -6.188      0.077     43.836
     -0.469      1.401     -3.057    -12.526     -6.207      0.003     43.906
     -0.471      1.414     -3.057    -12.614     -6.225     -0.072     43.975
     -0.473      1.426     -3.057    -12.702     -6.244     -0.147     44.044
     -0.475      1.439     -3.057    -12.791     -6.262     -0.221     44.112
     -0.477      1.451     -3.056    -12.879     -6.280     -0.295     44.180
     -0.479      1.464     -3.056    -12.967     -6.298     -0.369     44.247
     -0.481      1.476     -3.055    -13.056     -6.316     -0.443     44.314
     -0.483      1.489     -3.054    -13.144     -6.334     -0.517     44.380
     -0.485      1.502     -3.053    -13.233     -6.352     -0.590     44.446
     -0.487      1.514     -3.051    -13.322     -6.370     -0.663     44.512
     -0.489      1.527     -3.050    -13.411     -6.387     -0.737     44.576
     -0.491      1.540     -3.048    -13.501     -6.405     -0.809     44.641
     -0.493      1.553     -3.047    -13.590     -6.422     -0.882     44.705
     -0.495      1.566     -3.045    -13.679     -6.440     -0.955     44.768
     -0.497      1.579     -3.043    -13.769     -6.457     -1.027     44.831
     -0.499      1.591     -3.041    -13.859     -6.474     -1.099     44.894
     -0.501      1.604     -3.039    -13.949     -6.491     -1.171     44.956
     -0.503      1.617     -3.036    -14.039     -6.508     -1.243     45.017
     -0.505      1.630     -3.034    -14.129     -6.525     -1.315     45.079
     -0.507      1.644     -3.031    -14.219     -6.542     -1.386     45.139
     -0.509      1.657     -3.028    -14.309     -6.558     -1.458     45.200
     -0.511      1.670     -3.025    -14.400     -6.575     -1.529     45.260
     -0.513      1.683     -3.022    -14.490     -6.592     -1.600     45.319
     -0.515      1.696     -3.019    -14.581     -6.608     -1.671     45.378
     -0.517      1.709     -3.015    -14.672     -6.625     -1.741     45.437
     -0.519      1.723     -3.012    -14.763     -6.641     -1.812     45.495
     -0.521      1.736     -3.008    -14.854     -6.657     -1.882     45.553
     -0.523      1.749     -3.004    -14.945     -6.673     -1.952     45.611
     -0.525      1.763     -3.000    -15.036     -6.689     -2.022     45.668
     -0.527      1.776     -2.996    -15.128     -6.705     -2.092     45.724
     -0.529      1.789     -2.992    -15.219     -6.721     -2.161     45.781
     -0.531      1.803     -2.987    -15.311     -6.737     -2.231     45.836
     -0.533      1.816     -2.983    -15.402     -6.753     -2.300     45.892
     -0.535      1.830     -2.978    -15.494     -6.768     -2.369     45.947
     -0.537      1.843     -2.973    -15.586     -6.784     -2.438     46.002
     -0.539      1.857     -2.968    -15.678     -6.800     -2.506     46.056
     -0.541      1.871     -2.963    -15.770     -6.815     -2.575     46.110
     -0.543      1.884     -2.958    -15.863     -6.830     -2.643     46.164
     -0.545      1.898     -2.953    -15.955     -6.846     -2.711     46.217
     -0.547      1.912     -2.947    -16.048     -6.861     -2.779     46.270
     -0.549      1.925     -2.942    -16.140     -6.876     -2.847     46.322
     -0.551      1.939     -2.936    -16.233     -6.891     -2.915     46.375
     -0.553      1.953     -2.930    -16.326     -6.906     -2.982     46.426
     -0.555      1.967     -2.924    -16.419     -6.921     -3.049     46.478
     -0.557      1.981     -2.918    -16.512     -6.936     -3.116     46.529
     -0.559      1.995     -2.912    -16.605     -6.951     -3.183     46.580
     -0.561      2.008     -2.905    -16.698     -6.966     -3.250     46.630
     -0.563      2.022     -2.899    -16.791     -6.980     -3.317     46.680
     -0.565      2.036     -2.892    -16.885     -6.995     -3.383     46.730
     -0.567      2.050     -2.885    -16.978     -7.009     -3.449     46.780
     -0.569      2.064     -2.878    -17.072     -7.024     -3.515     46.829
     -0.571      2.078     -2.871    -17.165     -7.038     -3.581     46.878
     -0.573      2.093     -2.864    -17.259     -7.053     -3.647     46.926
     -0.575      2.107     -2.856    -17.353     -7.067     -3.713     46.974
     -0.577      2.121     -2.849    -17.447     -7.081     -3.778     47.022
     -0.579      2.135     -2.841    -17.541     -7.095     -3.843     47.070
     -0.581      2.149     -2.834    -17.635     -7.109     -3.908     47.117
     -0.583      2.163     -2.826    -17.730     -7.123     -3.973     47.164
     -0.585      2.178     -2.818    -17.824     -7.137     -4.038     47.211
     -0.587      2.192     -2.809    -17.919     -7.151     -4.103     47.257
     -0.589      2.206     -2.801    -18.013     -7.165     -4.167     47.303
     -0.591      2.221     -2.793    -18.108     -7.179     -4.231     47.349
     -0.593      2.235     -2.784    -18.203     -7.192     -4.295     47.394
     -0.595      2.249     -2.776    -18.297     -7.206     -4.359     47.440
     -0.597      2.264     -2.767    -18.392     -7.219     -4.423     47.484
     -0.599      2.278     -2.758    -18.487     -7.233     -4.486     47.529
     -0.601      2.293     -2.749    -18.582     -7.246     -4.550     47.573
     -0.603      2.307     -2.740    -18.678     -7.260     -4.613     47.617
     -0.605      2.322     -2.730    -18.773     -7.273     -4.676     47.661
     -0.607      2.336     -2.721    -18.868     -7.286     -4.739     47.705
     -0.609      2.351     -2.711    -18.964     -7.299     -4.802     47.748
     -0.611      2.366     -2.702    -19.059     -7.313     -4.865     47.791
     -0.613      2.380     -2.692    -19.155     -7.326     -4.927     47.834
     -0.615      2.395     -2.682    -19.251     -7.339     -4.989     47.876
     -0.617      2.410     -2.672    -19.346     -7.352     -5.051     47.918
     -0.619      2.424     -2.662    -19.442     -7.365     -5.113     47.960
     -0.621      2.439     -2.652    -19.538     -7.377     -5.175     48.002
     -0.623      2.454     -2.641    -19.634     -7.390     -5.237     48.043
     -0.625      2.469     -2.631    -19.730     -7.403     -5.298     48.084
     -0.627      2.483     -2.620    -19.827     -7.416     -5.360     48.125
     -0.629      2.498     -2.609    -19.923     -7.428     -5.421     48.166
     -0.631      2.513     -2.598    -20.019     -7.441     -5.482     48.206
     -0.633      2.528     -2.587    -20.116     -7.453     -5.543     48.246
     -0.635      2.543     -2.576    -20.212     -7.466     -5.604     48.286
     -0.637      2.558     -2.565    -20.309     -7.478     -5.664     48.326
     -0.639      2.573     -2.554    -20.406     -7.491     -5.725     48.365
     -0.641      2.588     -2.542    -20.502     -7.503     -5.785     48.404
     -0.643      2.603     -2.530    -20.599     -7.515     -5.845     48.443
     -0.645      2.618     -2.519    -20.696     -7.527     -5.905     48.482
     -0.647      2.633     -2.507    -20.793     -7.540     -5.965     48.520
     -0.649      2.648     -2.495    -20.890     -7.552     -6.024     48.558
     -0.651      2.663     -2.483    -20.987     -7.564     -6.083     48.596
     -0.653      2.678     -2.470    -21.085     -7.575     -6.142     48.634
     -0.655      2.693     -2.458    -21.182     -7.587     -6.201     48.671
     -0.657      2.709     -2.446    -21.279     -7.599     -6.260     48.708
     -0.659      2.724     -2.433    -21.377     -7.611     -6.318     48.745
     -0.661      2.739     -2.420    -21.474     -7.623     -6.376     48.781
     -0.663      2.754     -2.408    -21.572     -7.634     -6.434     48.818
     -0.665      2.770     -2.395    -21.669     -7.646     -6.492     48.854
     -0.667      2.785     -2.382    -21.767     -7.657     -6.549     48.889
     -0.669      2.800     -2.368    -21.865     -7.669     -6.607     48.925
     -0.671      2.816     -2.355    -21.963     -7.680     -6.664     48.960
     -0.673      2.831     -2.342    -22.061     -7.691     -6.721     48.995
     -0.675      2.846     -2.328    -22.159     -7.703     -6.777     49.030
     -0.677      2.862     -2.315    -22.257     -7.714     -6.834     49.064
     -0.679      2.877     -2.301    -22.355     -7.725     -6.890     49.098
     -0.681      2.893     -2.287    -22.453     -7.736     -6.946     49.132
     -0.683      2.908     -2.273    -22.552     -7.747     -7.002     49.166
     -0.685      2.924     -2.259    -22.650     -7.758     -7.058     49.200
     -0.687      2.939     -2.245    -22.748     -7.769     -7.113     49.233
     -0.689      2.955     -2.231    -22.847     -7.780     -7.168     49.266
     -0.691      2.970     -2.216    -22.946     -7.791     -7.224     49.299
     -0.693      2.986     -2.202    -23.044     -7.801     -7.278     49.332
     -0.695      3.002     -2.187    -23.143     -7.812     -7.333     49.364
     -0.697      3.017     -2.172    -23.242     -7.823     -7.388     49.396
     -0.699      3.033     -2.158    -23.340     -7.833     -7.442     49.428
     -0.701      3.049     -2.143    -23.439     -7.844     -7.496     49.460
     -0.703      3.064     -2.128    -23.538     -7.854     -7.550     49.491
     -0.705      3.080     -2.112    -23.637     -7.865     -7.603     49.523
     -0.707      3.096     -2.097    -23.736     -7.875     -7.657     49.554
     -0.709      3.111     -2.082    -23.835     -7.885     -7.710     49.585
     -0.711      3.127     -2.066    -23.935     -7.895     -7.763     49.615
     -0.713      3.143     -2.051    -24.034     -7.906     -7.816     49.646
     -0.715      3.159     -2.035    -24.133     -7.916     -7.869     49.676
     -0.717      3.175     -2.019    -24.233     -7.926     -7.922     49.706
     -0.719      3.191     -2.003    -24.332     -7.936     -7.974     49.736
     -0.721      3.206     -1.987    -24.432     -7.946     -8.026     49.766
     -0.723      3.222     -1.971    -24.531     -7.956     -8.078     49.795
     -0.725      3.238     -1.955    -24.631     -7.966     -8.130     49.825
     -0.727      3.254     -1.939    -24.730     -7.976     -8.182     49.854
     -0.729      3.270     -1.922    -24.830     -7.986     -8.233     49.883
     -0.731      3.286     -1.906    -24.930     -7.995     -8.285     49.912
     -0.733      3.302     -1.889    -25.030     -8.005     -8.336     49.940
     -0.735      3.318     -1.872    -25.130     -8.015     -8.387     49.968
     -0.737      3.334     -1.856    -25.230     -8.024     -8.438     49.997
     -0.739      3.350     -1.839    -25.330     -8.034     -8.488     50.025
     -0.741      3.366     -1.822    -25.430     -8.043     -8.539     50.052
     -0.743      3.382     -1.805    -25.530     -8.053     -8.589     50.080
     -0.745      3.399     -1.787    -25.630     -8.062     -8.639     50.108
     -0.747      3.415     -1.770    -25.730     -8.072     -8.689     50.135
     -0.749      3.431     -1.753    -25.831     -8.081     -8.739     50.162
     -0.751      3.447     -1.735    -25.931     -8.090     -8.788     50.189
     -0.753      3.463     -1.717    -26.031     -8.100     -8.838     50.216
     -0.755      3.479     -1.700    -26.132     -8.109     -8.887     50.242
     -0.757      3.496     -1.682    -26.232     -8.118     -8.936     50.269
     -0.759      3.512     -1.664    -26.333     -8.127     -8.985     50.295
     -0.761      3.528     -1.646    -26.434     -8.136     -9.034     50.321
     -0.763      3.544     -1.628    -26.534     -8.145     -9.083     50.347
     -0.765      3.561     -1.610    -26.635     -8.154     -9.131     50.373
     -0.767      3.577     -1.591    -26.736     -8.163     -9.179     50.398
     -0.769      3.593     -1.573    -26.837     -8.172     -9.227     50.424
     -0.771      3.610     -1.554    -26.937     -8.181     -9.275     50.449
     -0.773      3.626     -1.536    -27.038     -8.190     -9.323     50.474
     -0.775      3.642     -1.517    -27.139     -8.199     -9.371     50.499
     -0.777      3.659     -1.498    -27.240     -8.207     -9.418     50.524
     -0.779      3.675     -1.479    -27.341     -8.216     -9.466     50.549
     -0.781      3.692     -1.460    -27.443     -8.225     -9.513     50.573
     -0.783      3.708     -1.441    -27.544     -8.233     -9.560     50.597
     -0.785      3.725     -1.422    -27.645     -8.242     -9.607     50.622
     -0.787      3.741     -1.403    -27.746     -8.251     -9.654     50.646
     -0.789      3.758     -1.384    -27.848     -8.259     -9.700     50.670
     -0.791      3.774     -1.364    -27.949     -8.268     -9.747     50.693
     -0.793      3.791     -1.345    -28.050     -8.276     -9.793     50.717
     -0.795      3.807     -1.325    -28.152     -8.284     -9.839     50.740
     -0.797      3.824     -1.305    -28.253     -8.293     -9.885     50.764
     -0.799      3.840     -1.285    -28.355     -8.301     -9.931     50.787
     -0.801      3.857     -1.266    -28.456     -8.309     -9.977     50.810
     -0.803      3.874     -1.246    -28.558     -8.318    -10.022     50.833
     -0.805      3.890     -1.225    -28.660     -8.326    -10.068     50.856
     -0.807      3.907     -1.205    -28.761     -8.334    -10.113     50.878
     -0.809      3.924     -1.185    -28.863     -8.342    -10.158     50.901
     -0.811      3.940     -1.165    -28.965     -8.350    -10.203     50.923
     -0.813      3.957     -1.144    -29.067     -8.358    -10.248     50.945
     -0.815      3.974     -1.124    -29.169     -8.366    -10.293     50.967
     -0.817      3.991     -1.103    -29.271     -8.374    -10.337     50.989
     -0.819      4.007     -1.082    -29.373     -8.382    -10.382     51.011
     -0.821      4.024     -1.061    -29.475     -8.390    -10.426     51.033
     -0.823      4.041     -1.041    -29.577     -8.398    -10.470     51.054
     -0.825      4.058     -1.020    -29.679     -8.406    -10.514     51.076
     -0.827      4.075     -0.999    -29.781     -8.414    -10.558     51.097
     -0.829      4.091     -0.977    -29.883     -8.422    -10.602     51.118
     -0.831      4.108     -0.956    -29.986     -8.430    -10.645     51.140
     -0.833      4.125     -0.935    -30.088     -8.437    -10.689     51.160
     -0.835      4.142     -0.913    -30.190     -8.445    -10.732     51.181
     -0.837      4.159     -0.892    -30.293     -8.453    -10.775     51.202
     -0.839      4.176     -0.870    -30.395     -8.460    -10.818     51.223
     -0.841      4.193     -0.849    -30.498     -8.468    -10.861     51.243
     -0.843      4.210     -0.827    -30.600     -8.475    -10.904     51.263
     -0.845      4.227     -0.805    -30.703     -8.483    -10.947     51.284
     -0.847      4.244     -0.783    -30.805     -8.491    -10.989     51.304
     -0.849      4.261     -0.761    -30.908     -8.498    -11.032     51.324
     -0.851      4.278     -0.739    -31.011     -8.505    -11.074     51.344
     -0.853      4.295     -0.717    -31.113     -8.513    -11.116     51.363
     -0.855      4.312     -0.694    -31.216     -8.520    -11.158     51.383
     -0.857      4.329     -0.672    -31.319     -8.528    -11.200     51.402
     -0.859      4.346     -0.650    -31.422     -8.535    -11.242     51.422
     -0.861      4.363     -0.627    -31.524     -8.542    -11.284     51.441
     -0.863      4.380     -0.605    -31.627     -8.549    -11.325     51.460
     -0.865      4.397     -0.582    -31.730     -8.557    -11.367     51.479
     -0.867      4.414     -0.559    -31.833     -8.564    -11.408     51.498
     -0.869      4.431     -0.536    -31.936     -8.571    -11.449     51.517
     -0.871      4.448     -0.513    -32.039     -8.578    -11.490     51.536
     -0.873      4.466     -0.490    -32.142     -8.585    -11.531     51.555
     -0.875      4.483     -0.467    -32.246     -8.592    -11.572     51.573
     -0.877      4.500     -0.444    -32.349     -8.600    -11.613     51.592
     -0.879      4.517     -0.421    -32.452     -8.607    -11.653     51.610
     -0.881      4.534     -0.397    -32.555     -8.614    -11.694     51.628
     -0.883      4.552     -0.374    -32.658     -8.621    -11.734     51.647
     -0.885      4.569     -0.350    -32.762     -8.627    -11.774     51.665
     -0.887      4.586     -0.327    -32.865     -8.634    -11.814     51.682
     -0.889      4.603     -0.303    -32.969     -8.641    -11.854     51.700
     -0.891      4.621     -0.279    -33.072     -8.648    -11.894     51.718
     -0.893      4.638     -0.256    -33.175     -8.655    -11.934     51.736
     -0.895      4.655     -0.232    -33.279     -8.662    -11.973     51.753
     -0.897      4.673     -0.208    -33.382     -8.669    -12.013     51.771
     -0.899      4.690     -0.184    -33.486     -8.675    -12.052     51.788
     -0.901      4.707     -0.159    -33.590     -8.682    -12.092     51.805
     -0.903      4.725     -0.135    -33.693     -8.689    -12.131     51.822
     -0.905      4.742     -0.111    -33.797     -8.695    -12.170     51.840
     -0.907      4.759     -0.087    -33.901     -8.702    -12.209     51.856
     -0.909      4.777     -0.062    -34.004     -8.709    -12.248     51.873
     -0.911      4.794     -0.038    -34.108     -8.715    -12.286     51.890
     -0.913      4.812     -0.013    -34.212     -8.722    -12.325     51.907
     -0.915      4.829      0.012    -34.316     -8.728    -12.364     51.923
     -0.917      4.847      0.036    -34.420     -8.735    -12.402     51.940
     -0.919      4.864      0.061    -34.523     -8.741    -12.440     51.956
     -0.921      4.882      0.086    -34.627     -8.748    -12.479     51.973
     -0.923      4.899      0.111    -34.731     -8.754    -12.517     51.989
     -0.925      4.917      0.136    -34.835     -8.761    -12.555     52.005
     -0.927      4.934      0.161    -34.939     -8.767    -12.592     52.021
     -0.929      4.952      0.187    -35.043     -8.773    -12.630     52.037
     -0.931      4.969      0.212    -35.147     -8.780    -12.668     52.053
     -0.933      4.987      0.237    -35.252     -8.786    -12.705     52.069
     -0.935      5.004      0.263    -35.356     -8.792    -12.743     52.085
     -0.937      5.022      0.288    -35.460     -8.799    -12.780     52.100
     -0.939      5.040      0.314    -35.564     -8.805    -12.818     52.116
     -0.941      5.057      0.340    -35.668     -8.811    -12.855     52.131
     -0.943      5.075      0.365    -35.773     -8.817    -12.892     52.147
     -0.945      5.092      0.391    -35.877     -8.824    -12.929     52.162
     -0.947      5.110      0.417    -35.981     -8.830    -12.966     52.177
     -0.949      5.128      0.443    -36.086     -8.836    -13.002     52.192
     -0.951      5.145      0.469    -36.190     -8.842    -13.039     52.207
     -0.953      5.163      0.495    -36.295     -8.848    -13.076     52.222
     -0.955      5.181      0.521    -36.399     -8.854    -13.112     52.237
     -0.957      5.199      0.548    -36.503     -8.860    -13.148     52.252
     -0.959      5.216      0.574    -36.608     -8.866    -13.185     52.267
     -0.961      5.234      0.600    -36.713     -8.872    -13.221     52.282
     -0.963      5.252      0.627    -36.817     -8.878    -13.257     52.296
     -0.965      5.270      0.653    -36.922     -8.884    -13.293     52.311
     -0.967      5.287      0.680    -37.026     -8.890    -13.329     52.325
     -0.969      5.305      0.707    -37.131     -8.896    -13.364     52.340
     -0.971      5.323      0.733    -37.236     -8.902    -13.400     52.354
     -0.973      5.341      0.760    -37.340     -8.908    -13.436     52.368
     -0.975      5.359      0.787    -37.445     -8.914    -13.471     52.382
     -0.977      5.376      0.814    -37.550     -8.919    -13.507     52.396
     -0.979      5.394      0.841    -37.655     -8.925    -13.542     52.410
     -0.981      5.412      0.868    -37.760     -8.931    -13.577     52.424
     -0.983      5.430      0.896    -37.864     -8.937    -13.612     52.438
     -0.985      5.448      0.923    -37.969     -8.942    -13.647     52.452
     -0.987      5.466      0.950    -38.074     -8.948    -13.682     52.466
     -0.989      5.484      0.978    -38.179     -8.954    -13.717     52.479
     -0.991      5.502      1.005    -38.284     -8.960    -13.752     52.493
     -0.993      5.519      1.033    -38.389     -8.965    -13.786     52.506
     -0.995      5.537      1.060    -38.494     -8.971    -13.821     52.520
     -0.997      5.555      1.088    -38.599     -8.977    -13.855     52.533
     -0.999      5.573      1.116    -38.704     -8.982    -13.890     52.546
     -1.001      5.591      1.143    -38.809     -8.988    -13.924     52.560
     -1.003      5.609      1.171    -38.915     -8.993    -13.958     52.573
     -1.005      5.627      1.199    -39.020     -8.999    -13.992     52.586
     -1.007      5.645      1.227    -39.125     -9.004    -14.026     52.599
     -1.009      5.663      1.255    -39.230     -9.010    -14.060     52.612
     -1.011      5.681      1.283    -39.335     -9.015    -14.094     52.625
     -1.013      5.699      1.312    -39.441     -9.021    -14.128     52.638
     -1.015      5.717      1.340    -39.546     -9.026    -14.162     52.650
     -1.017      5.735      1.368    -39.651     -9.032    -14.195     52.663
     -1.019      5.753      1.397    -39.757     -9.037    -14.229     52.676
     -1.021      5.772      1.425    -39.862     -9.042    -14.262     52.688
     -1.023      5.790      1.454    -39.967     -9.048    -14.296     52.701
     -1.025      5.808      1.482    -40.073     -9.053    -14.329     52.713
     -1.027      5.826      1.511    -40.178     -9.058    -14.362     52.726
     -1.029      5.844      1.540    -40.284     -9.064    -14.395     52.738
     -1.031      5.862      1.569    -40.389     -9.069    -14.428     52.750
     -1.033      5.880      1.598    -40.495     -9.074    -14.461     52.762
     -1.035      5.898      1.627    -40.600     -9.080    -14.494     52.775
     -1.037      5.917      1.656    -40.706     -9.085    -14.527     52.787
     -1.039      5.935      1.685    -40.811     -9.090    -14.559     52.799
     -1.041      5.953      1.714    -40.917     -9.095    -14.592     52.811
     -1.043      5.971      1.743    -41.023     -9.101    -14.625     52.823
     -1.045      5.989      1.772    -41.128     -9.106    -14.657     52.834
     -1.047      6.008      1.802    -41.234     -9.111    -14.689     52.846
     -1.049      6.026      1.831    -41.340     -9.116    -14.722     52.858
     -1.051      6.044      1.861    -41.445     -9.121    -14.754     52.870
     -1.053      6.062      1.890    -41.551     -9.126    -14.786     52.881
     -1.055      6.081      1.920    -41.657     -9.131    -14.818     52.893
     -1.057      6.099      1.949    -41.763     -9.136    -14.850     52.904
     -1.059      6.117      1.979    -41.869     -9.141    -14.882     52.916
     -1.061      6.135      2.009    -41.974     -9.146    -14.914     52.927
     -1.063      6.154      2.039    -42.080     -9.151    -14.945     52.938
     -1.065      6.172      2.069    -42.186     -9.156    -14.977     52.950
     -1.067      6.190      2.099    -42.292     -9.161    -15.009     52.961
     -1.069      6.209      2.129    -42.398     -9.166    -15.040     52.972
     -1.071      6.227      2.159    -42.504     -9.171    -15.072     52.983
     -1.073      6.245      2.189    -42.610     -9.176    -15.103     52.994
     -1.075      6.264      2.219    -42.716     -9.181    -15.134     53.005
     -1.077      6.282      2.250    -42.822     -9.186    -15.165     53.016
     -1.079      6.300      2.280    -42.928     -9.191    -15.196     53.027
     -1.081      6.319      2.310    -43.034     -9.196    -15.228     53.038
     -1.083      6.337      2.341    -43.140     -9.201    -15.259     53.049
     -1.085      6.356      2.371    -43.246     -9.206    -15.289     53.060
     -1.087      6.374      2.402    -43.352     -9.210    -15.320     53.070
     -1.089      6.392      2.433    -43.458     -9.215    -15.351     53.081
     -1.091      6.411      2.463    -43.565     -9.220    -15.382     53.091
     -1.093      6.429      2.494    -43.671     -9.225    -15.412     53.102
     -1.095      6.448      2.525    -43.777     -9.230    -15.443     53.112
     -1.097      6.466      2.556    -43.883     -9.234    -15.473     53.123
     -1.099      6.485      2.587    -43.990     -9.239    -15.504     53.133
     -1.101      6.503      2.618    -44.096     -9.244    -15.534     53.144
     -1.103      6.522      2.649    -44.202     -9.248    -15.564     53.154
     -1.105      6.540      2.680    -44.308     -9.253    -15.594     53.164
     -1.107      6.559      2.711    -44.415     -9.258    -15.625     53.174
     -1.109      6.577      2.743    -44.521     -9.262    -15.655     53.184
     -1.111      6.596      2.774    -44.628     -9.267    -15.685     53.195
     -1.113      6.614      2.805    -44.734     -9.272    -15.715     53.205
     -1.115      6.633      2.837    -44.840     -9.276    -15.744     53.215
     -1.117      6.651      2.868    -44.947     -9.281    -15.774     53.225
     -1.119      6.670      2.900    -45.053     -9.286    -15.804     53.234
     -1.121      6.689      2.932    -45.160     -9.290    -15.833     53.244
     -1.123      6.707      2.963    -45.266     -9.295    -15.863     53.254
     -1.125      6.726      2.995    -45.373     -9.299    -15.892     53.264
     -1.127      6.744      3.027    -45.479     -9.304    -15.922     53.274
     -1.129      6.763      3.059    -45.586     -9.308    -15.951     53.283
     -1.131      6.782      3.091    -45.692     -9.313    -15.981     53.293
     -1.133      6.800      3.123    -45.799     -9.317    -16.010     53.302
     -1.135      6.819      3.155    -45.906     -9.322    -16.039     53.312
     -1.137      6.837      3.187    -46.012     -9.326    -16.068     53.322
     -1.139      6.856      3.219    -46.119     -9.331    -16.097     53.331
     -1.141      6.875      3.251    -46.226     -9.335    -16.126     53.340
     -1.143      6.893      3.284    -46.332     -9.339    -16.155     53.350
     -1.145      6.912      3.316    -46.439     -9.344    -16.184     53.359
     -1.147      6.931      3.348    -46.546     -9.348    -16.213     53.368
     -1.149      6.950      3.381    -46.652     -9.353    -16.241     53.378
     -1.151      6.968      3.413    -46.759     -9.357    -16.270     53.387
     -1.153      6.987      3.446    -46.866     -9.361    -16.298     53.396
     -1.155      7.006      3.478    -46.973     -9.366    -16.327     53.405
     -1.157      7.024      3.511    -47.080     -9.370    -16.355     53.414
     -1.159      7.043      3.544    -47.186     -9.374    -16.384     53.423
     -1.161      7.062      3.577    -47.293     -9.379    -16.412     53.432
     -1.163      7.081      3.609    -47.400     -9.383    -16.440     53.441
     -1.165      7.099      3.642    -47.507     -9.387    -16.469     53.450
     -1.167      7.118      3.675    -47.614     -9.391    -16.497     53.459
     -1.169      7.137      3.708    -47.721     -9.396    -16.525     53.468
     -1.171      7.156      3.741    -47.828     -9.400    -16.553     53.476
     -1.173      7.175      3.775    -47.935     -9.404    -16.581     53.485
     -1.175      7.193      3.808    -48.042     -9.408    -16.609     53.494
     -1.177      7.212      3.841    -48.149     -9.412    -16.636     53.502
     -1.179      7.231      3.874    -48.256     -9.417    -16.664     53.511
     -1.181      7.250      3.908    -48.363     -9.421    -16.692     53.520
     -1.183      7.269      3.941    -48.470     -9.425    -16.720     53.528
     -1.185      7.288      3.975    -48.577     -9.429    -16.747     53.537
     -1.187      7.306      4.008    -48.684     -9.433    -16.775     53.545
     -1.189      7.325      4.042    -48.791     -9.437    -16.802     53.553
     -1.191      7.344      4.075    -48.898     -9.441    -16.830     53.562
     -1.193      7.363      4.109    -49.005     -9.446    -16.857     53.570
     -1.195      7.382      4.143    -49.113     -9.450    -16.884     53.578
     -1.197      7.401      4.177    -49.220     -9.454    -16.911     53.587
     -1.199      7.420      4.210    -49.327     -9.458    -16.939     53.595
     -1.201      7.439      4.244    -49.434     -9.462    -16.966     53.603
     -1.203      7.458      4.278    -49.541     -9.466    -16.993     53.611
     -1.205      7.477      4.312    -49.649     -9.470    -17.020     53.619
     -1.207      7.496      4.346    -49.756     -9.474    -17.047     53.628
     -1.209      7.515      4.380    -49.863     -9.478    -17.074     53.636
     -1.211      7.533      4.415    -49.970     -9.482    -17.100     53.644
     -1.213      7.552      4.449    -50.078     -9.486    -17.127     53.652
     -1.215      7.571      4.483    -50.185     -9.490    -17.154     53.659
     -1.217      7.590      4.517    -50.292     -9.494    -17.181     53.667
     -1.219      7.609      4.552    -50.400     -9.498    -17.207     53.675
     -1.221      7.628      4.586    -50.507     -9.502    -17.234     53.683
     -1.223      7.647      4.621    -50.614     -9.506    -17.260     53.691
     -1.225      7.666      4.655    -50.722     -9.510    -17.287     53.699
     -1.227      7.685      4.690    -50.829     -9.513    -17.313     53.706
     -1.229      7.704      4.725    -50.937     -9.517    -17.339     53.714
     -1.231      7.724      4.759    -51.044     -9.521    -17.366     53.722
     -1.233      7.743      4.794    -51.151     -9.525    -17.392     53.729
     -1.235      7.762      4.829    -51.259     -9.529    -17.418     53.737
     -1.237      7.781      4.864    -51.366     -9.533    -17.444     53.744
     -1.239      7.800      4.899    -51.474     -9.537    -17.470     53.752
     -1.241      7.819      4.934    -51.581     -9.540    -17.496     53.759
     -1.243      7.838      4.969    -51.689     -9.544    -17.522     53.767
     -1.245      7.857      5.004    -51.796     -9.548    -17.548     53.774
     -1.247      7.876      5.039    -51.904     -9.552    -17.574     53.782
     -1.249      7.895      5.074    -52.012     -9.556    -17.600     53.789
     -1.251      7.914      5.109    -52.119     -9.559    -17.625     53.796
     -1.253      7.933      5.144    -52.227     -9.563    -17.651     53.804
     -1.255      7.953      5.180    -52.334     -9.567    -17.677     53.811
     -1.257      7.972      5.215    -52.442     -9.571    -17.702     53.818
     -1.259      7.991      5.251    -52.550     -9.574    -17.728     53.825
     -1.261      8.010      5.286    -52.657     -9.578    -17.753     53.833
     -1.263      8.029      5.322    -52.765     -9.582    -17.779     53.840
     -1.265      8.048      5.357    -52.873     -9.585    -17.804     53.847
     -1.267      8.067      5.393    -52.980     -9.589    -17.829     53.854
     -1.269      8.087      5.429    -53.088     -9.593    -17.855     53.861
     -1.271      8.106      5.464    -53.196     -9.596    -17.880     53.868
     -1.273      8.125      5.500    -53.304     -9.600    -17.905     53.875
     -1.275      8.144      5.536    -53.411     -9.604    -17.930     53.882
     -1.277      8.163      5.572    -53.519     -9.607    -17.955     53.889
     -1.279      8.183      5.608    -53.627     -9.611    -17.980     53.896
     -1.281      8.202      5.644    -53.735     -9.615    -18.005     53.902
     -1.283      8.221      5.680    -53.842     -9.618    -18.030     53.909
     -1.285      8.240      5.716    -53.950     -9.622    -18.055     53.916
     -1.287      8.260      5.752    -54.058     -9.625    -18.080     53.923
     -1.289      8.279      5.788    -54.166     -9.629    -18.104     53.930
     -1.291      8.298      5.824    -54.274     -9.633    -18.129     53.936
     -1.293      8.317      5.861    -54.382     -9.636    -18.154     53.943
     -1.295      8.337      5.897    -54.490     -9.640    -18.178     53.950
     -1.297      8.356      5.933    -54.598     -9.643    -18.203     53.956
     -1.299      8.375      5.970    -54.705     -9.647    -18.228     53.963
     -1.301      8.395      6.006    -54.813     -9.650    -18.252     53.969
     -1.303      8.414      6.043    -54.921     -9.654    -18.276     53.976
     -1.305      8.433      6.079    -55.029     -9.657    -18.301     53.982
     -1.307      8.453      6.116    -55.137     -9.661    -18.325     53.989
     -1.309      8.472      6.153    -55.245     -9.664    -18.349     53.995
     -1.311      8.491      6.189    -55.353     -9.668    -18.374     54.002
     -1.313      8.511      6.226    -55.461     -9.671    -18.398     54.008
     -1.315      8.530      6.263    -55.569     -9.675    -18.422     54.015
     -1.317      8.549      6.300    -55.677     -9.678    -18.446     54.021
     -1.319      8.569      6.337    -55.785     -9.682    -18.470     54.027
     -1.321      8.588      6.374    -55.893     -9.685    -18.494     54.033
     -1.323      8.607      6.411    -56.001     -9.688    -18.518     54.040
     -1.325      8.627      6.448    -56.110     -9.692    -18.542     54.046
     -1.327      8.646      6.485    -56.218     -9.695    -18.566     54.052
     -1.329      8.665      6.522    -56.326     -9.699    -18.590     54.058
     -1.331      8.685      6.559    -56.434     -9.702    -18.613     54.064
     -1.333      8.704      6.597    -56.542     -9.705    -18.637     54.071
     -1.335      8.724      6.634    -56.650     -9.709    -18.661     54.077
     -1.337      8.743      6.671    -56.758     -9.712    -18.685     54.083
     -1.339      8.763      6.709    -56.867     -9.715    -18.708     54.089
     -1.341      8.782      6.746    -56.975     -9.719    -18.732     54.095
     -1.343      8.801      6.783    -57.083     -9.722    -18.755     54.101
     -1.345      8.821      6.821    -57.191     -9.725    -18.779     54.107
     -1.347      8.840      6.859    -57.299     -9.729    -18.802     54.113
     -1.349      8.860      6.896    -57.408     -9.732    -18.825     54.119
     -1.351      8.879      6.934    -57.516     -9.735    -18.849     54.125
     -1.353      8.899      6.972    -57.624     -9.739    -18.872     54.130
     -1.355      8.918      7.009    -57.732     -9.742    -18.895     54.136
     -1.357      8.938      7.047    -57.841     -9.745    -18.918     54.142
     -1.359      8.957      7.085    -57.949     -9.748    -18.942     54.148
     -1.361      8.977      7.123    -58.057     -9.752    -18.965     54.154
     -1.363      8.996      7.161    -58.165     -9.755    -18.988     54.159
     -1.365      9.016      7.199    -58.274     -9.758    -19.011     54.165
     -1.367      9.035      7.237    -58.382     -9.761    -19.034     54.171
     -1.369      9.055      7.275    -58.490     -9.765    -19.057     54.176
     -1.371      9.074      7.313    -58.599     -9.768    -19.080     54.182
     -1.373      9.094      7.351    -58.707     -9.771    -19.103     54.188
     -1.375      9.113      7.390    -58.816     -9.774    -19.125     54.193
     -1.377      9.133      7.428    -58.924     -9.777    -19.148     54.199
     -1.379      9.152      7.466    -59.032     -9.781    -19.171     54.204
     -1.381      9.172      7.505    -59.141     -9.784    -19.194     54.210
     -1.383      9.192      7.543    -59.249     -9.787    -19.216     54.215
     -1.385      9.211      7.581    -59.358     -9.790    -19.239     54.221
     -1.387      9.231      7.620    -59.466     -9.793    -19.261     54.226
     -1.389      9.250      7.658    -59.575     -9.796    -19.284     54.232
     -1.391      9.270      7.697    -59.683     -9.800    -19.306     54.237
     -1.393      9.290      7.736    -59.792     -9.803    -19.329     54.243
     -1.395      9.309      7.774    -59.900     -9.806    -19.351     54.248
     -1.397      9.329      7.813    -60.009     -9.809    -19.374     54.253
     -1.399      9.348      7.852    -60.117     -9.812    -19.396     54.259
     -1.401      9.368      7.891    -60.226     -9.815    -19.418     54.264
     -1.403      9.388      7.930    -60.334     -9.818    -19.440     54.269
     -1.405      9.407      7.968    -60.443     -9.821    -19.463     54.274
     -1.407      9.427      8.007    -60.551     -9.824    -19.485     54.280
     -1.409      9.447      8.046    -60.660     -9.827    -19.507     54.285
     -1.411      9.466      8.085    -60.768     -9.830    -19.529     54.290
     -1.413      9.486      8.124    -60.877     -9.834    -19.551     54.295
     -1.415      9.506      8.164    -60.986     -9.837    -19.573     54.300
     -1.417      9.525      8.203    -61.094     -9.840    -19.595     54.305
     -1.419      9.545      8.242    -61.203     -9.843    -19.617     54.311
     -1.421      9.565      8.281    -61.311     -9.846    -19.639     54.316
     -1.423      9.584      8.321    -61.420     -9.849    -19.661     54.321
     -1.425      9.604      8.360    -61.529     -9.852    -19.682     54.326
     -1.427      9.624      8.399    -61.637     -9.855    -19.704     54.331
     -1.429      9.643      8.439    -61.746     -9.858    -19.726     54.336
     -1.431      9.663      8.478    -61.855     -9.861    -19.748     54.341
     -1.433      9.683      8.518    -61.963     -9.864    -19.769     54.346
     -1.435      9.703      8.557    -62.072     -9.867    -19.791     54.351
     -1.437      9.722      8.597    -62.181     -9.870    -19.812     54.356
     -1.439      9.742      8.637    -62.289     -9.873    -19.834     54.360
     -1.441      9.762      8.676    -62.398     -9.875    -19.856     54.365
     -1.443      9.782      8.716    -62.507     -9.878    -19.877     54.370
     -1.445      9.801      8.756    -62.616     -9.881    -19.898     54.375
     -1.447      9.821      8.796    -62.724     -9.884    -19.920     54.380
     -1.449      9.841      8.835    -62.833     -9.887    -19.941     54.385
     -1.451      9.861      8.875    -62.942     -9.890    -19.962     54.389
     -1.453      9.880      8.915    -63.051     -9.893    -19.984     54.394
     -1.455      9.900      8.955    -63.160     -9.896    -20.005     54.399
     -1.457      9.920      8.995    -63.268     -9.899    -20.026     54.404
     -1.459      9.940      9.035    -63.377     -9.902    -20.047     54.408
     -1.461      9.960      9.075    -63.486     -9.905    -20.069     54.413
     -1.463      9.979      9.116    -63.595     -9.907    -20.090     54.418
     -1.465      9.999      9.156    -63.704     -9.910    -20.111     54.422
     -1.467     10.019      9.196    -63.812     -9.913    -20.132     54.427
     -1.469     10.039      9.236    -63.921     -9.916    -20.153     54.431
     -1.471     10.059      9.277    -64.030     -9.919    -20.174     54.436
     -1.473     10.079      9.317    -64.139     -9.922    -20.195     54.441
     -1.475     10.098      9.357    -64.248     -9.925    -20.215     54.445
     -1.477     10.118      9.398    -64.357     -9.927    -20.236     54.450
     -1.479     10.138      9.438    -64.466     -9.930    -20.257     54.454
     -1.481     10.158      9.479    -64.575     -9.933    -20.278     54.459
     -1.483     10.178      9.519    -64.684     -9.936    -20.299     54.463
     -1.485     10.198      9.560    -64.793     -9.939    -20.319     54.467
     -1.487     10.218      9.601    -64.901     -9.941    -20.340     54.472
     -1.489     10.238      9.641    -65.010     -9.944    -20.361     54.476
     -1.491     10.257      9.682    -65.119     -9.947    -20.381     54.481
     -1.493     10.277      9.723    -65.228     -9.950    -20.402     54.485
     -1.495     10.297      9.764    -65.337     -9.953    -20.422     54.489
     -1.497     10.317      9.805    -65.446     -9.955    -20.443     54.494
     -1.499     10.337      9.846    -65.555     -9.958    -20.463     54.498
     -1.501     10.357      9.887    -65.664     -9.961    -20.484     54.502
     -1.503     10.377      9.928    -65.773     -9.964    -20.504     54.507
     -1.505     10.397      9.969    -65.882     -9.966    -20.525     54.511
     -1.507     10.417     10.010    -65.991     -9.969    -20.545     54.515
     -1.509     10.437     10.051    -66.100     -9.972    -20.565     54.519
     -1.511     10.457     10.092    -66.209     -9.974    -20.586     54.524
     -1.513     10.477     10.133    -66.318     -9.977    -20.606     54.528
     -1.515     10.497     10.174    -66.428     -9.980    -20.626     54.532
     -1.517     10.517     10.216    -66.537     -9.983    -20.646     54.536
     -1.519     10.536     10.257    -66.646     -9.985    -20.666     54.540
     -1.521     10.556     10.298    -66.755     -9.988    -20.686     54.544
     -1.523     10.576     10.340    -66.864     -9.991    -20.706     54.548
     -1.525     10.596     10.381    -66.973     -9.993    -20.726     54.553
     -1.527     10.616     10.423    -67.082     -9.996    -20.746     54.557
     -1.529     10.636     10.464    -67.191     -9.999    -20.766     54.561
     -1.531     10.656     10.506    -67.300    -10.001    -20.786     54.565
     -1.533     10.676     10.547    -67.409    -10.004    -20.806     54.569
     -1.535     10.696     10.589    -67.519    -10.007    -20.826     54.573
     -1.537     10.716     10.631    -67.628    -10.009    -20.846     54.577
     -1.539     10.736     10.672    -67.737    -10.012    -20.866     54.581
     -1.541     10.756     10.714    -67.846    -10.015    -20.886     54.585
     -1.543     10.777     10.756    -67.955    -10.017    -20.905     54.589
     -1.545     10.797     10.798    -68.064    -10.020    -20.925     54.593
     -1.547     10.817     10.839    -68.174    -10.022    -20.945     54.597
     -1.549     10.837     10.881    -68.283    -10.025    -20.964     54.600
     -1.551     10.857     10.923    -68.392    -10.028    -20.984     54.604
     -1.553     10.877     10.965    -68.501    -10.030    -21.004     54.608
     -1.555     10.897     11.007    -68.610    -10.033    -21.023     54.612
     -1.557     10.917     11.049    -68.720    -10.035    -21.043     54.616
     -1.559     10.937     11.092    -68.829    -10.038    -21.062     54.620
     -1.561     10.957     11.134    -68.938    -10.040    -21.082     54.623
     -1.563     10.977     11.176    -69.047    -10.043    -21.101     54.627
     -1.565     10.997     11.218    -69.157    -10.046    -21.121     54.631
     -1.567     11.017     11.260    -69.266    -10.048    -21.140     54.635
     -1.569     11.037     11.303    -69.375    -10.051    -21.159     54.639
     -1.571     11.057     11.345    -69.484    -10.053    -21.179     54.642
     -1.573     11.078     11.387    -69.594    -10.056    -21.198     54.646
     -1.575     11.098     11.430    -69.703    -10.058    -21.217     54.650
     -1.577     11.118     11.472    -69.812    -10.061    -21.236     54.653
     -1.579     11.138     11.515    -69.922    -10.063    -21.256     54.657
     -1.581     11.158     11.557    -70.031    -10.066    -21.275     54.661
     -1.583     11.178     11.600    -70.140    -10.068    -21.294     54.664
     -1.585     11.198     11.642    -70.250    -10.071    -21.313     54.668
     -1.587     11.219     11.685    -70.359    -10.073    -21.332     54.672
     -1.589     11.239     11.728    -70.468    -10.076    -21.351     54.675
     -1.591     11.259     11.770    -70.578    -10.078    -21.370     54.679
     -1.593     11.279     11.813    -70.687    -10.081    -21.389     54.682
     -1.595     11.299     11.856    -70.796    -10.083    -21.408     54.686
     -1.597     11.319     11.899    -70.906    -10.086    -21.427     54.689
     -1.599     11.339     11.942    -71.015    -10.088    -21.446     54.693
     -1.601     11.360     11.985    -71.125    -10.091    -21.465     54.696
     -1.603     11.380     12.028    -71.234    -10.093    -21.484     54.700
     -1.605     11.400     12.071    -71.343    -10.096    -21.503     54.703
     -1.607     11.420     12.114    -71.453    -10.098    -21.521     54.707
     -1.609     11.440     12.157    -71.562    -10.101    -21.540     54.710
     -1.611     11.461     12.200    -71.672    -10.103    -21.559     54.714
     -1.613     11.481     12.243    -71.781    -10.105    -21.578     54.717
     -1.615     11.501     12.286    -71.890    -10.108    -21.596     54.720
     -1.617     11.521     12.329    -72.000    -10.110    -21.615     54.724
     -1.619     11.541     12.373    -72.109    -10.113    -21.633     54.727
     -1.621     11.562     12.416    -72.219    -10.115    -21.652     54.731
     -1.623     11.582     12.459    -72.328    -10.118    -21.671     54.734
     -1.625     11.602     12.502    -72.438    -10.120    -21.689     54.737
     -1.627     11.622     12.546    -72.547    -10.122    -21.708     54.741
     -1.629     11.643     12.589    -72.657    -10.125    -21.726     54.744
     -1.631     11.663     12.633    -72.766    -10.127    -21.745     54.747
     -1.633     11.683     12.676    -72.876    -10.130    -21.763     54.751
     -1.635     11.703     12.720    -72.985    -10.132    -21.781     54.754
     -1.637     11.724     12.763    -73.095    -10.134    -21.800     54.757
     -1.639     11.744     12.807    -73.204    -10.137    -21.818     54.760
     -1.641     11.764     12.851    -73.314    -10.139    -21.836     54.764
     -1.643     11.785     12.894    -73.423    -10.141    -21.855     54.767
     -1.645     11.805     12.938    -73.533    -10.144    -21.873     54.770
     -1.647     11.825     12.982    -73.642    -10.146    -21.891     54.773
     -1.649     11.845     13.026    -73.752    -10.148    -21.909     54.776
     -1.651     11.866     13.070    -73.861    -10.151    -21.928     54.779
     -1.653     11.886     13.113    -73.971    -10.153    -21.946     54.783
     -1.655     11.906     13.157    -74.081    -10.155    -21.964     54.786
     -1.657     11.927     13.201    -74.190    -10.158    -21.982     54.789
     -1.659     11.947     13.245    -74.300    -10.160    -22.000     54.792
     -1.661     11.967     13.289    -74.409    -10.162    -22.018     54.795
     -1.663     11.988     13.333    -74.519    -10.165    -22.036     54.798
     -1.665     12.008     13.377    -74.629    -10.167    -22.054     54.801
     -1.667     12.028     13.422    -74.738    -10.169    -22.072     54.804
     -1.669     12.049     13.466    -74.848    -10.172    -22.090     54.807
     -1.671     12.069     13.510    -74.957    -10.174    -22.108     54.810
     -1.673     12.089     13.554    -75.067    -10.176    -22.126     54.813
     -1.675     12.110     13.598    -75.177    -10.178    -22.144     54.816
     -1.677     12.130     13.643    -75.286    -10.181    -22.162     54.819
     -1.679     12.150     13.687    -75.396    -10.183    -22.179     54.822
     -1.681     12.171     13.731    -75.506    -10.185    -22.197     54.825
     -1.683     12.191     13.776    -75.615    -10.188    -22.215     54.828
     -1.685     12.212     13.820    -75.725    -10.190    -22.233     54.831
     -1.687     12.232     13.865    -75.835    -10.192    -22.250     54.834
     -1.689     12.252     13.909    -75.944    -10.194    -22.268     54.837
     -1.691     12.273     13.954    -76.054    -10.197    -22.286     54.840
     -1.693     12.293     13.998    -76.164    -10.199    -22.303     54.843
     -1.695     12.313     14.043    -76.273    -10.201    -22.321     54.846
     -1.697     12.334     14.088    -76.383    -10.203    -22.339     54.849
     -1.699     12.354     14.132    -76.493    -10.205    -22.356     54.852
     -1.701     12.375     14.177    -76.602    -10.208    -22.374     54.855
     -1.703     12.395     14.222    -76.712    -10.210    -22.391     54.857
     -1.705     12.416     14.267    -76.822    -10.212    -22.409     54.860
     -1.707     12.436     14.312    -76.932    -10.214    -22.426     54.863
     -1.709     12.456     14.356    -77.041    -10.217    -22.444     54.866
     -1.711     12.477     14.401    -77.151    -10.219    -22.461     54.869
     -1.713     12.497     14.446    -77.261    -10.221    -22.479     54.871
     -1.715     12.518     14.491    -77.370    -10.223    -22.496     54.874
     -1.717     12.538     14.536    -77.480    -10.225    -22.513     54.877
     -1.719     12.559     14.581    -77.590    -10.228    -22.531     54.880
     -1.721     12.579     14.626    -77.700    -10.230    -22.548     54.883
     -1.723     12.600     14.671    -77.810    -10.232    -22.565     54.885
     -1.725     12.620     14.717    -77.919    -10.234    -22.582     54.888
     -1.727     12.640     14.762    -78.029    -10.236    -22.600     54.891
     -1.729     12.661     14.807    -78.139    -10.238    -22.617     54.893
     -1.731     12.681     14.852    -78.249    -10.241    -22.634     54.896
     -1.733     12.702     14.898    -78.358    -10.243    -22.651     54.899
     -1.735     12.722     14.943    -78.468    -10.245    -22.668     54.901
     -1.737     12.743     14.988    -78.578    -10.247    -22.685     54.904
     -1.739     12.763     15.034    -78.688    -10.249    -22.702     54.907
     -1.741     12.784     15.079    -78.798    -10.251    -22.720     54.909
     -1.743     12.804     15.124    -78.907    -10.253    -22.737     54.912
     -1.745     12.825     15.170    -79.017    -10.256    -22.754     54.915
     -1.747     12.845     15.215    -79.127    -10.258    -22.771     54.917
     -1.749     12.866     15.261    -79.237    -10.260    -22.788     54.920
     -1.751     12.886     15.307    -79.347    -10.262    -22.804     54.922
     -1.753     12.907     15.352    -79.457    -10.264    -22.821     54.925
     -1.755     12.927     15.398    -79.567    -10.266    -22.838     54.927
     -1.757     12.948     15.444    -79.676    -10.268    -22.855     54.930
     -1.759     12.969     15.489    -79.786    -10.270    -22.872     54.933
     -1.761     12.989     15.535    -79.896    -10.273    -22.889     54.935
     -1.763     13.010     15.581    -80.006    -10.275    -22.906     54.938
     -1.765     13.030     15.627    -80.116    -10.277    -22.922     54.940
     -1.767     13.051     15.673    -80.226    -10.279    -22.939     54.943
     -1.769     13.071     15.718    -80.336    -10.281    -22.956     54.945
     -1.771     13.092     15.764    -80.446    -10.283    -22.973     54.948
     -1.773     13.112     15.810    -80.555    -10.285    -22.989     54.950
     -1.775     13.133     15.856    -80.665    -10.287    -23.006     54.952
     -1.777     13.154     15.902    -80.775    -10.289    -23.023     54.955
     -1.779     13.174     15.948    -80.885    -10.291    -23.039     54.957
     -1.781     13.195     15.995    -80.995    -10.293    -23.056     54.960
     -1.783     13.215     16.041    -81.105    -10.295    -23.072     54.962
     -1.785     13.236     16.087    -81.215    -10.297    -23.089     54.965
     -1.787     13.257     16.133    -81.325    -10.299    -23.106     54.967
     -1.789     13.277     16.179    -81.435    -10.301    -23.122     54.969
     -1.791     13.298     16.226    -81.545    -10.304    -23.139     54.972
     -1.793     13.318     16.272    -81.655    -10.306    -23.155     54.974
     -1.795     13.339     16.318    -81.765    -10.308    -23.172     54.977
     -1.797     13.360     16.365    -81.875    -10.310    -23.188     54.979
     -1.799     13.380     16.411    -81.985    -10.312    -23.204     54.981
     -1.801     13.401     16.457    -82.094    -10.314    -23.221     54.984
     -1.803     13.421     16.504    -82.204    -10.316    -23.237     54.986
     -1.805     13.442     16.550    -82.314    -10.318    -23.253     54.988
     -1.807     13.463     16.597    -82.424    -10.320    -23.270     54.990
     -1.809     13.483     16.643    -82.534    -10.322    -23.286     54.993
     -1.811     13.504     16.690    -82.644    -10.324    -23.302     54.995
     -1.813     13.525     16.737    -82.754    -10.326    -23.319     54.997
     -1.815     13.545     16.783    -82.864    -10.328    -23.335     55.000
     -1.817     13.566     16.830    -82.974    -10.330    -23.351     55.002
     -1.819     13.587     16.877    -83.084    -10.332    -23.367     55.004
     -1.821     13.607     16.923    -83.194    -10.334    -23.383     55.006
     -1.823     13.628     16.970    -83.304    -10.336    -23.400     55.008
     -1.825     13.649     17.017    -83.414    -10.338    -23.416     55.011
     -1.827     13.669     17.064    -83.524    -10.340    -23.432     55.013
     -1.829     13.690     17.111    -83.634    -10.342    -23.448     55.015
     -1.831     13.711     17.158    -83.745    -10.344    -23.464     55.017
     -1.833     13.731     17.205    -83.855    -10.346    -23.480     55.019
     -1.835     13.752     17.252    -83.965    -10.348    -23.496     55.022
     -1.837     13.773     17.299    -84.075    -10.349    -23.512     55.024
     -1.839     13.793     17.346    -84.185    -10.351    -23.528     55.026
     -1.841     13.814     17.393    -84.295    -10.353    -23.544     55.028
     -1.843     13.835     17.440    -84.405    -10.355    -23.560     55.030
     -1.845     13.856     17.487    -84.515    -10.357    -23.576     55.032
     -1.847     13.876     17.534    -84.625    -10.359    -23.592     55.034
     -1.849     13.897     17.581    -84.735    -10.361    -23.608     55.037
     -1.851     13.918     17.628    -84.845    -10.363    -23.624     55.039
     -1.853     13.938     17.676    -84.955    -10.365    -23.639     55.041
     -1.855     13.959     17.723    -85.065    -10.367    -23.655     55.043
     -1.857     13.980     17.770    -85.175    -10.369    -23.671     55.045
     -1.859     14.001     17.818    -85.285    -10.371    -23.687     55.047
     -1.861     14.021     17.865    -85.396    -10.373    -23.703     55.049
     -1.863     14.042     17.913    -85.506    -10.375    -23.718     55.051
     -1.865     14.063     17.960    -85.616    -10.377    -23.734     55.053
     -1.867     14.084     18.007    -85.726    -10.378    -23.750     55.055
     -1.869     14.104     18.055    -85.836    -10.380    -23.766     55.057
     -1.871     14.125     18.103    -85.946    -10.382    -23.781     55.059
     -1.873     14.146     18.150    -86.056    -10.384    -23.797     55.061
     -1.875     14.167     18.198    -86.166    -10.386    -23.813     55.063
     -1.877     14.188     18.245    -86.276    -10.388    -23.828     55.065
     -1.879     14.208     18.293    -86.387    -10.390    -23.844     55.067
     -1.881     14.229     18.341    -86.497    -10.392    -23.859     55.069
     -1.883     14.250     18.388    -86.607    -10.394    -23.875     55.071
     -1.885     14.271     18.436    -86.717    -10.395    -23.890     55.073
     -1.887     14.291     18.484    -86.827    -10.397    -23.906     55.075
     -1.889     14.312     18.532    -86.937    -10.399    -23.921     55.077
     -1.891     14.333     18.580    -87.047    -10.401    -23.937     55.079
     -1.893     14.354     18.628    -87.158    -10.403    -23.952     55.081
     -1.895     14.375     18.676    -87.268    -10.405    -23.968     55.083
     -1.897     14.395     18.723    -87.378    -10.407    -23.983     55.085
     -1.899     14.416     18.771    -87.488    -10.408    -23.999     55.086
     -1.901     14.437     18.819    -87.598    -10.410    -24.014     55.088
     -1.903     14.458     18.868    -87.708    -10.412    -24.029     55.090
     -1.905     14.479     18.916    -87.819    -10.414    -24.045     55.092
     -1.907     14.500     18.964    -87.929    -10.416    -24.060     55.094
     -1.909     14.520     19.012    -88.039    -10.418    -24.075     55.096
     -1.911     14.541     19.060    -88.149    -10.420    -24.091     55.098
     -1.913     14.562     19.108    -88.259    -10.421    -24.106     55.099
     -1.915     14.583     19.156    -88.370    -10.423    -24.121     55.101
     -1.917     14.604     19.205    -88.480    -10.425    -24.136     55.103
     -1.919     14.625     19.253    -88.590    -10.427    -24.152     55.105
     -1.921     14.646     19.301    -88.700    -10.429    -24.167     55.107
     -1.923     14.666     19.350    -88.810    -10.430    -24.182     55.109
     -1.925     14.687     19.398    -88.921    -10.432    -24.197     55.110
     -1.927     14.708     19.446    -89.031    -10.434    -24.212     55.112
     -1.929     14.729     19.495    -89.141    -10.436    -24.227     55.114
     -1.931     14.750     19.543    -89.251    -10.438    -24.243     55.116
     -1.933     14.771     19.592    -89.362    -10.440    -24.258     55.117
     -1.935     14.792     19.640    -89.472    -10.441    -24.273     55.119
     -1.937     14.812     19.689    -89.582    -10.443    -24.288     55.121
     -1.939     14.833     19.738    -89.692    -10.445    -24.303     55.123
     -1.941     14.854     19.786    -89.803    -10.447    -24.318     55.124
     -1.943     14.875     19.835    -89.913    -10.448    -24.333     55.126
     -1.945     14.896     19.883    -90.023    -10.450    -24.348     55.128
     -1.947     14.917     19.932    -90.133    -10.452    -24.363     55.129
     -1.949     14.938     19.981    -90.244    -10.454    -24.378     55.131
     -1.951     14.959     20.030    -90.354    -10.456    -24.393     55.133
     -1.953     14.980     20.078    -90.464    -10.457    -24.408     55.135
     -1.955     15.001     20.127    -90.574    -10.459    -24.422     55.136
     -1.957     15.022     20.176    -90.685    -10.461    -24.437     55.138
     -1.959     15.042     20.225    -90.795    -10.463    -24.452     55.140
     -1.961     15.063     20.274    -90.905    -10.464    -24.467     55.141
     -1.963     15.084     20.323    -91.015    -10.466    -24.482     55.143
     -1.965     15.105     20.372    -91.126    -10.468    -24.497     55.145
     -1.967     15.126     20.421    -91.236    -10.470    -24.511     55.146
     -1.969     15.147     20.470    -91.346    -10.471    -24.526     55.148
     -1.971     15.168     20.519    -91.457    -10.473    -24.541     55.149
     -1.973     15.189     20.568    -91.567    -10.475    -24.556     55.151
     -1.975     15.210     20.617    -91.677    -10.477    -24.570     55.153
     -1.977     15.231     20.666    -91.788    -10.478    -24.585     55.154
     -1.979     15.252     20.716    -91.898    -10.480    -24.600     55.156
     -1.981     15.273     20.765    -92.008    -10.482    -24.614     55.157
     -1.983     15.294     20.814    -92.118    -10.484    -24.629     55.159
     -1.985     15.315     20.863    -92.229    -10.485    -24.644     55.161
     -1.987     15.336     20.913    -92.339    -10.487    -24.658     55.162
     -1.989     15.357     20.962    -92.449    -10.489    -24.673     55.164
     -1.991     15.378     21.011    -92.560    -10.490    -24.688     55.165
     -1.993     15.399     21.061    -92.670    -10.492    -24.702     55.167
     -1.995     15.420     21.110    -92.780    -10.494    -24.717     55.168
     -1.997     15.441     21.160    -92.891    -10.496    -24.731     55.170
     -1.999     15.462     21.209    -93.001    -10.497    -24.746     55.171
     -2.001     15.483     21.259    -93.111    -10.499    -24.760     55.173
     -2.003     15.504     21.308    -93.222    -10.501    -24.775     55.174
     -2.005     15.525     21.358    -93.332    -10.502    -24.789     55.176
     -2.007     15.546     21.407    -93.443    -10.504    -24.804     55.177
     -2.009     15.567     21.457    -93.553    -10.506    -24.818     55.179
     -2.011     15.588     21.507    -93.663    -10.507    -24.832     55.180
     -2.013     15.609     21.556    -93.774    -10.509    -24.847     55.182
     -2.015     15.630     21.606    -93.884    -10.511    -24.861     55.183
     -2.017     15.651     21.656    -93.994    -10.513    -24.876     55.185
     -2.019     15.672     21.705    -94.105    -10.514    -24.890     55.186
     -2.021     15.693     21.755    -94.215    -10.516    -24.904     55.188
     -2.023     15.714     21.805    -94.325    -10.518    -24.919     55.189
     -2.025     15.735     21.855    -94.436    -10.519    -24.933     55.190
     -2.027     15.756     21.905    -94.546    -10.521    -24.947     55.192
     -2.029     15.777     21.955    -94.657    -10.523    -24.962     55.193
     -2.031     15.798     22.005    -94.767    -10.524    -24.976     55.195
     -2.033     15.819     22.055    -94.877    -10.526    -24.990     55.196
     -2.035     15.840     22.105    -94.988    -10.528    -25.004     55.198
     -2.037     15.861     22.155    -95.098    -10.529    -25.018     55.199
     -2.039     15.882     22.205    -95.209    -10.531    -25.033     55.200
     -2.041     15.903     22.255    -95.319    -10.532    -25.047     55.202
     -2.043     15.924     22.305    -95.429    -10.534    -25.061     55.203
     -2.045     15.945     22.355    -95.540    -10.536    -25.075     55.204
     -2.047     15.966     22.405    -95.650    -10.537    -25.089     55.206
     -2.049     15.988     22.455    -95.761    -10.539    -25.103     55.207
     -2.051     16.009     22.506    -95.871    -10.541    -25.118     55.208
     -2.053     16.030     22.556    -95.981    -10.542    -25.132     55.210
     -2.055     16.051     22.606    -96.092    -10.544    -25.146     55.211
     -2.057     16.072     22.656    -96.202    -10.546    -25.160     55.212
     -2.059     16.093     22.707    -96.313    -10.547    -25.174     55.214
     -2.061     16.114     22.757    -96.423    -10.549    -25.188     55.215
     -2.063     16.135     22.807    -96.534    -10.550    -25.202     55.216
     -2.065     16.156     22.858    -96.644    -10.552    -25.216     55.218
     -2.067     16.177     22.908    -96.754    -10.554    -25.230     55.219
     -2.069     16.199     22.959    -96.865    -10.555    -25.244     55.220
     -2.071     16.220     23.009    -96.975    -10.557    -25.258     55.222
     -2.073     16.241     23.060    -97.086    -10.558    -25.272     55.223
     -2.075     16.262     23.110    -97.196    -10.560    -25.286     55.224
     -2.077     16.283     23.161    -97.307    -10.562    -25.299     55.225
     -2.079     16.304     23.212    -97.417    -10.563    -25.313     55.227
     -2.081     16.325     23.262    -97.528    -10.565    -25.327     55.228
     -2.083     16.346     23.313    -97.638    -10.566    -25.341     55.229
     -2.085     16.367     23.364    -97.748    -10.568    -25.355     55.230
     -2.087     16.389     23.414    -97.859    -10.570    -25.369     55.232
     -2.089     16.410     23.465    -97.969    -10.571    -25.383     55.233
     -2.091     16.431     23.516    -98.080    -10.573    -25.396     55.234
     -2.093     16.452     23.567    -98.190    -10.574    -25.410     55.235
     -2.095     16.473     23.617    -98.301    -10.576    -25.424     55.237
     -2.097     16.494     23.668    -98.411    -10.578    -25.438     55.238
     -2.099     16.516     23.719    -98.522    -10.579    -25.451     55.239
     -2.101     16.537     23.770    -98.632    -10.581    -25.465     55.240
     -2.103     16.558     23.821    -98.743    -10.582    -25.479     55.241
     -2.105     16.579     23.872    -98.853    -10.584    -25.493     55.243
     -2.107     16.600     23.923    -98.964    -10.585    -25.506     55.244
     -2.109     16.621     23.974    -99.074    -10.587    -25.520     55.245
     -2.111     16.643     24.025    -99.185    -10.589    -25.534     55.246
     -2.113     16.664     24.076    -99.295    -10.590    -25.547     55.247
     -2.115     16.685     24.127    -99.406    -10.592    -25.561     55.248
     -2.117     16.706     24.178    -99.516    -10.593    -25.574     55.250
     -2.119     16.727     24.230    -99.627    -10.595    -25.588     55.251
     -2.121     16.748     24.281    -99.737    -10.596    -25.602     55.252
     -2.123     16.770     24.332    -99.848    -10.598    -25.615     55.253
     -2.125     16.791     24.383    -99.958    -10.599    -25.629     55.254
     -2.127     16.812     24.435   -100.069    -10.601    -25.642     55.255
     -2.129     16.833     24.486   -100.179    -10.602    -25.656     55.256
     -2.131     16.854     24.537   -100.290    -10.604    -25.669     55.257
     -2.133     16.876     24.589   -100.400    -10.606    -25.683     55.259
     -2.135     16.897     24.640   -100.511    -10.607    -25.696     55.260
     -2.137     16.918     24.691   -100.621    -10.609    -25.710     55.261
     -2.139     16.939     24.743   -100.732    -10.610    -25.723     55.262
     -2.141     16.961     24.794   -100.842    -10.612    -25.737     55.263
     -2.143     16.982     24.846   -100.953    -10.613    -25.750     55.264
     -2.145     17.003     24.897   -101.063    -10.615    -25.763     55.265
     -2.147     17.024     24.949   -101.174    -10.616    -25.777     55.266
     -2.149     17.045     25.000   -101.284    -10.618    -25.790     55.267
     -2.151     17.067     25.052   -101.395    -10.619    -25.804     55.268
     -2.153     17.088     25.104   -101.506    -10.621    -25.817     55.269
     -2.155     17.109     25.155   -101.616    -10.622    -25.830     55.270
     -2.157     17.130     25.207   -101.727    -10.624    -25.844     55.271
     -2.159     17.152     25.259   -101.837    -10.625    -25.857     55.272
     -2.161     17.173     25.310   -101.948    -10.627    -25.870     55.273
     -2.163     17.194     25.362   -102.058    -10.628    -25.883     55.275
     -2.165     17.215     25.414   -102.169    -10.630    -25.897     55.276
     -2.167     17.237     25.466   -102.279    -10.631    -25.910     55.277
     -2.169     17.258     25.517   -102.390    -10.633    -25.923     55.278
     -2.171     17.279     25.569   -102.500    -10.634    -25.937     55.279
     -2.173     17.300     25.621   -102.611    -10.636    -25.950     55.280
     -2.175     17.322     25.673   -102.722    -10.637    -25.963     55.281
     -2.177     17.343     25.725   -102.832    -10.639    -25.976     55.282
     -2.179     17.364     25.777   -102.943    -10.640    -25.989     55.283
     -2.181     17.386     25.829   -103.053    -10.642    -26.002     55.283
     -2.183     17.407     25.881   -103.164    -10.643    -26.016     55.284
     -2.185     17.428     25.933   -103.274    -10.645    -26.029     55.285
     -2.187     17.449     25.985   -103.385    -10.646    -26.042     55.286
     -2.189     17.471     26.037   -103.496    -10.648    -26.055     55.287
     -2.191     17.492     26.089   -103.606    -10.649    -26.068     55.288
     -2.193     17.513     26.141   -103.717    -10.651    -26.081     55.289
     -2.195     17.535     26.194   -103.827    -10.652    -26.094     55.290
     -2.197     17.556     26.246   -103.938    -10.653    -26.107     55.291
     -2.199     17.577     26.298   -104.048    -10.655    -26.120     55.292
     -2.201     17.599     26.350   -104.159    -10.656    -26.133     55.293
     -2.203     17.620     26.403   -104.270    -10.658    -26.146     55.294
     -2.205     17.641     26.455   -104.380    -10.659    -26.159     55.295
     -2.207     17.663     26.507   -104.491    -10.661    -26.172     55.296
     -2.209     17.684     26.560   -104.601    -10.662    -26.185     55.297
     -2.211     17.705     26.612   -104.712    -10.664    -26.198     55.298
     -2.213     17.727     26.664   -104.823    -10.665    -26.211     55.298
     -2.215     17.748     26.717   -104.933    -10.667    -26.224     55.299
     -2.217     17.769     26.769   -105.044    -10.668    -26.237     55.300
     -2.219     17.791     26.822   -105.154    -10.669    -26.250     55.301
     -2.221     17.812     26.874   -105.265    -10.671    -26.263     55.302
     -2.223     17.833     26.927   -105.376    -10.672    -26.276     55.303
     -2.225     17.855     26.979   -105.486    -10.674    -26.289     55.304
     -2.227     17.876     27.032   -105.597    -10.675    -26.302     55.305
     -2.229     17.897     27.085   -105.707    -10.677    -26.315     55.305
     -2.231     17.919     27.137   -105.818    -10.678    -26.327     55.306
     -2.233     17.940     27.190   -105.929    -10.679    -26.340     55.307
     -2.235     17.961     27.243   -106.039    -10.681    -26.353     55.308
     -2.237     17.983     27.295   -106.150    -10.682    -26.366     55.309
     -2.239     18.004     27.348   -106.260    -10.684    -26.379     55.310
     -2.241     18.025     27.401   -106.371    -10.685    -26.391     55.310
     -2.243     18.047     27.454   -106.482    -10.687    -26.404     55.311
     -2.245     18.068     27.506   -106.592    -10.688    -26.417     55.312
     -2.247     18.090     27.559   -106.703    -10.689    -26.430     55.313
     -2.249     18.111     27.612   -106.814    -10.691    -26.442     55.314
     -2.251     18.132     27.665   -106.924    -10.692    -26.455     55.315
     -2.253     18.154     27.718   -107.035    -10.694    -26.468     55.315
     -2.255     18.175     27.771   -107.145    -10.695    -26.481     55.316
     -2.257     18.196     27.824   -107.256    -10.696    -26.493     55.317
     -2.259     18.218     27.877   -107.367    -10.698    -26.506     55.318
     -2.261     18.239     27.930   -107.477    -10.699    -26.519     55.318
     -2.263     18.261     27.983   -107.588    -10.701    -26.531     55.319
     -2.265     18.282     28.036   -107.699    -10.702    -26.544     55.320
     -2.267     18.303     28.089   -107.809    -10.703    -26.556     55.321
     -2.269     18.325     28.142   -107.920    -10.705    -26.569     55.322
     -2.271     18.346     28.195   -108.031    -10.706    -26.582     55.322
     -2.273     18.368     28.249   -108.141    -10.708    -26.594     55.323
     -2.275     18.389     28.302   -108.252    -10.709    -26.607     55.324
     -2.277     18.411     28.355   -108.363    -10.710    -26.619     55.325
     -2.279     18.432     28.408   -108.473    -10.712    -26.632     55.325
     -2.281     18.453     28.462   -108.584    -10.713    -26.644     55.326
     -2.283     18.475     28.515   -108.694    -10.714    -26.657     55.327
     -2.285     18.496     28.568   -108.805    -10.716    -26.669     55.327
     -2.287     18.518     28.622   -108.916    -10.717    -26.682     55.328
     -2.289     18.539     28.675   -109.026    -10.719    -26.694     55.329
     -2.291     18.561     28.728   -109.137    -10.720    -26.707     55.330
     -2.293     18.582     28.782   -109.248    -10.721    -26.719     55.330
     -2.295     18.603     28.835   -109.358    -10.723    -26.732     55.331
     -2.297     18.625     28.889   -109.469    -10.724    -26.744     55.332
     -2.299     18.646     28.942   -109.580    -10.725    -26.757     55.332
     -2.301     18.668     28.996   -109.690    -10.727    -26.769     55.333
     -2.303     18.689     29.049   -109.801    -10.728    -26.782     55.334
     -2.305     18.711     29.103   -109.912    -10.729    -26.794     55.335
     -2.307     18.732     29.156   -110.022    -10.731    -26.806     55.335
     -2.309     18.754     29.210   -110.133    -10.732    -26.819     55.336
     -2.311     18.775     29.264   -110.244    -10.734    -26.831     55.337
     -2.313     18.797     29.317   -110.354    -10.735    -26.843     55.337
     -2.315     18.818     29.371   -110.465    -10.736    -26.856     55.338
     -2.317     18.840     29.425   -110.576    -10.738    -26.868     55.339
     -2.319     18.861     29.479   -110.686    -10.739    -26.880     55.339
     -2.321     18.882     29.532   -110.797    -10.740    -26.893     55.340
     -2.323     18.904     29.586   -110.908    -10.742    -26.905     55.340
     -2.325     18.925     29.640   -111.019    -10.743    -26.917     55.341
     -2.327     18.947     29.694   -111.129    -10.744    -26.929     55.342
     -2.329     18.968     29.748   -111.240    -10.746    -26.942     55.342
     -2.331     18.990     29.802   -111.351    -10.747    -26.954     55.343
     -2.333     19.011     29.856   -111.461    -10.748    -26.966     55.344
     -2.335     19.033     29.909   -111.572    -10.750    -26.978     55.344
     -2.337     19.054     29.963   -111.683    -10.751    -26.991     55.345
     -2.339     19.076     30.017   -111.793    -10.752    -27.003     55.345
     -2.341     19.097     30.071   -111.904    -10.754    -27.015     55.346
     -2.343     19.119     30.125   -112.015    -10.755    -27.027     55.347
     -2.345     19.140     30.180   -112.125    -10.756    -27.039     55.347
     -2.347     19.162     30.234   -112.236    -10.758    -27.052     55.348
     -2.349     19.183     30.288   -112.347    -10.759    -27.064     55.348
     -2.351     19.205     30.342   -112.457    -10.760    -27.076     55.349
     -2.353     19.226     30.396   -112.568    -10.761    -27.088     55.350
     -2.355     19.248     30.450   -112.679    -10.763    -27.100     55.350
     -2.357     19.270     30.504   -112.790    -10.764    -27.112     55.351
     -2.359     19.291     30.559   -112.900    -10.765    -27.124     55.351
     -2.361     19.313     30.613   -113.011    -10.767    -27.136     55.352
     -2.363     19.334     30.667   -113.122    -10.768    -27.148     55.352
     -2.365     19.356     30.722   -113.232    -10.769    -27.160     55.353
     -2.367     19.377     30.776   -113.343    -10.771    -27.173     55.354
     -2.369     19.399     30.830   -113.454    -10.772    -27.185     55.354
     -2.371     19.420     30.885   -113.565    -10.773    -27.197     55.355
     -2.373     19.442     30.939   -113.675    -10.775    -27.209     55.355
     -2.375     19.463     30.993   -113.786    -10.776    -27.221     55.356
     -2.377     19.485     31.048   -113.897    -10.777    -27.233     55.356
     -2.379     19.507     31.102   -114.007    -10.778    -27.245     55.357
     -2.381     19.528     31.157   -114.118    -10.780    -27.257     55.357
     -2.383     19.550     31.211   -114.229    -10.781    -27.269     55.358
     -2.385     19.571     31.266   -114.340    -10.782    -27.280     55.358
     -2.387     19.593     31.321   -114.450    -10.784    -27.292     55.359
     -2.389     19.614     31.375   -114.561    -10.785    -27.304     55.359
     -2.391     19.636     31.430   -114.672    -10.786    -27.316     55.360
     -2.393     19.657     31.484   -114.782    -10.787    -27.328     55.360
     -2.395     19.679     31.539   -114.893    -10.789    -27.340     55.361
     -2.397     19.701     31.594   -115.004    -10.790    -27.352     55.361
     -2.399     19.722     31.648   -115.115    -10.791    -27.364     55.362
     -2.401     19.744     31.703   -115.225    -10.792    -27.376     55.362
     -2.403     19.765     31.758   -115.336    -10.794    -27.388     55.363
     -2.405     19.787     31.813   -115.447    -10.795    -27.399     55.363
     -2.407     19.809     31.868   -115.557    -10.796    -27.411     55.364
     -2.409     19.830     31.922   -115.668    -10.798    -27.423     55.364
     -2.411     19.852     31.977   -115.779    -10.799    -27.435     55.365
     -2.413     19.873     32.032   -115.890    -10.800    -27.447     55.365
     -2.415     19.895     32.087   -116.000    -10.801    -27.458     55.366
     -2.417     19.917     32.142   -116.111    -10.803    -27.470     55.366
     -2.419     19.938     32.197   -116.222    -10.804    -27.482     55.367
     -2.421     19.960     32.252   -116.333    -10.805    -27.494     55.367
     -2.423     19.981     32.307   -116.443    -10.806    -27.506     55.367
     -2.425     20.003     32.362   -116.554    -10.808    -27.517     55.368
     -2.427     20.025     32.417   -116.665    -10.809    -27.529     55.368
     -2.429     20.046     32.472   -116.776    -10.810    -27.541     55.369
     -2.431     20.068     32.527   -116.886    -10.811    -27.552     55.369
     -2.433     20.089     32.582   -116.997    -10.813    -27.564     55.370
     -2.435     20.111     32.637   -117.108    -10.814    -27.576     55.370
     -2.437     20.133     32.693   -117.218    -10.815    -27.587     55.370
     -2.439     20.154     32.748   -117.329    -10.816    -27.599     55.371
     -2.441     20.176     32.803   -117.440    -10.818    -27.611     55.371
     -2.443     20.198     32.858   -117.551    -10.819    -27.622     55.372
     -2.445     20.219     32.913   -117.661    -10.820    -27.634     55.372
     -2.447     20.241     32.969   -117.772    -10.821    -27.646     55.373
     -2.449     20.263     33.024   -117.883    -10.822    -27.657     55.373
     -2.451     20.284     33.079   -117.994    -10.824    -27.669     55.373
     -2.453     20.306     33.135   -118.104    -10.825    -27.681     55.374
     -2.455     20.327     33.190   -118.215    -10.826    -27.692     55.374
     -2.457     20.349     33.245   -118.326    -10.827    -27.704     55.374
     -2.459     20.371     33.301   -118.437    -10.829    -27.715     55.375
     -2.461     20.392     33.356   -118.547    -10.830    -27.727     55.375
     -2.463     20.414     33.412   -118.658    -10.831    -27.738     55.376
     -2.465     20.436     33.467   -118.769    -10.832    -27.750     55.376
     -2.467     20.457     33.523   -118.880    -10.833    -27.761     55.376
     -2.469     20.479     33.578   -118.990    -10.835    -27.773     55.377
     -2.471     20.501     33.634   -119.101    -10.836    -27.785     55.377
     -2.473     20.522     33.689   -119.212    -10.837    -27.796     55.377
     -2.475     20.544     33.745   -119.323    -10.838    -27.808     55.378
     -2.477     20.566     33.801   -119.433    -10.840    -27.819     55.378
     -2.479     20.587     33.856   -119.544    -10.841    -27.830     55.378
     -2.481     20.609     33.912   -119.655    -10.842    -27.842     55.379
     -2.483     20.631     33.968   -119.766    -10.843    -27.853     55.379
     -2.485     20.653     34.023   -119.876    -10.844    -27.865     55.379
     -2.487     20.674     34.079   -119.987    -10.846    -27.876     55.380
     -2.489     20.696     34.135   -120.098    -10.847    -27.888     55.380
     -2.491     20.718     34.191   -120.209    -10.848    -27.899     55.380
     -2.493     20.739     34.247   -120.320    -10.849    -27.911     55.381
     -2.495     20.761     34.302   -120.430    -10.850    -27.922     55.381
     -2.497     20.783     34.358   -120.541    -10.852    -27.933     55.381
     -2.499     20.804     34.414   -120.652    -10.853    -27.945     55.382
     -2.501     20.826     34.470   -120.763    -10.854    -27.956     55.382
     -2.503     20.848     34.526   -120.873    -10.855    -27.967     55.382
     -2.505     20.870     34.582   -120.984    -10.856    -27.979     55.383
     -2.507     20.891     34.638   -121.095    -10.858    -27.990     55.383
     -2.509     20.913     34.694   -121.206    -10.859    -28.001     55.383
     -2.511     20.935     34.750   -121.316    -10.860    -28.013     55.383
     -2.513     20.956     34.806   -121.427    -10.861    -28.024     55.384
     -2.515     20.978     34.862   -121.538    -10.862    -28.035     55.384
     -2.517     21.000     34.918   -121.649    -10.863    -28.047     55.384
     -2.519     21.022     34.974   -121.759    -10.865    -28.058     55.385
     -2.521     21.043     35.030   -121.870    -10.866    -28.069     55.385
     -2.523     21.065     35.086   -121.981    -10.867    -28.080     55.385
     -2.525     21.087     35.143   -122.092    -10.868    -28.092     55.385
     -2.527     21.109     35.199   -122.203    -10.869    -28.103     55.386
     -2.529     21.130     35.255   -122.313    -10.871    -28.114     55.386
     -2.531     21.152     35.311   -122.424    -10.872    -28.125     55.386
     -2.533     21.174     35.367   -122.535    -10.873    -28.137     55.386
     -2.535     21.196     35.424   -122.646    -10.874    -28.148     55.387
     -2.537     21.217     35.480   -122.756    -10.875    -28.159     55.387
     -2.539     21.239     35.536   -122.867    -10.876    -28.170     55.387
     -2.541     21.261     35.593   -122.978    -10.878    -28.181     55.387
     -2.543     21.283     35.649   -123.089    -10.879    -28.193     55.388
     -2.545     21.304     35.706   -123.200    -10.880    -28.204     55.388
     -2.547     21.326     35.762   -123.310    -10.881    -28.215     55.388
     -2.549     21.348     35.818   -123.421    -10.882    -28.226     55.388
     -2.551     21.370     35.875   -123.532    -10.883    -28.237     55.389
     -2.553     21.391     35.931   -123.643    -10.884    -28.248     55.389
     -2.555     21.413     35.988   -123.753    -10.886    -28.259     55.389
     -2.557     21.435     36.044   -123.864    -10.887    -28.271     55.389
     -2.559     21.457     36.101   -123.975    -10.888    -28.282     55.389
     -2.561     21.478     36.158   -124.086    -10.889    -28.293     55.390
     -2.563     21.500     36.214   -124.197    -10.890    -28.304     55.390
     -2.565     21.522     36.271   -124.307    -10.891    -28.315     55.390
     -2.567     21.544     36.327   -124.418    -10.893    -28.326     55.390
     -2.569     21.566     36.384   -124.529    -10.894    -28.337     55.390
     -2.571     21.587     36.441   -124.640    -10.895    -28.348     55.391
     -2.573     21.609     36.497   -124.750    -10.896    -28.359     55.391
     -2.575     21.631     36.554   -124.861    -10.897    -28.370     55.391
     -2.577     21.653     36.611   -124.972    -10.898    -28.381     55.391
     -2.579     21.675     36.668   -125.083    -10.899    -28.392     55.391
     -2.581     21.696     36.724   -125.194    -10.900    -28.403     55.392
     -2.583     21.718     36.781   -125.304    -10.902    -28.414     55.392
     -2.585     21.740     36.838   -125.415    -10.903    -28.425     55.392
     -2.587     21.762     36.895   -125.526    -10.904    -28.436     55.392
     -2.589     21.784     36.952   -125.637    -10.905    -28.447     55.392
     -2.591     21.805     37.009   -125.747    -10.906    -28.458     55.392
     -2.593     21.827     37.066   -125.858    -10.907    -28.469     55.393
     -2.595     21.849     37.123   -125.969    -10.908    -28.480     55.393
     -2.597     21.871     37.180   -126.080    -10.910    -28.491     55.393
     -2.599     21.893     37.237   -126.191    -10.911    -28.502     55.393
     -2.601     21.914     37.294   -126.301    -10.912    -28.513     55.393
     -2.603     21.936     37.351   -126.412    -10.913    -28.524     55.393
     -2.605     21.958     37.408   -126.523    -10.914    -28.535     55.394
     -2.607     21.980     37.465   -126.634    -10.915    -28.546     55.394
     -2.609     22.002     37.522   -126.745    -10.916    -28.556     55.394
     -2.611     22.024     37.579   -126.855    -10.917    -28.567     55.394
     -2.613     22.045     37.636   -126.966    -10.918    -28.578     55.394
     -2.615     22.067     37.693   -127.077    -10.920    -28.589     55.394
     -2.617     22.089     37.751   -127.188    -10.921    -28.600     55.394
     -2.619     22.111     37.808   -127.298    -10.922    -28.611     55.394
     -2.621     22.133     37.865   -127.409    -10.923    -28.622     55.395
     -2.623     22.155     37.922   -127.520    -10.924    -28.632     55.395
     -2.625     22.177     37.980   -127.631    -10.925    -28.643     55.395
     -2.627     22.198     38.037   -127.742    -10.926    -28.654     55.395
     -2.629     22.220     38.094   -127.852    -10.927    -28.665     55.395
     -2.631     22.242     38.151   -127.963    -10.928    -28.676     55.395
     -2.633     22.264     38.209   -128.074    -10.930    -28.686     55.395
     -2.635     22.286     38.266   -128.185    -10.931    -28.697     55.395
     -2.637     22.308     38.324   -128.296    -10.932    -28.708     55.395
     -2.639     22.330     38.381   -128.406    -10.933    -28.719     55.395
     -2.641     22.351     38.438   -128.517    -10.934    -28.729     55.396
     -2.643     22.373     38.496   -128.628    -10.935    -28.740     55.396
     -2.645     22.395     38.553   -128.739    -10.936    -28.751     55.396
     -2.647     22.417     38.611   -128.850    -10.937    -28.762     55.396
     -2.649     22.439     38.668   -128.960    -10.938    -28.772     55.396
     -2.651     22.461     38.726   -129.071    -10.939    -28.783     55.396
     -2.653     22.483     38.784   -129.182    -10.940    -28.794     55.396
     -2.655     22.505     38.841   -129.293    -10.942    -28.804     55.396
     -2.657     22.526     38.899   -129.404    -10.943    -28.815     55.396
     -2.659     22.548     38.956   -129.514    -10.944    -28.826     55.396
     -2.661     22.570     39.014   -129.625    -10.945    -28.836     55.396
     -2.663     22.592     39.072   -129.736    -10.946    -28.847     55.396
     -2.665     22.614     39.130   -129.847    -10.947    -28.858     55.396
     -2.667     22.636     39.187   -129.957    -10.948    -28.868     55.396
     -2.669     22.658     39.245   -130.068    -10.949    -28.879     55.397
     -2.671     22.680     39.303   -130.179    -10.950    -28.890     55.397
     -2.673     22.702     39.361   -130.290    -10.951    -28.900     55.397
     -2.675     22.723     39.418   -130.401    -10.952    -28.911     55.397
     -2.677     22.745     39.476   -130.511    -10.953    -28.922     55.397
     -2.679     22.767     39.534   -130.622    -10.954    -28.932     55.397
     -2.681     22.789     39.592   -130.733    -10.956    -28.943     55.397
     -2.683     22.811     39.650   -130.844    -10.957    -28.953     55.397
     -2.685     22.833     39.708   -130.955    -10.958    -28.964     55.397
     -2.687     22.855     39.766   -131.065    -10.959    -28.974     55.397
     -2.689     22.877     39.824   -131.176    -10.960    -28.985     55.397
     -2.691     22.899     39.882   -131.287    -10.961    -28.996     55.397
     -2.693     22.921     39.940   -131.398    -10.962    -29.006     55.397
     -2.695     22.943     39.998   -131.509    -10.963    -29.017     55.397
     -2.697     22.965     40.056   -131.619    -10.964    -29.027     55.397
     -2.699     22.986     40.114   -131.730    -10.965    -29.038     55.397
     -2.701     23.008     40.172   -131.841    -10.966    -29.048     55.397
     -2.703     23.030     40.230   -131.952    -10.967    -29.059     55.397
     -2.705     23.052     40.288   -132.063    -10.968    -29.069     55.397
     -2.707     23.074     40.346   -132.173    -10.969    -29.080     55.397
     -2.709     23.096     40.404   -132.284    -10.970    -29.090     55.397
     -2.711     23.118     40.463   -132.395    -10.971    -29.101     55.397
     -2.713     23.140     40.521   -132.506    -10.973    -29.111     55.397
     -2.715     23.162     40.579   -132.617    -10.974    -29.122     55.397
     -2.717     23.184     40.637   -132.727    -10.975    -29.132     55.397
     -2.719     23.206     40.696   -132.838    -10.976    -29.142     55.397
     -2.721     23.228     40.754   -132.949    -10.977    -29.153     55.397
     -2.723     23.250     40.812   -133.060    -10.978    -29.163     55.397
     -2.725     23.272     40.871   -133.170    -10.979    -29.174     55.397
     -2.727     23.294     40.929   -133.281    -10.980    -29.184     55.397
     -2.729     23.316     40.987   -133.392    -10.981    -29.195     55.397
     -2.731     23.338     41.046   -133.503    -10.982    -29.205     55.397
     -2.733     23.360     41.104   -133.614    -10.983    -29.215     55.397
     -2.735     23.382     41.163   -133.724    -10.984    -29.226     55.397
     -2.737     23.404     41.221   -133.835    -10.985    -29.236     55.397
     -2.739     23.425     41.279   -133.946    -10.986    -29.246     55.397
     -2.741     23.447     41.338   -134.057    -10.987    -29.257     55.397
     -2.743     23.469     41.396   -134.168    -10.988    -29.267     55.396
     -2.745     23.491     41.455   -134.278    -10.989    -29.278     55.396
     -2.747     23.513     41.514   -134.389    -10.990    -29.288     55.396
     -2.749     23.535     41.572   -134.500    -10.991    -29.298     55.396
     -2.751     23.557     41.631   -134.611    -10.992    -29.309     55.396
     -2.753     23.579     41.689   -134.722    -10.993    -29.319     55.396
     -2.755     23.601     41.748   -134.832    -10.994    -29.329     55.396
     -2.757     23.623     41.807   -134.943    -10.995    -29.339     55.396
     -2.759     23.645     41.865   -135.054    -10.996    -29.350     55.396
     -2.761     23.667     41.924   -135.165    -10.997    -29.360     55.396
     -2.763     23.689     41.983   -135.276    -10.998    -29.370     55.396
     -2.765     23.711     42.042   -135.386    -10.999    -29.381     55.396
     -2.767     23.733     42.100   -135.497    -11.000    -29.391     55.396
     -2.769     23.755     42.159   -135.608    -11.001    -29.401     55.396
     -2.771     23.777     42.218   -135.719    -11.003    -29.411     55.396
     -2.773     23.799     42.277   -135.830    -11.004    -29.422     55.395
     -2.775     23.821     42.336   -135.940    -11.005    -29.432     55.395
     -2.777     23.843     42.395   -136.051    -11.006    -29.442     55.395
     -2.779     23.865     42.453   -136.162    -11.007    -29.452     55.395
     -2.781     23.887     42.512   -136.273    -11.008    -29.462     55.395
     -2.783     23.909     42.571   -136.383    -11.009    -29.473     55.395
     -2.785     23.931     42.630   -136.494    -11.010    -29.483     55.395
     -2.787     23.953     42.689   -136.605    -11.011    -29.493     55.395
     -2.789     23.975     42.748   -136.716    -11.012    -29.503     55.395
     -2.791     23.997     42.807   -136.827    -11.013    -29.513     55.395
     -2.793     24.019     42.866   -136.937    -11.014    -29.524     55.394
     -2.795     24.042     42.925   -137.048    -11.015    -29.534     55.394
     -2.797     24.064     42.984   -137.159    -11.016    -29.544     55.394
     -2.799     24.086     43.044   -137.270    -11.017    -29.554     55.394
     -2.801     24.108     43.103   -137.381    -11.018    -29.564     55.394
     -2.803     24.130     43.162   -137.491    -11.019    -29.574     55.394
     -2.805     24.152     43.221   -137.602    -11.020    -29.584     55.394
     -2.807     24.174     43.280   -137.713    -11.021    -29.595     55.394
     -2.809     24.196     43.339   -137.824    -11.022    -29.605     55.393
     -2.811     24.218     43.399   -137.935    -11.023    -29.615     55.393
     -2.813     24.240     43.458   -138.045    -11.024    -29.625     55.393
     -2.815     24.262     43.517   -138.156    -11.025    -29.635     55.393
     -2.817     24.284     43.576   -138.267    -11.026    -29.645     55.393
     -2.819     24.306     43.636   -138.378    -11.027    -29.655     55.393
     -2.821     24.328     43.695   -138.488    -11.028    -29.665     55.393
     -2.823     24.350     43.754   -138.599    -11.029    -29.675     55.392
     -2.825     24.372     43.814   -138.710    -11.030    -29.685     55.392
     -2.827     24.394     43.873   -138.821    -11.031    -29.695     55.392
     -2.829     24.416     43.932   -138.932    -11.032    -29.705     55.392
     -2.831     24.438     43.992   -139.042    -11.033    -29.715     55.392
     -2.833     24.460     44.051   -139.153    -11.034    -29.726     55.392
     -2.835     24.482     44.111   -139.264    -11.034    -29.736     55.392
     -2.837     24.505     44.170   -139.375    -11.035    -29.746     55.391
     -2.839     24.527     44.230   -139.485    -11.036    -29.756     55.391
     -2.841     24.549     44.289   -139.596    -11.037    -29.766     55.391
     -2.843     24.571     44.349   -139.707    -11.038    -29.776     55.391
     -2.845     24.593     44.408   -139.818    -11.039    -29.786     55.391
     -2.847     24.615     44.468   -139.929    -11.040    -29.796     55.391
     -2.849     24.637     44.528   -140.039    -11.041    -29.806     55.390
     -2.851     24.659     44.587   -140.150    -11.042    -29.815     55.390
     -2.853     24.681     44.647   -140.261    -11.043    -29.825     55.390
     -2.855     24.703     44.706   -140.372    -11.044    -29.835     55.390
     -2.857     24.725     44.766   -140.483    -11.045    -29.845     55.390
     -2.859     24.747     44.826   -140.593    -11.046    -29.855     55.389
     -2.861     24.770     44.886   -140.704    -11.047    -29.865     55.389
     -2.863     24.792     44.945   -140.815    -11.048    -29.875     55.389
     -2.865     24.814     45.005   -140.926    -11.049    -29.885     55.389
     -2.867     24.836     45.065   -141.036    -11.050    -29.895     55.389
     -2.869     24.858     45.125   -141.147    -11.051    -29.905     55.388
     -2.871     24.880     45.184   -141.258    -11.052    -29.915     55.388
     -2.873     24.902     45.244   -141.369    -11.053    -29.925     55.388
     -2.875     24.924     45.304   -141.480    -11.054    -29.935     55.388
     -2.877     24.946     45.364   -141.590    -11.055    -29.944     55.388
     -2.879     24.968     45.424   -141.701    -11.056    -29.954     55.387
     -2.881     24.991     45.484   -141.812    -11.057    -29.964     55.387
     -2.883     25.013     45.544   -141.923    -11.058    -29.974     55.387
     -2.885     25.035     45.604   -142.033    -11.059    -29.984     55.387
     -2.887     25.057     45.664   -142.144    -11.060    -29.994     55.387
     -2.889     25.079     45.724   -142.255    -11.061    -30.004     55.386
     -2.891     25.101     45.784   -142.366    -11.062    -30.013     55.386
     -2.893     25.123     45.844   -142.476    -11.063    -30.023     55.386
     -2.895     25.145     45.904   -142.587    -11.063    -30.033     55.386
     -2.897     25.168     45.964   -142.698    -11.064    -30.043     55.385
     -2.899     25.190     46.024   -142.809    -11.065    -30.053     55.385
     -2.901     25.212     46.084   -142.920    -11.066    -30.063     55.385
     -2.903     25.234     46.144   -143.030    -11.067    -30.072     55.385
     -2.905     25.256     46.204   -143.141    -11.068    -30.082     55.385
     -2.907     25.278     46.265   -143.252    -11.069    -30.092     55.384
     -2.909     25.300     46.325   -143.363    -11.070    -30.102     55.384
     -2.911     25.323     46.385   -143.473    -11.071    -30.111     55.384
     -2.913     25.345     46.445   -143.584    -11.072    -30.121     55.384
     -2.915     25.367     46.505   -143.695    -11.073    -30.131     55.383
     -2.917     25.389     46.566   -143.806    -11.074    -30.141     55.383
     -2.919     25.411     46.626   -143.916    -11.075    -30.150     55.383
     -2.921     25.433     46.686   -144.027    -11.076    -30.160     55.383
     -2.923     25.455     46.747   -144.138    -11.077    -30.170     55.382
     -2.925     25.478     46.807   -144.249    -11.078    -30.180     55.382
     -2.927     25.500     46.867   -144.360    -11.079    -30.189     55.382
     -2.929     25.522     46.928   -144.470    -11.080    -30.199     55.381
     -2.931     25.544     46.988   -144.581    -11.080    -30.209     55.381
     -2.933     25.566     47.049   -144.692    -11.081    -30.219     55.381
     -2.935     25.588     47.109   -144.803    -11.082    -30.228     55.381
     -2.937     25.611     47.170   -144.913    -11.083    -30.238     55.380
     -2.939     25.633     47.230   -145.024    -11.084    -30.248     55.380
     -2.941     25.655     47.291   -145.135    -11.085    -30.257     55.380
     -2.943     25.677     47.351   -145.246    -11.086    -30.267     55.380
     -2.945     25.699     47.412   -145.356    -11.087    -30.277     55.379
     -2.947     25.721     47.472   -145.467    -11.088    -30.286     55.379
     -2.949     25.744     47.533   -145.578    -11.089    -30.296     55.379
     -2.951     25.766     47.593   -145.689    -11.090    -30.306     55.378
     -2.953     25.788     47.654   -145.799    -11.091    -30.315     55.378
     -2.955     25.810     47.715   -145.910    -11.092    -30.325     55.378
     -2.957     25.832     47.775   -146.021    -11.093    -30.334     55.378
     -2.959     25.854     47.836   -146.132    -11.093    -30.344     55.377
     -2.961     25.877     47.897   -146.242    -11.094    -30.354     55.377
     -2.963     25.899     47.957   -146.353    -11.095    -30.363     55.377
     -2.965     25.921     48.018   -146.464    -11.096    -30.373     55.376
     -2.967     25.943     48.079   -146.575    -11.097    -30.383     55.376
     -2.969     25.965     48.140   -146.685    -11.098    -30.392     55.376
     -2.971     25.988     48.200   -146.796    -11.099    -30.402     55.375
     -2.973     26.010     48.261   -146.907    -11.100    -30.411     55.375
     -2.975     26.032     48.322   -147.018    -11.101    -30.421     55.375
     -2.977     26.054     48.383   -147.128    -11.102    -30.430     55.375
     -2.979     26.076     48.444   -147.239    -11.103    -30.440     55.374
     -2.981     26.099     48.505   -147.350    -11.104    -30.450     55.374
     -2.983     26.121     48.566   -147.461    -11.104    -30.459     55.374
     -2.985     26.143     48.626   -147.571    -11.105    -30.469     55.373
     -2.987     26.165     48.687   -147.682    -11.106    -30.478     55.373
     -2.989     26.187     48.748   -147.793    -11.107    -30.488     55.373
     -2.991     26.210     48.809   -147.904    -11.108    -30.497     55.372
     -2.993     26.232     48.870   -148.014    -11.109    -30.507     55.372
     -2.995     26.254     48.931   -148.125    -11.110    -30.516     55.372
     -2.997     26.276     48.992   -148.236    -11.111    -30.526     55.371
     -2.999     26.299     49.054   -148.347    -11.112    -30.535     55.371
     -3.001     26.321     49.115   -148.457    -11.113    -30.545     55.371
     -3.003     26.343     49.176   -148.568    -11.113    -30.554     55.370
     -3.005     26.365     49.237   -148.679    -11.114    -30.564     55.370
     -3.007     26.387     49.298   -148.790    -11.115    -30.573     55.370
     -3.009     26.410     49.359   -148.900    -11.116    -30.583     55.369
     -3.011     26.432     49.420   -149.011    -11.117    -30.592     55.369
     -3.013     26.454     49.481   -149.122    -11.118    -30.602     55.369
     -3.015     26.476     49.543   -149.233    -11.119    -30.611     55.368
     -3.017     26.499     49.604   -149.343    -11.120    -30.620     55.368
     -3.019     26.521     49.665   -149.454    -11.121    -30.630     55.367
     -3.021     26.543     49.726   -149.565    -11.122    -30.639     55.367
     -3.023     26.565     49.788   -149.675    -11.122    -30.649     55.367
     -3.025     26.588     49.849   -149.786    -11.123    -30.658     55.366
     -3.027     26.610     49.910   -149.897    -11.124    -30.668     55.366
     -3.029     26.632     49.972   -150.008    -11.125    -30.677     55.366
     -3.031     26.654     50.033   -150.118    -11.126    -30.686     55.365
     -3.033     26.677     50.094   -150.229    -11.127    -30.696     55.365
     -3.035     26.699     50.156   -150.340    -11.128    -30.705     55.365
     -3.037     26.721     50.217   -150.451    -11.129    -30.715     55.364
     -3.039     26.743     50.279   -150.561    -11.130    -30.724     55.364
     -3.041     26.766     50.340   -150.672    -11.130    -30.733     55.363
     -3.043     26.788     50.402   -150.783    -11.131    -30.743     55.363
     -3.045     26.810     50.463   -150.894    -11.132    -30.752     55.363
     -3.047     26.832     50.525   -151.004    -11.133    -30.762     55.362
     -3.049     26.855     50.586   -151.115    -11.134    -30.771     55.362
     -3.051     26.877     50.648   -151.226    -11.135    -30.780     55.361
     -3.053     26.899     50.709   -151.336    -11.136    -30.790     55.361
     -3.055     26.922     50.771   -151.447    -11.137    -30.799     55.361
     -3.057     26.944     50.832   -151.558    -11.137    -30.808     55.360
     -3.059     26.966     50.894   -151.669    -11.138    -30.818     55.360
     -3.061     26.988     50.956   -151.779    -11.139    -30.827     55.360
     -3.063     27.011     51.017   -151.890    -11.140    -30.836     55.359
     -3.065     27.033     51.079   -152.001    -11.141    -30.846     55.359
     -3.067     27.055     51.141   -152.111    -11.142    -30.855     55.358
     -3.069     27.077     51.203   -152.222    -11.143    -30.864     55.358
     -3.071     27.100     51.264   -152.333    -11.144    -30.873     55.358
     -3.073     27.122     51.326   -152.444    -11.144    -30.883     55.357
     -3.075     27.144     51.388   -152.554    -11.145    -30.892     55.357
     -3.077     27.167     51.450   -152.665    -11.146    -30.901     55.356
     -3.079     27.189     51.511   -152.776    -11.147    -30.911     55.356
     -3.081     27.211     51.573   -152.886    -11.148    -30.920     55.355
     -3.083     27.234     51.635   -152.997    -11.149    -30.929     55.355
     -3.085     27.256     51.697   -153.108    -11.150    -30.938     55.355
     -3.087     27.278     51.759   -153.219    -11.151    -30.948     55.354
     -3.089     27.300     51.821   -153.329    -11.151    -30.957     55.354
     -3.091     27.323     51.883   -153.440    -11.152    -30.966     55.353
     -3.093     27.345     51.945   -153.551    -11.153    -30.975     55.353
     -3.095     27.367     52.007   -153.661    -11.154    -30.985     55.353
     -3.097     27.390     52.069   -153.772    -11.155    -30.994     55.352
     -3.099     27.412     52.131   -153.883    -11.156    -31.003     55.352
     -3.101     27.434     52.193   -153.994    -11.157    -31.012     55.351
     -3.103     27.457     52.255   -154.104    -11.157    -31.021     55.351
     -3.105     27.479     52.317   -154.215    -11.158    -31.031     55.350
     -3.107     27.501     52.379   -154.326    -11.159    -31.040     55.350
     -3.109     27.524     52.441   -154.436    -11.160    -31.049     55.349
     -3.111     27.546     52.503   -154.547    -11.161    -31.058     55.349
     -3.113     27.568     52.565   -154.658    -11.162    -31.067     55.349
     -3.115     27.590     52.627   -154.768    -11.163    -31.077     55.348
     -3.117     27.613     52.689   -154.879    -11.163    -31.086     55.348
     -3.119     27.635     52.752   -154.990    -11.164    -31.095     55.347
     -3.121     27.657     52.814   -155.100    -11.165    -31.104     55.347
     -3.123     27.680     52.876   -155.211    -11.166    -31.113     55.346
     -3.125     27.702     52.938   -155.322    -11.167    -31.122     55.346
     -3.127     27.724     53.000   -155.433    -11.168    -31.131     55.345
     -3.129     27.747     53.063   -155.543    -11.169    -31.141     55.345
     -3.131     27.769     53.125   -155.654    -11.169    -31.150     55.345
     -3.133     27.791     53.187   -155.765    -11.170    -31.159     55.344
     -3.135     27.814     53.250   -155.875    -11.171    -31.168     55.344
     -3.137     27.836     53.312   -155.986    -11.172    -31.177     55.343
     -3.139     27.859     53.374   -156.097    -11.173    -31.186     55.343
     -3.141     27.881     53.437   -156.207    -11.174    -31.195     55.342
     -3.143     27.903     53.499   -156.318    -11.174    -31.204     55.342
     -3.145     27.926     53.562   -156.429    -11.175    -31.214     55.341
     -3.147     27.948     53.624   -156.539    -11.176    -31.223     55.341
     -3.149     27.970     53.686   -156.650    -11.177    -31.232     55.340
     -3.151     27.993     53.749   -156.761    -11.178    -31.241     55.340
     -3.153     28.015     53.811   -156.871    -11.179    -31.250     55.339
     -3.155     28.037     53.874   -156.982    -11.179    -31.259     55.339
     -3.157     28.060     53.936   -157.093    -11.180    -31.268     55.338
     -3.159     28.082     53.999   -157.204    -11.181    -31.277     55.338
     -3.161     28.104     54.062   -157.314    -11.182    -31.286     55.337
     -3.163     28.127     54.124   -157.425    -11.183    -31.295     55.337
     -3.165     28.149     54.187   -157.536    -11.184    -31.304     55.336
     -3.167     28.172     54.249   -157.646    -11.184    -31.313     55.336
     -3.169     28.194     54.312   -157.757    -11.185    -31.322     55.335
     -3.171     28.216     54.375   -157.868    -11.186    -31.331     55.335
     -3.173     28.239     54.437   -157.978    -11.187    -31.340     55.334
     -3.175     28.261     54.500   -158.089    -11.188    -31.349     55.334
     -3.177     28.283     54.563   -158.200    -11.189    -31.358     55.333
     -3.179     28.306     54.625   -158.310    -11.189    -31.367     55.333
     -3.181     28.328     54.688   -158.421    -11.190    -31.376     55.332
     -3.183     28.351     54.751   -158.532    -11.191    -31.385     55.332
     -3.185     28.373     54.814   -158.642    -11.192    -31.394     55.331
     -3.187     28.395     54.876   -158.753    -11.193    -31.403     55.331
     -3.189     28.418     54.939   -158.864    -11.194    -31.412     55.330
     -3.191     28.440     55.002   -158.974    -11.194    -31.421     55.330
     -3.193     28.462     55.065   -159.085    -11.195    -31.430     55.329
     -3.195     28.485     55.128   -159.196    -11.196    -31.439     55.329
     -3.197     28.507     55.191   -159.306    -11.197    -31.448     55.328
     -3.199     28.530     55.254   -159.417    -11.198    -31.457     55.328
     -3.201     28.552     55.317   -159.527    -11.199    -31.466     55.327
     -3.203     28.574     55.380   -159.638    -11.199    -31.475     55.327
     -3.205     28.597     55.442   -159.749    -11.200    -31.484     55.326
     -3.207     28.619     55.505   -159.859    -11.201    -31.493     55.326
     -3.209     28.642     55.568   -159.970    -11.202    -31.502     55.325
     -3.211     28.664     55.631   -160.081    -11.203    -31.511     55.325
     -3.213     28.686     55.694   -160.191    -11.203    -31.520     55.324
     -3.215     28.709     55.758   -160.302    -11.204    -31.529     55.324
     -3.217     28.731     55.821   -160.413    -11.205    -31.538     55.323
     -3.219     28.754     55.884   -160.523    -11.206    -31.547     55.323
     -3.221     28.776     55.947   -160.634    -11.207    -31.555     55.322
     -3.223     28.798     56.010   -160.745    -11.207    -31.564     55.322
     -3.225     28.821     56.073   -160.855    -11.208    -31.573     55.321
     -3.227     28.843     56.136   -160.966    -11.209    -31.582     55.320
     -3.229     28.866     56.199   -161.077    -11.210    -31.591     55.320
     -3.231     28.888     56.263   -161.187    -11.211    -31.600     55.319
     -3.233     28.911     56.326   -161.298    -11.212    -31.609     55.319
     -3.235     28.933     56.389   -161.408    -11.212    -31.618     55.318
     -3.237     28.955     56.452   -161.519    -11.213    -31.626     55.318
     -3.239     28.978     56.516   -161.630    -11.214    -31.635     55.317
     -3.241     29.000     56.579   -161.740    -11.215    -31.644     55.317
     -3.243     29.023     56.642   -161.851    -11.216    -31.653     55.316
     -3.245     29.045     56.705   -161.962    -11.216    -31.662     55.316
     -3.247     29.068     56.769   -162.072    -11.217    -31.671     55.315
     -3.249     29.090     56.832   -162.183    -11.218    -31.680     55.314
     -3.251     29.112     56.895   -162.294    -11.219    -31.688     55.314
     -3.253     29.135     56.959   -162.404    -11.220    -31.697     55.313
     -3.255     29.157     57.022   -162.515    -11.220    -31.706     55.313
     -3.257     29.180     57.086   -162.625    -11.221    -31.715     55.312
     -3.259     29.202     57.149   -162.736    -11.222    -31.724     55.312
     -3.261     29.225     57.213   -162.847    -11.223    -31.732     55.311
     -3.263     29.247     57.276   -162.957    -11.224    -31.741     55.310
     -3.265     29.270     57.340   -163.068    -11.224    -31.750     55.310
     -3.267     29.292     57.403   -163.179    -11.225    -31.759     55.309
     -3.269     29.314     57.467   -163.289    -11.226    -31.768     55.309
     -3.271     29.337     57.530   -163.400    -11.227    -31.776     55.308
     -3.273     29.359     57.594   -163.510    -11.228    -31.785     55.308
     -3.275     29.382     57.657   -163.621    -11.228    -31.794     55.307
     -3.277     29.404     57.721   -163.732    -11.229    -31.803     55.306
     -3.279     29.427     57.784   -163.842    -11.230    -31.812     55.306
     -3.281     29.449     57.848   -163.953    -11.231    -31.820     55.305
     -3.283     29.472     57.912   -164.063    -11.231    -31.829     55.305
     -3.285     29.494     57.975   -164.174    -11.232    -31.838     55.304
     -3.287     29.517     58.039   -164.285    -11.233    -31.847     55.303
     -3.289     29.539     58.103   -164.395    -11.234    -31.855     55.303
     -3.291     29.562     58.167   -164.506    -11.235    -31.864     55.302
     -3.293     29.584     58.230   -164.616    -11.235    -31.873     55.302
     -3.295     29.606     58.294   -164.727    -11.236    -31.882     55.301
     -3.297     29.629     58.358   -164.838    -11.237    -31.890     55.301
     -3.299     29.651     58.422   -164.948    -11.238    -31.899     55.300
     -3.301     29.674     58.485   -165.059    -11.239    -31.908     55.299
     -3.303     29.696     58.549   -165.169    -11.239    -31.916     55.299
     -3.305     29.719     58.613   -165.280    -11.240    -31.925     55.298
     -3.307     29.741     58.677   -165.391    -11.241    -31.934     55.298
     -3.309     29.764     58.741   -165.501    -11.242    -31.942     55.297
     -3.311     29.786     58.805   -165.612    -11.242    -31.951     55.296
     -3.313     29.809     58.869   -165.722    -11.243    -31.960     55.296
     -3.315     29.831     58.933   -165.833    -11.244    -31.969     55.295
     -3.317     29.854     58.996   -165.944    -11.245    -31.977     55.294
     -3.319     29.876     59.060   -166.054    -11.246    -31.986     55.294
     -3.321     29.899     59.124   -166.165    -11.246    -31.995     55.293
     -3.323     29.921     59.188   -166.275    -11.247    -32.003     55.293
     -3.325     29.944     59.252   -166.386    -11.248    -32.012     55.292
     -3.327     29.966     59.316   -166.497    -11.249    -32.021     55.291
     -3.329     29.989     59.380   -166.607    -11.249    -32.029     55.291
     -3.331     30.011     59.445   -166.718    -11.250    -32.038     55.290
     -3.333     30.034     59.509   -166.828    -11.251    -32.047     55.290
     -3.335     30.056     59.573   -166.939    -11.252    -32.055     55.289
     -3.337     30.079     59.637   -167.049    -11.253    -32.064     55.288
     -3.339     30.101     59.701   -167.160    -11.253    -32.072     55.288
     -3.341     30.124     59.765   -167.271    -11.254    -32.081     55.287
     -3.343     30.146     59.829   -167.381    -11.255    -32.090     55.286
     -3.345     30.169     59.894   -167.492    -11.256    -32.098     55.286
     -3.347     30.191     59.958   -167.602    -11.256    -32.107     55.285
     -3.349     30.214     60.022   -167.713    -11.257    -32.115     55.284
     -3.351     30.236     60.086   -167.823    -11.258    -32.124     55.284
     -3.353     30.259     60.150   -167.934    -11.259    -32.133     55.283
     -3.355     30.281     60.215   -168.045    -11.259    -32.141     55.283
     -3.357     30.304     60.279   -168.155    -11.260    -32.150     55.282
     -3.359     30.326     60.343   -168.266    -11.261    -32.158     55.281
     -3.361     30.349     60.408   -168.376    -11.262    -32.167     55.281
     -3.363     30.371     60.472   -168.487    -11.263    -32.176     55.280
     -3.365     30.394     60.536   -168.597    -11.263    -32.184     55.279
     -3.367     30.416     60.601   -168.708    -11.264    -32.193     55.279
     -3.369     30.439     60.665   -168.818    -11.265    -32.201     55.278
     -3.371     30.462     60.730   -168.929    -11.266    -32.210     55.277
     -3.373     30.484     60.794   -169.040    -11.266    -32.218     55.277
     -3.375     30.507     60.858   -169.150    -11.267    -32.227     55.276
     -3.377     30.529     60.923   -169.261    -11.268    -32.236     55.275
     -3.379     30.552     60.987   -169.371    -11.269    -32.244     55.275
     -3.381     30.574     61.052   -169.482    -11.269    -32.253     55.274
     -3.383     30.597     61.116   -169.592    -11.270    -32.261     55.273
     -3.385     30.619     61.181   -169.703    -11.271    -32.270     55.273
     -3.387     30.642     61.245   -169.813    -11.272    -32.278     55.272
     -3.389     30.664     61.310   -169.924    -11.272    -32.287     55.271
     -3.391     30.687     61.375   -170.035    -11.273    -32.295     55.271
     -3.393     30.709     61.439   -170.145    -11.274    -32.304     55.270
     -3.395     30.732     61.504   -170.256    -11.275    -32.312     55.269
     -3.397     30.755     61.568   -170.366    -11.275    -32.321     55.269
     -3.399     30.777     61.633   -170.477    -11.276    -32.329     55.268
     -3.401     30.800     61.698   -170.587    -11.277    -32.338     55.267
     -3.403     30.822     61.762   -170.698    -11.278    -32.346     55.267
     -3.405     30.845     61.827   -170.808    -11.278    -32.355     55.266
     -3.407     30.867     61.892   -170.919    -11.279    -32.363     55.265
     -3.409     30.890     61.957   -171.029    -11.280    -32.372     55.265
     -3.411     30.912     62.021   -171.140    -11.281    -32.380     55.264
     -3.413     30.935     62.086   -171.250    -11.281    -32.389     55.263
     -3.415     30.958     62.151   -171.361    -11.282    -32.397     55.263
     -3.417     30.980     62.216   -171.471    -11.283    -32.406     55.262
     -3.419     31.003     62.281   -171.582    -11.284    -32.414     55.261
     -3.421     31.025     62.345   -171.693    -11.284    -32.423     55.261
     -3.423     31.048     62.410   -171.803    -11.285    -32.431     55.260
     -3.425     31.070     62.475   -171.914    -11.286    -32.439     55.259
     -3.427     31.093     62.540   -172.024    -11.287    -32.448     55.259
     -3.429     31.116     62.605   -172.135    -11.287    -32.456     55.258
     -3.431     31.138     62.670   -172.245    -11.288    -32.465     55.257
     -3.433     31.161     62.735   -172.356    -11.289    -32.473     55.256
     -3.435     31.183     62.800   -172.466    -11.290    -32.482     55.256
     -3.437     31.206     62.865   -172.577    -11.290    -32.490     55.255
     -3.439     31.228     62.930   -172.687    -11.291    -32.498     55.254
     -3.441     31.251     62.995   -172.798    -11.292    -32.507     55.254
     -3.443     31.274     63.060   -172.908    -11.293    -32.515     55.253
     -3.445     31.296     63.125   -173.019    -11.293    -32.524     55.252
     -3.447     31.319     63.190   -173.129    -11.294    -32.532     55.252
     -3.449     31.341     63.255   -173.240    -11.295    -32.540     55.251
     -3.451     31.364     63.320   -173.350    -11.295    -32.549     55.250
     -3.453     31.387     63.385   -173.461    -11.296    -32.557     55.249
     -3.455     31.409     63.450   -173.571    -11.297    -32.566     55.249
     -3.457     31.432     63.515   -173.682    -11.298    -32.574     55.248
     -3.459     31.454     63.580   -173.792    -11.298    -32.582     55.247
     -3.461     31.477     63.646   -173.903    -11.299    -32.591     55.247
     -3.463     31.500     63.711   -174.013    -11.300    -32.599     55.246
     -3.465     31.522     63.776   -174.124    -11.301    -32.607     55.245
     -3.467     31.545     63.841   -174.234    -11.301    -32.616     55.244
     -3.469     31.567     63.906   -174.345    -11.302    -32.624     55.244
     -3.471     31.590     63.972   -174.455    -11.303    -32.633     55.243
     -3.473     31.613     64.037   -174.566    -11.303    -32.641     55.242
     -3.475     31.635     64.102   -174.676    -11.304    -32.649     55.242
     -3.477     31.658     64.168   -174.787    -11.305    -32.658     55.241
     -3.479     31.680     64.233   -174.897    -11.306    -32.666     55.240
     -3.481     31.703     64.298   -175.008    -11.306    -32.674     55.239
     -3.483     31.726     64.364   -175.118    -11.307    -32.683     55.239
     -3.485     31.748     64.429   -175.228    -11.308    -32.691     55.238
     -3.487     31.771     64.494   -175.339    -11.309    -32.699     55.237
     -3.489     31.793     64.560   -175.449    -11.309    -32.708     55.236
     -3.491     31.816     64.625   -175.560    -11.310    -32.716     55.236
     -3.493     31.839     64.691   -175.670    -11.311    -32.724     55.235
     -3.495     31.861     64.756   -175.781    -11.311    -32.732     55.234
     -3.497     31.884     64.822   -175.891    -11.312    -32.741     55.233
     -3.499     31.907     64.887   -176.002    -11.313    -32.749     55.233
     -3.501     31.929     64.953   -176.112    -11.314    -32.757     55.232
     -3.503     31.952     65.018   -176.223    -11.314    -32.766     55.231
     -3.505     31.974     65.084   -176.333    -11.315    -32.774     55.231
     -3.507     31.997     65.149   -176.444    -11.316    -32.782     55.230
     -3.509     32.020     65.215   -176.554    -11.317    -32.791     55.229
     -3.511     32.042     65.280   -176.665    -11.317    -32.799     55.228
     -3.513     32.065     65.346   -176.775    -11.318    -32.807     55.228
     -3.515     32.088     65.412   -176.885    -11.319    -32.815     55.227
     -3.517     32.110     65.477   -176.996    -11.319    -32.824     55.226
     -3.519     32.133     65.543   -177.106    -11.320    -32.832     55.225
     -3.521     32.156     65.609   -177.217    -11.321    -32.840     55.225
     -3.523     32.178     65.674   -177.327    -11.322    -32.848     55.224
     -3.525     32.201     65.740   -177.438    -11.322    -32.857     55.223
     -3.527     32.224     65.806   -177.548    -11.323    -32.865     55.222
     -3.529     32.246     65.871   -177.659    -11.324    -32.873     55.221
     -3.531     32.269     65.937   -177.769    -11.324    -32.881     55.221
     -3.533     32.291     66.003   -177.879    -11.325    -32.890     55.220
     -3.535     32.314     66.069   -177.990    -11.326    -32.898     55.219
     -3.537     32.337     66.135   -178.100    -11.326    -32.906     55.218
     -3.539     32.359     66.200   -178.211    -11.327    -32.914     55.218
     -3.541     32.382     66.266   -178.321    -11.328    -32.922     55.217
     -3.543     32.405     66.332   -178.432    -11.329    -32.931     55.216
     -3.545     32.427     66.398   -178.542    -11.329    -32.939     55.215
     -3.547     32.450     66.464   -178.652    -11.330    -32.947     55.215
     -3.549     32.473     66.530   -178.763    -11.331    -32.955     55.214
     -3.551     32.495     66.596   -178.873    -11.331    -32.964     55.213
     -3.553     32.518     66.662   -178.984    -11.332    -32.972     55.212
     -3.555     32.541     66.728   -179.094    -11.333    -32.980     55.211
     -3.557     32.563     66.793   -179.205    -11.334    -32.988     55.211
     -3.559     32.586     66.859   -179.315    -11.334    -32.996     55.210
     -3.561     32.609     66.925   -179.425    -11.335    -33.004     55.209
     -3.563     32.631     66.991   -179.536    -11.336    -33.013     55.208
     -3.565     32.654     67.058   -179.646    -11.336    -33.021     55.208
     -3.567     32.677     67.124   -179.757    -11.337    -33.029     55.207
     -3.569     32.699     67.190   -179.867    -11.338    -33.037     55.206
     -3.571     32.722     67.256   -179.978    -11.338    -33.045     55.205
     -3.573     32.745     67.322   -180.088    -11.339    -33.053     55.204
     -3.575     32.767     67.388   -180.198    -11.340    -33.062     55.204
     -3.577     32.790     67.454   -180.309    -11.341    -33.070     55.203
     -3.579     32.813     67.520   -180.419    -11.341    -33.078     55.202
     -3.581     32.835     67.586   -180.530    -11.342    -33.086     55.201
     -3.583     32.858     67.653   -180.640    -11.343    -33.094     55.200
     -3.585     32.881     67.719   -180.750    -11.343    -33.102     55.200
     -3.587     32.904     67.785   -180.861    -11.344    -33.110     55.199
     -3.589     32.926     67.851   -180.971    -11.345    -33.119     55.198
     -3.591     32.949     67.917   -181.082    -11.345    -33.127     55.197
     -3.593     32.972     67.984   -181.192    -11.346    -33.135     55.196
     -3.595     32.994     68.050   -181.302    -11.347    -33.143     55.196
     -3.597     33.017     68.116   -181.413    -11.348    -33.151     55.195
     -3.599     33.040     68.183   -181.523    -11.348    -33.159     55.194
     -3.601     33.062     68.249   -181.634    -11.349    -33.167     55.193
     -3.603     33.085     68.315   -181.744    -11.350    -33.175     55.192
     -3.605     33.108     68.382   -181.854    -11.350    -33.184     55.192
     -3.607     33.130     68.448   -181.965    -11.351    -33.192     55.191
     -3.609     33.153     68.514   -182.075    -11.352    -33.200     55.190
     -3.611     33.176     68.581   -182.185    -11.352    -33.208     55.189
     -3.613     33.199     68.647   -182.296    -11.353    -33.216     55.188
     -3.615     33.221     68.714   -182.406    -11.354    -33.224     55.188
     -3.617     33.244     68.780   -182.517    -11.354    -33.232     55.187
     -3.619     33.267     68.847   -182.627    -11.355    -33.240     55.186
     -3.621     33.289     68.913   -182.737    -11.356    -33.248     55.185
     -3.623     33.312     68.980   -182.848    -11.356    -33.256     55.184
     -3.625     33.335     69.046   -182.958    -11.357    -33.264     55.183
     -3.627     33.358     69.113   -183.068    -11.358    -33.272     55.183
     -3.629     33.380     69.179   -183.179    -11.359    -33.280     55.182
     -3.631     33.403     69.246   -183.289    -11.359    -33.289     55.181
     -3.633     33.426     69.312   -183.399    -11.360    -33.297     55.180
     -3.635     33.448     69.379   -183.510    -11.361    -33.305     55.179
     -3.637     33.471     69.446   -183.620    -11.361    -33.313     55.178
     -3.639     33.494     69.512   -183.731    -11.362    -33.321     55.178
     -3.641     33.517     69.579   -183.841    -11.363    -33.329     55.177
     -3.643     33.539     69.645   -183.951    -11.363    -33.337     55.176
     -3.645     33.562     69.712   -184.062    -11.364    -33.345     55.175
     -3.647     33.585     69.779   -184.172    -11.365    -33.353     55.174
     -3.649     33.608     69.846   -184.282    -11.365    -33.361     55.173
     -3.651     33.630     69.912   -184.393    -11.366    -33.369     55.173
     -3.653     33.653     69.979   -184.503    -11.367    -33.377     55.172
     -3.655     33.676     70.046   -184.613    -11.367    -33.385     55.171
     -3.657     33.698     70.113   -184.724    -11.368    -33.393     55.170
     -3.659     33.721     70.179   -184.834    -11.369    -33.401     55.169
     -3.661     33.744     70.246   -184.944    -11.369    -33.409     55.168
     -3.663     33.767     70.313   -185.055    -11.370    -33.417     55.168
     -3.665     33.789     70.380   -185.165    -11.371    -33.425     55.167
     -3.667     33.812     70.447   -185.275    -11.371    -33.433     55.166
     -3.669     33.835     70.514   -185.386    -11.372    -33.441     55.165
     -3.671     33.858     70.580   -185.496    -11.373    -33.449     55.164
     -3.673     33.880     70.647   -185.606    -11.373    -33.457     55.163
     -3.675     33.903     70.714   -185.717    -11.374    -33.465     55.162
     -3.677     33.926     70.781   -185.827    -11.375    -33.473     55.162
     -3.679     33.949     70.848   -185.937    -11.375    -33.481     55.161
     -3.681     33.971     70.915   -186.048    -11.376    -33.489     55.160
     -3.683     33.994     70.982   -186.158    -11.377    -33.497     55.159
     -3.685     34.017     71.049   -186.268    -11.377    -33.505     55.158
     -3.687     34.040     71.116   -186.379    -11.378    -33.513     55.157
     -3.689     34.062     71.183   -186.489    -11.379    -33.521     55.156
     -3.691     34.085     71.250   -186.599    -11.379    -33.529     55.156
     -3.693     34.108     71.317   -186.710    -11.380    -33.537     55.155
     -3.695     34.131     71.384   -186.820    -11.381    -33.544     55.154
     -3.697     34.153     71.452   -186.930    -11.381    -33.552     55.153
     -3.699     34.176     71.519   -187.040    -11.382    -33.560     55.152
     -3.701     34.199     71.586   -187.151    -11.383    -33.568     55.151
     -3.703     34.222     71.653   -187.261    -11.383    -33.576     55.150
     -3.705     34.244     71.720   -187.371    -11.384    -33.584     55.150
     -3.707     34.267     71.787   -187.482    -11.385    -33.592     55.149
     -3.709     34.290     71.854   -187.592    -11.385    -33.600     55.148
     -3.711     34.313     71.922   -187.702    -11.386    -33.608     55.147
     -3.713     34.336     71.989   -187.813    -11.387    -33.616     55.146
     -3.715     34.358     72.056   -187.923    -11.387    -33.624     55.145
     -3.717     34.381     72.123   -188.033    -11.388    -33.632     55.144
     -3.719     34.404     72.191   -188.143    -11.389    -33.640     55.143
     -3.721     34.427     72.258   -188.254    -11.389    -33.647     55.143
     -3.723     34.449     72.325   -188.364    -11.390    -33.655     55.142
     -3.725     34.472     72.393   -188.474    -11.391    -33.663     55.141
     -3.727     34.495     72.460   -188.585    -11.391    -33.671     55.140
     -3.729     34.518     72.527   -188.695    -11.392    -33.679     55.139
     -3.731     34.541     72.595   -188.805    -11.393    -33.687     55.138
     -3.733     34.563     72.662   -188.915    -11.393    -33.695     55.137
     -3.735     34.586     72.729   -189.026    -11.394    -33.703     55.136
     -3.737     34.609     72.797   -189.136    -11.395    -33.711     55.135
     -3.739     34.632     72.864   -189.246    -11.395    -33.718     55.135
     -3.741     34.655     72.932   -189.356    -11.396    -33.726     55.134
     -3.743     34.677     72.999   -189.467    -11.397    -33.734     55.133
     -3.745     34.700     73.067   -189.577    -11.397    -33.742     55.132
     -3.747     34.723     73.134   -189.687    -11.398    -33.750     55.131
     -3.749     34.746     73.202   -189.798    -11.399    -33.758     55.130
     -3.751     34.769     73.269   -189.908    -11.399    -33.766     55.129
     -3.753     34.791     73.337   -190.018    -11.400    -33.774     55.128
     -3.755     34.814     73.404   -190.128    -11.401    -33.781     55.127
     -3.757     34.837     73.472   -190.239    -11.401    -33.789     55.126
     -3.759     34.860     73.539   -190.349    -11.402    -33.797     55.126
     -3.761     34.883     73.607   -190.459    -11.403    -33.805     55.125
     -3.763     34.905     73.675   -190.569    -11.403    -33.813     55.124
     -3.765     34.928     73.742   -190.680    -11.404    -33.821     55.123
     -3.767     34.951     73.810   -190.790    -11.404    -33.828     55.122
     -3.769     34.974     73.878   -190.900    -11.405    -33.836     55.121
     -3.771     34.997     73.945   -191.010    -11.406    -33.844     55.120
     -3.773     35.019     74.013   -191.121    -11.406    -33.852     55.119
     -3.775     35.042     74.081   -191.231    -11.407    -33.860     55.118
     -3.777     35.065     74.148   -191.341    -11.408    -33.867     55.117
     -3.779     35.088     74.216   -191.451    -11.408    -33.875     55.117
     -3.781     35.111     74.284   -191.561    -11.409    -33.883     55.116
     -3.783     35.133     74.352   -191.672    -11.410    -33.891     55.115
     -3.785     35.156     74.419   -191.782    -11.410    -33.899     55.114
     -3.787     35.179     74.487   -191.892    -11.411    -33.907     55.113
     -3.789     35.202     74.555   -192.002    -11.412    -33.914     55.112
     -3.791     35.225     74.623   -192.113    -11.412    -33.922     55.111
     -3.793     35.248     74.691   -192.223    -11.413    -33.930     55.110
     -3.795     35.270     74.759   -192.333    -11.414    -33.938     55.109
     -3.797     35.293     74.826   -192.443    -11.414    -33.945     55.108
     -3.799     35.316     74.894   -192.553    -11.415    -33.953     55.107
     -3.801     35.339     74.962   -192.664    -11.415    -33.961     55.106
     -3.803     35.362     75.030   -192.774    -11.416    -33.969     55.105
     -3.805     35.385     75.098   -192.884    -11.417    -33.977     55.105
     -3.807     35.407     75.166   -192.994    -11.417    -33.984     55.104
     -3.809     35.430     75.234   -193.105    -11.418    -33.992     55.103
     -3.811     35.453     75.302   -193.215    -11.419    -34.000     55.102
     -3.813     35.476     75.370   -193.325    -11.419    -34.008     55.101
     -3.815     35.499     75.438   -193.435    -11.420    -34.015     55.100
     -3.817     35.522     75.506   -193.545    -11.421    -34.023     55.099
     -3.819     35.544     75.574   -193.656    -11.421    -34.031     55.098
     -3.821     35.567     75.642   -193.766    -11.422    -34.039     55.097
     -3.823     35.590     75.710   -193.876    -11.422    -34.046     55.096
     -3.825     35.613     75.778   -193.986    -11.423    -34.054     55.095
     -3.827     35.636     75.847   -194.096    -11.424    -34.062     55.094
     -3.829     35.659     75.915   -194.206    -11.424    -34.070     55.093
     -3.831     35.681     75.983   -194.317    -11.425    -34.077     55.092
     -3.833     35.704     76.051   -194.427    -11.426    -34.085     55.091
     -3.835     35.727     76.119   -194.537    -11.426    -34.093     55.090
     -3.837     35.750     76.187   -194.647    -11.427    -34.101     55.090
     -3.839     35.773     76.256   -194.757    -11.428    -34.108     55.089
     -3.841     35.796     76.324   -194.868    -11.428    -34.116     55.088
     -3.843     35.819     76.392   -194.978    -11.429    -34.124     55.087
     -3.845     35.841     76.460   -195.088    -11.429    -34.131     55.086
     -3.847     35.864     76.529   -195.198    -11.430    -34.139     55.085
     -3.849     35.887     76.597   -195.308    -11.431    -34.147     55.084
     -3.851     35.910     76.665   -195.418    -11.431    -34.154     55.083
     -3.853     35.933     76.733   -195.529    -11.432    -34.162     55.082
     -3.855     35.956     76.802   -195.639    -11.433    -34.170     55.081
     -3.857     35.979     76.870   -195.749    -11.433    -34.178     55.080
     -3.859     36.002     76.939   -195.859    -11.434    -34.185     55.079
     -3.861     36.024     77.007   -195.969    -11.434    -34.193     55.078
     -3.863     36.047     77.075   -196.079    -11.435    -34.201     55.077
     -3.865     36.070     77.144   -196.190    -11.436    -34.208     55.076
     -3.867     36.093     77.212   -196.300    -11.436    -34.216     55.075
     -3.869     36.116     77.281   -196.410    -11.437    -34.224     55.074
     -3.871     36.139     77.349   -196.520    -11.438    -34.231     55.073
     -3.873     36.162     77.418   -196.630    -11.438    -34.239     55.072
     -3.875     36.184     77.486   -196.740    -11.439    -34.247     55.071
     -3.877     36.207     77.554   -196.850    -11.439    -34.254     55.070
     -3.879     36.230     77.623   -196.961    -11.440    -34.262     55.069
     -3.881     36.253     77.692   -197.071    -11.441    -34.270     55.068
     -3.883     36.276     77.760   -197.181    -11.441    -34.277     55.067
     -3.885     36.299     77.829   -197.291    -11.442    -34.285     55.066
     -3.887     36.322     77.897   -197.401    -11.443    -34.293     55.066
     -3.889     36.345     77.966   -197.511    -11.443    -34.300     55.065
     -3.891     36.368     78.034   -197.621    -11.444    -34.308     55.064
     -3.893     36.390     78.103   -197.731    -11.444    -34.316     55.063
     -3.895     36.413     78.172   -197.842    -11.445    -34.323     55.062
     -3.897     36.436     78.240   -197.952    -11.446    -34.331     55.061
     -3.899     36.459     78.309   -198.062    -11.446    -34.339     55.060
     -3.901     36.482     78.378   -198.172    -11.447    -34.346     55.059
     -3.903     36.505     78.446   -198.282    -11.448    -34.354     55.058
     -3.905     36.528     78.515   -198.392    -11.448    -34.361     55.057
     -3.907     36.551     78.584   -198.502    -11.449    -34.369     55.056
     -3.909     36.574     78.653   -198.612    -11.449    -34.377     55.055
     -3.911     36.596     78.721   -198.723    -11.450    -34.384     55.054
     -3.913     36.619     78.790   -198.833    -11.451    -34.392     55.053
     -3.915     36.642     78.859   -198.943    -11.451    -34.399     55.052
     -3.917     36.665     78.928   -199.053    -11.452    -34.407     55.051
     -3.919     36.688     78.997   -199.163    -11.452    -34.415     55.050
     -3.921     36.711     79.065   -199.273    -11.453    -34.422     55.049
     -3.923     36.734     79.134   -199.383    -11.454    -34.430     55.048
     -3.925     36.757     79.203   -199.493    -11.454    -34.437     55.047
     -3.927     36.780     79.272   -199.603    -11.455    -34.445     55.046
     -3.929     36.803     79.341   -199.713    -11.456    -34.453     55.045
     -3.931     36.826     79.410   -199.823    -11.456    -34.460     55.044
     -3.933     36.848     79.479   -199.934    -11.457    -34.468     55.043
     -3.935     36.871     79.548   -200.044    -11.457    -34.475     55.042
     -3.937     36.894     79.617   -200.154    -11.458    -34.483     55.041
     -3.939     36.917     79.686   -200.264    -11.459    -34.491     55.040
     -3.941     36.940     79.755   -200.374    -11.459    -34.498     55.039
     -3.943     36.963     79.824   -200.484    -11.460    -34.506     55.038
     -3.945     36.986     79.893   -200.594    -11.460    -34.513     55.037
     -3.947     37.009     79.962   -200.704    -11.461    -34.521     55.036
     -3.949     37.032     80.031   -200.814    -11.462    -34.528     55.035
     -3.951     37.055     80.100   -200.924    -11.462    -34.536     55.034
     -3.953     37.078     80.169   -201.034    -11.463    -34.544     55.033
     -3.955     37.101     80.238   -201.144    -11.463    -34.551     55.032
     -3.957     37.124     80.307   -201.254    -11.464    -34.559     55.031
     -3.959     37.146     80.376   -201.365    -11.465    -34.566     55.030
     -3.961     37.169     80.445   -201.475    -11.465    -34.574     55.029
     -3.963     37.192     80.514   -201.585    -11.466    -34.581     55.028
     -3.965     37.215     80.584   -201.695    -11.466    -34.589     55.027
     -3.967     37.238     80.653   -201.805    -11.467    -34.596     55.026
     -3.969     37.261     80.722   -201.915    -11.468    -34.604     55.025
     -3.971     37.284     80.791   -202.025    -11.468    -34.611     55.024
     -3.973     37.307     80.860   -202.135    -11.469    -34.619     55.023
     -3.975     37.330     80.930   -202.245    -11.469    -34.627     55.022
     -3.977     37.353     80.999   -202.355    -11.470    -34.634     55.021
     -3.979     37.376     81.068   -202.465    -11.471    -34.642     55.020
     -3.981     37.399     81.138   -202.575    -11.471    -34.649     55.019
     -3.983     37.422     81.207   -202.685    -11.472    -34.657     55.018
     -3.985     37.445     81.276   -202.795    -11.472    -34.664     55.017
     -3.987     37.468     81.345   -202.905    -11.473    -34.672     55.015
     -3.989     37.491     81.415   -203.015    -11.474    -34.679     55.014
     -3.991     37.513     81.484   -203.125    -11.474    -34.687     55.013
     -3.993     37.536     81.554   -203.235    -11.475    -34.694     55.012
     -3.995     37.559     81.623   -203.345    -11.475    -34.702     55.011
     -3.997     37.582     81.692   -203.455    -11.476    -34.709     55.010
     -3.999     37.605     81.762   -203.565    -11.477    -34.717     55.009
     -4.001     37.628     81.831   -203.675    -11.477    -34.724     55.008
     -4.003     37.651     81.901   -203.785    -11.478    -34.732     55.007
     -4.005     37.674     81.970   -203.895    -11.478    -34.739     55.006
     -4.007     37.697     82.040   -204.005    -11.479    -34.747     55.005
     -4.009     37.720     82.109   -204.115    -11.480    -34.754     55.004
     -4.011     37.743     82.179   -204.225    -11.480    -34.762     55.003
     -4.013     37.766     82.248   -204.335    -11.481    -34.769     55.002
     -4.015     37.789     82.318   -204.445    -11.481    -34.777     55.001
     -4.017     37.812     82.387   -204.555    -11.482    -34.784     55.000
     -4.019     37.835     82.457   -204.665    -11.483    -34.792     54.999
     -4.021     37.858     82.527   -204.775    -11.483    -34.799     54.998
     -4.023     37.881     82.596   -204.885    -11.484    -34.806     54.997
     -4.025     37.904     82.666   -204.995    -11.484    -34.814     54.996
     -4.027     37.927     82.735   -205.105    -11.485    -34.821     54.995
     -4.029     37.950     82.805   -205.215    -11.486    -34.829     54.994
     -4.031     37.973     82.875   -205.325    -11.486    -34.836     54.993
     -4.033     37.996     82.944   -205.435    -11.487    -34.844     54.992
     -4.035     38.019     83.014   -205.545    -11.487    -34.851     54.991
     -4.037     38.042     83.084   -205.655    -11.488    -34.859     54.989
     -4.039     38.065     83.153   -205.765    -11.489    -34.866     54.988
     -4.041     38.088     83.223   -205.875    -11.489    -34.874     54.987
     -4.043     38.111     83.293   -205.985    -11.490    -34.881     54.986
     -4.045     38.134     83.363   -206.095    -11.490    -34.888     54.985
     -4.047     38.156     83.433   -206.205    -11.491    -34.896     54.984
     -4.049     38.179     83.502   -206.315    -11.491    -34.903     54.983
     -4.051     38.202     83.572   -206.425    -11.492    -34.911     54.982
     -4.053     38.225     83.642   -206.535    -11.493    -34.918     54.981
     -4.055     38.248     83.712   -206.645    -11.493    -34.926     54.980
     -4.057     38.271     83.782   -206.755    -11.494    -34.933     54.979
     -4.059     38.294     83.852   -206.865    -11.494    -34.940     54.978
     -4.061     38.317     83.921   -206.975    -11.495    -34.948     54.977
     -4.063     38.340     83.991   -207.085    -11.496    -34.955     54.976
     -4.065     38.363     84.061   -207.195    -11.496    -34.963     54.975
     -4.067     38.386     84.131   -207.305    -11.497    -34.970     54.974
     -4.069     38.409     84.201   -207.415    -11.497    -34.978     54.973
     -4.071     38.432     84.271   -207.525    -11.498    -34.985     54.971
     -4.073     38.455     84.341   -207.635    -11.498    -34.992     54.970
     -4.075     38.478     84.411   -207.744    -11.499    -35.000     54.969
     -4.077     38.501     84.481   -207.854    -11.500    -35.007     54.968
     -4.079     38.524     84.551   -207.964    -11.500    -35.015     54.967
     -4.081     38.547     84.621   -208.074    -11.501    -35.022     54.966
     -4.083     38.570     84.691   -208.184    -11.501    -35.029     54.965
     -4.085     38.593     84.761   -208.294    -11.502    -35.037     54.964
     -4.087     38.616     84.831   -208.404    -11.503    -35.044     54.963
     -4.089     38.639     84.901   -208.514    -11.503    -35.052     54.962
     -4.091     38.662     84.972   -208.624    -11.504    -35.059     54.961
     -4.093     38.685     85.042   -208.734    -11.504    -35.066     54.960
     -4.095     38.708     85.112   -208.844    -11.505    -35.074     54.959
     -4.097     38.731     85.182   -208.954    -11.505    -35.081     54.957
     -4.099     38.754     85.252   -209.064    -11.506    -35.088     54.956
     -4.101     38.777     85.322   -209.174    -11.507    -35.096     54.955
     -4.103     38.800     85.393   -209.283    -11.507    -35.103     54.954
     -4.105     38.823     85.463   -209.393    -11.508    -35.111     54.953
     -4.107     38.846     85.533   -209.503    -11.508    -35.118     54.952
     -4.109     38.869     85.603   -209.613    -11.509    -35.125     54.951
     -4.111     38.893     85.673   -209.723    -11.509    -35.133     54.950
     -4.113     38.916     85.744   -209.833    -11.510    -35.140     54.949
     -4.115     38.939     85.814   -209.943    -11.511    -35.147     54.948
     -4.117     38.962     85.884   -210.053    -11.511    -35.155     54.947
     -4.119     38.985     85.955   -210.163    -11.512    -35.162     54.945
     -4.121     39.008     86.025   -210.273    -11.512    -35.169     54.944
     -4.123     39.031     86.095   -210.382    -11.513    -35.177     54.943
     -4.125     39.054     86.166   -210.492    -11.514    -35.184     54.942
     -4.127     39.077     86.236   -210.602    -11.514    -35.191     54.941
     -4.129     39.100     86.306   -210.712    -11.515    -35.199     54.940
     -4.131     39.123     86.377   -210.822    -11.515    -35.206     54.939
     -4.133     39.146     86.447   -210.932    -11.516    -35.213     54.938
     -4.135     39.169     86.518   -211.042    -11.516    -35.221     54.937
     -4.137     39.192     86.588   -211.152    -11.517    -35.228     54.936
     -4.139     39.215     86.659   -211.261    -11.518    -35.235     54.934
     -4.141     39.238     86.729   -211.371    -11.518    -35.243     54.933
     -4.143     39.261     86.800   -211.481    -11.519    -35.250     54.932
     -4.145     39.284     86.870   -211.591    -11.519    -35.257     54.931
     -4.147     39.307     86.941   -211.701    -11.520    -35.265     54.930
     -4.149     39.330     87.011   -211.811    -11.520    -35.272     54.929
     -4.151     39.353     87.082   -211.921    -11.521    -35.279     54.928
     -4.153     39.376     87.152   -212.030    -11.521    -35.287     54.927
     -4.155     39.399     87.223   -212.140    -11.522    -35.294     54.926
     -4.157     39.422     87.293   -212.250    -11.523    -35.301     54.925
     -4.159     39.445     87.364   -212.360    -11.523    -35.309     54.923
     -4.161     39.468     87.435   -212.470    -11.524    -35.316     54.922
     -4.163     39.491     87.505   -212.580    -11.524    -35.323     54.921
     -4.165     39.514     87.576   -212.690    -11.525    -35.330     54.920
     -4.167     39.537     87.647   -212.799    -11.525    -35.338     54.919
     -4.169     39.561     87.717   -212.909    -11.526    -35.345     54.918
     -4.171     39.584     87.788   -213.019    -11.527    -35.352     54.917
     -4.173     39.607     87.859   -213.129    -11.527    -35.360     54.916
     -4.175     39.630     87.929   -213.239    -11.528    -35.367     54.914
     -4.177     39.653     88.000   -213.349    -11.528    -35.374     54.913
     -4.179     39.676     88.071   -213.458    -11.529    -35.381     54.912
     -4.181     39.699     88.142   -213.568    -11.529    -35.389     54.911
     -4.183     39.722     88.213   -213.678    -11.530    -35.396     54.910
     -4.185     39.745     88.283   -213.788    -11.531    -35.403     54.909
     -4.187     39.768     88.354   -213.898    -11.531    -35.411     54.908
     -4.189     39.791     88.425   -214.007    -11.532    -35.418     54.907
     -4.191     39.814     88.496   -214.117    -11.532    -35.425     54.905
     -4.193     39.837     88.567   -214.227    -11.533    -35.432     54.904
     -4.195     39.860     88.638   -214.337    -11.533    -35.440     54.903
     -4.197     39.883     88.708   -214.447    -11.534    -35.447     54.902
     -4.199     39.906     88.779   -214.556    -11.534    -35.454     54.901
     -4.201     39.930     88.850   -214.666    -11.535    -35.461     54.900
     -4.203     39.953     88.921   -214.776    -11.536    -35.469     54.899
     -4.205     39.976     88.992   -214.886    -11.536    -35.476     54.898
     -4.207     39.999     89.063   -214.996    -11.537    -35.483     54.896
     -4.209     40.022     89.134   -215.105    -11.537    -35.490     54.895
     -4.211     40.045     89.205   -215.215    -11.538    -35.498     54.894
     -4.213     40.068     89.276   -215.325    -11.538    -35.505     54.893
     -4.215     40.091     89.347   -215.435    -11.539    -35.512     54.892
     -4.217     40.114     89.418   -215.545    -11.539    -35.519     54.891
     -4.219     40.137     89.489   -215.654    -11.540    -35.527     54.890
     -4.221     40.160     89.560   -215.764    -11.541    -35.534     54.888
     -4.223     40.183     89.631   -215.874    -11.541    -35.541     54.887
     -4.225     40.206     89.702   -215.984    -11.542    -35.548     54.886
     -4.227     40.230     89.773   -216.093    -11.542    -35.555     54.885
     -4.229     40.253     89.845   -216.203    -11.543    -35.563     54.884
     -4.231     40.276     89.916   -216.313    -11.543    -35.570     54.883
     -4.233     40.299     89.987   -216.423    -11.544    -35.577     54.882
     -4.235     40.322     90.058   -216.533    -11.544    -35.584     54.880
     -4.237     40.345     90.129   -216.642    -11.545    -35.592     54.879
     -4.239     40.368     90.200   -216.752    -11.546    -35.599     54.878
     -4.241     40.391     90.272   -216.862    -11.546    -35.606     54.877
     -4.243     40.414     90.343   -216.972    -11.547    -35.613     54.876
     -4.245     40.437     90.414   -217.081    -11.547    -35.620     54.875
     -4.247     40.460     90.485   -217.191    -11.548    -35.628     54.873
     -4.249     40.484     90.557   -217.301    -11.548    -35.635     54.872
     -4.251     40.507     90.628   -217.411    -11.549    -35.642     54.871
     -4.253     40.530     90.699   -217.520    -11.549    -35.649     54.870
     -4.255     40.553     90.770   -217.630    -11.550    -35.656     54.869
     -4.257     40.576     90.842   -217.740    -11.551    -35.664     54.868
     -4.259     40.599     90.913   -217.850    -11.551    -35.671     54.867
     -4.261     40.622     90.984   -217.959    -11.552    -35.678     54.865
     -4.263     40.645     91.056   -218.069    -11.552    -35.685     54.864
     -4.265     40.668     91.127   -218.179    -11.553    -35.692     54.863
     -4.267     40.691     91.199   -218.288    -11.553    -35.700     54.862
     -4.269     40.715     91.270   -218.398    -11.554    -35.707     54.861
     -4.271     40.738     91.341   -218.508    -11.554    -35.714     54.860
     -4.273     40.761     91.413   -218.618    -11.555    -35.721     54.858
     -4.275     40.784     91.484   -218.727    -11.555    -35.728     54.857
     -4.277     40.807     91.556   -218.837    -11.556    -35.735     54.856
     -4.279     40.830     91.627   -218.947    -11.557    -35.743     54.855
     -4.281     40.853     91.699   -219.056    -11.557    -35.750     54.854
     -4.283     40.876     91.770   -219.166    -11.558    -35.757     54.853
     -4.285     40.899     91.842   -219.276    -11.558    -35.764     54.851
     -4.287     40.923     91.913   -219.386    -11.559    -35.771     54.850
     -4.289     40.946     91.985   -219.495    -11.559    -35.778     54.849
     -4.291     40.969     92.056   -219.605    -11.560    -35.786     54.848
     -4.293     40.992     92.128   -219.715    -11.560    -35.793     54.847
     -4.295     41.015     92.200   -219.824    -11.561    -35.800     54.845
     -4.297     41.038     92.271   -219.934    -11.561    -35.807     54.844
     -4.299     41.061     92.343   -220.044    -11.562    -35.814     54.843
     -4.301     41.084     92.414   -220.153    -11.563    -35.821     54.842
     -4.303     41.108     92.486   -220.263    -11.563    -35.829     54.841
     -4.305     41.131     92.558   -220.373    -11.564    -35.836     54.840
     -4.307     41.154     92.629   -220.482    -11.564    -35.843     54.838
     -4.309     41.177     92.701   -220.592    -11.565    -35.850     54.837
     -4.311     41.200     92.773   -220.702    -11.565    -35.857     54.836
     -4.313     41.223     92.845   -220.811    -11.566    -35.864     54.835
     -4.315     41.246     92.916   -220.921    -11.566    -35.871     54.834
     -4.317     41.269     92.988   -221.031    -11.567    -35.879     54.832
     -4.319     41.293     93.060   -221.140    -11.567    -35.886     54.831
     -4.321     41.316     93.132   -221.250    -11.568    -35.893     54.830
     -4.323     41.339     93.203   -221.360    -11.568    -35.900     54.829
     -4.325     41.362     93.275   -221.469    -11.569    -35.907     54.828
     -4.327     41.385     93.347   -221.579    -11.570    -35.914     54.826
     -4.329     41.408     93.419   -221.689    -11.570    -35.921     54.825
     -4.331     41.431     93.491   -221.798    -11.571    -35.928     54.824
     -4.333     41.455     93.563   -221.908    -11.571    -35.936     54.823
     -4.335     41.478     93.634   -222.018    -11.572    -35.943     54.822
     -4.337     41.501     93.706   -222.127    -11.572    -35.950     54.821
     -4.339     41.524     93.778   -222.237    -11.573    -35.957     54.819
     -4.341     41.547     93.850   -222.347    -11.573    -35.964     54.818
     -4.343     41.570     93.922   -222.456    -11.574    -35.971     54.817
     -4.345     41.593     93.994   -222.566    -11.574    -35.978     54.816
     -4.347     41.617     94.066   -222.675    -11.575    -35.985     54.815
     -4.349     41.640     94.138   -222.785    -11.575    -35.992     54.813
     -4.351     41.663     94.210   -222.895    -11.576    -35.999     54.812
     -4.353     41.686     94.282   -223.004    -11.576    -36.007     54.811
     -4.355     41.709     94.354   -223.114    -11.577    -36.014     54.810
     -4.357     41.732     94.426   -223.224    -11.578    -36.021     54.808
     -4.359     41.755     94.498   -223.333    -11.578    -36.028     54.807
     -4.361     41.779     94.570   -223.443    -11.579    -36.035     54.806
     -4.363     41.802     94.642   -223.552    -11.579    -36.042     54.805
     -4.365     41.825     94.714   -223.662    -11.580    -36.049     54.804
     -4.367     41.848     94.786   -223.772    -11.580    -36.056     54.802
     -4.369     41.871     94.859   -223.881    -11.581    -36.063     54.801
     -4.371     41.894     94.931   -223.991    -11.581    -36.070     54.800
     -4.373     41.918     95.003   -224.100    -11.582    -36.077     54.799
     -4.375     41.941     95.075   -224.210    -11.582    -36.085     54.798
     -4.377     41.964     95.147   -224.320    -11.583    -36.092     54.796
     -4.379     41.987     95.219   -224.429    -11.583    -36.099     54.795
     -4.381     42.010     95.292   -224.539    -11.584    -36.106     54.794
     -4.383     42.033     95.364   -224.648    -11.584    -36.113     54.793
     -4.385     42.057     95.436   -224.758    -11.585    -36.120     54.791
     -4.387     42.080     95.508   -224.868    -11.585    -36.127     54.790
     -4.389     42.103     95.580   -224.977    -11.586    -36.134     54.789
     -4.391     42.126     95.653   -225.087    -11.587    -36.141     54.788
     -4.393     42.149     95.725   -225.196    -11.587    -36.148     54.787
     -4.395     42.172     95.797   -225.306    -11.588    -36.155     54.785
     -4.397     42.196     95.870   -225.415    -11.588    -36.162     54.784
     -4.399     42.219     95.942   -225.525    -11.589    -36.169     54.783
     -4.401     42.242     96.014   -225.635    -11.589    -36.176     54.782
     -4.403     42.265     96.087   -225.744    -11.590    -36.183     54.780
     -4.405     42.288     96.159   -225.854    -11.590    -36.190     54.779
     -4.407     42.312     96.231   -225.963    -11.591    -36.198     54.778
     -4.409     42.335     96.304   -226.073    -11.591    -36.205     54.777
     -4.411     42.358     96.376   -226.182    -11.592    -36.212     54.776
     -4.413     42.381     96.449   -226.292    -11.592    -36.219     54.774
     -4.415     42.404     96.521   -226.401    -11.593    -36.226     54.773
     -4.417     42.427     96.594   -226.511    -11.593    -36.233     54.772
     -4.419     42.451     96.666   -226.621    -11.594    -36.240     54.771
     -4.421     42.474     96.739   -226.730    -11.594    -36.247     54.769
     -4.423     42.497     96.811   -226.840    -11.595    -36.254     54.768
     -4.425     42.520     96.884   -226.949    -11.595    -36.261     54.767
     -4.427     42.543     96.956   -227.059    -11.596    -36.268     54.766
     -4.429     42.567     97.029   -227.168    -11.596    -36.275     54.764
     -4.431     42.590     97.101   -227.278    -11.597    -36.282     54.763
     -4.433     42.613     97.174   -227.387    -11.598    -36.289     54.762
     -4.435     42.636     97.246   -227.497    -11.598    -36.296     54.761
     -4.437     42.659     97.319   -227.606    -11.599    -36.303     54.759
     -4.439     42.683     97.392   -227.716    -11.599    -36.310     54.758
     -4.441     42.706     97.464   -227.825    -11.600    -36.317     54.757
     -4.443     42.729     97.537   -227.935    -11.600    -36.324     54.756
     -4.445     42.752     97.610   -228.044    -11.601    -36.331     54.754
     -4.447     42.775     97.682   -228.154    -11.601    -36.338     54.753
     -4.449     42.799     97.755   -228.263    -11.602    -36.345     54.752
     -4.451     42.822     97.828   -228.373    -11.602    -36.352     54.751
     -4.453     42.845     97.900   -228.482    -11.603    -36.359     54.749
     -4.455     42.868     97.973   -228.592    -11.603    -36.366     54.748
     -4.457     42.891     98.046   -228.701    -11.604    -36.373     54.747
     -4.459     42.915     98.118   -228.811    -11.604    -36.380     54.746
     -4.461     42.938     98.191   -228.920    -11.605    -36.387     54.744
     -4.463     42.961     98.264   -229.030    -11.605    -36.394     54.743
     -4.465     42.984     98.337   -229.139    -11.606    -36.401     54.742
     -4.467     43.007     98.410   -229.249    -11.606    -36.408     54.741
     -4.469     43.031     98.482   -229.358    -11.607    -36.415     54.739
     -4.471     43.054     98.555   -229.468    -11.607    -36.422     54.738
     -4.473     43.077     98.628   -229.577    -11.608    -36.429     54.737
     -4.475     43.100     98.701   -229.687    -11.608    -36.436     54.736
     -4.477     43.124     98.774   -229.796    -11.609    -36.443     54.734
     -4.479     43.147     98.847   -229.906    -11.609    -36.450     54.733
     -4.481     43.170     98.920   -230.015    -11.610    -36.457     54.732
     -4.483     43.193     98.993   -230.125    -11.610    -36.464     54.731
     -4.485     43.216     99.066   -230.234    -11.611    -36.471     54.729
     -4.487     43.240     99.138   -230.344    -11.611    -36.478     54.728
     -4.489     43.263     99.211   -230.453    -11.612    -36.485     54.727
     -4.491     43.286     99.284   -230.562    -11.612    -36.492     54.726
     -4.493     43.309     99.357   -230.672    -11.613    -36.499     54.724
     -4.495     43.333     99.430   -230.781    -11.614    -36.506     54.723
     -4.497     43.356     99.503   -230.891    -11.614    -36.513     54.722
     -4.499     43.379     99.576   -231.000    -11.615    -36.520     54.720
     -4.501     43.402     99.650   -231.110    -11.615    -36.527     54.719
     -4.503     43.425     99.723   -231.219    -11.616    -36.534     54.718
     -4.505     43.449     99.796   -231.329    -11.616    -36.541     54.717
     -4.507     43.472     99.869   -231.438    -11.617    -36.548     54.715
     -4.509     43.495     99.942   -231.547    -11.617    -36.554     54.714
     -4.511     43.518    100.015   -231.657    -11.618    -36.561     54.713
     -4.513     43.542    100.088   -231.766    -11.618    -36.568     54.712
     -4.515     43.565    100.161   -231.876    -11.619    -36.575     54.710
     -4.517     43.588    100.234   -231.985    -11.619    -36.582     54.709
     -4.519     43.611    100.308   -232.094    -11.620    -36.589     54.708
     -4.521     43.635    100.381   -232.204    -11.620    -36.596     54.706
     -4.523     43.658    100.454   -232.313    -11.621    -36.603     54.705
     -4.525     43.681    100.527   -232.423    -11.621    -36.610     54.704
     -4.527     43.704    100.600   -232.532    -11.622    -36.617     54.703
     -4.529     43.728    100.674   -232.642    -11.622    -36.624     54.701
     -4.531     43.751    100.747   -232.751    -11.623    -36.631     54.700
     -4.533     43.774    100.820   -232.860    -11.623    -36.638     54.699
     -4.535     43.797    100.893   -232.970    -11.624    -36.645     54.697
     -4.537     43.821    100.967   -233.079    -11.624    -36.652     54.696
     -4.539     43.844    101.040   -233.189    -11.625    -36.659     54.695
     -4.541     43.867    101.113   -233.298    -11.625    -36.666     54.694
     -4.543     43.890    101.187   -233.407    -11.626    -36.672     54.692
     -4.545     43.914    101.260   -233.517    -11.626    -36.679     54.691
     -4.547     43.937    101.333   -233.626    -11.627    -36.686     54.690
     -4.549     43.960    101.407   -233.735    -11.627    -36.693     54.688
     -4.551     43.983    101.480   -233.845    -11.628    -36.700     54.687
     -4.553     44.007    101.554   -233.954    -11.628    -36.707     54.686
     -4.555     44.030    101.627   -234.064    -11.629    -36.714     54.684
     -4.557     44.053    101.700   -234.173    -11.629    -36.721     54.683
     -4.559     44.076    101.774   -234.282    -11.630    -36.728     54.682
     -4.561     44.100    101.847   -234.392    -11.630    -36.735     54.681
     -4.563     44.123    101.921   -234.501    -11.631    -36.742     54.679
     -4.565     44.146    101.994   -234.610    -11.631    -36.749     54.678
     -4.567     44.169    102.068   -234.720    -11.632    -36.755     54.677
     -4.569     44.193    102.141   -234.829    -11.632    -36.762     54.675
     -4.571     44.216    102.215   -234.938    -11.633    -36.769     54.674
     -4.573     44.239    102.288   -235.048    -11.633    -36.776     54.673
     -4.575     44.262    102.362   -235.157    -11.634    -36.783     54.671
     -4.577     44.286    102.436   -235.266    -11.634    -36.790     54.670
     -4.579     44.309    102.509   -235.376    -11.635    -36.797     54.669
     -4.581     44.332    102.583   -235.485    -11.635    -36.804     54.668
     -4.583     44.355    102.656   -235.594    -11.636    -36.811     54.666
     -4.585     44.379    102.730   -235.704    -11.636    -36.818     54.665
     -4.587     44.402    102.804   -235.813    -11.637    -36.824     54.664
     -4.589     44.425    102.877   -235.922    -11.637    -36.831     54.662
     -4.591     44.449    102.951   -236.032    -11.638    -36.838     54.661
     -4.593     44.472    103.025   -236.141    -11.638    -36.845     54.660
     -4.595     44.495    103.098   -236.250    -11.639    -36.852     54.658
     -4.597     44.518    103.172   -236.360    -11.639    -36.859     54.657
     -4.599     44.542    103.246   -236.469    -11.640    -36.866     54.656
     -4.601     44.565    103.320   -236.578    -11.640    -36.873     54.654
     -4.603     44.588    103.393   -236.688    -11.641    -36.879     54.653
     -4.605     44.612    103.467   -236.797    -11.641    -36.886     54.652
     -4.607     44.635    103.541   -236.906    -11.642    -36.893     54.650
     -4.609     44.658    103.615   -237.016    -11.642    -36.900     54.649
     -4.611     44.681    103.688   -237.125    -11.643    -36.907     54.648
     -4.613     44.705    103.762   -237.234    -11.643    -36.914     54.646
     -4.615     44.728    103.836   -237.343    -11.644    -36.921     54.645
     -4.617     44.751    103.910   -237.453    -11.644    -36.928     54.644
     -4.619     44.775    103.984   -237.562    -11.645    -36.934     54.643
     -4.621     44.798    104.058   -237.671    -11.645    -36.941     54.641
     -4.623     44.821    104.132   -237.781    -11.646    -36.948     54.640
     -4.625     44.844    104.205   -237.890    -11.646    -36.955     54.639
     -4.627     44.868    104.279   -237.999    -11.647    -36.962     54.637
     -4.629     44.891    104.353   -238.108    -11.647    -36.969     54.636
     -4.631     44.914    104.427   -238.218    -11.648    -36.976     54.635
     -4.633     44.938    104.501   -238.327    -11.648    -36.982     54.633
     -4.635     44.961    104.575   -238.436    -11.649    -36.989     54.632
     -4.637     44.984    104.649   -238.545    -11.649    -36.996     54.631
     -4.639     45.007    104.723   -238.655    -11.650    -37.003     54.629
     -4.641     45.031    104.797   -238.764    -11.650    -37.010     54.628
     -4.643     45.054    104.871   -238.873    -11.651    -37.017     54.627
     -4.645     45.077    104.945   -238.983    -11.651    -37.024     54.625
     -4.647     45.101    105.019   -239.092    -11.651    -37.030     54.624
     -4.649     45.124    105.093   -239.201    -11.652    -37.037     54.623
     -4.651     45.147    105.167   -239.310    -11.652    -37.044     54.621
     -4.653     45.171    105.242   -239.419    -11.653    -37.051     54.620
     -4.655     45.194    105.316   -239.529    -11.653    -37.058     54.619
     -4.657     45.217    105.390   -239.638    -11.654    -37.065     54.617
     -4.659     45.241    105.464   -239.747    -11.654    -37.071     54.616
     -4.661     45.264    105.538   -239.856    -11.655    -37.078     54.614
     -4.663     45.287    105.612   -239.966    -11.655    -37.085     54.613
     -4.665     45.310    105.686   -240.075    -11.656    -37.092     54.612
     -4.667     45.334    105.761   -240.184    -11.656    -37.099     54.610
     -4.669     45.357    105.835   -240.293    -11.657    -37.106     54.609
     -4.671     45.380    105.909   -240.403    -11.657    -37.112     54.608
     -4.673     45.404    105.983   -240.512    -11.658    -37.119     54.606
     -4.675     45.427    106.057   -240.621    -11.658    -37.126     54.605
     -4.677     45.450    106.132   -240.730    -11.659    -37.133     54.604
     -4.679     45.474    106.206   -240.839    -11.659    -37.140     54.602
     -4.681     45.497    106.280   -240.949    -11.660    -37.147     54.601
     -4.683     45.520    106.355   -241.058    -11.660    -37.153     54.600
     -4.685     45.544    106.429   -241.167    -11.661    -37.160     54.598
     -4.687     45.567    106.503   -241.276    -11.661    -37.167     54.597
     -4.689     45.590    106.578   -241.385    -11.662    -37.174     54.596
     -4.691     45.614    106.652   -241.495    -11.662    -37.181     54.594
     -4.693     45.637    106.726   -241.604    -11.663    -37.187     54.593
     -4.695     45.660    106.801   -241.713    -11.663    -37.194     54.591
     -4.697     45.684    106.875   -241.822    -11.664    -37.201     54.590
     -4.699     45.707    106.949   -241.931    -11.664    -37.208     54.589
     -4.701     45.730    107.024   -242.040    -11.665    -37.215     54.587
     -4.703     45.754    107.098   -242.150    -11.665    -37.221     54.586
     -4.705     45.777    107.173   -242.259    -11.666    -37.228     54.585
     -4.707     45.800    107.247   -242.368    -11.666    -37.235     54.583
     -4.709     45.824    107.322   -242.477    -11.667    -37.242     54.582
     -4.711     45.847    107.396   -242.586    -11.667    -37.249     54.581
     -4.713     45.870    107.471   -242.695    -11.667    -37.255     54.579
     -4.715     45.894    107.545   -242.805    -11.668    -37.262     54.578
     -4.717     45.917    107.620   -242.914    -11.668    -37.269     54.576
     -4.719     45.940    107.694   -243.023    -11.669    -37.276     54.575
     -4.721     45.964    107.769   -243.132    -11.669    -37.283     54.574
     -4.723     45.987    107.843   -243.241    -11.670    -37.289     54.572
     -4.725     46.010    107.918   -243.350    -11.670    -37.296     54.571
     -4.727     46.034    107.993   -243.460    -11.671    -37.303     54.570
     -4.729     46.057    108.067   -243.569    -11.671    -37.310     54.568
     -4.731     46.080    108.142   -243.678    -11.672    -37.317     54.567
     -4.733     46.104    108.217   -243.787    -11.672    -37.323     54.566
     -4.735     46.127    108.291   -243.896    -11.673    -37.330     54.564
     -4.737     46.150    108.366   -244.005    -11.673    -37.337     54.563
     -4.739     46.174    108.441   -244.114    -11.674    -37.344     54.561
     -4.741     46.197    108.515   -244.223    -11.674    -37.350     54.560
     -4.743     46.220    108.590   -244.333    -11.675    -37.357     54.559
     -4.745     46.244    108.665   -244.442    -11.675    -37.364     54.557
     -4.747     46.267    108.739   -244.551    -11.676    -37.371     54.556
     -4.749     46.290    108.814   -244.660    -11.676    -37.377     54.554
     -4.751     46.314    108.889   -244.769    -11.677    -37.384     54.553
     -4.753     46.337    108.964   -244.878    -11.677    -37.391     54.552
     -4.755     46.360    109.038   -244.987    -11.678    -37.398     54.550
     -4.757     46.384    109.113   -245.096    -11.678    -37.405     54.549
     -4.759     46.407    109.188   -245.205    -11.678    -37.411     54.548
     -4.761     46.431    109.263   -245.314    -11.679    -37.418     54.546
     -4.763     46.454    109.338   -245.424    -11.679    -37.425     54.545
     -4.765     46.477    109.413   -245.533    -11.680    -37.432     54.543
     -4.767     46.501    109.487   -245.642    -11.680    -37.438     54.542
     -4.769     46.524    109.562   -245.751    -11.681    -37.445     54.541
     -4.771     46.547    109.637   -245.860    -11.681    -37.452     54.539
     -4.773     46.571    109.712   -245.969    -11.682    -37.459     54.538
     -4.775     46.594    109.787   -246.078    -11.682    -37.465     54.536
     -4.777     46.617    109.862   -246.187    -11.683    -37.472     54.535
     -4.779     46.641    109.937   -246.296    -11.683    -37.479     54.534
     -4.781     46.664    110.012   -246.405    -11.684    -37.486     54.532
     -4.783     46.688    110.087   -246.514    -11.684    -37.492     54.531
     -4.785     46.711    110.162   -246.623    -11.685    -37.499     54.529
     -4.787     46.734    110.237   -246.732    -11.685    -37.506     54.528
     -4.789     46.758    110.312   -246.841    -11.686    -37.513     54.527
     -4.791     46.781    110.387   -246.951    -11.686    -37.519     54.525
     -4.793     46.804    110.462   -247.060    -11.686    -37.526     54.524
     -4.795     46.828    110.537   -247.169    -11.687    -37.533     54.522
     -4.797     46.851    110.612   -247.278    -11.687    -37.540     54.521
     -4.799     46.874    110.687   -247.387    -11.688    -37.546     54.520
     -4.801     46.898    110.762   -247.496    -11.688    -37.553     54.518
     -4.803     46.921    110.837   -247.605    -11.689    -37.560     54.517
     -4.805     46.945    110.913   -247.714    -11.689    -37.567     54.515
     -4.807     46.968    110.988   -247.823    -11.690    -37.573     54.514
     -4.809     46.991    111.063   -247.932    -11.690    -37.580     54.513
     -4.811     47.015    111.138   -248.041    -11.691    -37.587     54.511
     -4.813     47.038    111.213   -248.150    -11.691    -37.593     54.510
     -4.815     47.062    111.288   -248.259    -11.692    -37.600     54.508
     -4.817     47.085    111.364   -248.368    -11.692    -37.607     54.507
     -4.819     47.108    111.439   -248.477    -11.693    -37.614     54.506
     -4.821     47.132    111.514   -248.586    -11.693    -37.620     54.504
     -4.823     47.155    111.589   -248.695    -11.694    -37.627     54.503
     -4.825     47.178    111.665   -248.804    -11.694    -37.634     54.501
     -4.827     47.202    111.740   -248.913    -11.694    -37.640     54.500
     -4.829     47.225    111.815   -249.022    -11.695    -37.647     54.498
     -4.831     47.249    111.890   -249.131    -11.695    -37.654     54.497
     -4.833     47.272    111.966   -249.240    -11.696    -37.661     54.496
     -4.835     47.295    112.041   -249.349    -11.696    -37.667     54.494
     -4.837     47.319    112.116   -249.458    -11.697    -37.674     54.493
     -4.839     47.342    112.192   -249.567    -11.697    -37.681     54.491
     -4.841     47.366    112.267   -249.676    -11.698    -37.687     54.490
     -4.843     47.389    112.343   -249.785    -11.698    -37.694     54.488
     -4.845     47.412    112.418   -249.894    -11.699    -37.701     54.487
     -4.847     47.436    112.493   -250.003    -11.699    -37.708     54.486
     -4.849     47.459    112.569   -250.112    -11.700    -37.714     54.484
     -4.851     47.483    112.644   -250.221    -11.700    -37.721     54.483
     -4.853     47.506    112.720   -250.330    -11.700    -37.728     54.481
     -4.855     47.529    112.795   -250.439    -11.701    -37.734     54.480
     -4.857     47.553    112.871   -250.548    -11.701    -37.741     54.479
     -4.859     47.576    112.946   -250.657    -11.702    -37.748     54.477
     -4.861     47.600    113.022   -250.766    -11.702    -37.755     54.476
     -4.863     47.623    113.097   -250.875    -11.703    -37.761     54.474
     -4.865     47.646    113.173   -250.983    -11.703    -37.768     54.473
     -4.867     47.670    113.248   -251.092    -11.704    -37.775     54.471
     -4.869     47.693    113.324   -251.201    -11.704    -37.781     54.470
     -4.871     47.717    113.399   -251.310    -11.705    -37.788     54.468
     -4.873     47.740    113.475   -251.419    -11.705    -37.795     54.467
     -4.875     47.763    113.550   -251.528    -11.706    -37.801     54.466
     -4.877     47.787    113.626   -251.637    -11.706    -37.808     54.464
     -4.879     47.810    113.702   -251.746    -11.706    -37.815     54.463
     -4.881     47.834    113.777   -251.855    -11.707    -37.821     54.461
     -4.883     47.857    113.853   -251.964    -11.707    -37.828     54.460
     -4.885     47.881    113.929   -252.073    -11.708    -37.835     54.458
     -4.887     47.904    114.004   -252.182    -11.708    -37.841     54.457
     -4.889     47.927    114.080   -252.291    -11.709    -37.848     54.456
     -4.891     47.951    114.156   -252.400    -11.709    -37.855     54.454
     -4.893     47.974    114.231   -252.508    -11.710    -37.862     54.453
     -4.895     47.998    114.307   -252.617    -11.710    -37.868     54.451
     -4.897     48.021    114.383   -252.726    -11.711    -37.875     54.450
     -4.899     48.044    114.459   -252.835    -11.711    -37.882     54.448
     -4.901     48.068    114.534   -252.944    -11.711    -37.888     54.447
     -4.903     48.091    114.610   -253.053    -11.712    -37.895     54.445
     -4.905     48.115    114.686   -253.162    -11.712    -37.902     54.444
     -4.907     48.138    114.762   -253.271    -11.713    -37.908     54.442
     -4.909     48.162    114.838   -253.380    -11.713    -37.915     54.441
     -4.911     48.185    114.913   -253.488    -11.714    -37.922     54.440
     -4.913     48.208    114.989   -253.597    -11.714    -37.928     54.438
     -4.915     48.232    115.065   -253.706    -11.715    -37.935     54.437
     -4.917     48.255    115.141   -253.815    -11.715    -37.942     54.435
     -4.919     48.279    115.217   -253.924    -11.716    -37.948     54.434
     -4.921     48.302    115.293   -254.033    -11.716    -37.955     54.432
     -4.923     48.326    115.369   -254.142    -11.717    -37.962     54.431
     -4.925     48.349    115.445   -254.251    -11.717    -37.968     54.429
     -4.927     48.372    115.521   -254.359    -11.717    -37.975     54.428
     -4.929     48.396    115.597   -254.468    -11.718    -37.982     54.426
     -4.931     48.419    115.673   -254.577    -11.718    -37.988     54.425
     -4.933     48.443    115.749   -254.686    -11.719    -37.995     54.424
     -4.935     48.466    115.825   -254.795    -11.719    -38.001     54.422
     -4.937     48.490    115.901   -254.904    -11.720    -38.008     54.421
     -4.939     48.513    115.977   -255.012    -11.720    -38.015     54.419
     -4.941     48.537    116.053   -255.121    -11.721    -38.021     54.418
     -4.943     48.560    116.129   -255.230    -11.721    -38.028     54.416
     -4.945     48.583    116.205   -255.339    -11.721    -38.035     54.415
     -4.947     48.607    116.281   -255.448    -11.722    -38.041     54.413
     -4.949     48.630    116.357   -255.557    -11.722    -38.048     54.412
     -4.951     48.654    116.433   -255.665    -11.723    -38.055     54.410
     -4.953     48.677    116.509   -255.774    -11.723    -38.061     54.409
     -4.955     48.701    116.585   -255.883    -11.724    -38.068     54.407
     -4.957     48.724    116.661   -255.992    -11.724    -38.075     54.406
     -4.959     48.748    116.738   -256.101    -11.725    -38.081     54.404
     -4.961     48.771    116.814   -256.210    -11.725    -38.088     54.403
     -4.963     48.794    116.890   -256.318    -11.726    -38.095     54.401
     -4.965     48.818    116.966   -256.427    -11.726    -38.101     54.400
     -4.967     48.841    117.042   -256.536    -11.726    -38.108     54.399
     -4.969     48.865    117.119   -256.645    -11.727    -38.114     54.397
     -4.971     48.888    117.195   -256.754    -11.727    -38.121     54.396
     -4.973     48.912    117.271   -256.862    -11.728    -38.128     54.394
     -4.975     48.935    117.347   -256.971    -11.728    -38.134     54.393
     -4.977     48.959    117.424   -257.080    -11.729    -38.141     54.391
     -4.979     48.982    117.500   -257.189    -11.729    -38.148     54.390
     -4.981     49.006    117.576   -257.297    -11.730    -38.154     54.388
     -4.983     49.029    117.652   -257.406    -11.730    -38.161     54.387
     -4.985     49.052    117.729   -257.515    -11.730    -38.167     54.385
     -4.987     49.076    117.805   -257.624    -11.731    -38.174     54.384
     -4.989     49.099    117.881   -257.733    -11.731    -38.181     54.382
     -4.991     49.123    117.958   -257.841    -11.732    -38.187     54.381
     -4.993     49.146    118.034   -257.950    -11.732    -38.194     54.379
     -4.995     49.170    118.111   -258.059    -11.733    -38.201     54.378
     -4.997     49.193    118.187   -258.168    -11.733    -38.207     54.376
     -4.999     49.217    118.263   -258.276    -11.734    -38.214     54.375
     -5.001     49.240    118.340   -258.385    -11.734    -38.220     54.373
     -5.003     49.264    118.416   -258.494    -11.734    -38.227     54.372
     -5.005     49.287    118.493   -258.603    -11.735    -38.234     54.370
     -5.007     49.311    118.569   -258.711    -11.735    -38.240     54.369
     -5.009     49.334    118.646   -258.820    -11.736    -38.247     54.367
     -5.011     49.357    118.722   -258.929    -11.736    -38.253     54.366
     -5.013     49.381    118.799   -259.037    -11.737    -38.260     54.364
     -5.015     49.404    118.875   -259.146    -11.737    -38.267     54.363
     -5.017     49.428    118.952   -259.255    -11.738    -38.273     54.361
     -5.019     49.451    119.028   -259.364    -11.738    -38.280     54.360
     -5.021     49.475    119.105   -259.472    -11.738    -38.287     54.358
     -5.023     49.498    119.182   -259.581    -11.739    -38.293     54.357
     -5.025     49.522    119.258   -259.690    -11.739    -38.300     54.355
     -5.027     49.545    119.335   -259.799    -11.740    -38.306     54.354
     -5.029     49.569    119.411   -259.907    -11.740    -38.313     54.352
     -5.031     49.592    119.488   -260.016    -11.741    -38.320     54.351
     -5.033     49.616    119.565   -260.125    -11.741    -38.326     54.349
     -5.035     49.639    119.641   -260.233    -11.742    -38.333     54.348
     -5.037     49.663    119.718   -260.342    -11.742    -38.339     54.346
     -5.039     49.686    119.795   -260.451    -11.742    -38.346     54.345
     -5.041     49.710    119.871   -260.559    -11.743    -38.353     54.343
     -5.043     49.733    119.948   -260.668    -11.743    -38.359     54.342
     -5.045     49.757    120.025   -260.777    -11.744    -38.366     54.340
     -5.047     49.780    120.102   -260.885    -11.744    -38.372     54.339
     -5.049     49.804    120.178   -260.994    -11.745    -38.379     54.337
     -5.051     49.827    120.255   -261.103    -11.745    -38.386     54.336
     -5.053     49.851    120.332   -261.211    -11.746    -38.392     54.334
     -5.055     49.874    120.409   -261.320    -11.746    -38.399     54.333
     -5.057     49.898    120.485   -261.429    -11.746    -38.405     54.331
     -5.059     49.921    120.562   -261.537    -11.747    -38.412     54.330
     -5.061     49.945    120.639   -261.646    -11.747    -38.418     54.328
     -5.063     49.968    120.716   -261.755    -11.748    -38.425     54.327
     -5.065     49.992    120.793   -261.863    -11.748    -38.432     54.325
     -5.067     50.015    120.870   -261.972    -11.749    -38.438     54.323
     -5.069     50.039    120.946   -262.081    -11.749    -38.445     54.322
     -5.071     50.062    121.023   -262.189    -11.749    -38.451     54.320
     -5.073     50.086    121.100   -262.298    -11.750    -38.458     54.319
     -5.075     50.109    121.177   -262.407    -11.750    -38.465     54.317
     -5.077     50.133    121.254   -262.515    -11.751    -38.471     54.316
     -5.079     50.156    121.331   -262.624    -11.751    -38.478     54.314
     -5.081     50.180    121.408   -262.733    -11.752    -38.484     54.313
     -5.083     50.203    121.485   -262.841    -11.752    -38.491     54.311
     -5.085     50.227    121.562   -262.950    -11.753    -38.497     54.310
     -5.087     50.250    121.639   -263.058    -11.753    -38.504     54.308
     -5.089     50.274    121.716   -263.167    -11.753    -38.511     54.307
     -5.091     50.297    121.793   -263.276    -11.754    -38.517     54.305
     -5.093     50.321    121.870   -263.384    -11.754    -38.524     54.304
     -5.095     50.344    121.947   -263.493    -11.755    -38.530     54.302
     -5.097     50.368    122.024   -263.601    -11.755    -38.537     54.301
     -5.099     50.391    122.101   -263.710    -11.756    -38.543     54.299
     -5.101     50.415    122.178   -263.819    -11.756    -38.550     54.297
     -5.103     50.438    122.256   -263.927    -11.756    -38.557     54.296
     -5.105     50.462    122.333   -264.036    -11.757    -38.563     54.294
     -5.107     50.485    122.410   -264.144    -11.757    -38.570     54.293
     -5.109     50.509    122.487   -264.253    -11.758    -38.576     54.291
     -5.111     50.532    122.564   -264.362    -11.758    -38.583     54.290
     -5.113     50.556    122.641   -264.470    -11.759    -38.589     54.288
     -5.115     50.579    122.718   -264.579    -11.759    -38.596     54.287
     -5.117     50.603    122.796   -264.687    -11.759    -38.602     54.285
     -5.119     50.626    122.873   -264.796    -11.760    -38.609     54.284
     -5.121     50.650    122.950   -264.904    -11.760    -38.616     54.282
     -5.123     50.673    123.027   -265.013    -11.761    -38.622     54.280
     -5.125     50.697    123.105   -265.122    -11.761    -38.629     54.279
     -5.127     50.720    123.182   -265.230    -11.762    -38.635     54.277
     -5.129     50.744    123.259   -265.339    -11.762    -38.642     54.276
     -5.131     50.767    123.336   -265.447    -11.762    -38.648     54.274
     -5.133     50.791    123.414   -265.556    -11.763    -38.655     54.273
     -5.135     50.814    123.491   -265.664    -11.763    -38.661     54.271
     -5.137     50.838    123.568   -265.773    -11.764    -38.668     54.270
     -5.139     50.862    123.646   -265.881    -11.764    -38.675     54.268
     -5.141     50.885    123.723   -265.990    -11.765    -38.681     54.267
     -5.143     50.909    123.800   -266.098    -11.765    -38.688     54.265
     -5.145     50.932    123.878   -266.207    -11.766    -38.694     54.263
     -5.147     50.956    123.955   -266.315    -11.766    -38.701     54.262
     -5.149     50.979    124.033   -266.424    -11.766    -38.707     54.260
     -5.151     51.003    124.110   -266.533    -11.767    -38.714     54.259
     -5.153     51.026    124.187   -266.641    -11.767    -38.720     54.257
     -5.155     51.050    124.265   -266.750    -11.768    -38.727     54.256
     -5.157     51.073    124.342   -266.858    -11.768    -38.733     54.254
     -5.159     51.097    124.420   -266.967    -11.769    -38.740     54.252
     -5.161     51.120    124.497   -267.075    -11.769    -38.747     54.251
     -5.163     51.144    124.575   -267.184    -11.769    -38.753     54.249
     -5.165     51.167    124.652   -267.292    -11.770    -38.760     54.248
     -5.167     51.191    124.730   -267.401    -11.770    -38.766     54.246
     -5.169     51.215    124.807   -267.509    -11.771    -38.773     54.245
     -5.171     51.238    124.885   -267.618    -11.771    -38.779     54.243
     -5.173     51.262    124.963   -267.726    -11.771    -38.786     54.242
     -5.175     51.285    125.040   -267.834    -11.772    -38.792     54.240
     -5.177     51.309    125.118   -267.943    -11.772    -38.799     54.238
     -5.179     51.332    125.195   -268.051    -11.773    -38.805     54.237
     -5.181     51.356    125.273   -268.160    -11.773    -38.812     54.235
     -5.183     51.379    125.351   -268.268    -11.774    -38.818     54.234
     -5.185     51.403    125.428   -268.377    -11.774    -38.825     54.232
     -5.187     51.426    125.506   -268.485    -11.774    -38.832     54.231
     -5.189     51.450    125.583   -268.594    -11.775    -38.838     54.229
     -5.191     51.474    125.661   -268.702    -11.775    -38.845     54.227
     -5.193     51.497    125.739   -268.811    -11.776    -38.851     54.226
     -5.195     51.521    125.817   -268.919    -11.776    -38.858     54.224
     -5.197     51.544    125.894   -269.028    -11.777    -38.864     54.223
     -5.199     51.568    125.972   -269.136    -11.777    -38.871     54.221
     -5.201     51.591    126.050   -269.244    -11.777    -38.877     54.219
     -5.203     51.615    126.128   -269.353    -11.778    -38.884     54.218
     -5.205     51.638    126.205   -269.461    -11.778    -38.890     54.216
     -5.207     51.662    126.283   -269.570    -11.779    -38.897     54.215
     -5.209     51.686    126.361   -269.678    -11.779    -38.903     54.213
     -5.211     51.709    126.439   -269.787    -11.780    -38.910     54.212
     -5.213     51.733    126.517   -269.895    -11.780    -38.916     54.210
     -5.215     51.756    126.594   -270.003    -11.780    -38.923     54.208
     -5.217     51.780    126.672   -270.112    -11.781    -38.929     54.207
     -5.219     51.803    126.750   -270.220    -11.781    -38.936     54.205
     -5.221     51.827    126.828   -270.329    -11.782    -38.942     54.204
     -5.223     51.850    126.906   -270.437    -11.782    -38.949     54.202
     -5.225     51.874    126.984   -270.546    -11.783    -38.955     54.200
     -5.227     51.898    127.062   -270.654    -11.783    -38.962     54.199
     -5.229     51.921    127.140   -270.762    -11.783    -38.968     54.197
     -5.231     51.945    127.218   -270.871    -11.784    -38.975     54.196
     -5.233     51.968    127.296   -270.979    -11.784    -38.981     54.194
     -5.235     51.992    127.373   -271.087    -11.785    -38.988     54.192
     -5.237     52.015    127.451   -271.196    -11.785    -38.994     54.191
     -5.239     52.039    127.529   -271.304    -11.785    -39.001     54.189
     -5.241     52.063    127.607   -271.413    -11.786    -39.007     54.188
     -5.243     52.086    127.686   -271.521    -11.786    -39.014     54.186
     -5.245     52.110    127.764   -271.629    -11.787    -39.020     54.184
     -5.247     52.133    127.842   -271.738    -11.787    -39.027     54.183
     -5.249     52.157    127.920   -271.846    -11.788    -39.033     54.181
     -5.251     52.180    127.998   -271.954    -11.788    -39.040     54.180
     -5.253     52.204    128.076   -272.063    -11.788    -39.046     54.178
     -5.255     52.228    128.154   -272.171    -11.789    -39.053     54.176
     -5.257     52.251    128.232   -272.280    -11.789    -39.059     54.175
     -5.259     52.275    128.310   -272.388    -11.790    -39.066     54.173
     -5.261     52.298    128.388   -272.496    -11.790    -39.072     54.172
     -5.263     52.322    128.466   -272.605    -11.790    -39.079     54.170
     -5.265     52.346    128.545   -272.713    -11.791    -39.085     54.168
     -5.267     52.369    128.623   -272.821    -11.791    -39.092     54.167
     -5.269     52.393    128.701   -272.930    -11.792    -39.098     54.165
     -5.271     52.416    128.779   -273.038    -11.792    -39.105     54.164
     -5.273     52.440    128.857   -273.146    -11.793    -39.111     54.162
     -5.275     52.463    128.936   -273.255    -11.793    -39.118     54.160
     -5.277     52.487    129.014   -273.363    -11.793    -39.124     54.159
     -5.279     52.511    129.092   -273.471    -11.794    -39.131     54.157
     -5.281     52.534    129.170   -273.579    -11.794    -39.137     54.155
     -5.283     52.558    129.249   -273.688    -11.795    -39.144     54.154
     -5.285     52.581    129.327   -273.796    -11.795    -39.150     54.152
     -5.287     52.605    129.405   -273.904    -11.795    -39.157     54.151
     -5.289     52.629    129.484   -274.013    -11.796    -39.163     54.149
     -5.291     52.652    129.562   -274.121    -11.796    -39.170     54.147
     -5.293     52.676    129.640   -274.229    -11.797    -39.176     54.146
     -5.295     52.699    129.719   -274.338    -11.797    -39.183     54.144
     -5.297     52.723    129.797   -274.446    -11.798    -39.189     54.143
     -5.299     52.747    129.875   -274.554    -11.798    -39.196     54.141
     -5.301     52.770    129.954   -274.662    -11.798    -39.202     54.139
     -5.303     52.794    130.032   -274.771    -11.799    -39.209     54.138
     -5.305     52.817    130.111   -274.879    -11.799    -39.215     54.136
     -5.307     52.841    130.189   -274.987    -11.800    -39.222     54.134
     -5.309     52.865    130.267   -275.096    -11.800    -39.228     54.133
     -5.311     52.888    130.346   -275.204    -11.800    -39.235     54.131
     -5.313     52.912    130.424   -275.312    -11.801    -39.241     54.129
     -5.315     52.935    130.503   -275.420    -11.801    -39.248     54.128
     -5.317     52.959    130.581   -275.529    -11.802    -39.254     54.126
     -5.319     52.983    130.660   -275.637    -11.802    -39.261     54.125
     -5.321     53.006    130.738   -275.745    -11.802    -39.267     54.123
     -5.323     53.030    130.817   -275.853    -11.803    -39.274     54.121
     -5.325     53.053    130.896   -275.962    -11.803    -39.280     54.120
     -5.327     53.077    130.974   -276.070    -11.804    -39.287     54.118
     -5.329     53.101    131.053   -276.178    -11.804    -39.293     54.116
     -5.331     53.124    131.131   -276.286    -11.805    -39.299     54.115
     -5.333     53.148    131.210   -276.394    -11.805    -39.306     54.113
     -5.335     53.171    131.289   -276.503    -11.805    -39.312     54.111
     -5.337     53.195    131.367   -276.611    -11.806    -39.319     54.110
     -5.339     53.219    131.446   -276.719    -11.806    -39.325     54.108
     -5.341     53.242    131.524   -276.827    -11.807    -39.332     54.107
     -5.343     53.266    131.603   -276.936    -11.807    -39.338     54.105
     -5.345     53.289    131.682   -277.044    -11.807    -39.345     54.103
     -5.347     53.313    131.761   -277.152    -11.808    -39.351     54.102
     -5.349     53.337    131.839   -277.260    -11.808    -39.358     54.100
     -5.351     53.360    131.918   -277.368    -11.809    -39.364     54.098
     -5.353     53.384    131.997   -277.477    -11.809    -39.371     54.097
     -5.355     53.408    132.075   -277.585    -11.809    -39.377     54.095
     -5.357     53.431    132.154   -277.693    -11.810    -39.384     54.093
     -5.359     53.455    132.233   -277.801    -11.810    -39.390     54.092
     -5.361     53.478    132.312   -277.909    -11.811    -39.396     54.090
     -5.363     53.502    132.391   -278.017    -11.811    -39.403     54.088
     -5.365     53.526    132.469   -278.126    -11.811    -39.409     54.087
     -5.367     53.549    132.548   -278.234    -11.812    -39.416     54.085
     -5.369     53.573    132.627   -278.342    -11.812    -39.422     54.083
     -5.371     53.597    132.706   -278.450    -11.813    -39.429     54.082
     -5.373     53.620    132.785   -278.558    -11.813    -39.435     54.080
     -5.375     53.644    132.864   -278.666    -11.814    -39.442     54.078
     -5.377     53.667    132.942   -278.775    -11.814    -39.448     54.077
     -5.379     53.691    133.021   -278.883    -11.814    -39.455     54.075
     -5.381     53.715    133.100   -278.991    -11.815    -39.461     54.073
     -5.383     53.738    133.179   -279.099    -11.815    -39.468     54.072
     -5.385     53.762    133.258   -279.207    -11.816    -39.474     54.070
     -5.387     53.786    133.337   -279.315    -11.816    -39.480     54.068
     -5.389     53.809    133.416   -279.424    -11.816    -39.487     54.067
     -5.391     53.833    133.495   -279.532    -11.817    -39.493     54.065
     -5.393     53.856    133.574   -279.640    -11.817    -39.500     54.063
     -5.395     53.880    133.653   -279.748    -11.818    -39.506     54.062
     -5.397     53.904    133.732   -279.856    -11.818    -39.513     54.060
     -5.399     53.927    133.811   -279.964    -11.818    -39.519     54.058
     -5.401     53.951    133.890   -280.072    -11.819    -39.526     54.057
     -5.403     53.975    133.969   -280.180    -11.819    -39.532     54.055
     -5.405     53.998    134.048   -280.288    -11.820    -39.538     54.053
     -5.407     54.022    134.127   -280.397    -11.820    -39.545     54.052
     -5.409     54.046    134.206   -280.505    -11.820    -39.551     54.050
     -5.411     54.069    134.286   -280.613    -11.821    -39.558     54.048
     -5.413     54.093    134.365   -280.721    -11.821    -39.564     54.047
     -5.415     54.116    134.444   -280.829    -11.822    -39.571     54.045
     -5.417     54.140    134.523   -280.937    -11.822    -39.577     54.043
     -5.419     54.164    134.602   -281.045    -11.822    -39.584     54.042
     -5.421     54.187    134.681   -281.153    -11.823    -39.590     54.040
     -5.423     54.211    134.761   -281.261    -11.823    -39.596     54.038
     -5.425     54.235    134.840   -281.369    -11.824    -39.603     54.037
     -5.427     54.258    134.919   -281.477    -11.824    -39.609     54.035
     -5.429     54.282    134.998   -281.586    -11.824    -39.616     54.033
     -5.431     54.306    135.077   -281.694    -11.825    -39.622     54.032
     -5.433     54.329    135.157   -281.802    -11.825    -39.629     54.030
     -5.435     54.353    135.236   -281.910    -11.826    -39.635     54.028
     -5.437     54.377    135.315   -282.018    -11.826    -39.642     54.027
     -5.439     54.400    135.394   -282.126    -11.826    -39.648     54.025
     -5.441     54.424    135.474   -282.234    -11.827    -39.654     54.023
     -5.443     54.448    135.553   -282.342    -11.827    -39.661     54.021
     -5.445     54.471    135.632   -282.450    -11.828    -39.667     54.020
     -5.447     54.495    135.712   -282.558    -11.828    -39.674     54.018
     -5.449     54.519    135.791   -282.666    -11.828    -39.680     54.016
     -5.451     54.542    135.870   -282.774    -11.829    -39.687     54.015
     -5.453     54.566    135.950   -282.882    -11.829    -39.693     54.013
     -5.455     54.589    136.029   -282.990    -11.830    -39.699     54.011
     -5.457     54.613    136.109   -283.098    -11.830    -39.706     54.010
     -5.459     54.637    136.188   -283.206    -11.830    -39.712     54.008
     -5.461     54.660    136.268   -283.314    -11.831    -39.719     54.006
     -5.463     54.684    136.347   -283.422    -11.831    -39.725     54.004
     -5.465     54.708    136.426   -283.530    -11.832    -39.732     54.003
     -5.467     54.731    136.506   -283.638    -11.832    -39.738     54.001
     -5.469     54.755    136.585   -283.746    -11.832    -39.745     53.999
     -5.471     54.779    136.665   -283.854    -11.833    -39.751     53.998
     -5.473     54.802    136.744   -283.962    -11.833    -39.757     53.996
     -5.475     54.826    136.824   -284.070    -11.834    -39.764     53.994
     -5.477     54.850    136.903   -284.178    -11.834    -39.770     53.993
     -5.479     54.873    136.983   -284.286    -11.834    -39.777     53.991
     -5.481     54.897    137.063   -284.394    -11.835    -39.783     53.989
     -5.483     54.921    137.142   -284.502    -11.835    -39.790     53.987
     -5.485     54.944    137.222   -284.610    -11.836    -39.796     53.986
     -5.487     54.968    137.301   -284.718    -11.836    -39.802     53.984
     -5.489     54.992    137.381   -284.826    -11.836    -39.809     53.982
     -5.491     55.015    137.461   -284.934    -11.837    -39.815     53.981
     -5.493     55.039    137.540   -285.042    -11.837    -39.822     53.979
     -5.495     55.063    137.620   -285.150    -11.838    -39.828     53.977
     -5.497     55.087    137.699   -285.258    -11.838    -39.834     53.975
     -5.499     55.110    137.779   -285.366    -11.838    -39.841     53.974
     -5.501     55.134    137.859   -285.474    -11.839    -39.847     53.972
     -5.503     55.158    137.939   -285.582    -11.839    -39.854     53.970
     -5.505     55.181    138.018   -285.690    -11.840    -39.860     53.969
     -5.507     55.205    138.098   -285.798    -11.840    -39.867     53.967
     -5.509     55.229    138.178   -285.905    -11.840    -39.873     53.965
     -5.511     55.252    138.257   -286.013    -11.841    -39.879     53.963
     -5.513     55.276    138.337   -286.121    -11.841    -39.886     53.962
     -5.515     55.300    138.417   -286.229    -11.842    -39.892     53.960
     -5.517     55.323    138.497   -286.337    -11.842    -39.899     53.958
     -5.519     55.347    138.577   -286.445    -11.842    -39.905     53.956
     -5.521     55.371    138.656   -286.553    -11.843    -39.911     53.955
     -5.523     55.394    138.736   -286.661    -11.843    -39.918     53.953
     -5.525     55.418    138.816   -286.769    -11.843    -39.924     53.951
     -5.527     55.442    138.896   -286.877    -11.844    -39.931     53.950
     -5.529     55.465    138.976   -286.985    -11.844    -39.937     53.948
     -5.531     55.489    139.056   -287.092    -11.845    -39.944     53.946
     -5.533     55.513    139.136   -287.200    -11.845    -39.950     53.944
     -5.535     55.536    139.216   -287.308    -11.845    -39.956     53.943
     -5.537     55.560    139.295   -287.416    -11.846    -39.963     53.941
     -5.539     55.584    139.375   -287.524    -11.846    -39.969     53.939
     -5.541     55.608    139.455   -287.632    -11.847    -39.976     53.937
     -5.543     55.631    139.535   -287.740    -11.847    -39.982     53.936
     -5.545     55.655    139.615   -287.848    -11.847    -39.988     53.934
     -5.547     55.679    139.695   -287.956    -11.848    -39.995     53.932
     -5.549     55.702    139.775   -288.063    -11.848    -40.001     53.930
     -5.551     55.726    139.855   -288.171    -11.849    -40.008     53.929
     -5.553     55.750    139.935   -288.279    -11.849    -40.014     53.927
     -5.555     55.773    140.015   -288.387    -11.849    -40.020     53.925
     -5.557     55.797    140.095   -288.495    -11.850    -40.027     53.923
     -5.559     55.821    140.175   -288.603    -11.850    -40.033     53.922
     -5.561     55.845    140.255   -288.710    -11.851    -40.040     53.920
     -5.563     55.868    140.336   -288.818    -11.851    -40.046     53.918
     -5.565     55.892    140.416   -288.926    -11.851    -40.053     53.917
     -5.567     55.916    140.496   -289.034    -11.852    -40.059     53.915
     -5.569     55.939    140.576   -289.142    -11.852    -40.065     53.913
     -5.571     55.963    140.656   -289.250    -11.852    -40.072     53.911
     -5.573     55.987    140.736   -289.357    -11.853    -40.078     53.909
     -5.575     56.010    140.816   -289.465    -11.853    -40.085     53.908
     -5.577     56.034    140.896   -289.573    -11.854    -40.091     53.906
     -5.579     56.058    140.977   -289.681    -11.854    -40.097     53.904
     -5.581     56.082    141.057   -289.789    -11.854    -40.104     53.902
     -5.583     56.105    141.137   -289.896    -11.855    -40.110     53.901
     -5.585     56.129    141.217   -290.004    -11.855    -40.117     53.899
     -5.587     56.153    141.298   -290.112    -11.856    -40.123     53.897
     -5.589     56.176    141.378   -290.220    -11.856    -40.129     53.895
     -5.591     56.200    141.458   -290.328    -11.856    -40.136     53.894
     -5.593     56.224    141.538   -290.435    -11.857    -40.142     53.892
     -5.595     56.248    141.619   -290.543    -11.857    -40.149     53.890
     -5.597     56.271    141.699   -290.651    -11.858    -40.155     53.888
     -5.599     56.295    141.779   -290.759    -11.858    -40.161     53.887
     -5.601     56.319    141.860   -290.867    -11.858    -40.168     53.885
     -5.603     56.342    141.940   -290.974    -11.859    -40.174     53.883
     -5.605     56.366    142.020   -291.082    -11.859    -40.181     53.881
     -5.607     56.390    142.101   -291.190    -11.859    -40.187     53.880
     -5.609     56.414    142.181   -291.298    -11.860    -40.193     53.878
     -5.611     56.437    142.261   -291.405    -11.860    -40.200     53.876
     -5.613     56.461    142.342   -291.513    -11.861    -40.206     53.874
     -5.615     56.485    142.422   -291.621    -11.861    -40.213     53.872
     -5.617     56.508    142.503   -291.729    -11.861    -40.219     53.871
     -5.619     56.532    142.583   -291.836    -11.862    -40.225     53.869
     -5.621     56.556    142.664   -291.944    -11.862    -40.232     53.867
     -5.623     56.580    142.744   -292.052    -11.863    -40.238     53.865
     -5.625     56.603    142.825   -292.160    -11.863    -40.244     53.864
     -5.627     56.627    142.905   -292.267    -11.863    -40.251     53.862
     -5.629     56.651    142.986   -292.375    -11.864    -40.257     53.860
     -5.631     56.675    143.066   -292.483    -11.864    -40.264     53.858
     -5.633     56.698    143.147   -292.590    -11.864    -40.270     53.856
     -5.635     56.722    143.227   -292.698    -11.865    -40.276     53.855
     -5.637     56.746    143.308   -292.806    -11.865    -40.283     53.853
     -5.639     56.769    143.388   -292.914    -11.866    -40.289     53.851
     -5.641     56.793    143.469   -293.021    -11.866    -40.296     53.849
     -5.643     56.817    143.549   -293.129    -11.866    -40.302     53.848
     -5.645     56.841    143.630   -293.237    -11.867    -40.308     53.846
     -5.647     56.864    143.711   -293.344    -11.867    -40.315     53.844
     -5.649     56.888    143.791   -293.452    -11.867    -40.321     53.842
     -5.651     56.912    143.872   -293.560    -11.868    -40.328     53.840
     -5.653     56.936    143.953   -293.667    -11.868    -40.334     53.839
     -5.655     56.959    144.033   -293.775    -11.869    -40.340     53.837
     -5.657     56.983    144.114   -293.883    -11.869    -40.347     53.835
     -5.659     57.007    144.195   -293.990    -11.869    -40.353     53.833
     -5.661     57.031    144.275   -294.098    -11.870    -40.360     53.831
     -5.663     57.054    144.356   -294.206    -11.870    -40.366     53.830
     -5.665     57.078    144.437   -294.313    -11.871    -40.372     53.828
     -5.667     57.102    144.518   -294.421    -11.871    -40.379     53.826
     -5.669     57.126    144.598   -294.529    -11.871    -40.385     53.824
     -5.671     57.149    144.679   -294.636    -11.872    -40.391     53.822
     -5.673     57.173    144.760   -294.744    -11.872    -40.398     53.821
     -5.675     57.197    144.841   -294.852    -11.872    -40.404     53.819
     -5.677     57.221    144.922   -294.959    -11.873    -40.411     53.817
     -5.679     57.244    145.002   -295.067    -11.873    -40.417     53.815
     -5.681     57.268    145.083   -295.175    -11.874    -40.423     53.813
     -5.683     57.292    145.164   -295.282    -11.874    -40.430     53.812
     -5.685     57.315    145.245   -295.390    -11.874    -40.436     53.810
     -5.687     57.339    145.326   -295.497    -11.875    -40.442     53.808
     -5.689     57.363    145.407   -295.605    -11.875    -40.449     53.806
     -5.691     57.387    145.488   -295.713    -11.875    -40.455     53.804
     -5.693     57.410    145.569   -295.820    -11.876    -40.462     53.803
     -5.695     57.434    145.649   -295.928    -11.876    -40.468     53.801
     -5.697     57.458    145.730   -296.035    -11.877    -40.474     53.799
     -5.699     57.482    145.811   -296.143    -11.877    -40.481     53.797
     -5.701     57.506    145.892   -296.251    -11.877    -40.487     53.795
     -5.703     57.529    145.973   -296.358    -11.878    -40.494     53.794
     -5.705     57.553    146.054   -296.466    -11.878    -40.500     53.792
     -5.707     57.577    146.135   -296.573    -11.879    -40.506     53.790
     -5.709     57.601    146.216   -296.681    -11.879    -40.513     53.788
     -5.711     57.624    146.297   -296.789    -11.879    -40.519     53.786
     -5.713     57.648    146.378   -296.896    -11.880    -40.525     53.784
     -5.715     57.672    146.459   -297.004    -11.880    -40.532     53.783
     -5.717     57.696    146.541   -297.111    -11.880    -40.538     53.781
     -5.719     57.719    146.622   -297.219    -11.881    -40.545     53.779
     -5.721     57.743    146.703   -297.326    -11.881    -40.551     53.777
     -5.723     57.767    146.784   -297.434    -11.882    -40.557     53.775
     -5.725     57.791    146.865   -297.541    -11.882    -40.564     53.774
     -5.727     57.814    146.946   -297.649    -11.882    -40.570     53.772
     -5.729     57.838    147.027   -297.757    -11.883    -40.576     53.770
     -5.731     57.862    147.108   -297.864    -11.883    -40.583     53.768
     -5.733     57.886    147.190   -297.972    -11.883    -40.589     53.766
     -5.735     57.909    147.271   -298.079    -11.884    -40.596     53.764
     -5.737     57.933    147.352   -298.187    -11.884    -40.602     53.763
     -5.739     57.957    147.433   -298.294    -11.885    -40.608     53.761
     -5.741     57.981    147.514   -298.402    -11.885    -40.615     53.759
     -5.743     58.005    147.596   -298.509    -11.885    -40.621     53.757
     -5.745     58.028    147.677   -298.617    -11.886    -40.627     53.755
     -5.747     58.052    147.758   -298.724    -11.886    -40.634     53.753
     -5.749     58.076    147.839   -298.832    -11.886    -40.640     53.752
     -5.751     58.100    147.921   -298.939    -11.887    -40.647     53.750
     -5.753     58.123    148.002   -299.047    -11.887    -40.653     53.748
     -5.755     58.147    148.083   -299.154    -11.888    -40.659     53.746
     -5.757     58.171    148.165   -299.262    -11.888    -40.666     53.744
     -5.759     58.195    148.246   -299.369    -11.888    -40.672     53.742
     -5.761     58.218    148.327   -299.477    -11.889    -40.678     53.740
     -5.763     58.242    148.409   -299.584    -11.889    -40.685     53.739
     -5.765     58.266    148.490   -299.692    -11.889    -40.691     53.737
     -5.767     58.290    148.571   -299.799    -11.890    -40.698     53.735
     -5.769     58.314    148.653   -299.907    -11.890    -40.704     53.733
     -5.771     58.337    148.734   -300.014    -11.890    -40.710     53.731
     -5.773     58.361    148.816   -300.121    -11.891    -40.717     53.729
     -5.775     58.385    148.897   -300.229    -11.891    -40.723     53.728
     -5.777     58.409    148.979   -300.336    -11.892    -40.729     53.726
     -5.779     58.433    149.060   -300.444    -11.892    -40.736     53.724
     -5.781     58.456    149.142   -300.551    -11.892    -40.742     53.722
     -5.783     58.480    149.223   -300.659    -11.893    -40.748     53.720
     -5.785     58.504    149.305   -300.766    -11.893    -40.755     53.718
     -5.787     58.528    149.386   -300.874    -11.893    -40.761     53.716
     -5.789     58.551    149.468   -300.981    -11.894    -40.768     53.715
     -5.791     58.575    149.549   -301.088    -11.894    -40.774     53.713
     -5.793     58.599    149.631   -301.196    -11.895    -40.780     53.711
     -5.795     58.623    149.712   -301.303    -11.895    -40.787     53.709
     -5.797     58.647    149.794   -301.411    -11.895    -40.793     53.707
     -5.799     58.670    149.875   -301.518    -11.896    -40.799     53.705
     -5.801     58.694    149.957   -301.626    -11.896    -40.806     53.703
     -5.803     58.718    150.039   -301.733    -11.896    -40.812     53.702
     -5.805     58.742    150.120   -301.840    -11.897    -40.818     53.700
     -5.807     58.766    150.202   -301.948    -11.897    -40.825     53.698
     -5.809     58.789    150.284   -302.055    -11.898    -40.831     53.696
     -5.811     58.813    150.365   -302.163    -11.898    -40.838     53.694
     -5.813     58.837    150.447   -302.270    -11.898    -40.844     53.692
     -5.815     58.861    150.529   -302.377    -11.899    -40.850     53.690
     -5.817     58.885    150.610   -302.485    -11.899    -40.857     53.688
     -5.819     58.908    150.692   -302.592    -11.899    -40.863     53.687
     -5.821     58.932    150.774   -302.699    -11.900    -40.869     53.685
     -5.823     58.956    150.856   -302.807    -11.900    -40.876     53.683
     -5.825     58.980    150.937   -302.914    -11.900    -40.882     53.681
     -5.827     59.004    151.019   -303.022    -11.901    -40.888     53.679
     -5.829     59.027    151.101   -303.129    -11.901    -40.895     53.677
     -5.831     59.051    151.183   -303.236    -11.902    -40.901     53.675
     -5.833     59.075    151.264   -303.344    -11.902    -40.908     53.673
     -5.835     59.099    151.346   -303.451    -11.902    -40.914     53.672
     -5.837     59.123    151.428   -303.558    -11.903    -40.920     53.670
     -5.839     59.146    151.510   -303.666    -11.903    -40.927     53.668
     -5.841     59.170    151.592   -303.773    -11.903    -40.933     53.666
     -5.843     59.194    151.674   -303.880    -11.904    -40.939     53.664
     -5.845     59.218    151.756   -303.988    -11.904    -40.946     53.662
     -5.847     59.242    151.837   -304.095    -11.905    -40.952     53.660
     -5.849     59.265    151.919   -304.202    -11.905    -40.958     53.658
     -5.851     59.289    152.001   -304.310    -11.905    -40.965     53.656
     -5.853     59.313    152.083   -304.417    -11.906    -40.971     53.655
     -5.855     59.337    152.165   -304.524    -11.906    -40.978     53.653
     -5.857     59.361    152.247   -304.631    -11.906    -40.984     53.651
     -5.859     59.384    152.329   -304.739    -11.907    -40.990     53.649
     -5.861     59.408    152.411   -304.846    -11.907    -40.997     53.647
     -5.863     59.432    152.493   -304.953    -11.907    -41.003     53.645
     -5.865     59.456    152.575   -305.061    -11.908    -41.009     53.643
     -5.867     59.480    152.657   -305.168    -11.908    -41.016     53.641
     -5.869     59.504    152.739   -305.275    -11.909    -41.022     53.639
     -5.871     59.527    152.821   -305.382    -11.909    -41.028     53.638
     -5.873     59.551    152.903   -305.490    -11.909    -41.035     53.636
     -5.875     59.575    152.985   -305.597    -11.910    -41.041     53.634
     -5.877     59.599    153.067   -305.704    -11.910    -41.048     53.632
     -5.879     59.623    153.150   -305.812    -11.910    -41.054     53.630
     -5.881     59.646    153.232   -305.919    -11.911    -41.060     53.628
     -5.883     59.670    153.314   -306.026    -11.911    -41.067     53.626
     -5.885     59.694    153.396   -306.133    -11.911    -41.073     53.624
     -5.887     59.718    153.478   -306.241    -11.912    -41.079     53.622
     -5.889     59.742    153.560   -306.348    -11.912    -41.086     53.620
     -5.891     59.766    153.642   -306.455    -11.913    -41.092     53.618
     -5.893     59.789    153.725   -306.562    -11.913    -41.098     53.617
     -5.895     59.813    153.807   -306.670    -11.913    -41.105     53.615
     -5.897     59.837    153.889   -306.777    -11.914    -41.111     53.613
     -5.899     59.861    153.971   -306.884    -11.914    -41.117     53.611
     -5.901     59.885    154.053   -306.991    -11.914    -41.124     53.609
     -5.903     59.909    154.136   -307.098    -11.915    -41.130     53.607
     -5.905     59.932    154.218   -307.206    -11.915    -41.137     53.605
     -5.907     59.956    154.300   -307.313    -11.915    -41.143     53.603
     -5.909     59.980    154.383   -307.420    -11.916    -41.149     53.601
     -5.911     60.004    154.465   -307.527    -11.916    -41.156     53.599
     -5.913     60.028    154.547   -307.634    -11.916    -41.162     53.597
     -5.915     60.052    154.630   -307.742    -11.917    -41.168     53.595
     -5.917     60.075    154.712   -307.849    -11.917    -41.175     53.594
     -5.919     60.099    154.794   -307.956    -11.918    -41.181     53.592
     -5.921     60.123    154.877   -308.063    -11.918    -41.187     53.590
     -5.923     60.147    154.959   -308.170    -11.918    -41.194     53.588
     -5.925     60.171    155.041   -308.278    -11.919    -41.200     53.586
     -5.927     60.195    155.124   -308.385    -11.919    -41.206     53.584
     -5.929     60.218    155.206   -308.492    -11.919    -41.213     53.582
     -5.931     60.242    155.289   -308.599    -11.920    -41.219     53.580
     -5.933     60.266    155.371   -308.706    -11.920    -41.226     53.578
     -5.935     60.290    155.454   -308.813    -11.920    -41.232     53.576
     -5.937     60.314    155.536   -308.920    -11.921    -41.238     53.574
     -5.939     60.338    155.618   -309.028    -11.921    -41.245     53.572
     -5.941     60.361    155.701   -309.135    -11.922    -41.251     53.570
     -5.943     60.385    155.783   -309.242    -11.922    -41.257     53.568
     -5.945     60.409    155.866   -309.349    -11.922    -41.264     53.566
     -5.947     60.433    155.949   -309.456    -11.923    -41.270     53.565
     -5.949     60.457    156.031   -309.563    -11.923    -41.276     53.563
     -5.951     60.481    156.114   -309.670    -11.923    -41.283     53.561
     -5.953     60.504    156.196   -309.778    -11.924    -41.289     53.559
     -5.955     60.528    156.279   -309.885    -11.924    -41.295     53.557
     -5.957     60.552    156.361   -309.992    -11.924    -41.302     53.555
     -5.959     60.576    156.444   -310.099    -11.925    -41.308     53.553
     -5.961     60.600    156.527   -310.206    -11.925    -41.314     53.551
     -5.963     60.624    156.609   -310.313    -11.925    -41.321     53.549
     -5.965     60.648    156.692   -310.420    -11.926    -41.327     53.547
     -5.967     60.671    156.775   -310.527    -11.926    -41.334     53.545
     -5.969     60.695    156.857   -310.634    -11.927    -41.340     53.543
     -5.971     60.719    156.940   -310.741    -11.927    -41.346     53.541
     -5.973     60.743    157.023   -310.849    -11.927    -41.353     53.539
     -5.975     60.767    157.105   -310.956    -11.928    -41.359     53.537
     -5.977     60.791    157.188   -311.063    -11.928    -41.365     53.535
     -5.979     60.815    157.271   -311.170    -11.928    -41.372     53.533
     -5.981     60.838    157.354   -311.277    -11.929    -41.378     53.531
     -5.983     60.862    157.436   -311.384    -11.929    -41.384     53.529
     -5.985     60.886    157.519   -311.491    -11.929    -41.391     53.528
     -5.987     60.910    157.602   -311.598    -11.930    -41.397     53.526
     -5.989     60.934    157.685   -311.705    -11.930    -41.403     53.524
     -5.991     60.958    157.768   -311.812    -11.930    -41.410     53.522
     -5.993     60.982    157.850   -311.919    -11.931    -41.416     53.520
     -5.995     61.005    157.933   -312.026    -11.931    -41.423     53.518
     -5.997     61.029    158.016   -312.133    -11.932    -41.429     53.516
     -5.999     61.053    158.099   -312.240    -11.932    -41.435     53.514
     -6.001     61.077    158.182   -312.347    -11.932    -41.442     53.512
     -6.003     61.101    158.265   -312.454    -11.933    -41.448     53.510
     -6.005     61.125    158.348   -312.561    -11.933    -41.454     53.508
     -6.007     61.149    158.430   -312.668    -11.933    -41.461     53.506
     -6.009     61.172    158.513   -312.775    -11.934    -41.467     53.504
     -6.011     61.196    158.596   -312.882    -11.934    -41.473     53.502
     -6.013     61.220    158.679   -312.989    -11.934    -41.480     53.500
     -6.015     61.244    158.762   -313.096    -11.935    -41.486     53.498
     -6.017     61.268    158.845   -313.203    -11.935    -41.492     53.496
     -6.019     61.292    158.928   -313.310    -11.935    -41.499     53.494
     -6.021     61.316    159.011   -313.417    -11.936    -41.505     53.492
     -6.023     61.340    159.094   -313.524    -11.936    -41.511     53.490
     -6.025     61.363    159.177   -313.631    -11.936    -41.518     53.488
     -6.027     61.387    159.260   -313.738    -11.937    -41.524     53.486
     -6.029     61.411    159.343   -313.845    -11.937    -41.531     53.484
     -6.031     61.435    159.426   -313.952    -11.938    -41.537     53.482
     -6.033     61.459    159.510   -314.059    -11.938    -41.543     53.480
     -6.035     61.483    159.593   -314.166    -11.938    -41.550     53.478
     -6.037     61.507    159.676   -314.273    -11.939    -41.556     53.476
     -6.039     61.531    159.759   -314.380    -11.939    -41.562     53.474
     -6.041     61.554    159.842   -314.487    -11.939    -41.569     53.472
     -6.043     61.578    159.925   -314.594    -11.940    -41.575     53.470
     -6.045     61.602    160.008   -314.701    -11.940    -41.581     53.468
     -6.047     61.626    160.091   -314.808    -11.940    -41.588     53.466
     -6.049     61.650    160.175   -314.915    -11.941    -41.594     53.464
     -6.051     61.674    160.258   -315.022    -11.941    -41.600     53.462
     -6.053     61.698    160.341   -315.129    -11.941    -41.607     53.460
     -6.055     61.722    160.424   -315.235    -11.942    -41.613     53.458
     -6.057     61.746    160.507   -315.342    -11.942    -41.619     53.456
     -6.059     61.769    160.591   -315.449    -11.942    -41.626     53.454
     -6.061     61.793    160.674   -315.556    -11.943    -41.632     53.452
     -6.063     61.817    160.757   -315.663    -11.943    -41.639     53.450
     -6.065     61.841    160.841   -315.770    -11.943    -41.645     53.448
     -6.067     61.865    160.924   -315.877    -11.944    -41.651     53.446
     -6.069     61.889    161.007   -315.984    -11.944    -41.658     53.444
     -6.071     61.913    161.090   -316.091    -11.945    -41.664     53.442
     -6.073     61.937    161.174   -316.198    -11.945    -41.670     53.440
     -6.075     61.961    161.257   -316.304    -11.945    -41.677     53.438
     -6.077     61.984    161.340   -316.411    -11.946    -41.683     53.436
     -6.079     62.008    161.424   -316.518    -11.946    -41.689     53.434
     -6.081     62.032    161.507   -316.625    -11.946    -41.696     53.432
     -6.083     62.056    161.591   -316.732    -11.947    -41.702     53.430
     -6.085     62.080    161.674   -316.839    -11.947    -41.708     53.428
     -6.087     62.104    161.757   -316.946    -11.947    -41.715     53.426
     -6.089     62.128    161.841   -317.052    -11.948    -41.721     53.424
     -6.091     62.152    161.924   -317.159    -11.948    -41.727     53.422
     -6.093     62.176    162.008   -317.266    -11.948    -41.734     53.420
     -6.095     62.199    162.091   -317.373    -11.949    -41.740     53.418
     -6.097     62.223    162.175   -317.480    -11.949    -41.747     53.416
     -6.099     62.247    162.258   -317.587    -11.949    -41.753     53.414
     -6.101     62.271    162.342   -317.693    -11.950    -41.759     53.412
     -6.103     62.295    162.425   -317.800    -11.950    -41.766     53.410
     -6.105     62.319    162.509   -317.907    -11.950    -41.772     53.408
     -6.107     62.343    162.592   -318.014    -11.951    -41.778     53.406
     -6.109     62.367    162.676   -318.121    -11.951    -41.785     53.404
     -6.111     62.391    162.760   -318.228    -11.951    -41.791     53.402
     -6.113     62.415    162.843   -318.334    -11.952    -41.797     53.400
     -6.115     62.438    162.927   -318.441    -11.952    -41.804     53.398
     -6.117     62.462    163.010   -318.548    -11.953    -41.810     53.396
     -6.119     62.486    163.094   -318.655    -11.953    -41.816     53.394
     -6.121     62.510    163.178   -318.761    -11.953    -41.823     53.392
     -6.123     62.534    163.261   -318.868    -11.954    -41.829     53.390
     -6.125     62.558    163.345   -318.975    -11.954    -41.836     53.388
     -6.127     62.582    163.429   -319.082    -11.954    -41.842     53.386
     -6.129     62.606    163.512   -319.189    -11.955    -41.848     53.384
     -6.131     62.630    163.596   -319.295    -11.955    -41.855     53.382
     -6.133     62.654    163.680   -319.402    -11.955    -41.861     53.380
     -6.135     62.678    163.763   -319.509    -11.956    -41.867     53.377
     -6.137     62.701    163.847   -319.616    -11.956    -41.874     53.375
     -6.139     62.725    163.931   -319.722    -11.956    -41.880     53.373
     -6.141     62.749    164.015   -319.829    -11.957    -41.886     53.371
     -6.143     62.773    164.098   -319.936    -11.957    -41.893     53.369
     -6.145     62.797    164.182   -320.043    -11.957    -41.899     53.367
     -6.147     62.821    164.266   -320.149    -11.958    -41.905     53.365
     -6.149     62.845    164.350   -320.256    -11.958    -41.912     53.363
     -6.151     62.869    164.434   -320.363    -11.958    -41.918     53.361
     -6.153     62.893    164.518   -320.470    -11.959    -41.925     53.359
     -6.155     62.917    164.601   -320.576    -11.959    -41.931     53.357
     -6.157     62.941    164.685   -320.683    -11.959    -41.937     53.355
     -6.159     62.965    164.769   -320.790    -11.960    -41.944     53.353
     -6.161     62.988    164.853   -320.896    -11.960    -41.950     53.351
     -6.163     63.012    164.937   -321.003    -11.960    -41.956     53.349
     -6.165     63.036    165.021   -321.110    -11.961    -41.963     53.347
     -6.167     63.060    165.105   -321.216    -11.961    -41.969     53.345
     -6.169     63.084    165.189   -321.323    -11.961    -41.975     53.343
     -6.171     63.108    165.273   -321.430    -11.962    -41.982     53.341
     -6.173     63.132    165.357   -321.536    -11.962    -41.988     53.338
     -6.175     63.156    165.441   -321.643    -11.962    -41.994     53.336
     -6.177     63.180    165.525   -321.750    -11.963    -42.001     53.334
     -6.179     63.204    165.609   -321.856    -11.963    -42.007     53.332
     -6.181     63.228    165.693   -321.963    -11.964    -42.014     53.330
     -6.183     63.252    165.777   -322.070    -11.964    -42.020     53.328
     -6.185     63.276    165.861   -322.176    -11.964    -42.026     53.326
     -6.187     63.299    165.945   -322.283    -11.965    -42.033     53.324
     -6.189     63.323    166.029   -322.390    -11.965    -42.039     53.322
     -6.191     63.347    166.113   -322.496    -11.965    -42.045     53.320
     -6.193     63.371    166.197   -322.603    -11.966    -42.052     53.318
     -6.195     63.395    166.281   -322.710    -11.966    -42.058     53.316
     -6.197     63.419    166.365   -322.816    -11.966    -42.064     53.314
     -6.199     63.443    166.449   -322.923    -11.967    -42.071     53.312
     -6.201     63.467    166.534   -323.030    -11.967    -42.077     53.309
     -6.203     63.491    166.618   -323.136    -11.967    -42.083     53.307
     -6.205     63.515    166.702   -323.243    -11.968    -42.090     53.305
     -6.207     63.539    166.786   -323.349    -11.968    -42.096     53.303
     -6.209     63.563    166.870   -323.456    -11.968    -42.103     53.301
     -6.211     63.587    166.955   -323.563    -11.969    -42.109     53.299
     -6.213     63.611    167.039   -323.669    -11.969    -42.115     53.297
     -6.215     63.635    167.123   -323.776    -11.969    -42.122     53.295
     -6.217     63.658    167.207   -323.882    -11.970    -42.128     53.293
     -6.219     63.682    167.292   -323.989    -11.970    -42.134     53.291
     -6.221     63.706    167.376   -324.096    -11.970    -42.141     53.289
     -6.223     63.730    167.460   -324.202    -11.971    -42.147     53.287
     -6.225     63.754    167.544   -324.309    -11.971    -42.153     53.284
     -6.227     63.778    167.629   -324.415    -11.971    -42.160     53.282
     -6.229     63.802    167.713   -324.522    -11.972    -42.166     53.280
     -6.231     63.826    167.797   -324.628    -11.972    -42.173     53.278
     -6.233     63.850    167.882   -324.735    -11.972    -42.179     53.276
     -6.235     63.874    167.966   -324.841    -11.973    -42.185     53.274
     -6.237     63.898    168.050   -324.948    -11.973    -42.192     53.272
     -6.239     63.922    168.135   -325.055    -11.973    -42.198     53.270
     -6.241     63.946    168.219   -325.161    -11.974    -42.204     53.268
     -6.243     63.970    168.304   -325.268    -11.974    -42.211     53.266
     -6.245     63.994    168.388   -325.374    -11.974    -42.217     53.263
     -6.247     64.018    168.473   -325.481    -11.975    -42.223     53.261
     -6.249     64.042    168.557   -325.587    -11.975    -42.230     53.259
     -6.251     64.066    168.641   -325.694    -11.975    -42.236     53.257
     -6.253     64.089    168.726   -325.800    -11.976    -42.243     53.255
     -6.255     64.113    168.810   -325.907    -11.976    -42.249     53.253
     -6.257     64.137    168.895   -326.013    -11.976    -42.255     53.251
     -6.259     64.161    168.979   -326.120    -11.977    -42.262     53.249
     -6.261     64.185    169.064   -326.226    -11.977    -42.268     53.247
     -6.263     64.209    169.149   -326.333    -11.977    -42.274     53.244
     -6.265     64.233    169.233   -326.439    -11.978    -42.281     53.242
     -6.267     64.257    169.318   -326.546    -11.978    -42.287     53.240
     -6.269     64.281    169.402   -326.652    -11.978    -42.293     53.238
     -6.271     64.305    169.487   -326.759    -11.979    -42.300     53.236
     -6.273     64.329    169.571   -326.865    -11.979    -42.306     53.234
     -6.275     64.353    169.656   -326.972    -11.979    -42.313     53.232
     -6.277     64.377    169.741   -327.078    -11.980    -42.319     53.230
     -6.279     64.401    169.825   -327.185    -11.980    -42.325     53.227
     -6.281     64.425    169.910   -327.291    -11.980    -42.332     53.225
     -6.283     64.449    169.995   -327.397    -11.981    -42.338     53.223
     -6.285     64.473    170.079   -327.504    -11.981    -42.344     53.221
     -6.287     64.497    170.164   -327.610    -11.981    -42.351     53.219
     -6.289     64.521    170.249   -327.717    -11.982    -42.357     53.217
     -6.291     64.545    170.333   -327.823    -11.982    -42.364     53.215
     -6.293     64.569    170.418   -327.930    -11.982    -42.370     53.213
     -6.295     64.593    170.503   -328.036    -11.983    -42.376     53.210
     -6.297     64.617    170.588   -328.142    -11.983    -42.383     53.208
     -6.299     64.641    170.672   -328.249    -11.983    -42.389     53.206
     -6.301     64.665    170.757   -328.355    -11.984    -42.395     53.204
     -6.303     64.688    170.842   -328.462    -11.984    -42.402     53.202
     -6.305     64.712    170.927   -328.568    -11.984    -42.408     53.200
     -6.307     64.736    171.012   -328.674    -11.985    -42.415     53.198
     -6.309     64.760    171.097   -328.781    -11.985    -42.421     53.195
     -6.311     64.784    171.181   -328.887    -11.985    -42.427     53.193
     -6.313     64.808    171.266   -328.994    -11.986    -42.434     53.191
     -6.315     64.832    171.351   -329.100    -11.986    -42.440     53.189
     -6.317     64.856    171.436   -329.206    -11.986    -42.446     53.187
     -6.319     64.880    171.521   -329.313    -11.987    -42.453     53.185
     -6.321     64.904    171.606   -329.419    -11.987    -42.459     53.183
     -6.323     64.928    171.691   -329.525    -11.987    -42.466     53.180
     -6.325     64.952    171.776   -329.632    -11.988    -42.472     53.178
     -6.327     64.976    171.861   -329.738    -11.988    -42.478     53.176
     -6.329     65.000    171.946   -329.845    -11.988    -42.485     53.174
     -6.331     65.024    172.031   -329.951    -11.989    -42.491     53.172
     -6.333     65.048    172.116   -330.057    -11.989    -42.497     53.170
     -6.335     65.072    172.201   -330.164    -11.989    -42.504     53.168
     -6.337     65.096    172.286   -330.270    -11.990    -42.510     53.165
     -6.339     65.120    172.371   -330.376    -11.990    -42.517     53.163
     -6.341     65.144    172.456   -330.483    -11.990    -42.523     53.161
     -6.343     65.168    172.541   -330.589    -11.991    -42.529     53.159
     -6.345     65.192    172.626   -330.695    -11.991    -42.536     53.157
     -6.347     65.216    172.711   -330.802    -11.991    -42.542     53.155
     -6.349     65.240    172.796   -330.908    -11.992    -42.548     53.152
     -6.351     65.264    172.881   -331.014    -11.992    -42.555     53.150
     -6.353     65.288    172.966   -331.120    -11.992    -42.561     53.148
     -6.355     65.312    173.051   -331.227    -11.993    -42.568     53.146
     -6.357     65.336    173.136   -331.333    -11.993    -42.574     53.144
     -6.359     65.360    173.222   -331.439    -11.993    -42.580     53.142
     -6.361     65.384    173.307   -331.546    -11.994    -42.587     53.139
     -6.363     65.408    173.392   -331.652    -11.994    -42.593     53.137
     -6.365     65.432    173.477   -331.758    -11.994    -42.599     53.135
     -6.367     65.456    173.562   -331.864    -11.995    -42.606     53.133
     -6.369     65.480    173.647   -331.971    -11.995    -42.612     53.131
     -6.371     65.504    173.733   -332.077    -11.995    -42.619     53.128
     -6.373     65.528    173.818   -332.183    -11.996    -42.625     53.126
     -6.375     65.552    173.903   -332.289    -11.996    -42.631     53.124
     -6.377     65.576    173.988   -332.396    -11.996    -42.638     53.122
     -6.379     65.600    174.074   -332.502    -11.997    -42.644     53.120
     -6.381     65.624    174.159   -332.608    -11.997    -42.651     53.118
     -6.383     65.648    174.244   -332.714    -11.997    -42.657     53.115
     -6.385     65.672    174.330   -332.821    -11.998    -42.663     53.113
     -6.387     65.696    174.415   -332.927    -11.998    -42.670     53.111
     -6.389     65.720    174.500   -333.033    -11.998    -42.676     53.109
     -6.391     65.744    174.586   -333.139    -11.999    -42.682     53.107
     -6.393     65.768    174.671   -333.245    -11.999    -42.689     53.104
     -6.395     65.792    174.756   -333.352    -11.999    -42.695     53.102
     -6.397     65.816    174.842   -333.458    -12.000    -42.702     53.100
     -6.399     65.840    174.927   -333.564    -12.000    -42.708     53.098
     -6.401     65.864    175.013   -333.670    -12.000    -42.714     53.096
     -6.403     65.888    175.098   -333.776    -12.001    -42.721     53.093
     -6.405     65.912    175.184   -333.883    -12.001    -42.727     53.091
     -6.407     65.936    175.269   -333.989    -12.001    -42.734     53.089
     -6.409     65.960    175.355   -334.095    -12.002    -42.740     53.087
     -6.411     65.984    175.440   -334.201    -12.002    -42.746     53.085
     -6.413     66.008    175.526   -334.307    -12.002    -42.753     53.082
     -6.415     66.032    175.611   -334.413    -12.002    -42.759     53.080
     -6.417     66.056    175.697   -334.520    -12.003    -42.766     53.078
     -6.419     66.080    175.782   -334.626    -12.003    -42.772     53.076
     -6.421     66.104    175.868   -334.732    -12.003    -42.778     53.074
     -6.423     66.128    175.953   -334.838    -12.004    -42.785     53.071
     -6.425     66.152    176.039   -334.944    -12.004    -42.791     53.069
     -6.427     66.176    176.124   -335.050    -12.004    -42.797     53.067
     -6.429     66.200    176.210   -335.157    -12.005    -42.804     53.065
     -6.431     66.224    176.296   -335.263    -12.005    -42.810     53.062
     -6.433     66.248    176.381   -335.369    -12.005    -42.817     53.060
     -6.435     66.272    176.467   -335.475    -12.006    -42.823     53.058
     -6.437     66.296    176.553   -335.581    -12.006    -42.829     53.056
     -6.439     66.320    176.638   -335.687    -12.006    -42.836     53.054
     -6.441     66.344    176.724   -335.793    -12.007    -42.842     53.051
     -6.443     66.368    176.810   -335.899    -12.007    -42.849     53.049
     -6.445     66.392    176.895   -336.005    -12.007    -42.855     53.047
     -6.447     66.416    176.981   -336.111    -12.008    -42.861     53.045
     -6.449     66.440    177.067   -336.218    -12.008    -42.868     53.042
     -6.451     66.464    177.152   -336.324    -12.008    -42.874     53.040
     -6.453     66.488    177.238   -336.430    -12.009    -42.881     53.038
     -6.455     66.512    177.324   -336.536    -12.009    -42.887     53.036
     -6.457     66.536    177.410   -336.642    -12.009    -42.893     53.034
     -6.459     66.560    177.496   -336.748    -12.010    -42.900     53.031
     -6.461     66.584    177.581   -336.854    -12.010    -42.906     53.029
     -6.463     66.608    177.667   -336.960    -12.010    -42.913     53.027
     -6.465     66.632    177.753   -337.066    -12.011    -42.919     53.025
     -6.467     66.656    177.839   -337.172    -12.011    -42.925     53.022
     -6.469     66.680    177.925   -337.278    -12.011    -42.932     53.020
     -6.471     66.704    178.011   -337.384    -12.012    -42.938     53.018
     -6.473     66.728    178.096   -337.490    -12.012    -42.945     53.016
     -6.475     66.752    178.182   -337.596    -12.012    -42.951     53.013
     -6.477     66.776    178.268   -337.702    -12.013    -42.957     53.011
     -6.479     66.800    178.354   -337.808    -12.013    -42.964     53.009
     -6.481     66.824    178.440   -337.914    -12.013    -42.970     53.007
     -6.483     66.848    178.526   -338.020    -12.013    -42.977     53.004
     -6.485     66.872    178.612   -338.126    -12.014    -42.983     53.002
     -6.487     66.896    178.698   -338.232    -12.014    -42.989     53.000
     -6.489     66.920    178.784   -338.338    -12.014    -42.996     52.998
     -6.491     66.944    178.870   -338.444    -12.015    -43.002     52.995
     -6.493     66.968    178.956   -338.550    -12.015    -43.009     52.993
     -6.495     66.992    179.042   -338.656    -12.015    -43.015     52.991
     -6.497     67.016    179.128   -338.762    -12.016    -43.021     52.989
     -6.499     67.041    179.214   -338.868    -12.016    -43.028     52.986
     -6.501     67.065    179.300   -338.974    -12.016    -43.034     52.984
     -6.503     67.089    179.386   -339.080    -12.017    -43.041     52.982
     -6.505     67.113    179.472   -339.186    -12.017    -43.047     52.980
     -6.507     67.137    179.558   -339.292    -12.017    -43.054     52.977
     -6.509     67.161    179.645   -339.398    -12.018    -43.060     52.975
     -6.511     67.185    179.731   -339.504    -12.018    -43.066     52.973
     -6.513     67.209    179.817   -339.610    -12.018    -43.073     52.970
     -6.515     67.233    179.903   -339.716    -12.019    -43.079     52.968
     -6.517     67.257    179.989   -339.822    -12.019    -43.086     52.966
     -6.519     67.281    180.075   -339.928    -12.019    -43.092     52.964
     -6.521     67.305    180.161   -340.034    -12.020    -43.098     52.961
     -6.523     67.329    180.248   -340.140    -12.020    -43.105     52.959
     -6.525     67.353    180.334   -340.246    -12.020    -43.111     52.957
     -6.527     67.377    180.420   -340.351    -12.020    -43.118     52.955
     -6.529     67.401    180.506   -340.457    -12.021    -43.124     52.952
     -6.531     67.425    180.593   -340.563    -12.021    -43.130     52.950
     -6.533     67.449    180.679   -340.669    -12.021    -43.137     52.948
     -6.535     67.473    180.765   -340.775    -12.022    -43.143     52.945
     -6.537     67.497    180.851   -340.881    -12.022    -43.150     52.943
     -6.539     67.521    180.938   -340.987    -12.022    -43.156     52.941
     -6.541     67.545    181.024   -341.093    -12.023    -43.163     52.939
     -6.543     67.569    181.110   -341.199    -12.023    -43.169     52.936
     -6.545     67.593    181.197   -341.304    -12.023    -43.175     52.934
     -6.547     67.617    181.283   -341.410    -12.024    -43.182     52.932
     -6.549     67.642    181.369   -341.516    -12.024    -43.188     52.929
     -6.551     67.666    181.456   -341.622    -12.024    -43.195     52.927
     -6.553     67.690    181.542   -341.728    -12.025    -43.201     52.925
     -6.555     67.714    181.629   -341.834    -12.025    -43.208     52.923
     -6.557     67.738    181.715   -341.940    -12.025    -43.214     52.920
     -6.559     67.762    181.802   -342.045    -12.026    -43.220     52.918
     -6.561     67.786    181.888   -342.151    -12.026    -43.227     52.916
     -6.563     67.810    181.974   -342.257    -12.026    -43.233     52.913
     -6.565     67.834    182.061   -342.363    -12.027    -43.240     52.911
     -6.567     67.858    182.147   -342.469    -12.027    -43.246     52.909
     -6.569     67.882    182.234   -342.575    -12.027    -43.252     52.906
     -6.571     67.906    182.320   -342.680    -12.027    -43.259     52.904
     -6.573     67.930    182.407   -342.786    -12.028    -43.265     52.902
     -6.575     67.954    182.493   -342.892    -12.028    -43.272     52.899
     -6.577     67.978    182.580   -342.998    -12.028    -43.278     52.897
     -6.579     68.002    182.667   -343.104    -12.029    -43.285     52.895
     -6.581     68.026    182.753   -343.209    -12.029    -43.291     52.893
     -6.583     68.050    182.840   -343.315    -12.029    -43.297     52.890
     -6.585     68.074    182.926   -343.421    -12.030    -43.304     52.888
     -6.587     68.099    183.013   -343.527    -12.030    -43.310     52.886
     -6.589     68.123    183.100   -343.632    -12.030    -43.317     52.883
     -6.591     68.147    183.186   -343.738    -12.031    -43.323     52.881
     -6.593     68.171    183.273   -343.844    -12.031    -43.330     52.879
     -6.595     68.195    183.360   -343.950    -12.031    -43.336     52.876
     -6.597     68.219    183.446   -344.055    -12.032    -43.343     52.874
     -6.599     68.243    183.533   -344.161    -12.032    -43.349     52.872
     -6.601     68.267    183.620   -344.267    -12.032    -43.355     52.869
     -6.603     68.291    183.706   -344.373    -12.032    -43.362     52.867
     -6.605     68.315    183.793   -344.478    -12.033    -43.368     52.865
     -6.607     68.339    183.880   -344.584    -12.033    -43.375     52.862
     -6.609     68.363    183.967   -344.690    -12.033    -43.381     52.860
     -6.611     68.387    184.053   -344.796    -12.034    -43.388     52.858
     -6.613     68.411    184.140   -344.901    -12.034    -43.394     52.855
     -6.615     68.435    184.227   -345.007    -12.034    -43.400     52.853
     -6.617     68.459    184.314   -345.113    -12.035    -43.407     52.851
     -6.619     68.484    184.401   -345.218    -12.035    -43.413     52.848
     -6.621     68.508    184.487   -345.324    -12.035    -43.420     52.846
     -6.623     68.532    184.574   -345.430    -12.036    -43.426     52.844
     -6.625     68.556    184.661   -345.535    -12.036    -43.433     52.841
     -6.627     68.580    184.748   -345.641    -12.036    -43.439     52.839
     -6.629     68.604    184.835   -345.747    -12.037    -43.446     52.837
     -6.631     68.628    184.922   -345.853    -12.037    -43.452     52.834
     -6.633     68.652    185.009   -345.958    -12.037    -43.458     52.832
     -6.635     68.676    185.096   -346.064    -12.037    -43.465     52.829
     -6.637     68.700    185.183   -346.170    -12.038    -43.471     52.827
     -6.639     68.724    185.269   -346.275    -12.038    -43.478     52.825
     -6.641     68.748    185.356   -346.381    -12.038    -43.484     52.822
     -6.643     68.772    185.443   -346.486    -12.039    -43.491     52.820
     -6.645     68.797    185.530   -346.592    -12.039    -43.497     52.818
     -6.647     68.821    185.617   -346.698    -12.039    -43.504     52.815
     -6.649     68.845    185.704   -346.803    -12.040    -43.510     52.813
     -6.651     68.869    185.791   -346.909    -12.040    -43.516     52.811
     -6.653     68.893    185.878   -347.015    -12.040    -43.523     52.808
     -6.655     68.917    185.966   -347.120    -12.041    -43.529     52.806
     -6.657     68.941    186.053   -347.226    -12.041    -43.536     52.804
     -6.659     68.965    186.140   -347.331    -12.041    -43.542     52.801
     -6.661     68.989    186.227   -347.437    -12.042    -43.549     52.799
     -6.663     69.013    186.314   -347.543    -12.042    -43.555     52.796
     -6.665     69.037    186.401   -347.648    -12.042    -43.562     52.794
     -6.667     69.061    186.488   -347.754    -12.042    -43.568     52.792
     -6.669     69.086    186.575   -347.859    -12.043    -43.575     52.789
     -6.671     69.110    186.662   -347.965    -12.043    -43.581     52.787
     -6.673     69.134    186.750   -348.071    -12.043    -43.587     52.785
     -6.675     69.158    186.837   -348.176    -12.044    -43.594     52.782
     -6.677     69.182    186.924   -348.282    -12.044    -43.600     52.780
     -6.679     69.206    187.011   -348.387    -12.044    -43.607     52.777
     -6.681     69.230    187.098   -348.493    -12.045    -43.613     52.775
     -6.683     69.254    187.186   -348.598    -12.045    -43.620     52.773
     -6.685     69.278    187.273   -348.704    -12.045    -43.626     52.770
     -6.687     69.302    187.360   -348.809    -12.046    -43.633     52.768
     -6.689     69.326    187.447   -348.915    -12.046    -43.639     52.765
     -6.691     69.350    187.535   -349.020    -12.046    -43.646     52.763
     -6.693     69.375    187.622   -349.126    -12.046    -43.652     52.761
     -6.695     69.399    187.709   -349.231    -12.047    -43.659     52.758
     -6.697     69.423    187.797   -349.337    -12.047    -43.665     52.756
     -6.699     69.447    187.884   -349.443    -12.047    -43.671     52.753
     -6.701     69.471    187.971   -349.548    -12.048    -43.678     52.751
     -6.703     69.495    188.059   -349.654    -12.048    -43.684     52.749
     -6.705     69.519    188.146   -349.759    -12.048    -43.691     52.746
     -6.707     69.543    188.233   -349.865    -12.049    -43.697     52.744
     -6.709     69.567    188.321   -349.970    -12.049    -43.704     52.741
     -6.711     69.591    188.408   -350.075    -12.049    -43.710     52.739
     -6.713     69.616    188.496   -350.181    -12.050    -43.717     52.737
     -6.715     69.640    188.583   -350.286    -12.050    -43.723     52.734
     -6.717     69.664    188.671   -350.392    -12.050    -43.730     52.732
     -6.719     69.688    188.758   -350.497    -12.050    -43.736     52.729
     -6.721     69.712    188.845   -350.603    -12.051    -43.743     52.727
     -6.723     69.736    188.933   -350.708    -12.051    -43.749     52.725
     -6.725     69.760    189.020   -350.814    -12.051    -43.756     52.722
     -6.727     69.784    189.108   -350.919    -12.052    -43.762     52.720
     -6.729     69.808    189.196   -351.025    -12.052    -43.769     52.717
     -6.731     69.832    189.283   -351.130    -12.052    -43.775     52.715
     -6.733     69.857    189.371   -351.235    -12.053    -43.781     52.713
     -6.735     69.881    189.458   -351.341    -12.053    -43.788     52.710
     -6.737     69.905    189.546   -351.446    -12.053    -43.794     52.708
     -6.739     69.929    189.633   -351.552    -12.053    -43.801     52.705
     -6.741     69.953    189.721   -351.657    -12.054    -43.807     52.703
     -6.743     69.977    189.809   -351.763    -12.054    -43.814     52.700
     -6.745     70.001    189.896   -351.868    -12.054    -43.820     52.698
     -6.747     70.025    189.984   -351.973    -12.055    -43.827     52.696
     -6.749     70.049    190.072   -352.079    -12.055    -43.833     52.693
     -6.751     70.074    190.159   -352.184    -12.055    -43.840     52.691
     -6.753     70.098    190.247   -352.289    -12.056    -43.846     52.688
     -6.755     70.122    190.335   -352.395    -12.056    -43.853     52.686
     -6.757     70.146    190.422   -352.500    -12.056    -43.859     52.683
     -6.759     70.170    190.510   -352.606    -12.057    -43.866     52.681
     -6.761     70.194    190.598   -352.711    -12.057    -43.872     52.678
     -6.763     70.218    190.686   -352.816    -12.057    -43.879     52.676
     -6.765     70.242    190.773   -352.922    -12.057    -43.885     52.674
     -6.767     70.266    190.861   -353.027    -12.058    -43.892     52.671
     -6.769     70.291    190.949   -353.132    -12.058    -43.898     52.669
     -6.771     70.315    191.037   -353.238    -12.058    -43.905     52.666
     -6.773     70.339    191.124   -353.343    -12.059    -43.911     52.664
     -6.775     70.363    191.212   -353.448    -12.059    -43.918     52.661
     -6.777     70.387    191.300   -353.554    -12.059    -43.924     52.659
     -6.779     70.411    191.388   -353.659    -12.060    -43.931     52.656
     -6.781     70.435    191.476   -353.764    -12.060    -43.937     52.654
     -6.783     70.459    191.564   -353.870    -12.060    -43.944     52.652
     -6.785     70.484    191.652   -353.975    -12.060    -43.950     52.649
     -6.787     70.508    191.740   -354.080    -12.061    -43.957     52.647
     -6.789     70.532    191.827   -354.185    -12.061    -43.963     52.644
     -6.791     70.556    191.915   -354.291    -12.061    -43.970     52.642
     -6.793     70.580    192.003   -354.396    -12.062    -43.976     52.639
     -6.795     70.604    192.091   -354.501    -12.062    -43.983     52.637
     -6.797     70.628    192.179   -354.607    -12.062    -43.989     52.634
     -6.799     70.652    192.267   -354.712    -12.063    -43.996     52.632
     -6.801     70.676    192.355   -354.817    -12.063    -44.002     52.629
     -6.803     70.701    192.443   -354.922    -12.063    -44.009     52.627
     -6.805     70.725    192.531   -355.028    -12.063    -44.015     52.624
     -6.807     70.749    192.619   -355.133    -12.064    -44.022     52.622
     -6.809     70.773    192.707   -355.238    -12.064    -44.028     52.619
     -6.811     70.797    192.795   -355.343    -12.064    -44.035     52.617
     -6.813     70.821    192.884   -355.449    -12.065    -44.041     52.614
     -6.815     70.845    192.972   -355.554    -12.065    -44.048     52.612
     -6.817     70.870    193.060   -355.659    -12.065    -44.054     52.609
     -6.819     70.894    193.148   -355.764    -12.066    -44.061     52.607
     -6.821     70.918    193.236   -355.869    -12.066    -44.067     52.605
     -6.823     70.942    193.324   -355.975    -12.066    -44.074     52.602
     -6.825     70.966    193.412   -356.080    -12.066    -44.080     52.600
     -6.827     70.990    193.500   -356.185    -12.067    -44.087     52.597
     -6.829     71.014    193.589   -356.290    -12.067    -44.093     52.595
     -6.831     71.038    193.677   -356.395    -12.067    -44.100     52.592
     -6.833     71.063    193.765   -356.501    -12.068    -44.106     52.590
     -6.835     71.087    193.853   -356.606    -12.068    -44.113     52.587
     -6.837     71.111    193.941   -356.711    -12.068    -44.119     52.585
     -6.839     71.135    194.030   -356.816    -12.069    -44.126     52.582
     -6.841     71.159    194.118   -356.921    -12.069    -44.132     52.580
     -6.843     71.183    194.206   -357.026    -12.069    -44.139     52.577
     -6.845     71.207    194.295   -357.132    -12.069    -44.145     52.575
     -6.847     71.232    194.383   -357.237    -12.070    -44.152     52.572
     -6.849     71.256    194.471   -357.342    -12.070    -44.158     52.570
     -6.851     71.280    194.559   -357.447    -12.070    -44.165     52.567
     -6.853     71.304    194.648   -357.552    -12.071    -44.172     52.565
     -6.855     71.328    194.736   -357.657    -12.071    -44.178     52.562
     -6.857     71.352    194.824   -357.762    -12.071    -44.185     52.560
     -6.859     71.376    194.913   -357.867    -12.072    -44.191     52.557
     -6.861     71.401    195.001   -357.973    -12.072    -44.198     52.554
     -6.863     71.425    195.090   -358.078    -12.072    -44.204     52.552
     -6.865     71.449    195.178   -358.183    -12.072    -44.211     52.549
     -6.867     71.473    195.266   -358.288    -12.073    -44.217     52.547
     -6.869     71.497    195.355   -358.393    -12.073    -44.224     52.544
     -6.871     71.521    195.443   -358.498    -12.073    -44.230     52.542
     -6.873     71.545    195.532   -358.603    -12.074    -44.237     52.539
     -6.875     71.570    195.620   -358.708    -12.074    -44.243     52.537
     -6.877     71.594    195.709   -358.813    -12.074    -44.250     52.534
     -6.879     71.618    195.797   -358.918    -12.074    -44.256     52.532
     -6.881     71.642    195.886   -359.023    -12.075    -44.263     52.529
     -6.883     71.666    195.974   -359.128    -12.075    -44.270     52.527
     -6.885     71.690    196.063   -359.234    -12.075    -44.276     52.524
     -6.887     71.714    196.151   -359.339    -12.076    -44.283     52.522
     -6.889     71.739    196.240   -359.444    -12.076    -44.289     52.519
     -6.891     71.763    196.329   -359.549    -12.076    -44.296     52.517
     -6.893     71.787    196.417   -359.654    -12.077    -44.302     52.514
     -6.895     71.811    196.506   -359.759    -12.077    -44.309     52.511
     -6.897     71.835    196.594   -359.864    -12.077    -44.315     52.509
     -6.899     71.859    196.683   -359.969    -12.077    -44.322     52.506
     -6.901     71.884    196.772   -360.074    -12.078    -44.328     52.504
     -6.903     71.908    196.860   -360.179    -12.078    -44.335     52.501
     -6.905     71.932    196.949   -360.284    -12.078    -44.342     52.499
     -6.907     71.956    197.038   -360.389    -12.079    -44.348     52.496
     -6.909     71.980    197.127   -360.494    -12.079    -44.355     52.494
     -6.911     72.004    197.215   -360.599    -12.079    -44.361     52.491
     -6.913     72.028    197.304   -360.704    -12.079    -44.368     52.488
     -6.915     72.053    197.393   -360.809    -12.080    -44.374     52.486
     -6.917     72.077    197.481   -360.914    -12.080    -44.381     52.483
     -6.919     72.101    197.570   -361.019    -12.080    -44.387     52.481
     -6.921     72.125    197.659   -361.124    -12.081    -44.394     52.478
     -6.923     72.149    197.748   -361.229    -12.081    -44.400     52.476
     -6.925     72.173    197.837   -361.333    -12.081    -44.407     52.473
     -6.927     72.198    197.925   -361.438    -12.082    -44.414     52.471
     -6.929     72.222    198.014   -361.543    -12.082    -44.420     52.468
     -6.931     72.246    198.103   -361.648    -12.082    -44.427     52.465
     -6.933     72.270    198.192   -361.753    -12.082    -44.433     52.463
     -6.935     72.294    198.281   -361.858    -12.083    -44.440     52.460
     -6.937     72.318    198.370   -361.963    -12.083    -44.446     52.458
     -6.939     72.343    198.459   -362.068    -12.083    -44.453     52.455
     -6.941     72.367    198.548   -362.173    -12.084    -44.460     52.453
     -6.943     72.391    198.636   -362.278    -12.084    -44.466     52.450
     -6.945     72.415    198.725   -362.383    -12.084    -44.473     52.447
     -6.947     72.439    198.814   -362.488    -12.084    -44.479     52.445
     -6.949     72.463    198.903   -362.592    -12.085    -44.486     52.442
     -6.951     72.488    198.992   -362.697    -12.085    -44.492     52.440
     -6.953     72.512    199.081   -362.802    -12.085    -44.499     52.437
     -6.955     72.536    199.170   -362.907    -12.086    -44.506     52.434
     -6.957     72.560    199.259   -363.012    -12.086    -44.512     52.432
     -6.959     72.584    199.348   -363.117    -12.086    -44.519     52.429
     -6.961     72.608    199.437   -363.222    -12.087    -44.525     52.427
     -6.963     72.633    199.526   -363.327    -12.087    -44.532     52.424
     -6.965     72.657    199.616   -363.431    -12.087    -44.538     52.421
     -6.967     72.681    199.705   -363.536    -12.087    -44.545     52.419
     -6.969     72.705    199.794   -363.641    -12.088    -44.552     52.416
     -6.971     72.729    199.883   -363.746    -12.088    -44.558     52.414
     -6.973     72.753    199.972   -363.851    -12.088    -44.565     52.411
     -6.975     72.778    200.061   -363.956    -12.089    -44.571     52.408
     -6.977     72.802    200.150   -364.060    -12.089    -44.578     52.406
     -6.979     72.826    200.239   -364.165    -12.089    -44.584     52.403
     -6.981     72.850    200.329   -364.270    -12.089    -44.591     52.401
     -6.983     72.874    200.418   -364.375    -12.090    -44.598     52.398
     -6.985     72.899    200.507   -364.480    -12.090    -44.604     52.395
     -6.987     72.923    200.596   -364.584    -12.090    -44.611     52.393
     -6.989     72.947    200.685   -364.689    -12.091    -44.617     52.390
     -6.991     72.971    200.775   -364.794    -12.091    -44.624     52.387
     -6.993     72.995    200.864   -364.899    -12.091    -44.631     52.385
     -6.995     73.019    200.953   -365.003    -12.091    -44.637     52.382
     -6.997     73.044    201.042   -365.108    -12.092    -44.644     52.380
     -6.999     73.068    201.132   -365.213    -12.092    -44.650     52.377
     -7.001     73.092    201.221   -365.318    -12.092    -44.657     52.374
     -7.003     73.116    201.310   -365.422    -12.093    -44.664     52.372
     -7.005     73.140    201.400   -365.527    -12.093    -44.670     52.369
     -7.007     73.165    201.489   -365.632    -12.093    -44.677     52.366
     -7.009     73.189    201.578   -365.737    -12.093    -44.683     52.364
     -7.011     73.213    201.668   -365.841    -12.094    -44.690     52.361
     -7.013     73.237    201.757   -365.946    -12.094    -44.697     52.359
     -7.015     73.261    201.847   -366.051    -12.094    -44.703     52.356
     -7.017     73.286    201.936   -366.156    -12.095    -44.710     52.353
     -7.019     73.310    202.025   -366.260    -12.095    -44.716     52.351
     -7.021     73.334    202.115   -366.365    -12.095    -44.723     52.348
     -7.023     73.358    202.204   -366.470    -12.095    -44.730     52.345
     -7.025     73.382    202.294   -366.574    -12.096    -44.736     52.343
     -7.027     73.406    202.383   -366.679    -12.096    -44.743     52.340
     -7.029     73.431    202.473   -366.784    -12.096    -44.749     52.337
     -7.031     73.455    202.562   -366.888    -12.097    -44.756     52.335
     -7.033     73.479    202.652   -366.993    -12.097    -44.763     52.332
     -7.035     73.503    202.741   -367.098    -12.097    -44.769     52.329
     -7.037     73.527    202.831   -367.202    -12.097    -44.776     52.327
     -7.039     73.552    202.920   -367.307    -12.098    -44.782     52.324
     -7.041     73.576    203.010   -367.412    -12.098    -44.789     52.321
     -7.043     73.600    203.100   -367.516    -12.098    -44.796     52.319
     -7.045     73.624    203.189   -367.621    -12.099    -44.802     52.316
     -7.047     73.648    203.279   -367.726    -12.099    -44.809     52.313
     -7.049     73.673    203.368   -367.830    -12.099    -44.816     52.311
     -7.051     73.697    203.458   -367.935    -12.099    -44.822     52.308
     -7.053     73.721    203.548   -368.039    -12.100    -44.829     52.305
     -7.055     73.745    203.637   -368.144    -12.100    -44.835     52.303
     -7.057     73.769    203.727   -368.249    -12.100    -44.842     52.300
     -7.059     73.794    203.817   -368.353    -12.101    -44.849     52.297
     -7.061     73.818    203.906   -368.458    -12.101    -44.855     52.295
     -7.063     73.842    203.996   -368.562    -12.101    -44.862     52.292
     -7.065     73.866    204.086   -368.667    -12.101    -44.869     52.289
     -7.067     73.890    204.176   -368.772    -12.102    -44.875     52.287
     -7.069     73.915    204.265   -368.876    -12.102    -44.882     52.284
     -7.071     73.939    204.355   -368.981    -12.102    -44.888     52.281
     -7.073     73.963    204.445   -369.085    -12.103    -44.895     52.279
     -7.075     73.987    204.535   -369.190    -12.103    -44.902     52.276
     -7.077     74.011    204.624   -369.294    -12.103    -44.908     52.273
     -7.079     74.036    204.714   -369.399    -12.103    -44.915     52.271
     -7.081     74.060    204.804   -369.503    -12.104    -44.922     52.268
     -7.083     74.084    204.894   -369.608    -12.104    -44.928     52.265
     -7.085     74.108    204.984   -369.712    -12.104    -44.935     52.262
     -7.087     74.132    205.074   -369.817    -12.105    -44.942     52.260
     -7.089     74.157    205.164   -369.922    -12.105    -44.948     52.257
     -7.091     74.181    205.254   -370.026    -12.105    -44.955     52.254
     -7.093     74.205    205.343   -370.131    -12.105    -44.961     52.252
     -7.095     74.229    205.433   -370.235    -12.106    -44.968     52.249
     -7.097     74.254    205.523   -370.340    -12.106    -44.975     52.246
     -7.099     74.278    205.613   -370.444    -12.106    -44.981     52.243
     -7.101     74.302    205.703   -370.548    -12.107    -44.988     52.241
     -7.103     74.326    205.793   -370.653    -12.107    -44.995     52.238
     -7.105     74.350    205.883   -370.757    -12.107    -45.001     52.235
     -7.107     74.375    205.973   -370.862    -12.107    -45.008     52.233
     -7.109     74.399    206.063   -370.966    -12.108    -45.015     52.230
     -7.111     74.423    206.153   -371.071    -12.108    -45.021     52.227
     -7.113     74.447    206.243   -371.175    -12.108    -45.028     52.224
     -7.115     74.471    206.333   -371.280    -12.109    -45.035     52.222
     -7.117     74.496    206.423   -371.384    -12.109    -45.041     52.219
     -7.119     74.520    206.514   -371.489    -12.109    -45.048     52.216
     -7.121     74.544    206.604   -371.593    -12.109    -45.055     52.214
     -7.123     74.568    206.694   -371.697    -12.110    -45.061     52.211
     -7.125     74.593    206.784   -371.802    -12.110    -45.068     52.208
     -7.127     74.617    206.874   -371.906    -12.110    -45.075     52.205
     -7.129     74.641    206.964   -372.011    -12.110    -45.081     52.203
     -7.131     74.665    207.054   -372.115    -12.111    -45.088     52.200
     -7.133     74.689    207.145   -372.220    -12.111    -45.095     52.197
     -7.135     74.714    207.235   -372.324    -12.111    -45.101     52.194
     -7.137     74.738    207.325   -372.428    -12.112    -45.108     52.192
     -7.139     74.762    207.415   -372.533    -12.112    -45.115     52.189
     -7.141     74.786    207.505   -372.637    -12.112    -45.121     52.186
     -7.143     74.811    207.596   -372.741    -12.112    -45.128     52.183
     -7.145     74.835    207.686   -372.846    -12.113    -45.135     52.181
     -7.147     74.859    207.776   -372.950    -12.113    -45.141     52.178
     -7.149     74.883    207.867   -373.054    -12.113    -45.148     52.175
     -7.151     74.907    207.957   -373.159    -12.114    -45.155     52.172
     -7.153     74.932    208.047   -373.263    -12.114    -45.161     52.170
     -7.155     74.956    208.137   -373.368    -12.114    -45.168     52.167
     -7.157     74.980    208.228   -373.472    -12.114    -45.175     52.164
     -7.159     75.004    208.318   -373.576    -12.115    -45.181     52.161
     -7.161     75.029    208.409   -373.680    -12.115    -45.188     52.159
     -7.163     75.053    208.499   -373.785    -12.115    -45.195     52.156
     -7.165     75.077    208.589   -373.889    -12.116    -45.201     52.153
     -7.167     75.101    208.680   -373.993    -12.116    -45.208     52.150
     -7.169     75.126    208.770   -374.098    -12.116    -45.215     52.147
     -7.171     75.150    208.861   -374.202    -12.116    -45.222     52.145
     -7.173     75.174    208.951   -374.306    -12.117    -45.228     52.142
     -7.175     75.198    209.041   -374.411    -12.117    -45.235     52.139
     -7.177     75.222    209.132   -374.515    -12.117    -45.242     52.136
     -7.179     75.247    209.222   -374.619    -12.117    -45.248     52.134
     -7.181     75.271    209.313   -374.723    -12.118    -45.255     52.131
     -7.183     75.295    209.403   -374.828    -12.118    -45.262     52.128
     -7.185     75.319    209.494   -374.932    -12.118    -45.268     52.125
     -7.187     75.344    209.585   -375.036    -12.119    -45.275     52.122
     -7.189     75.368    209.675   -375.140    -12.119    -45.282     52.120
     -7.191     75.392    209.766   -375.245    -12.119    -45.289     52.117
     -7.193     75.416    209.856   -375.349    -12.119    -45.295     52.114
     -7.195     75.441    209.947   -375.453    -12.120    -45.302     52.111
     -7.197     75.465    210.037   -375.557    -12.120    -45.309     52.108
     -7.199     75.489    210.128   -375.662    -12.120    -45.315     52.106
     -7.201     75.513    210.219   -375.766    -12.120    -45.322     52.103
     -7.203     75.538    210.309   -375.870    -12.121    -45.329     52.100
     -7.205     75.562    210.400   -375.974    -12.121    -45.336     52.097
     -7.207     75.586    210.491   -376.078    -12.121    -45.342     52.094
     -7.209     75.610    210.581   -376.182    -12.122    -45.349     52.092
     -7.211     75.635    210.672   -376.287    -12.122    -45.356     52.089
     -7.213     75.659    210.763   -376.391    -12.122    -45.362     52.086
     -7.215     75.683    210.854   -376.495    -12.122    -45.369     52.083
     -7.217     75.707    210.944   -376.599    -12.123    -45.376     52.080
     -7.219     75.732    211.035   -376.703    -12.123    -45.383     52.077
     -7.221     75.756    211.126   -376.807    -12.123    -45.389     52.075
     -7.223     75.780    211.217   -376.912    -12.124    -45.396     52.072
     -7.225     75.804    211.307   -377.016    -12.124    -45.403     52.069
     -7.227     75.829    211.398   -377.120    -12.124    -45.409     52.066
     -7.229     75.853    211.489   -377.224    -12.124    -45.416     52.063
     -7.231     75.877    211.580   -377.328    -12.125    -45.423     52.061
     -7.233     75.901    211.671   -377.432    -12.125    -45.430     52.058
     -7.235     75.925    211.762   -377.536    -12.125    -45.436     52.055
     -7.237     75.950    211.853   -377.640    -12.125    -45.443     52.052
     -7.239     75.974    211.943   -377.745    -12.126    -45.450     52.049
     -7.241     75.998    212.034   -377.849    -12.126    -45.457     52.046
     -7.243     76.023    212.125   -377.953    -12.126    -45.463     52.043
     -7.245     76.047    212.216   -378.057    -12.127    -45.470     52.041
     -7.247     76.071    212.307   -378.161    -12.127    -45.477     52.038
     -7.249     76.095    212.398   -378.265    -12.127    -45.484     52.035
     -7.251     76.120    212.489   -378.369    -12.127    -45.490     52.032
     -7.253     76.144    212.580   -378.473    -12.128    -45.497     52.029
     -7.255     76.168    212.671   -378.577    -12.128    -45.504     52.026
     -7.257     76.192    212.762   -378.681    -12.128    -45.511     52.024
     -7.259     76.217    212.853   -378.785    -12.128    -45.517     52.021
     -7.261     76.241    212.944   -378.889    -12.129    -45.524     52.018
     -7.263     76.265    213.035   -378.993    -12.129    -45.531     52.015
     -7.265     76.289    213.126   -379.097    -12.129    -45.538     52.012
     -7.267     76.314    213.217   -379.201    -12.130    -45.544     52.009
     -7.269     76.338    213.308   -379.305    -12.130    -45.551     52.006
     -7.271     76.362    213.400   -379.409    -12.130    -45.558     52.003
     -7.273     76.386    213.491   -379.513    -12.130    -45.565     52.001
     -7.275     76.411    213.582   -379.617    -12.131    -45.571     51.998
     -7.277     76.435    213.673   -379.721    -12.131    -45.578     51.995
     -7.279     76.459    213.764   -379.825    -12.131    -45.585     51.992
     -7.281     76.483    213.855   -379.929    -12.131    -45.592     51.989
     -7.283     76.508    213.946   -380.033    -12.132    -45.598     51.986
     -7.285     76.532    214.038   -380.137    -12.132    -45.605     51.983
     -7.287     76.556    214.129   -380.241    -12.132    -45.612     51.980
     -7.289     76.580    214.220   -380.345    -12.133    -45.619     51.978
     -7.291     76.605    214.311   -380.449    -12.133    -45.625     51.975
     -7.293     76.629    214.403   -380.553    -12.133    -45.632     51.972
     -7.295     76.653    214.494   -380.657    -12.133    -45.639     51.969
     -7.297     76.678    214.585   -380.761    -12.134    -45.646     51.966
     -7.299     76.702    214.676   -380.865    -12.134    -45.653     51.963
     -7.301     76.726    214.768   -380.969    -12.134    -45.659     51.960
     -7.303     76.750    214.859   -381.073    -12.134    -45.666     51.957
     -7.305     76.775    214.950   -381.177    -12.135    -45.673     51.954
     -7.307     76.799    215.042   -381.281    -12.135    -45.680     51.951
     -7.309     76.823    215.133   -381.385    -12.135    -45.686     51.949
     -7.311     76.847    215.225   -381.488    -12.135    -45.693     51.946
     -7.313     76.872    215.316   -381.592    -12.136    -45.700     51.943
     -7.315     76.896    215.407   -381.696    -12.136    -45.707     51.940
     -7.317     76.920    215.499   -381.800    -12.136    -45.714     51.937
     -7.319     76.944    215.590   -381.904    -12.137    -45.720     51.934
     -7.321     76.969    215.682   -382.008    -12.137    -45.727     51.931
     -7.323     76.993    215.773   -382.112    -12.137    -45.734     51.928
     -7.325     77.017    215.865   -382.216    -12.137    -45.741     51.925
     -7.327     77.042    215.956   -382.319    -12.138    -45.748     51.922
     -7.329     77.066    216.048   -382.423    -12.138    -45.754     51.919
     -7.331     77.090    216.139   -382.527    -12.138    -45.761     51.916
     -7.333     77.114    216.231   -382.631    -12.138    -45.768     51.914
     -7.335     77.139    216.322   -382.735    -12.139    -45.775     51.911
     -7.337     77.163    216.414   -382.839    -12.139    -45.782     51.908
     -7.339     77.187    216.505   -382.942    -12.139    -45.788     51.905
     -7.341     77.212    216.597   -383.046    -12.139    -45.795     51.902
     -7.343     77.236    216.688   -383.150    -12.140    -45.802     51.899
     -7.345     77.260    216.780   -383.254    -12.140    -45.809     51.896
     -7.347     77.284    216.872   -383.358    -12.140    -45.816     51.893
     -7.349     77.309    216.963   -383.461    -12.141    -45.822     51.890
     -7.351     77.333    217.055   -383.565    -12.141    -45.829     51.887
     -7.353     77.357    217.147   -383.669    -12.141    -45.836     51.884
     -7.355     77.381    217.238   -383.773    -12.141    -45.843     51.881
     -7.357     77.406    217.330   -383.876    -12.142    -45.850     51.878
     -7.359     77.430    217.422   -383.980    -12.142    -45.857     51.875
     -7.361     77.454    217.513   -384.084    -12.142    -45.863     51.872
     -7.363     77.479    217.605   -384.188    -12.142    -45.870     51.869
     -7.365     77.503    217.697   -384.291    -12.143    -45.877     51.866
     -7.367     77.527    217.789   -384.395    -12.143    -45.884     51.863
     -7.369     77.551    217.880   -384.499    -12.143    -45.891     51.860
     -7.371     77.576    217.972   -384.603    -12.143    -45.898     51.857
     -7.373     77.600    218.064   -384.706    -12.144    -45.904     51.855
     -7.375     77.624    218.156   -384.810    -12.144    -45.911     51.852
     -7.377     77.649    218.248   -384.914    -12.144    -45.918     51.849
     -7.379     77.673    218.340   -385.017    -12.145    -45.925     51.846
     -7.381     77.697    218.431   -385.121    -12.145    -45.932     51.843
     -7.383     77.722    218.523   -385.225    -12.145    -45.939     51.840
     -7.385     77.746    218.615   -385.328    -12.145    -45.945     51.837
     -7.387     77.770    218.707   -385.432    -12.146    -45.952     51.834
     -7.389     77.794    218.799   -385.536    -12.146    -45.959     51.831
     -7.391     77.819    218.891   -385.639    -12.146    -45.966     51.828
     -7.393     77.843    218.983   -385.743    -12.146    -45.973     51.825
     -7.395     77.867    219.075   -385.847    -12.147    -45.980     51.822
     -7.397     77.892    219.167   -385.950    -12.147    -45.986     51.819
     -7.399     77.916    219.259   -386.054    -12.147    -45.993     51.816
     -7.401     77.940    219.351   -386.158    -12.147    -46.000     51.813
     -7.403     77.964    219.443   -386.261    -12.148    -46.007     51.810
     -7.405     77.989    219.535   -386.365    -12.148    -46.014     51.807
     -7.407     78.013    219.627   -386.468    -12.148    -46.021     51.804
     -7.409     78.037    219.719   -386.572    -12.149    -46.028     51.801
     -7.411     78.062    219.811   -386.676    -12.149    -46.034     51.798
     -7.413     78.086    219.903   -386.779    -12.149    -46.041     51.795
     -7.415     78.110    219.995   -386.883    -12.149    -46.048     51.792
     -7.417     78.135    220.087   -386.986    -12.150    -46.055     51.789
     -7.419     78.159    220.179   -387.090    -12.150    -46.062     51.786
     -7.421     78.183    220.271   -387.194    -12.150    -46.069     51.783
     -7.423     78.207    220.364   -387.297    -12.150    -46.076     51.780
     -7.425     78.232    220.456   -387.401    -12.151    -46.083     51.777
     -7.427     78.256    220.548   -387.504    -12.151    -46.089     51.773
     -7.429     78.280    220.640   -387.608    -12.151    -46.096     51.770
     -7.431     78.305    220.732   -387.711    -12.151    -46.103     51.767
     -7.433     78.329    220.824   -387.815    -12.152    -46.110     51.764
     -7.435     78.353    220.917   -387.918    -12.152    -46.117     51.761
     -7.437     78.378    221.009   -388.022    -12.152    -46.124     51.758
     -7.439     78.402    221.101   -388.125    -12.152    -46.131     51.755
     -7.441     78.426    221.193   -388.229    -12.153    -46.138     51.752
     -7.443     78.450    221.286   -388.332    -12.153    -46.145     51.749
     -7.445     78.475    221.378   -388.436    -12.153    -46.151     51.746
     -7.447     78.499    221.470   -388.539    -12.153    -46.158     51.743
     -7.449     78.523    221.563   -388.643    -12.154    -46.165     51.740
     -7.451     78.548    221.655   -388.746    -12.154    -46.172     51.737
     -7.453     78.572    221.747   -388.850    -12.154    -46.179     51.734
     -7.455     78.596    221.840   -388.953    -12.155    -46.186     51.731
     -7.457     78.621    221.932   -389.057    -12.155    -46.193     51.728
     -7.459     78.645    222.025   -389.160    -12.155    -46.200     51.725
     -7.461     78.669    222.117   -389.264    -12.155    -46.207     51.722
     -7.463     78.694    222.209   -389.367    -12.156    -46.213     51.719
     -7.465     78.718    222.302   -389.471    -12.156    -46.220     51.716
     -7.467     78.742    222.394   -389.574    -12.156    -46.227     51.712
     -7.469     78.766    222.487   -389.677    -12.156    -46.234     51.709
     -7.471     78.791    222.579   -389.781    -12.157    -46.241     51.706
     -7.473     78.815    222.672   -389.884    -12.157    -46.248     51.703
     -7.475     78.839    222.764   -389.988    -12.157    -46.255     51.700
     -7.477     78.864    222.857   -390.091    -12.157    -46.262     51.697
     -7.479     78.888    222.949   -390.194    -12.158    -46.269     51.694
     -7.481     78.912    223.042   -390.298    -12.158    -46.276     51.691
     -7.483     78.937    223.134   -390.401    -12.158    -46.283     51.688
     -7.485     78.961    223.227   -390.505    -12.158    -46.290     51.685
     -7.487     78.985    223.319   -390.608    -12.159    -46.296     51.682
     -7.489     79.010    223.412   -390.711    -12.159    -46.303     51.679
     -7.491     79.034    223.505   -390.815    -12.159    -46.310     51.675
     -7.493     79.058    223.597   -390.918    -12.159    -46.317     51.672
     -7.495     79.083    223.690   -391.021    -12.160    -46.324     51.669
     -7.497     79.107    223.783   -391.125    -12.160    -46.331     51.666
     -7.499     79.131    223.875   -391.228    -12.160    -46.338     51.663
     -7.501     79.156    223.968   -391.331    -12.160    -46.345     51.660
     -7.503     79.180    224.061   -391.435    -12.161    -46.352     51.657
     -7.505     79.204    224.153   -391.538    -12.161    -46.359     51.654
     -7.507     79.229    224.246   -391.641    -12.161    -46.366     51.651
     -7.509     79.253    224.339   -391.744    -12.161    -46.373     51.648
     -7.511     79.277    224.432   -391.848    -12.162    -46.380     51.644
     -7.513     79.301    224.524   -391.951    -12.162    -46.387     51.641
     -7.515     79.326    224.617   -392.054    -12.162    -46.394     51.638
     -7.517     79.350    224.710   -392.158    -12.162    -46.401     51.635
     -7.519     79.374    224.803   -392.261    -12.163    -46.407     51.632
     -7.521     79.399    224.896   -392.364    -12.163    -46.414     51.629
     -7.523     79.423    224.988   -392.467    -12.163    -46.421     51.626
     -7.525     79.447    225.081   -392.571    -12.164    -46.428     51.623
     -7.527     79.472    225.174   -392.674    -12.164    -46.435     51.619
     -7.529     79.496    225.267   -392.777    -12.164    -46.442     51.616
     -7.531     79.520    225.360   -392.880    -12.164    -46.449     51.613
     -7.533     79.545    225.453   -392.984    -12.165    -46.456     51.610
     -7.535     79.569    225.546   -393.087    -12.165    -46.463     51.607
     -7.537     79.593    225.639   -393.190    -12.165    -46.470     51.604
     -7.539     79.618    225.732   -393.293    -12.165    -46.477     51.600
     -7.541     79.642    225.825   -393.396    -12.166    -46.484     51.597
     -7.543     79.666    225.918   -393.500    -12.166    -46.491     51.594
     -7.545     79.691    226.010   -393.603    -12.166    -46.498     51.591
     -7.547     79.715    226.103   -393.706    -12.166    -46.505     51.588
     -7.549     79.739    226.197   -393.809    -12.167    -46.512     51.585
     -7.551     79.764    226.290   -393.912    -12.167    -46.519     51.582
     -7.553     79.788    226.383   -394.015    -12.167    -46.526     51.578
     -7.555     79.812    226.476   -394.119    -12.167    -46.533     51.575
     -7.557     79.837    226.569   -394.222    -12.168    -46.540     51.572
     -7.559     79.861    226.662   -394.325    -12.168    -46.547     51.569
     -7.561     79.885    226.755   -394.428    -12.168    -46.554     51.566
     -7.563     79.910    226.848   -394.531    -12.168    -46.561     51.563
     -7.565     79.934    226.941   -394.634    -12.169    -46.568     51.559
     -7.567     79.958    227.034   -394.737    -12.169    -46.575     51.556
     -7.569     79.983    227.127   -394.841    -12.169    -46.582     51.553
     -7.571     80.007    227.221   -394.944    -12.169    -46.589     51.550
     -7.573     80.031    227.314   -395.047    -12.170    -46.596     51.547
     -7.575     80.056    227.407   -395.150    -12.170    -46.603     51.543
     -7.577     80.080    227.500   -395.253    -12.170    -46.610     51.540
     -7.579     80.104    227.593   -395.356    -12.170    -46.617     51.537
     -7.581     80.129    227.687   -395.459    -12.171    -46.624     51.534
     -7.583     80.153    227.780   -395.562    -12.171    -46.631     51.531
     -7.585     80.177    227.873   -395.665    -12.171    -46.638     51.527
     -7.587     80.202    227.966   -395.768    -12.171    -46.645     51.524
     -7.589     80.226    228.060   -395.871    -12.172    -46.652     51.521
     -7.591     80.250    228.153   -395.974    -12.172    -46.659     51.518
     -7.593     80.275    228.246   -396.077    -12.172    -46.666     51.515
     -7.595     80.299    228.340   -396.180    -12.172    -46.673     51.511
     -7.597     80.324    228.433   -396.283    -12.173    -46.680     51.508
     -7.599     80.348    228.526   -396.386    -12.173    -46.687     51.505
     -7.601     80.372    228.620   -396.489    -12.173    -46.694     51.502
     -7.603     80.397    228.713   -396.592    -12.173    -46.701     51.498
     -7.605     80.421    228.807   -396.695    -12.174    -46.708     51.495
     -7.607     80.445    228.900   -396.798    -12.174    -46.715     51.492
     -7.609     80.470    228.994   -396.901    -12.174    -46.722     51.489
     -7.611     80.494    229.087   -397.004    -12.174    -46.729     51.486
     -7.613     80.518    229.180   -397.107    -12.175    -46.736     51.482
     -7.615     80.543    229.274   -397.210    -12.175    -46.743     51.479
     -7.617     80.567    229.367   -397.313    -12.175    -46.750     51.476
     -7.619     80.591    229.461   -397.416    -12.175    -46.757     51.473
     -7.621     80.616    229.554   -397.519    -12.176    -46.764     51.469
     -7.623     80.640    229.648   -397.622    -12.176    -46.772     51.466
     -7.625     80.664    229.742   -397.725    -12.176    -46.779     51.463
     -7.627     80.689    229.835   -397.828    -12.176    -46.786     51.460
     -7.629     80.713    229.929   -397.931    -12.177    -46.793     51.456
     -7.631     80.737    230.022   -398.034    -12.177    -46.800     51.453
     -7.633     80.762    230.116   -398.137    -12.177    -46.807     51.450
     -7.635     80.786    230.210   -398.240    -12.177    -46.814     51.447
     -7.637     80.811    230.303   -398.342    -12.178    -46.821     51.443
     -7.639     80.835    230.397   -398.445    -12.178    -46.828     51.440
     -7.641     80.859    230.490   -398.548    -12.178    -46.835     51.437
     -7.643     80.884    230.584   -398.651    -12.178    -46.842     51.433
     -7.645     80.908    230.678   -398.754    -12.179    -46.849     51.430
     -7.647     80.932    230.772   -398.857    -12.179    -46.856     51.427
     -7.649     80.957    230.865   -398.960    -12.179    -46.863     51.424
     -7.651     80.981    230.959   -399.062    -12.179    -46.870     51.420
     -7.653     81.005    231.053   -399.165    -12.180    -46.878     51.417
     -7.655     81.030    231.146   -399.268    -12.180    -46.885     51.414
     -7.657     81.054    231.240   -399.371    -12.180    -46.892     51.411
     -7.659     81.078    231.334   -399.474    -12.180    -46.899     51.407
     -7.661     81.103    231.428   -399.577    -12.181    -46.906     51.404
     -7.663     81.127    231.522   -399.679    -12.181    -46.913     51.401
     -7.665     81.152    231.616   -399.782    -12.181    -46.920     51.397
     -7.667     81.176    231.709   -399.885    -12.181    -46.927     51.394
     -7.669     81.200    231.803   -399.988    -12.182    -46.934     51.391
     -7.671     81.225    231.897   -400.091    -12.182    -46.941     51.387
     -7.673     81.249    231.991   -400.193    -12.182    -46.948     51.384
     -7.675     81.273    232.085   -400.296    -12.182    -46.955     51.381
     -7.677     81.298    232.179   -400.399    -12.183    -46.963     51.377
     -7.679     81.322    232.273   -400.502    -12.183    -46.970     51.374
     -7.681     81.346    232.367   -400.604    -12.183    -46.977     51.371
     -7.683     81.371    232.461   -400.707    -12.183    -46.984     51.368
     -7.685     81.395    232.555   -400.810    -12.183    -46.991     51.364
     -7.687     81.420    232.649   -400.913    -12.184    -46.998     51.361
     -7.689     81.444    232.743   -401.015    -12.184    -47.005     51.358
     -7.691     81.468    232.837   -401.118    -12.184    -47.012     51.354
     -7.693     81.493    232.931   -401.221    -12.184    -47.019     51.351
     -7.695     81.517    233.025   -401.323    -12.185    -47.027     51.348
     -7.697     81.541    233.119   -401.426    -12.185    -47.034     51.344
     -7.699     81.566    233.213   -401.529    -12.185    -47.041     51.341
     -7.701     81.590    233.307   -401.631    -12.185    -47.048     51.338
     -7.703     81.615    233.401   -401.734    -12.186    -47.055     51.334
     -7.705     81.639    233.495   -401.837    -12.186    -47.062     51.331
     -7.707     81.663    233.589   -401.939    -12.186    -47.069     51.327
     -7.709     81.688    233.683   -402.042    -12.186    -47.077     51.324
     -7.711     81.712    233.778   -402.145    -12.187    -47.084     51.321
     -7.713     81.736    233.872   -402.247    -12.187    -47.091     51.317
     -7.715     81.761    233.966   -402.350    -12.187    -47.098     51.314
     -7.717     81.785    234.060   -402.453    -12.187    -47.105     51.311
     -7.719     81.810    234.154   -402.555    -12.188    -47.112     51.307
     -7.721     81.834    234.249   -402.658    -12.188    -47.119     51.304
     -7.723     81.858    234.343   -402.760    -12.188    -47.127     51.301
     -7.725     81.883    234.437   -402.863    -12.188    -47.134     51.297
     -7.727     81.907    234.531   -402.966    -12.189    -47.141     51.294
     -7.729     81.931    234.626   -403.068    -12.189    -47.148     51.290
     -7.731     81.956    234.720   -403.171    -12.189    -47.155     51.287
     -7.733     81.980    234.814   -403.273    -12.189    -47.162     51.284
     -7.735     82.005    234.909   -403.376    -12.190    -47.169     51.280
     -7.737     82.029    235.003   -403.478    -12.190    -47.177     51.277
     -7.739     82.053    235.097   -403.581    -12.190    -47.184     51.273
     -7.741     82.078    235.192   -403.684    -12.190    -47.191     51.270
     -7.743     82.102    235.286   -403.786    -12.191    -47.198     51.267
     -7.745     82.126    235.380   -403.889    -12.191    -47.205     51.263
     -7.747     82.151    235.475   -403.991    -12.191    -47.212     51.260
     -7.749     82.175    235.569   -404.094    -12.191    -47.220     51.256
     -7.751     82.200    235.664   -404.196    -12.191    -47.227     51.253
     -7.753     82.224    235.758   -404.299    -12.192    -47.234     51.250
     -7.755     82.248    235.853   -404.401    -12.192    -47.241     51.246
     -7.757     82.273    235.947   -404.504    -12.192    -47.248     51.243
     -7.759     82.297    236.042   -404.606    -12.192    -47.256     51.239
     -7.761     82.321    236.136   -404.709    -12.193    -47.263     51.236
     -7.763     82.346    236.231   -404.811    -12.193    -47.270     51.233
     -7.765     82.370    236.325   -404.914    -12.193    -47.277     51.229
     -7.767     82.395    236.420   -405.016    -12.193    -47.284     51.226
     -7.769     82.419    236.514   -405.118    -12.194    -47.292     51.222
     -7.771     82.443    236.609   -405.221    -12.194    -47.299     51.219
     -7.773     82.468    236.704   -405.323    -12.194    -47.306     51.215
     -7.775     82.492    236.798   -405.426    -12.194    -47.313     51.212
     -7.777     82.517    236.893   -405.528    -12.195    -47.320     51.209
     -7.779     82.541    236.988   -405.631    -12.195    -47.328     51.205
     -7.781     82.565    237.082   -405.733    -12.195    -47.335     51.202
     -7.783     82.590    237.177   -405.835    -12.195    -47.342     51.198
     -7.785     82.614    237.272   -405.938    -12.196    -47.349     51.195
     -7.787     82.639    237.366   -406.040    -12.196    -47.356     51.191
     -7.789     82.663    237.461   -406.143    -12.196    -47.364     51.188
     -7.791     82.687    237.556   -406.245    -12.196    -47.371     51.184
     -7.793     82.712    237.650   -406.347    -12.196    -47.378     51.181
     -7.795     82.736    237.745   -406.450    -12.197    -47.385     51.177
     -7.797     82.761    237.840   -406.552    -12.197    -47.393     51.174
     -7.799     82.785    237.935   -406.654    -12.197    -47.400     51.170
     -7.801     82.809    238.030   -406.757    -12.197    -47.407     51.167
     -7.803     82.834    238.124   -406.859    -12.198    -47.414     51.164
     -7.805     82.858    238.219   -406.961    -12.198    -47.422     51.160
     -7.807     82.882    238.314   -407.064    -12.198    -47.429     51.157
     -7.809     82.907    238.409   -407.166    -12.198    -47.436     51.153
     -7.811     82.931    238.504   -407.268    -12.199    -47.443     51.150
     -7.813     82.956    238.599   -407.371    -12.199    -47.451     51.146
     -7.815     82.980    238.694   -407.473    -12.199    -47.458     51.143
     -7.817     83.004    238.789   -407.575    -12.199    -47.465     51.139
     -7.819     83.029    238.884   -407.677    -12.200    -47.472     51.136
     -7.821     83.053    238.979   -407.780    -12.200    -47.480     51.132
     -7.823     83.078    239.073   -407.882    -12.200    -47.487     51.129
     -7.825     83.102    239.168   -407.984    -12.200    -47.494     51.125
     -7.827     83.126    239.263   -408.086    -12.200    -47.501     51.122
     -7.829     83.151    239.358   -408.189    -12.201    -47.509     51.118
     -7.831     83.175    239.453   -408.291    -12.201    -47.516     51.115
     -7.833     83.200    239.549   -408.393    -12.201    -47.523     51.111
     -7.835     83.224    239.644   -408.495    -12.201    -47.530     51.108
     -7.837     83.248    239.739   -408.598    -12.202    -47.538     51.104
     -7.839     83.273    239.834   -408.700    -12.202    -47.545     51.100
     -7.841     83.297    239.929   -408.802    -12.202    -47.552     51.097
     -7.843     83.322    240.024   -408.904    -12.202    -47.560     51.093
     -7.845     83.346    240.119   -409.006    -12.203    -47.567     51.090
     -7.847     83.370    240.214   -409.109    -12.203    -47.574     51.086
     -7.849     83.395    240.309   -409.211    -12.203    -47.581     51.083
     -7.851     83.419    240.405   -409.313    -12.203    -47.589     51.079
     -7.853     83.444    240.500   -409.415    -12.203    -47.596     51.076
     -7.855     83.468    240.595   -409.517    -12.204    -47.603     51.072
     -7.857     83.493    240.690   -409.619    -12.204    -47.611     51.069
     -7.859     83.517    240.785   -409.721    -12.204    -47.618     51.065
     -7.861     83.541    240.881   -409.824    -12.204    -47.625     51.061
     -7.863     83.566    240.976   -409.926    -12.205    -47.633     51.058
     -7.865     83.590    241.071   -410.028    -12.205    -47.640     51.054
     -7.867     83.615    241.166   -410.130    -12.205    -47.647     51.051
     -7.869     83.639    241.262   -410.232    -12.205    -47.654     51.047
     -7.871     83.663    241.357   -410.334    -12.206    -47.662     51.044
     -7.873     83.688    241.452   -410.436    -12.206    -47.669     51.040
     -7.875     83.712    241.548   -410.538    -12.206    -47.676     51.037
     -7.877     83.737    241.643   -410.640    -12.206    -47.684     51.033
     -7.879     83.761    241.738   -410.742    -12.206    -47.691     51.029
     -7.881     83.785    241.834   -410.844    -12.207    -47.698     51.026
     -7.883     83.810    241.929   -410.946    -12.207    -47.706     51.022
     -7.885     83.834    242.025   -411.049    -12.207    -47.713     51.019
     -7.887     83.859    242.120   -411.151    -12.207    -47.720     51.015
     -7.889     83.883    242.216   -411.253    -12.208    -47.728     51.011
     -7.891     83.908    242.311   -411.355    -12.208    -47.735     51.008
     -7.893     83.932    242.406   -411.457    -12.208    -47.742     51.004
     -7.895     83.956    242.502   -411.559    -12.208    -47.750     51.001
     -7.897     83.981    242.597   -411.661    -12.209    -47.757     50.997
     -7.899     84.005    242.693   -411.763    -12.209    -47.764     50.993
     -7.901     84.030    242.789   -411.865    -12.209    -47.772     50.990
     -7.903     84.054    242.884   -411.967    -12.209    -47.779     50.986
     -7.905     84.078    242.980   -412.069    -12.209    -47.787     50.983
     -7.907     84.103    243.075   -412.170    -12.210    -47.794     50.979
     -7.909     84.127    243.171   -412.272    -12.210    -47.801     50.975
     -7.911     84.152    243.266   -412.374    -12.210    -47.809     50.972
     -7.913     84.176    243.362   -412.476    -12.210    -47.816     50.968
     -7.915     84.201    243.458   -412.578    -12.211    -47.823     50.964
     -7.917     84.225    243.553   -412.680    -12.211    -47.831     50.961
     -7.919     84.249    243.649   -412.782    -12.211    -47.838     50.957
     -7.921     84.274    243.745   -412.884    -12.211    -47.845     50.953
     -7.923     84.298    243.840   -412.986    -12.212    -47.853     50.950
     -7.925     84.323    243.936   -413.088    -12.212    -47.860     50.946
     -7.927     84.347    244.032   -413.190    -12.212    -47.868     50.942
     -7.929     84.372    244.128   -413.292    -12.212    -47.875     50.939
     -7.931     84.396    244.223   -413.393    -12.212    -47.882     50.935
     -7.933     84.420    244.319   -413.495    -12.213    -47.890     50.932
     -7.935     84.445    244.415   -413.597    -12.213    -47.897     50.928
     -7.937     84.469    244.511   -413.699    -12.213    -47.905     50.924
     -7.939     84.494    244.607   -413.801    -12.213    -47.912     50.921
     -7.941     84.518    244.702   -413.903    -12.214    -47.919     50.917
     -7.943     84.542    244.798   -414.005    -12.214    -47.927     50.913
     -7.945     84.567    244.894   -414.106    -12.214    -47.934     50.909
     -7.947     84.591    244.990   -414.208    -12.214    -47.942     50.906
     -7.949     84.616    245.086   -414.310    -12.214    -47.949     50.902
     -7.951     84.640    245.182   -414.412    -12.215    -47.956     50.898
     -7.953     84.665    245.278   -414.514    -12.215    -47.964     50.895
     -7.955     84.689    245.374   -414.615    -12.215    -47.971     50.891
     -7.957     84.713    245.470   -414.717    -12.215    -47.979     50.887
     -7.959     84.738    245.566   -414.819    -12.216    -47.986     50.884
     -7.961     84.762    245.661   -414.921    -12.216    -47.994     50.880
     -7.963     84.787    245.757   -415.022    -12.216    -48.001     50.876
     -7.965     84.811    245.853   -415.124    -12.216    -48.008     50.873
     -7.967     84.836    245.950   -415.226    -12.216    -48.016     50.869
     -7.969     84.860    246.046   -415.328    -12.217    -48.023     50.865
     -7.971     84.885    246.142   -415.429    -12.217    -48.031     50.861
     -7.973     84.909    246.238   -415.531    -12.217    -48.038     50.858
     -7.975     84.933    246.334   -415.633    -12.217    -48.046     50.854
     -7.977     84.958    246.430   -415.735    -12.218    -48.053     50.850
     -7.979     84.982    246.526   -415.836    -12.218    -48.061     50.846
     -7.981     85.007    246.622   -415.938    -12.218    -48.068     50.843
     -7.983     85.031    246.718   -416.040    -12.218    -48.076     50.839
     -7.985     85.056    246.814   -416.141    -12.218    -48.083     50.835
     -7.987     85.080    246.911   -416.243    -12.219    -48.090     50.831
     -7.989     85.104    247.007   -416.345    -12.219    -48.098     50.828
     -7.991     85.129    247.103   -416.446    -12.219    -48.105     50.824
     -7.993     85.153    247.199   -416.548    -12.219    -48.113     50.820
     -7.995     85.178    247.295   -416.650    -12.220    -48.120     50.816
     -7.997     85.202    247.392   -416.751    -12.220    -48.128     50.813
     -7.999     85.227    247.488   -416.853    -12.220    -48.135     50.809
     -8.001     85.251    247.584   -416.954    -12.220    -48.143     50.805
     -8.003     85.276    247.680   -417.056    -12.220    -48.150     50.801
     -8.005     85.300    247.777   -417.158    -12.221    -48.158     50.798
     -8.007     85.324    247.873   -417.259    -12.221    -48.165     50.794
     -8.009     85.349    247.969   -417.361    -12.221    -48.173     50.790
     -8.011     85.373    248.066   -417.462    -12.221    -48.180     50.786
     -8.013     85.398    248.162   -417.564    -12.222    -48.188     50.783
     -8.015     85.422    248.259   -417.665    -12.222    -48.195     50.779
     -8.017     85.447    248.355   -417.767    -12.222    -48.203     50.775
     -8.019     85.471    248.451   -417.869    -12.222    -48.210     50.771
     -8.021     85.496    248.548   -417.970    -12.222    -48.218     50.767
     -8.023     85.520    248.644   -418.072    -12.223    -48.225     50.764
     -8.025     85.544    248.741   -418.173    -12.223    -48.233     50.760
     -8.027     85.569    248.837   -418.275    -12.223    -48.240     50.756
     -8.029     85.593    248.934   -418.376    -12.223    -48.248     50.752
     -8.031     85.618    249.030   -418.478    -12.224    -48.255     50.748
     -8.033     85.642    249.127   -418.579    -12.224    -48.263     50.745
     -8.035     85.667    249.223   -418.681    -12.224    -48.270     50.741
     -8.037     85.691    249.320   -418.782    -12.224    -48.278     50.737
     -8.039     85.716    249.416   -418.884    -12.224    -48.285     50.733
     -8.041     85.740    249.513   -418.985    -12.225    -48.293     50.729
     -8.043     85.764    249.610   -419.087    -12.225    -48.301     50.725
     -8.045     85.789    249.706   -419.188    -12.225    -48.308     50.722
     -8.047     85.813    249.803   -419.289    -12.225    -48.316     50.718
     -8.049     85.838    249.899   -419.391    -12.225    -48.323     50.714
     -8.051     85.862    249.996   -419.492    -12.226    -48.331     50.710
     -8.053     85.887    250.093   -419.594    -12.226    -48.338     50.706
     -8.055     85.911    250.189   -419.695    -12.226    -48.346     50.702
     -8.057     85.936    250.286   -419.797    -12.226    -48.353     50.698
     -8.059     85.960    250.383   -419.898    -12.227    -48.361     50.695
     -8.061     85.984    250.480   -419.999    -12.227    -48.369     50.691
     -8.063     86.009    250.576   -420.101    -12.227    -48.376     50.687
     -8.065     86.033    250.673   -420.202    -12.227    -48.384     50.683
     -8.067     86.058    250.770   -420.303    -12.227    -48.391     50.679
     -8.069     86.082    250.867   -420.405    -12.228    -48.399     50.675
     -8.071     86.107    250.963   -420.506    -12.228    -48.406     50.671
     -8.073     86.131    251.060   -420.607    -12.228    -48.414     50.668
     -8.075     86.156    251.157   -420.709    -12.228    -48.422     50.664
     -8.077     86.180    251.254   -420.810    -12.228    -48.429     50.660
     -8.079     86.205    251.351   -420.911    -12.229    -48.437     50.656
     -8.081     86.229    251.448   -421.013    -12.229    -48.444     50.652
     -8.083     86.254    251.545   -421.114    -12.229    -48.452     50.648
     -8.085     86.278    251.641   -421.215    -12.229    -48.460     50.644
     -8.087     86.302    251.738   -421.317    -12.230    -48.467     50.640
     -8.089     86.327    251.835   -421.418    -12.230    -48.475     50.636
     -8.091     86.351    251.932   -421.519    -12.230    -48.482     50.632
     -8.093     86.376    252.029   -421.620    -12.230    -48.490     50.629
     -8.095     86.400    252.126   -421.722    -12.230    -48.498     50.625
     -8.097     86.425    252.223   -421.823    -12.231    -48.505     50.621
     -8.099     86.449    252.320   -421.924    -12.231    -48.513     50.617
     -8.101     86.474    252.417   -422.025    -12.231    -48.520     50.613
     -8.103     86.498    252.514   -422.127    -12.231    -48.528     50.609
     -8.105     86.523    252.611   -422.228    -12.231    -48.536     50.605
     -8.107     86.547    252.708   -422.329    -12.232    -48.543     50.601
     -8.109     86.571    252.806   -422.430    -12.232    -48.551     50.597
     -8.111     86.596    252.903   -422.531    -12.232    -48.559     50.593
     -8.113     86.620    253.000   -422.633    -12.232    -48.566     50.589
     -8.115     86.645    253.097   -422.734    -12.233    -48.574     50.585
     -8.117     86.669    253.194   -422.835    -12.233    -48.582     50.581
     -8.119     86.694    253.291   -422.936    -12.233    -48.589     50.577
     -8.121     86.718    253.388   -423.037    -12.233    -48.597     50.573
     -8.123     86.743    253.486   -423.138    -12.233    -48.605     50.569
     -8.125     86.767    253.583   -423.240    -12.234    -48.612     50.565
     -8.127     86.792    253.680   -423.341    -12.234    -48.620     50.561
     -8.129     86.816    253.777   -423.442    -12.234    -48.627     50.557
     -8.131     86.841    253.875   -423.543    -12.234    -48.635     50.554
     -8.133     86.865    253.972   -423.644    -12.234    -48.643     50.550
     -8.135     86.890    254.069   -423.745    -12.235    -48.651     50.546
     -8.137     86.914    254.167   -423.846    -12.235    -48.658     50.542
     -8.139     86.939    254.264   -423.947    -12.235    -48.666     50.538
     -8.141     86.963    254.361   -424.048    -12.235    -48.674     50.534
     -8.143     86.987    254.459   -424.149    -12.235    -48.681     50.530
     -8.145     87.012    254.556   -424.250    -12.236    -48.689     50.526
     -8.147     87.036    254.653   -424.351    -12.236    -48.697     50.522
     -8.149     87.061    254.751   -424.453    -12.236    -48.704     50.518
     -8.151     87.085    254.848   -424.554    -12.236    -48.712     50.514
     -8.153     87.110    254.946   -424.655    -12.236    -48.720     50.510
     -8.155     87.134    255.043   -424.756    -12.237    -48.727     50.506
     -8.157     87.159    255.140   -424.857    -12.237    -48.735     50.501
     -8.159     87.183    255.238   -424.958    -12.237    -48.743     50.497
     -8.161     87.208    255.335   -425.059    -12.237    -48.751     50.493
     -8.163     87.232    255.433   -425.160    -12.238    -48.758     50.489
     -8.165     87.257    255.530   -425.261    -12.238    -48.766     50.485
     -8.167     87.281    255.628   -425.361    -12.238    -48.774     50.481
     -8.169     87.306    255.726   -425.462    -12.238    -48.781     50.477
     -8.171     87.330    255.823   -425.563    -12.238    -48.789     50.473
     -8.173     87.355    255.921   -425.664    -12.239    -48.797     50.469
     -8.175     87.379    256.018   -425.765    -12.239    -48.805     50.465
     -8.177     87.404    256.116   -425.866    -12.239    -48.812     50.461
     -8.179     87.428    256.214   -425.967    -12.239    -48.820     50.457
     -8.181     87.452    256.311   -426.068    -12.239    -48.828     50.453
     -8.183     87.477    256.409   -426.169    -12.240    -48.836     50.449
     -8.185     87.501    256.507   -426.270    -12.240    -48.843     50.445
     -8.187     87.526    256.604   -426.371    -12.240    -48.851     50.441
     -8.189     87.550    256.702   -426.472    -12.240    -48.859     50.437
     -8.191     87.575    256.800   -426.572    -12.240    -48.867     50.433
     -8.193     87.599    256.897   -426.673    -12.241    -48.874     50.428
     -8.195     87.624    256.995   -426.774    -12.241    -48.882     50.424
     -8.197     87.648    257.093   -426.875    -12.241    -48.890     50.420
     -8.199     87.673    257.191   -426.976    -12.241    -48.898     50.416
     -8.201     87.697    257.289   -427.077    -12.241    -48.906     50.412
     -8.203     87.722    257.386   -427.178    -12.242    -48.913     50.408
     -8.205     87.746    257.484   -427.278    -12.242    -48.921     50.404
     -8.207     87.771    257.582   -427.379    -12.242    -48.929     50.400
     -8.209     87.795    257.680   -427.480    -12.242    -48.937     50.396
     -8.211     87.820    257.778   -427.581    -12.242    -48.944     50.391
     -8.213     87.844    257.876   -427.681    -12.243    -48.952     50.387
     -8.215     87.869    257.974   -427.782    -12.243    -48.960     50.383
     -8.217     87.893    258.072   -427.883    -12.243    -48.968     50.379
     -8.219     87.918    258.169   -427.984    -12.243    -48.976     50.375
     -8.221     87.942    258.267   -428.085    -12.243    -48.983     50.371
     -8.223     87.967    258.365   -428.185    -12.244    -48.991     50.367
     -8.225     87.991    258.463   -428.286    -12.244    -48.999     50.363
     -8.227     88.016    258.561   -428.387    -12.244    -49.007     50.358
     -8.229     88.040    258.659   -428.487    -12.244    -49.015     50.354
     -8.231     88.065    258.757   -428.588    -12.244    -49.023     50.350
     -8.233     88.089    258.856   -428.689    -12.245    -49.030     50.346
     -8.235     88.114    258.954   -428.789    -12.245    -49.038     50.342
     -8.237     88.138    259.052   -428.890    -12.245    -49.046     50.338
     -8.239     88.163    259.150   -428.991    -12.245    -49.054     50.333
     -8.241     88.187    259.248   -429.092    -12.245    -49.062     50.329
     -8.243     88.211    259.346   -429.192    -12.246    -49.070     50.325
     -8.245     88.236    259.444   -429.293    -12.246    -49.077     50.321
     -8.247     88.260    259.542   -429.393    -12.246    -49.085     50.317
     -8.249     88.285    259.641   -429.494    -12.246    -49.093     50.312
     -8.251     88.309    259.739   -429.595    -12.246    -49.101     50.308
     -8.253     88.334    259.837   -429.695    -12.247    -49.109     50.304
     -8.255     88.358    259.935   -429.796    -12.247    -49.117     50.300
     -8.257     88.383    260.033   -429.897    -12.247    -49.125     50.296
     -8.259     88.407    260.132   -429.997    -12.247    -49.132     50.291
     -8.261     88.432    260.230   -430.098    -12.247    -49.140     50.287
     -8.263     88.456    260.328   -430.198    -12.248    -49.148     50.283
     -8.265     88.481    260.426   -430.299    -12.248    -49.156     50.279
     -8.267     88.505    260.525   -430.399    -12.248    -49.164     50.275
     -8.269     88.530    260.623   -430.500    -12.248    -49.172     50.270
     -8.271     88.554    260.722   -430.600    -12.248    -49.180     50.266
     -8.273     88.579    260.820   -430.701    -12.249    -49.188     50.262
     -8.275     88.603    260.918   -430.801    -12.249    -49.196     50.258
     -8.277     88.628    261.017   -430.902    -12.249    -49.203     50.253
     -8.279     88.652    261.115   -431.003    -12.249    -49.211     50.249
     -8.281     88.677    261.213   -431.103    -12.249    -49.219     50.245
     -8.283     88.701    261.312   -431.203    -12.250    -49.227     50.241
     -8.285     88.726    261.410   -431.304    -12.250    -49.235     50.236
     -8.287     88.750    261.509   -431.404    -12.250    -49.243     50.232
     -8.289     88.775    261.607   -431.505    -12.250    -49.251     50.228
     -8.291     88.799    261.706   -431.605    -12.250    -49.259     50.224
     -8.293     88.824    261.804   -431.706    -12.250    -49.267     50.219
     -8.295     88.848    261.903   -431.806    -12.251    -49.275     50.215
     -8.297     88.873    262.002   -431.907    -12.251    -49.283     50.211
     -8.299     88.897    262.100   -432.007    -12.251    -49.291     50.206
     -8.301     88.922    262.199   -432.107    -12.251    -49.299     50.202
     -8.303     88.946    262.297   -432.208    -12.251    -49.307     50.198
     -8.305     88.971    262.396   -432.308    -12.252    -49.314     50.194
     -8.307     88.995    262.495   -432.409    -12.252    -49.322     50.189
     -8.309     89.020    262.593   -432.509    -12.252    -49.330     50.185
     -8.311     89.044    262.692   -432.609    -12.252    -49.338     50.181
     -8.313     89.069    262.791   -432.710    -12.252    -49.346     50.176
     -8.315     89.093    262.889   -432.810    -12.253    -49.354     50.172
     -8.317     89.118    262.988   -432.910    -12.253    -49.362     50.168
     -8.319     89.142    263.087   -433.011    -12.253    -49.370     50.163
     -8.321     89.167    263.185   -433.111    -12.253    -49.378     50.159
     -8.323     89.191    263.284   -433.211    -12.253    -49.386     50.155
     -8.325     89.216    263.383   -433.312    -12.254    -49.394     50.150
     -8.327     89.240    263.482   -433.412    -12.254    -49.402     50.146
     -8.329     89.265    263.581   -433.512    -12.254    -49.410     50.142
     -8.331     89.289    263.679   -433.613    -12.254    -49.418     50.137
     -8.333     89.314    263.778   -433.713    -12.254    -49.426     50.133
     -8.335     89.339    263.877   -433.813    -12.255    -49.434     50.129
     -8.337     89.363    263.976   -433.913    -12.255    -49.442     50.124
     -8.339     89.388    264.075   -434.014    -12.255    -49.450     50.120
     -8.341     89.412    264.174   -434.114    -12.255    -49.458     50.115
     -8.343     89.437    264.273   -434.214    -12.255    -49.466     50.111
     -8.345     89.461    264.372   -434.314    -12.255    -49.474     50.107
     -8.347     89.486    264.471   -434.414    -12.256    -49.482     50.102
     -8.349     89.510    264.570   -434.515    -12.256    -49.490     50.098
     -8.351     89.535    264.669   -434.615    -12.256    -49.498     50.094
     -8.353     89.559    264.768   -434.715    -12.256    -49.506     50.089
     -8.355     89.584    264.867   -434.815    -12.256    -49.514     50.085
     -8.357     89.608    264.966   -434.915    -12.257    -49.522     50.080
     -8.359     89.633    265.065   -435.016    -12.257    -49.531     50.076
     -8.361     89.657    265.164   -435.116    -12.257    -49.539     50.071
     -8.363     89.682    265.263   -435.216    -12.257    -49.547     50.067
     -8.365     89.706    265.362   -435.316    -12.257    -49.555     50.063
     -8.367     89.731    265.461   -435.416    -12.258    -49.563     50.058
     -8.369     89.755    265.560   -435.516    -12.258    -49.571     50.054
     -8.371     89.780    265.659   -435.616    -12.258    -49.579     50.049
     -8.373     89.804    265.759   -435.716    -12.258    -49.587     50.045
     -8.375     89.829    265.858   -435.816    -12.258    -49.595     50.040
     -8.377     89.853    265.957   -435.917    -12.258    -49.603     50.036
     -8.379     89.878    266.056   -436.017    -12.259    -49.611     50.032
     -8.381     89.902    266.155   -436.117    -12.259    -49.619     50.027
     -8.383     89.927    266.255   -436.217    -12.259    -49.627     50.023
     -8.385     89.951    266.354   -436.317    -12.259    -49.635     50.018
     -8.387     89.976    266.453   -436.417    -12.259    -49.644     50.014
     -8.389     90.000    266.552   -436.517    -12.260    -49.652     50.009
     -8.391     90.025    266.652   -436.617    -12.260    -49.660     50.005
     -8.393     90.049    266.751   -436.717    -12.260    -49.668     50.000
     -8.395     90.074    266.850   -436.817    -12.260    -49.676     49.996
     -8.397     90.098    266.950   -436.917    -12.260    -49.684     49.991
     -8.399     90.123    267.049   -437.017    -12.260    -49.692     49.987
     -8.401     90.148    267.149   -437.117    -12.261    -49.700     49.982
     -8.403     90.172    267.248   -437.217    -12.261    -49.709     49.978
     -8.405     90.197    267.347   -437.317    -12.261    -49.717     49.973
     -8.407     90.221    267.447   -437.417    -12.261    -49.725     49.969
     -8.409     90.246    267.546   -437.517    -12.261    -49.733     49.964
     -8.411     90.270    267.646   -437.616    -12.262    -49.741     49.960
     -8.413     90.295    267.745   -437.716    -12.262    -49.749     49.955
     -8.415     90.319    267.845   -437.816    -12.262    -49.757     49.951
     -8.417     90.344    267.944   -437.916    -12.262    -49.766     49.946
     -8.419     90.368    268.044   -438.016    -12.262    -49.774     49.942
     -8.421     90.393    268.143   -438.116    -12.262    -49.782     49.937
     -8.423     90.417    268.243   -438.216    -12.263    -49.790     49.933
     -8.425     90.442    268.343   -438.316    -12.263    -49.798     49.928
     -8.427     90.466    268.442   -438.416    -12.263    -49.806     49.923
     -8.429     90.491    268.542   -438.515    -12.263    -49.815     49.919
     -8.431     90.515    268.641   -438.615    -12.263    -49.823     49.914
     -8.433     90.540    268.741   -438.715    -12.264    -49.831     49.910
     -8.435     90.564    268.841   -438.815    -12.264    -49.839     49.905
     -8.437     90.589    268.940   -438.915    -12.264    -49.847     49.901
     -8.439     90.613    269.040   -439.014    -12.264    -49.856     49.896
     -8.441     90.638    269.140   -439.114    -12.264    -49.864     49.891
     -8.443     90.663    269.240   -439.214    -12.264    -49.872     49.887
     -8.445     90.687    269.339   -439.314    -12.265    -49.880     49.882
     -8.447     90.712    269.439   -439.414    -12.265    -49.888     49.878
     -8.449     90.736    269.539   -439.513    -12.265    -49.897     49.873
     -8.451     90.761    269.639   -439.613    -12.265    -49.905     49.868
     -8.453     90.785    269.738   -439.713    -12.265    -49.913     49.864
     -8.455     90.810    269.838   -439.813    -12.265    -49.921     49.859
     -8.457     90.834    269.938   -439.912    -12.266    -49.930     49.855
     -8.459     90.859    270.038   -440.012    -12.266    -49.938     49.850
     -8.461     90.883    270.138   -440.112    -12.266    -49.946     49.845
     -8.463     90.908    270.238   -440.211    -12.266    -49.954     49.841
     -8.465     90.932    270.338   -440.311    -12.266    -49.963     49.836
     -8.467     90.957    270.438   -440.411    -12.267    -49.971     49.831
     -8.469     90.981    270.538   -440.510    -12.267    -49.979     49.827
     -8.471     91.006    270.638   -440.610    -12.267    -49.987     49.822
     -8.473     91.031    270.738   -440.710    -12.267    -49.996     49.817
     -8.475     91.055    270.838   -440.809    -12.267    -50.004     49.813
     -8.477     91.080    270.938   -440.909    -12.267    -50.012     49.808
     -8.479     91.104    271.038   -441.008    -12.268    -50.020     49.803
     -8.481     91.129    271.138   -441.108    -12.268    -50.029     49.799
     -8.483     91.153    271.238   -441.208    -12.268    -50.037     49.794
     -8.485     91.178    271.338   -441.307    -12.268    -50.045     49.789
     -8.487     91.202    271.438   -441.407    -12.268    -50.054     49.785
     -8.489     91.227    271.538   -441.506    -12.268    -50.062     49.780
     -8.491     91.251    271.638   -441.606    -12.269    -50.070     49.775
     -8.493     91.276    271.738   -441.705    -12.269    -50.079     49.771
     -8.495     91.300    271.838   -441.805    -12.269    -50.087     49.766
     -8.497     91.325    271.939   -441.905    -12.269    -50.095     49.761
     -8.499     91.349    272.039   -442.004    -12.269    -50.103     49.756
     -8.501     91.374    272.139   -442.104    -12.269    -50.112     49.752
     -8.503     91.399    272.239   -442.203    -12.270    -50.120     49.747
     -8.505     91.423    272.340   -442.303    -12.270    -50.128     49.742
     -8.507     91.448    272.440   -442.402    -12.270    -50.137     49.737
     -8.509     91.472    272.540   -442.502    -12.270    -50.145     49.733
     -8.511     91.497    272.640   -442.601    -12.270    -50.153     49.728
     -8.513     91.521    272.741   -442.700    -12.270    -50.162     49.723
     -8.515     91.546    272.841   -442.800    -12.271    -50.170     49.718
     -8.517     91.570    272.941   -442.899    -12.271    -50.179     49.714
     -8.519     91.595    273.042   -442.999    -12.271    -50.187     49.709
     -8.521     91.619    273.142   -443.098    -12.271    -50.195     49.704
     -8.523     91.644    273.243   -443.198    -12.271    -50.204     49.699
     -8.525     91.669    273.343   -443.297    -12.271    -50.212     49.695
     -8.527     91.693    273.443   -443.396    -12.272    -50.220     49.690
     -8.529     91.718    273.544   -443.496    -12.272    -50.229     49.685
     -8.531     91.742    273.644   -443.595    -12.272    -50.237     49.680
     -8.533     91.767    273.745   -443.694    -12.272    -50.246     49.675
     -8.535     91.791    273.845   -443.794    -12.272    -50.254     49.671
     -8.537     91.816    273.946   -443.893    -12.272    -50.262     49.666
     -8.539     91.840    274.046   -443.992    -12.273    -50.271     49.661
     -8.541     91.865    274.147   -444.092    -12.273    -50.279     49.656
     -8.543     91.889    274.247   -444.191    -12.273    -50.288     49.651
     -8.545     91.914    274.348   -444.290    -12.273    -50.296     49.647
     -8.547     91.939    274.449   -444.390    -12.273    -50.304     49.642
     -8.549     91.963    274.549   -444.489    -12.273    -50.313     49.637
     -8.551     91.988    274.650   -444.588    -12.274    -50.321     49.632
     -8.553     92.012    274.751   -444.687    -12.274    -50.330     49.627
     -8.555     92.037    274.851   -444.787    -12.274    -50.338     49.622
     -8.557     92.061    274.952   -444.886    -12.274    -50.347     49.617
     -8.559     92.086    275.053   -444.985    -12.274    -50.355     49.613
     -8.561     92.110    275.153   -445.084    -12.274    -50.364     49.608
     -8.563     92.135    275.254   -445.184    -12.275    -50.372     49.603
     -8.565     92.159    275.355   -445.283    -12.275    -50.380     49.598
     -8.567     92.184    275.456   -445.382    -12.275    -50.389     49.593
     -8.569     92.209    275.556   -445.481    -12.275    -50.397     49.588
     -8.571     92.233    275.657   -445.580    -12.275    -50.406     49.583
     -8.573     92.258    275.758   -445.679    -12.275    -50.414     49.578
     -8.575     92.282    275.859   -445.779    -12.276    -50.423     49.574
     -8.577     92.307    275.960   -445.878    -12.276    -50.431     49.569
     -8.579     92.331    276.061   -445.977    -12.276    -50.440     49.564
     -8.581     92.356    276.161   -446.076    -12.276    -50.448     49.559
     -8.583     92.380    276.262   -446.175    -12.276    -50.457     49.554
     -8.585     92.405    276.363   -446.274    -12.276    -50.465     49.549
     -8.587     92.430    276.464   -446.373    -12.277    -50.474     49.544
     -8.589     92.454    276.565   -446.472    -12.277    -50.482     49.539
     -8.591     92.479    276.666   -446.572    -12.277    -50.491     49.534
     -8.593     92.503    276.767   -446.671    -12.277    -50.499     49.529
     -8.595     92.528    276.868   -446.770    -12.277    -50.508     49.524
     -8.597     92.552    276.969   -446.869    -12.277    -50.517     49.519
     -8.599     92.577    277.070   -446.968    -12.277    -50.525     49.514
     -8.601     92.601    277.171   -447.067    -12.278    -50.534     49.509
     -8.603     92.626    277.272   -447.166    -12.278    -50.542     49.504
     -8.605     92.650    277.373   -447.265    -12.278    -50.551     49.499
     -8.607     92.675    277.475   -447.364    -12.278    -50.559     49.494
     -8.609     92.700    277.576   -447.463    -12.278    -50.568     49.489
     -8.611     92.724    277.677   -447.562    -12.278    -50.576     49.484
     -8.613     92.749    277.778   -447.661    -12.279    -50.585     49.479
     -8.615     92.773    277.879   -447.760    -12.279    -50.594     49.474
     -8.617     92.798    277.980   -447.859    -12.279    -50.602     49.469
     -8.619     92.822    278.082   -447.957    -12.279    -50.611     49.464
     -8.621     92.847    278.183   -448.056    -12.279    -50.619     49.459
     -8.623     92.872    278.284   -448.155    -12.279    -50.628     49.454
     -8.625     92.896    278.385   -448.254    -12.280    -50.637     49.449
     -8.627     92.921    278.487   -448.353    -12.280    -50.645     49.444
     -8.629     92.945    278.588   -448.452    -12.280    -50.654     49.439
     -8.631     92.970    278.689   -448.551    -12.280    -50.662     49.434
     -8.633     92.994    278.791   -448.650    -12.280    -50.671     49.429
     -8.635     93.019    278.892   -448.749    -12.280    -50.680     49.424
     -8.637     93.043    278.993   -448.847    -12.280    -50.688     49.419
     -8.639     93.068    279.095   -448.946    -12.281    -50.697     49.414
     -8.641     93.093    279.196   -449.045    -12.281    -50.706     49.409
     -8.643     93.117    279.297   -449.144    -12.281    -50.714     49.404
     -8.645     93.142    279.399   -449.243    -12.281    -50.723     49.399
     -8.647     93.166    279.500   -449.341    -12.281    -50.731     49.394
     -8.649     93.191    279.602   -449.440    -12.281    -50.740     49.388
     -8.651     93.215    279.703   -449.539    -12.281    -50.749     49.383
     -8.653     93.240    279.805   -449.638    -12.282    -50.757     49.378
     -8.655     93.264    279.906   -449.737    -12.282    -50.766     49.373
     -8.657     93.289    280.008   -449.835    -12.282    -50.775     49.368
     -8.659     93.314    280.109   -449.934    -12.282    -50.783     49.363
     -8.661     93.338    280.211   -450.033    -12.282    -50.792     49.358
     -8.663     93.363    280.313   -450.131    -12.282    -50.801     49.353
     -8.665     93.387    280.414   -450.230    -12.283    -50.810     49.348
     -8.667     93.412    280.516   -450.329    -12.283    -50.818     49.342
     -8.669     93.436    280.617   -450.428    -12.283    -50.827     49.337
     -8.671     93.461    280.719   -450.526    -12.283    -50.836     49.332
     -8.673     93.486    280.821   -450.625    -12.283    -50.844     49.327
     -8.675     93.510    280.923   -450.724    -12.283    -50.853     49.322
     -8.677     93.535    281.024   -450.822    -12.283    -50.862     49.317
     -8.679     93.559    281.126   -450.921    -12.284    -50.871     49.311
     -8.681     93.584    281.228   -451.019    -12.284    -50.879     49.306
     -8.683     93.608    281.329   -451.118    -12.284    -50.888     49.301
     -8.685     93.633    281.431   -451.217    -12.284    -50.897     49.296
     -8.687     93.658    281.533   -451.315    -12.284    -50.906     49.291
     -8.689     93.682    281.635   -451.414    -12.284    -50.914     49.285
     -8.691     93.707    281.737   -451.512    -12.284    -50.923     49.280
     -8.693     93.731    281.839   -451.611    -12.285    -50.932     49.275
     -8.695     93.756    281.940   -451.709    -12.285    -50.941     49.270
     -8.697     93.780    282.042   -451.808    -12.285    -50.949     49.265
     -8.699     93.805    282.144   -451.906    -12.285    -50.958     49.259
     -8.701     93.830    282.246   -452.005    -12.285    -50.967     49.254
     -8.703     93.854    282.348   -452.104    -12.285    -50.976     49.249
     -8.705     93.879    282.450   -452.202    -12.285    -50.985     49.244
     -8.707     93.903    282.552   -452.300    -12.286    -50.993     49.238
     -8.709     93.928    282.654   -452.399    -12.286    -51.002     49.233
     -8.711     93.952    282.756   -452.497    -12.286    -51.011     49.228
     -8.713     93.977    282.858   -452.596    -12.286    -51.020     49.222
     -8.715     94.002    282.960   -452.694    -12.286    -51.029     49.217
     -8.717     94.026    283.062   -452.793    -12.286    -51.037     49.212
     -8.719     94.051    283.164   -452.891    -12.286    -51.046     49.207
     -8.721     94.075    283.266   -452.990    -12.287    -51.055     49.201
     -8.723     94.100    283.369   -453.088    -12.287    -51.064     49.196
     -8.725     94.124    283.471   -453.186    -12.287    -51.073     49.191
     -8.727     94.149    283.573   -453.285    -12.287    -51.082     49.185
     -8.729     94.174    283.675   -453.383    -12.287    -51.090     49.180
     -8.731     94.198    283.777   -453.481    -12.287    -51.099     49.175
     -8.733     94.223    283.879   -453.580    -12.287    -51.108     49.169
     -8.735     94.247    283.982   -453.678    -12.288    -51.117     49.164
     -8.737     94.272    284.084   -453.776    -12.288    -51.126     49.159
     -8.739     94.296    284.186   -453.875    -12.288    -51.135     49.153
     -8.741     94.321    284.288   -453.973    -12.288    -51.144     49.148
     -8.743     94.346    284.391   -454.071    -12.288    -51.153     49.143
     -8.745     94.370    284.493   -454.170    -12.288    -51.161     49.137
     -8.747     94.395    284.595   -454.268    -12.288    -51.170     49.132
     -8.749     94.419    284.698   -454.366    -12.288    -51.179     49.127
     -8.751     94.444    284.800   -454.464    -12.289    -51.188     49.121
     -8.753     94.468    284.902   -454.563    -12.289    -51.197     49.116
     -8.755     94.493    285.005   -454.661    -12.289    -51.206     49.110
     -8.757     94.518    285.107   -454.759    -12.289    -51.215     49.105
     -8.759     94.542    285.210   -454.857    -12.289    -51.224     49.100
     -8.761     94.567    285.312   -454.955    -12.289    -51.233     49.094
     -8.763     94.591    285.415   -455.054    -12.289    -51.242     49.089
     -8.765     94.616    285.517   -455.152    -12.290    -51.251     49.083
     -8.767     94.640    285.620   -455.250    -12.290    -51.260     49.078
     -8.769     94.665    285.722   -455.348    -12.290    -51.269     49.072
     -8.771     94.690    285.825   -455.446    -12.290    -51.278     49.067
     -8.773     94.714    285.927   -455.544    -12.290    -51.287     49.062
     -8.775     94.739    286.030   -455.643    -12.290    -51.296     49.056
     -8.777     94.763    286.132   -455.741    -12.290    -51.305     49.051
     -8.779     94.788    286.235   -455.839    -12.290    -51.314     49.045
     -8.781     94.813    286.338   -455.937    -12.291    -51.323     49.040
     -8.783     94.837    286.440   -456.035    -12.291    -51.332     49.034
     -8.785     94.862    286.543   -456.133    -12.291    -51.341     49.029
     -8.787     94.886    286.646   -456.231    -12.291    -51.350     49.023
     -8.789     94.911    286.748   -456.329    -12.291    -51.359     49.018
     -8.791     94.935    286.851   -456.427    -12.291    -51.368     49.012
     -8.793     94.960    286.954   -456.525    -12.291    -51.377     49.007
     -8.795     94.985    287.057   -456.623    -12.291    -51.386     49.001
     -8.797     95.009    287.159   -456.721    -12.292    -51.395     48.996
     -8.799     95.034    287.262   -456.819    -12.292    -51.404     48.990
     -8.801     95.058    287.365   -456.917    -12.292    -51.413     48.985
     -8.803     95.083    287.468   -457.015    -12.292    -51.422     48.979
     -8.805     95.108    287.571   -457.113    -12.292    -51.431     48.973
     -8.807     95.132    287.674   -457.211    -12.292    -51.440     48.968
     -8.809     95.157    287.777   -457.309    -12.292    -51.449     48.962
     -8.811     95.181    287.879   -457.407    -12.292    -51.458     48.957
     -8.813     95.206    287.982   -457.505    -12.293    -51.467     48.951
     -8.815     95.230    288.085   -457.603    -12.293    -51.476     48.946
     -8.817     95.255    288.188   -457.700    -12.293    -51.485     48.940
     -8.819     95.280    288.291   -457.798    -12.293    -51.494     48.934
     -8.821     95.304    288.394   -457.896    -12.293    -51.504     48.929
     -8.823     95.329    288.497   -457.994    -12.293    -51.513     48.923
     -8.825     95.353    288.600   -458.092    -12.293    -51.522     48.918
     -8.827     95.378    288.703   -458.190    -12.293    -51.531     48.912
     -8.829     95.403    288.806   -458.288    -12.294    -51.540     48.906
     -8.831     95.427    288.909   -458.385    -12.294    -51.549     48.901
     -8.833     95.452    289.013   -458.483    -12.294    -51.558     48.895
     -8.835     95.476    289.116   -458.581    -12.294    -51.567     48.889
     -8.837     95.501    289.219   -458.679    -12.294    -51.577     48.884
     -8.839     95.526    289.322   -458.776    -12.294    -51.586     48.878
     -8.841     95.550    289.425   -458.874    -12.294    -51.595     48.873
     -8.843     95.575    289.528   -458.972    -12.294    -51.604     48.867
     -8.845     95.599    289.632   -459.070    -12.295    -51.613     48.861
     -8.847     95.624    289.735   -459.167    -12.295    -51.622     48.855
     -8.849     95.648    289.838   -459.265    -12.295    -51.632     48.850
     -8.851     95.673    289.941   -459.363    -12.295    -51.641     48.844
     -8.853     95.698    290.045   -459.460    -12.295    -51.650     48.838
     -8.855     95.722    290.148   -459.558    -12.295    -51.659     48.833
     -8.857     95.747    290.251   -459.656    -12.295    -51.668     48.827
     -8.859     95.771    290.355   -459.753    -12.295    -51.678     48.821
     -8.861     95.796    290.458   -459.851    -12.295    -51.687     48.815
     -8.863     95.821    290.561   -459.949    -12.296    -51.696     48.810
     -8.865     95.845    290.665   -460.046    -12.296    -51.705     48.804
     -8.867     95.870    290.768   -460.144    -12.296    -51.715     48.798
     -8.869     95.894    290.872   -460.242    -12.296    -51.724     48.793
     -8.871     95.919    290.975   -460.339    -12.296    -51.733     48.787
     -8.873     95.944    291.079   -460.437    -12.296    -51.742     48.781
     -8.875     95.968    291.182   -460.534    -12.296    -51.752     48.775
     -8.877     95.993    291.286   -460.632    -12.296    -51.761     48.769
     -8.879     96.017    291.389   -460.729    -12.296    -51.770     48.764
     -8.881     96.042    291.493   -460.827    -12.297    -51.779     48.758
     -8.883     96.067    291.596   -460.924    -12.297    -51.789     48.752
     -8.885     96.091    291.700   -461.022    -12.297    -51.798     48.746
     -8.887     96.116    291.803   -461.119    -12.297    -51.807     48.740
     -8.889     96.140    291.907   -461.217    -12.297    -51.817     48.735
     -8.891     96.165    292.011   -461.314    -12.297    -51.826     48.729
     -8.893     96.189    292.114   -461.412    -12.297    -51.835     48.723
     -8.895     96.214    292.218   -461.509    -12.297    -51.845     48.717
     -8.897     96.239    292.322   -461.607    -12.297    -51.854     48.711
     -8.899     96.263    292.425   -461.704    -12.298    -51.863     48.705
     -8.901     96.288    292.529   -461.801    -12.298    -51.873     48.699
     -8.903     96.312    292.633   -461.899    -12.298    -51.882     48.694
     -8.905     96.337    292.737   -461.996    -12.298    -51.891     48.688
     -8.907     96.362    292.841   -462.094    -12.298    -51.901     48.682
     -8.909     96.386    292.944   -462.191    -12.298    -51.910     48.676
     -8.911     96.411    293.048   -462.288    -12.298    -51.919     48.670
     -8.913     96.435    293.152   -462.386    -12.298    -51.929     48.664
     -8.915     96.460    293.256   -462.483    -12.298    -51.938     48.658
     -8.917     96.485    293.360   -462.580    -12.298    -51.947     48.652
     -8.919     96.509    293.464   -462.678    -12.299    -51.957     48.646
     -8.921     96.534    293.568   -462.775    -12.299    -51.966     48.640
     -8.923     96.558    293.672   -462.872    -12.299    -51.976     48.634
     -8.925     96.583    293.775   -462.969    -12.299    -51.985     48.629
     -8.927     96.608    293.879   -463.067    -12.299    -51.995     48.623
     -8.929     96.632    293.983   -463.164    -12.299    -52.004     48.617
     -8.931     96.657    294.087   -463.261    -12.299    -52.013     48.611
     -8.933     96.681    294.192   -463.358    -12.299    -52.023     48.605
     -8.935     96.706    294.296   -463.455    -12.299    -52.032     48.599
     -8.937     96.731    294.400   -463.553    -12.300    -52.042     48.593
     -8.939     96.755    294.504   -463.650    -12.300    -52.051     48.587
     -8.941     96.780    294.608   -463.747    -12.300    -52.061     48.581
     -8.943     96.804    294.712   -463.844    -12.300    -52.070     48.575
     -8.945     96.829    294.816   -463.941    -12.300    -52.080     48.569
     -8.947     96.854    294.920   -464.038    -12.300    -52.089     48.563
     -8.949     96.878    295.024   -464.136    -12.300    -52.099     48.557
     -8.951     96.903    295.129   -464.233    -12.300    -52.108     48.550
     -8.953     96.927    295.233   -464.330    -12.300    -52.118     48.544
     -8.955     96.952    295.337   -464.427    -12.300    -52.127     48.538
     -8.957     96.977    295.441   -464.524    -12.300    -52.137     48.532
     -8.959     97.001    295.546   -464.621    -12.301    -52.146     48.526
     -8.961     97.026    295.650   -464.718    -12.301    -52.156     48.520
     -8.963     97.050    295.754   -464.815    -12.301    -52.165     48.514
     -8.965     97.075    295.859   -464.912    -12.301    -52.175     48.508
     -8.967     97.100    295.963   -465.009    -12.301    -52.184     48.502
     -8.969     97.124    296.067   -465.106    -12.301    -52.194     48.496
     -8.971     97.149    296.172   -465.203    -12.301    -52.203     48.490
     -8.973     97.173    296.276   -465.300    -12.301    -52.213     48.484
     -8.975     97.198    296.381   -465.397    -12.301    -52.223     48.477
     -8.977     97.223    296.485   -465.494    -12.301    -52.232     48.471
     -8.979     97.247    296.590   -465.591    -12.301    -52.242     48.465
     -8.981     97.272    296.694   -465.688    -12.302    -52.251     48.459
     -8.983     97.296    296.799   -465.785    -12.302    -52.261     48.453
     -8.985     97.321    296.903   -465.882    -12.302    -52.270     48.447
     -8.987     97.346    297.008   -465.979    -12.302    -52.280     48.440
     -8.989     97.370    297.112   -466.075    -12.302    -52.290     48.434
     -8.991     97.395    297.217   -466.172    -12.302    -52.299     48.428
     -8.993     97.419    297.321   -466.269    -12.302    -52.309     48.422
     -8.995     97.444    297.426   -466.366    -12.302    -52.319     48.416
     -8.997     97.469    297.531   -466.463    -12.302    -52.328     48.409
     -8.999     97.493    297.635   -466.560    -12.302    -52.338     48.403
     -9.001     97.518    297.740   -466.656    -12.302    -52.348     48.397
     -9.003     97.542    297.845   -466.753    -12.302    -52.357     48.391
     -9.005     97.567    297.950   -466.850    -12.303    -52.367     48.384
     -9.007     97.592    298.054   -466.947    -12.303    -52.377     48.378
     -9.009     97.616    298.159   -467.043    -12.303    -52.386     48.372
     -9.011     97.641    298.264   -467.140    -12.303    -52.396     48.366
     -9.013     97.666    298.369   -467.237    -12.303    -52.406     48.359
     -9.015     97.690    298.473   -467.334    -12.303    -52.415     48.353
     -9.017     97.715    298.578   -467.430    -12.303    -52.425     48.347
     -9.019     97.739    298.683   -467.527    -12.303    -52.435     48.340
     -9.021     97.764    298.788   -467.624    -12.303    -52.445     48.334
     -9.023     97.789    298.893   -467.720    -12.303    -52.454     48.328
     -9.025     97.813    298.998   -467.817    -12.303    -52.464     48.322
     -9.027     97.838    299.103   -467.914    -12.303    -52.474     48.315
     -9.029     97.862    299.208   -468.010    -12.304    -52.484     48.309
     -9.031     97.887    299.313   -468.107    -12.304    -52.493     48.303
     -9.033     97.912    299.418   -468.203    -12.304    -52.503     48.296
     -9.035     97.936    299.523   -468.300    -12.304    -52.513     48.290
     -9.037     97.961    299.628   -468.397    -12.304    -52.523     48.283
     -9.039     97.985    299.733   -468.493    -12.304    -52.533     48.277
     -9.041     98.010    299.838   -468.590    -12.304    -52.542     48.271
     -9.043     98.035    299.943   -468.686    -12.304    -52.552     48.264
     -9.045     98.059    300.048   -468.783    -12.304    -52.562     48.258
     -9.047     98.084    300.153   -468.879    -12.304    -52.572     48.251
     -9.049     98.108    300.258   -468.976    -12.304    -52.582     48.245
     -9.051     98.133    300.364   -469.072    -12.304    -52.591     48.239
     -9.053     98.158    300.469   -469.169    -12.304    -52.601     48.232
     -9.055     98.182    300.574   -469.265    -12.304    -52.611     48.226
     -9.057     98.207    300.679   -469.362    -12.305    -52.621     48.219
     -9.059     98.231    300.784   -469.458    -12.305    -52.631     48.213
     -9.061     98.256    300.890   -469.555    -12.305    -52.641     48.206
     -9.063     98.281    300.995   -469.651    -12.305    -52.651     48.200
     -9.065     98.305    301.100   -469.747    -12.305    -52.660     48.193
     -9.067     98.330    301.206   -469.844    -12.305    -52.670     48.187
     -9.069     98.355    301.311   -469.940    -12.305    -52.680     48.180
     -9.071     98.379    301.416   -470.036    -12.305    -52.690     48.174
     -9.073     98.404    301.522   -470.133    -12.305    -52.700     48.167
     -9.075     98.428    301.627   -470.229    -12.305    -52.710     48.161
     -9.077     98.453    301.733   -470.325    -12.305    -52.720     48.154
     -9.079     98.478    301.838   -470.422    -12.305    -52.730     48.148
     -9.081     98.502    301.943   -470.518    -12.305    -52.740     48.141
     -9.083     98.527    302.049   -470.614    -12.305    -52.750     48.135
     -9.085     98.551    302.154   -470.711    -12.305    -52.760     48.128
     -9.087     98.576    302.260   -470.807    -12.305    -52.770     48.121
     -9.089     98.601    302.366   -470.903    -12.306    -52.780     48.115
     -9.091     98.625    302.471   -470.999    -12.306    -52.790     48.108
     -9.093     98.650    302.577   -471.095    -12.306    -52.800     48.102
     -9.095     98.674    302.682   -471.192    -12.306    -52.810     48.095
     -9.097     98.699    302.788   -471.288    -12.306    -52.820     48.088
     -9.099     98.724    302.894   -471.384    -12.306    -52.830     48.082
     -9.101     98.748    302.999   -471.480    -12.306    -52.840     48.075
     -9.103     98.773    303.105   -471.576    -12.306    -52.850     48.068
     -9.105     98.798    303.211   -471.672    -12.306    -52.860     48.062
     -9.107     98.822    303.316   -471.769    -12.306    -52.870     48.055
     -9.109     98.847    303.422   -471.865    -12.306    -52.880     48.048
     -9.111     98.871    303.528   -471.961    -12.306    -52.890     48.042
     -9.113     98.896    303.634   -472.057    -12.306    -52.900     48.035
     -9.115     98.921    303.740   -472.153    -12.306    -52.910     48.028
     -9.117     98.945    303.845   -472.249    -12.306    -52.920     48.022
     -9.119     98.970    303.951   -472.345    -12.306    -52.930     48.015
     -9.121     98.994    304.057   -472.441    -12.306    -52.940     48.008
     -9.123     99.019    304.163   -472.537    -12.306    -52.951     48.001
     -9.125     99.044    304.269   -472.633    -12.306    -52.961     47.995
     -9.127     99.068    304.375   -472.729    -12.307    -52.971     47.988
     -9.129     99.093    304.481   -472.825    -12.307    -52.981     47.981
     -9.131     99.117    304.587   -472.921    -12.307    -52.991     47.974
     -9.133     99.142    304.693   -473.017    -12.307    -53.001     47.968
     -9.135     99.167    304.799   -473.113    -12.307    -53.011     47.961
     -9.137     99.191    304.905   -473.209    -12.307    -53.022     47.954
     -9.139     99.216    305.011   -473.305    -12.307    -53.032     47.947
     -9.141     99.241    305.117   -473.400    -12.307    -53.042     47.940
     -9.143     99.265    305.223   -473.496    -12.307    -53.052     47.933
     -9.145     99.290    305.329   -473.592    -12.307    -53.062     47.927
     -9.147     99.314    305.435   -473.688    -12.307    -53.072     47.920
     -9.149     99.339    305.541   -473.784    -12.307    -53.083     47.913
     -9.151     99.364    305.648   -473.880    -12.307    -53.093     47.906
     -9.153     99.388    305.754   -473.975    -12.307    -53.103     47.899
     -9.155     99.413    305.860   -474.071    -12.307    -53.113     47.892
     -9.157     99.437    305.966   -474.167    -12.307    -53.124     47.885
     -9.159     99.462    306.072   -474.263    -12.307    -53.134     47.879
     -9.161     99.487    306.179   -474.359    -12.307    -53.144     47.872
     -9.163     99.511    306.285   -474.454    -12.307    -53.154     47.865
     -9.165     99.536    306.391   -474.550    -12.307    -53.165     47.858
     -9.167     99.561    306.498   -474.646    -12.307    -53.175     47.851
     -9.169     99.585    306.604   -474.741    -12.307    -53.185     47.844
     -9.171     99.610    306.710   -474.837    -12.307    -53.196     47.837
     -9.173     99.634    306.817   -474.933    -12.307    -53.206     47.830
     -9.175     99.659    306.923   -475.028    -12.307    -53.216     47.823
     -9.177     99.684    307.030   -475.124    -12.307    -53.227     47.816
     -9.179     99.708    307.136   -475.220    -12.307    -53.237     47.809
     -9.181     99.733    307.243   -475.315    -12.307    -53.247     47.802
     -9.183     99.757    307.349   -475.411    -12.308    -53.258     47.795
     -9.185     99.782    307.456   -475.506    -12.308    -53.268     47.788
     -9.187     99.807    307.562   -475.602    -12.308    -53.278     47.781
     -9.189     99.831    307.669   -475.698    -12.308    -53.289     47.774
     -9.191     99.856    307.775   -475.793    -12.308    -53.299     47.767
     -9.193     99.881    307.882   -475.889    -12.308    -53.309     47.760
     -9.195     99.905    307.989   -475.984    -12.308    -53.320     47.753
     -9.197     99.930    308.095   -476.080    -12.308    -53.330     47.746
     -9.199     99.954    308.202   -476.175    -12.308    -53.341     47.738
     -9.201     99.979    308.309   -476.271    -12.308    -53.351     47.731
     -9.203    100.004    308.415   -476.366    -12.308    -53.362     47.724
     -9.205    100.028    308.522   -476.462    -12.308    -53.372     47.717
     -9.207    100.053    308.629   -476.557    -12.308    -53.382     47.710
     -9.209    100.077    308.736   -476.652    -12.308    -53.393     47.703
     -9.211    100.102    308.842   -476.748    -12.308    -53.403     47.696
     -9.213    100.127    308.949   -476.843    -12.308    -53.414     47.689
     -9.215    100.151    309.056   -476.939    -12.308    -53.424     47.681
     -9.217    100.176    309.163   -477.034    -12.308    -53.435     47.674
     -9.219    100.201    309.270   -477.129    -12.308    -53.445     47.667
     -9.221    100.225    309.377   -477.225    -12.308    -53.456     47.660
     -9.223    100.250    309.484   -477.320    -12.308    -53.466     47.653
     -9.225    100.274    309.591   -477.415    -12.308    -53.477     47.645
     -9.227    100.299    309.698   -477.510    -12.308    -53.487     47.638
     -9.229    100.324    309.805   -477.606    -12.308    -53.498     47.631
     -9.231    100.348    309.912   -477.701    -12.308    -53.509     47.624
     -9.233    100.373    310.019   -477.796    -12.308    -53.519     47.616
     -9.235    100.397    310.126   -477.891    -12.308    -53.530     47.609
     -9.237    100.422    310.233   -477.987    -12.308    -53.540     47.602
     -9.239    100.447    310.340   -478.082    -12.308    -53.551     47.594
     -9.241    100.471    310.447   -478.177    -12.308    -53.561     47.587
     -9.243    100.496    310.554   -478.272    -12.308    -53.572     47.580
     -9.245    100.521    310.661   -478.367    -12.308    -53.583     47.573
     -9.247    100.545    310.768   -478.462    -12.308    -53.593     47.565
     -9.249    100.570    310.876   -478.558    -12.308    -53.604     47.558
     -9.251    100.594    310.983   -478.653    -12.308    -53.615     47.550
     -9.253    100.619    311.090   -478.748    -12.308    -53.625     47.543
     -9.255    100.644    311.197   -478.843    -12.308    -53.636     47.536
     -9.257    100.668    311.305   -478.938    -12.308    -53.647     47.528
     -9.259    100.693    311.412   -479.033    -12.308    -53.657     47.521
     -9.261    100.717    311.519   -479.128    -12.308    -53.668     47.514
     -9.263    100.742    311.627   -479.223    -12.308    -53.679     47.506
     -9.265    100.767    311.734   -479.318    -12.308    -53.689     47.499
     -9.267    100.791    311.841   -479.413    -12.308    -53.700     47.491
     -9.269    100.816    311.949   -479.508    -12.308    -53.711     47.484
     -9.271    100.841    312.056   -479.603    -12.308    -53.722     47.476
     -9.273    100.865    312.164   -479.698    -12.308    -53.732     47.469
     -9.275    100.890    312.271   -479.793    -12.308    -53.743     47.461
     -9.277    100.914    312.379   -479.888    -12.307    -53.754     47.454
     -9.279    100.939    312.486   -479.983    -12.307    -53.765     47.446
     -9.281    100.964    312.594   -480.078    -12.307    -53.775     47.439
     -9.283    100.988    312.701   -480.172    -12.307    -53.786     47.431
     -9.285    101.013    312.809   -480.267    -12.307    -53.797     47.424
     -9.287    101.037    312.916   -480.362    -12.307    -53.808     47.416
     -9.289    101.062    313.024   -480.457    -12.307    -53.819     47.409
     -9.291    101.087    313.132   -480.552    -12.307    -53.830     47.401
     -9.293    101.111    313.239   -480.647    -12.307    -53.840     47.394
     -9.295    101.136    313.347   -480.741    -12.307    -53.851     47.386
     -9.297    101.161    313.455   -480.836    -12.307    -53.862     47.378
     -9.299    101.185    313.562   -480.931    -12.307    -53.873     47.371
     -9.301    101.210    313.670   -481.026    -12.307    -53.884     47.363
     -9.303    101.234    313.778   -481.120    -12.307    -53.895     47.355
     -9.305    101.259    313.886   -481.215    -12.307    -53.906     47.348
     -9.307    101.284    313.994   -481.310    -12.307    -53.916     47.340
     -9.309    101.308    314.101   -481.404    -12.307    -53.927     47.333
     -9.311    101.333    314.209   -481.499    -12.307    -53.938     47.325
     -9.313    101.357    314.317   -481.594    -12.307    -53.949     47.317
     -9.315    101.382    314.425   -481.688    -12.307    -53.960     47.309
     -9.317    101.407    314.533   -481.783    -12.307    -53.971     47.302
     -9.319    101.431    314.641   -481.878    -12.307    -53.982     47.294
     -9.321    101.456    314.749   -481.972    -12.307    -53.993     47.286
     -9.323    101.481    314.857   -482.067    -12.307    -54.004     47.279
     -9.325    101.505    314.965   -482.161    -12.306    -54.015     47.271
     -9.327    101.530    315.073   -482.256    -12.306    -54.026     47.263
     -9.329    101.554    315.181   -482.350    -12.306    -54.037     47.255
     -9.331    101.579    315.289   -482.445    -12.306    -54.048     47.247
     -9.333    101.604    315.397   -482.539    -12.306    -54.059     47.240
     -9.335    101.628    315.505   -482.634    -12.306    -54.070     47.232
     -9.337    101.653    315.614   -482.728    -12.306    -54.081     47.224
     -9.339    101.677    315.722   -482.823    -12.306    -54.092     47.216
     -9.341    101.702    315.830   -482.917    -12.306    -54.103     47.208
     -9.343    101.727    315.938   -483.011    -12.306    -54.114     47.200
     -9.345    101.751    316.046   -483.106    -12.306    -54.125     47.193
     -9.347    101.776    316.155   -483.200    -12.306    -54.137     47.185
     -9.349    101.800    316.263   -483.295    -12.306    -54.148     47.177
     -9.351    101.825    316.371   -483.389    -12.306    -54.159     47.169
     -9.353    101.850    316.480   -483.483    -12.305    -54.170     47.161
     -9.355    101.874    316.588   -483.578    -12.305    -54.181     47.153
     -9.357    101.899    316.696   -483.672    -12.305    -54.192     47.145
     -9.359    101.924    316.805   -483.766    -12.305    -54.203     47.137
     -9.361    101.948    316.913   -483.860    -12.305    -54.215     47.129
     -9.363    101.973    317.022   -483.955    -12.305    -54.226     47.121
     -9.365    101.997    317.130   -484.049    -12.305    -54.237     47.113
     -9.367    102.022    317.239   -484.143    -12.305    -54.248     47.105
     -9.369    102.047    317.347   -484.237    -12.305    -54.259     47.097
     -9.371    102.071    317.456   -484.332    -12.305    -54.270     47.089
     -9.373    102.096    317.564   -484.426    -12.305    -54.282     47.081
     -9.375    102.120    317.673   -484.520    -12.304    -54.293     47.073
     -9.377    102.145    317.781   -484.614    -12.304    -54.304     47.065
     -9.379    102.170    317.890   -484.708    -12.304    -54.315     47.057
     -9.381    102.194    317.999   -484.802    -12.304    -54.327     47.049
     -9.383    102.219    318.107   -484.896    -12.304    -54.338     47.041
     -9.385    102.243    318.216   -484.990    -12.304    -54.349     47.033
     -9.387    102.268    318.325   -485.084    -12.304    -54.360     47.024
     -9.389    102.293    318.433   -485.178    -12.304    -54.372     47.016
     -9.391    102.317    318.542   -485.272    -12.304    -54.383     47.008
     -9.393    102.342    318.651   -485.366    -12.304    -54.394     47.000
     -9.395    102.366    318.760   -485.460    -12.303    -54.406     46.992
     -9.397    102.391    318.868   -485.554    -12.303    -54.417     46.984
     -9.399    102.416    318.977   -485.648    -12.303    -54.428     46.975
     -9.401    102.440    319.086   -485.742    -12.303    -54.440     46.967
     -9.403    102.465    319.195   -485.836    -12.303    -54.451     46.959
     -9.405    102.490    319.304   -485.930    -12.303    -54.463     46.951
     -9.407    102.514    319.413   -486.024    -12.303    -54.474     46.943
     -9.409    102.539    319.522   -486.118    -12.303    -54.485     46.934
     -9.411    102.563    319.631   -486.212    -12.302    -54.497     46.926
     -9.413    102.588    319.740   -486.306    -12.302    -54.508     46.918
     -9.415    102.613    319.849   -486.399    -12.302    -54.520     46.909
     -9.417    102.637    319.958   -486.493    -12.302    -54.531     46.901
     -9.419    102.662    320.067   -486.587    -12.302    -54.542     46.893
     -9.421    102.686    320.176   -486.681    -12.302    -54.554     46.884
     -9.423    102.711    320.285   -486.775    -12.302    -54.565     46.876
     -9.425    102.736    320.394   -486.868    -12.302    -54.577     46.868
     -9.427    102.760    320.504   -486.962    -12.301    -54.588     46.859
     -9.429    102.785    320.613   -487.056    -12.301    -54.600     46.851
     -9.431    102.809    320.722   -487.150    -12.301    -54.611     46.843
     -9.433    102.834    320.831   -487.243    -12.301    -54.623     46.834
     -9.435    102.859    320.940   -487.337    -12.301    -54.634     46.826
     -9.437    102.883    321.050   -487.430    -12.301    -54.646     46.817
     -9.439    102.908    321.159   -487.524    -12.300    -54.658     46.809
     -9.441    102.932    321.268   -487.618    -12.300    -54.669     46.800
     -9.443    102.957    321.378   -487.711    -12.300    -54.681     46.792
     -9.445    102.982    321.487   -487.805    -12.300    -54.692     46.783
     -9.447    103.006    321.596   -487.898    -12.300    -54.704     46.775
     -9.449    103.031    321.706   -487.992    -12.300    -54.715     46.766
     -9.451    103.055    321.815   -488.086    -12.300    -54.727     46.758
     -9.453    103.080    321.925   -488.179    -12.299    -54.739     46.749
     -9.455    103.105    322.034   -488.273    -12.299    -54.750     46.741
     -9.457    103.129    322.144   -488.366    -12.299    -54.762     46.732
     -9.459    103.154    322.253   -488.459    -12.299    -54.774     46.723
     -9.461    103.178    322.363   -488.553    -12.299    -54.785     46.715
     -9.463    103.203    322.472   -488.646    -12.299    -54.797     46.706
     -9.465    103.228    322.582   -488.740    -12.298    -54.809     46.698
     -9.467    103.252    322.692   -488.833    -12.298    -54.820     46.689
     -9.469    103.277    322.801   -488.926    -12.298    -54.832     46.680
     -9.471    103.301    322.911   -489.020    -12.298    -54.844     46.672
     -9.473    103.326    323.021   -489.113    -12.298    -54.856     46.663
     -9.475    103.351    323.130   -489.206    -12.297    -54.867     46.654
     -9.477    103.375    323.240   -489.300    -12.297    -54.879     46.646
     -9.479    103.400    323.350   -489.393    -12.297    -54.891     46.637
     -9.481    103.424    323.460   -489.486    -12.297    -54.903     46.628
     -9.483    103.449    323.570   -489.580    -12.297    -54.914     46.619
     -9.485    103.474    323.679   -489.673    -12.297    -54.926     46.611
     -9.487    103.498    323.789   -489.766    -12.296    -54.938     46.602
     -9.489    103.523    323.899   -489.859    -12.296    -54.950     46.593
     -9.491    103.547    324.009   -489.952    -12.296    -54.962     46.584
     -9.493    103.572    324.119   -490.046    -12.296    -54.973     46.575
     -9.495    103.596    324.229   -490.139    -12.296    -54.985     46.566
     -9.497    103.621    324.339   -490.232    -12.295    -54.997     46.558
     -9.499    103.646    324.449   -490.325    -12.295    -55.009     46.549
     -9.501    103.670    324.559   -490.418    -12.295    -55.021     46.540
     -9.503    103.695    324.669   -490.511    -12.295    -55.033     46.531
     -9.505    103.719    324.779   -490.604    -12.295    -55.045     46.522
     -9.507    103.744    324.889   -490.697    -12.294    -55.057     46.513
     -9.509    103.769    324.999   -490.790    -12.294    -55.069     46.504
     -9.511    103.793    325.110   -490.883    -12.294    -55.081     46.495
     -9.513    103.818    325.220   -490.976    -12.294    -55.092     46.486
     -9.515    103.842    325.330   -491.069    -12.293    -55.104     46.477
     -9.517    103.867    325.440   -491.162    -12.293    -55.116     46.468
     -9.519    103.892    325.550   -491.255    -12.293    -55.128     46.459
     -9.521    103.916    325.661   -491.348    -12.293    -55.140     46.450
     -9.523    103.941    325.771   -491.441    -12.293    -55.152     46.441
     -9.525    103.965    325.881   -491.534    -12.292    -55.164     46.432
     -9.527    103.990    325.992   -491.627    -12.292    -55.176     46.423
     -9.529    104.014    326.102   -491.719    -12.292    -55.189     46.414
     -9.531    104.039    326.212   -491.812    -12.292    -55.201     46.405
     -9.533    104.064    326.323   -491.905    -12.291    -55.213     46.396
     -9.535    104.088    326.433   -491.998    -12.291    -55.225     46.387
     -9.537    104.113    326.544   -492.091    -12.291    -55.237     46.378
     -9.539    104.137    326.654   -492.183    -12.291    -55.249     46.368
     -9.541    104.162    326.765   -492.276    -12.290    -55.261     46.359
     -9.543    104.187    326.875   -492.369    -12.290    -55.273     46.350
     -9.545    104.211    326.986   -492.461    -12.290    -55.285     46.341
     -9.547    104.236    327.096   -492.554    -12.290    -55.297     46.332
     -9.549    104.260    327.207   -492.647    -12.289    -55.310     46.322
     -9.551    104.285    327.318   -492.739    -12.289    -55.322     46.313
     -9.553    104.309    327.428   -492.832    -12.289    -55.334     46.304
     -9.555    104.334    327.539   -492.925    -12.289    -55.346     46.295
     -9.557    104.359    327.650   -493.017    -12.288    -55.358     46.285
     -9.559    104.383    327.760   -493.110    -12.288    -55.370     46.276
     -9.561    104.408    327.871   -493.202    -12.288    -55.383     46.267
     -9.563    104.432    327.982   -493.295    -12.288    -55.395     46.257
     -9.565    104.457    328.093   -493.387    -12.287    -55.407     46.248
     -9.567    104.481    328.203   -493.480    -12.287    -55.419     46.238
     -9.569    104.506    328.314   -493.572    -12.287    -55.432     46.229
     -9.571    104.531    328.425   -493.665    -12.286    -55.444     46.220
     -9.573    104.555    328.536   -493.757    -12.286    -55.456     46.210
     -9.575    104.580    328.647   -493.850    -12.286    -55.469     46.201
     -9.577    104.604    328.758   -493.942    -12.286    -55.481     46.191
     -9.579    104.629    328.869   -494.034    -12.285    -55.493     46.182
     -9.581    104.653    328.980   -494.127    -12.285    -55.506     46.172
     -9.583    104.678    329.091   -494.219    -12.285    -55.518     46.163
     -9.585    104.703    329.202   -494.311    -12.284    -55.530     46.153
     -9.587    104.727    329.313   -494.404    -12.284    -55.543     46.144
     -9.589    104.752    329.424   -494.496    -12.284    -55.555     46.134
     -9.591    104.776    329.535   -494.588    -12.284    -55.568     46.125
     -9.593    104.801    329.646   -494.680    -12.283    -55.580     46.115
     -9.595    104.825    329.758   -494.773    -12.283    -55.592     46.106
     -9.597    104.850    329.869   -494.865    -12.283    -55.605     46.096
     -9.599    104.875    329.980   -494.957    -12.282    -55.617     46.086
     -9.601    104.899    330.091   -495.049    -12.282    -55.630     46.077
     -9.603    104.924    330.203   -495.141    -12.282    -55.642     46.067
     -9.605    104.948    330.314   -495.233    -12.281    -55.655     46.057
     -9.607    104.973    330.425   -495.326    -12.281    -55.667     46.048
     -9.609    104.997    330.537   -495.418    -12.281    -55.680     46.038
     -9.611    105.022    330.648   -495.510    -12.280    -55.692     46.028
     -9.613    105.046    330.759   -495.602    -12.280    -55.705     46.018
     -9.615    105.071    330.871   -495.694    -12.280    -55.717     46.009
     -9.617    105.096    330.982   -495.786    -12.279    -55.730     45.999
     -9.619    105.120    331.094   -495.878    -12.279    -55.742     45.989
     -9.621    105.145    331.205   -495.970    -12.279    -55.755     45.979
     -9.623    105.169    331.317   -496.062    -12.278    -55.768     45.969
     -9.625    105.194    331.428   -496.154    -12.278    -55.780     45.960
     -9.627    105.218    331.540   -496.245    -12.278    -55.793     45.950
     -9.629    105.243    331.651   -496.337    -12.277    -55.806     45.940
     -9.631    105.268    331.763   -496.429    -12.277    -55.818     45.930
     -9.633    105.292    331.875   -496.521    -12.277    -55.831     45.920
     -9.635    105.317    331.986   -496.613    -12.276    -55.844     45.910
     -9.637    105.341    332.098   -496.705    -12.276    -55.856     45.900
     -9.639    105.366    332.210   -496.797    -12.276    -55.869     45.890
     -9.641    105.390    332.322   -496.888    -12.275    -55.882     45.880
     -9.643    105.415    332.433   -496.980    -12.275    -55.894     45.870
     -9.645    105.439    332.545   -497.072    -12.275    -55.907     45.860
     -9.647    105.464    332.657   -497.163    -12.274    -55.920     45.850
     -9.649    105.488    332.769   -497.255    -12.274    -55.933     45.840
     -9.651    105.513    332.881   -497.347    -12.273    -55.945     45.830
     -9.653    105.538    332.993   -497.438    -12.273    -55.958     45.820
     -9.655    105.562    333.104   -497.530    -12.273    -55.971     45.810
     -9.657    105.587    333.216   -497.622    -12.272    -55.984     45.800
     -9.659    105.611    333.328   -497.713    -12.272    -55.997     45.789
     -9.661    105.636    333.440   -497.805    -12.272    -56.009     45.779
     -9.663    105.660    333.552   -497.896    -12.271    -56.022     45.769
     -9.665    105.685    333.665   -497.988    -12.271    -56.035     45.759
     -9.667    105.709    333.777   -498.079    -12.270    -56.048     45.749
     -9.669    105.734    333.889   -498.171    -12.270    -56.061     45.738
     -9.671    105.758    334.001   -498.262    -12.270    -56.074     45.728
     -9.673    105.783    334.113   -498.354    -12.269    -56.087     45.718
     -9.675    105.808    334.225   -498.445    -12.269    -56.100     45.708
     -9.677    105.832    334.337   -498.537    -12.268    -56.113     45.697
     -9.679    105.857    334.450   -498.628    -12.268    -56.126     45.687
     -9.681    105.881    334.562   -498.719    -12.268    -56.139     45.677
     -9.683    105.906    334.674   -498.811    -12.267    -56.152     45.666
     -9.685    105.930    334.787   -498.902    -12.267    -56.165     45.656
     -9.687    105.955    334.899   -498.993    -12.266    -56.178     45.645
     -9.689    105.979    335.011   -499.085    -12.266    -56.191     45.635
     -9.691    106.004    335.124   -499.176    -12.266    -56.204     45.625
     -9.693    106.028    335.236   -499.267    -12.265    -56.217     45.614
     -9.695    106.053    335.348   -499.358    -12.265    -56.230     45.604
     -9.697    106.077    335.461   -499.450    -12.264    -56.243     45.593
     -9.699    106.102    335.573   -499.541    -12.264    -56.256     45.583
     -9.701    106.126    335.686   -499.632    -12.263    -56.269     45.572
     -9.703    106.151    335.799   -499.723    -12.263    -56.282     45.561
     -9.705    106.175    335.911   -499.814    -12.263    -56.295     45.551
     -9.707    106.200    336.024   -499.905    -12.262    -56.309     45.540
     -9.709    106.225    336.136   -499.996    -12.262    -56.322     45.530
     -9.711    106.249    336.249   -500.087    -12.261    -56.335     45.519
     -9.713    106.274    336.362   -500.178    -12.261    -56.348     45.508
     -9.715    106.298    336.474   -500.269    -12.260    -56.361     45.498
     -9.717    106.323    336.587   -500.360    -12.260    -56.375     45.487
     -9.719    106.347    336.700   -500.451    -12.259    -56.388     45.476
     -9.721    106.372    336.813   -500.542    -12.259    -56.401     45.466
     -9.723    106.396    336.925   -500.633    -12.258    -56.414     45.455
     -9.725    106.421    337.038   -500.724    -12.258    -56.428     45.444
     -9.727    106.445    337.151   -500.815    -12.258    -56.441     45.433
     -9.729    106.470    337.264   -500.906    -12.257    -56.454     45.422
     -9.731    106.494    337.377   -500.997    -12.257    -56.467     45.412
     -9.733    106.519    337.490   -501.088    -12.256    -56.481     45.401
     -9.735    106.543    337.603   -501.178    -12.256    -56.494     45.390
     -9.737    106.568    337.716   -501.269    -12.255    -56.508     45.379
     -9.739    106.592    337.829   -501.360    -12.255    -56.521     45.368
     -9.741    106.617    337.942   -501.451    -12.254    -56.534     45.357
     -9.743    106.641    338.055   -501.541    -12.254    -56.548     45.346
     -9.745    106.666    338.168   -501.632    -12.253    -56.561     45.335
     -9.747    106.690    338.281   -501.723    -12.253    -56.575     45.324
     -9.749    106.715    338.395   -501.813    -12.252    -56.588     45.313
     -9.751    106.739    338.508   -501.904    -12.252    -56.601     45.302
     -9.753    106.764    338.621   -501.994    -12.251    -56.615     45.291
     -9.755    106.788    338.734   -502.085    -12.251    -56.628     45.280
     -9.757    106.813    338.847   -502.176    -12.250    -56.642     45.269
     -9.759    106.837    338.961   -502.266    -12.250    -56.655     45.258
     -9.761    106.862    339.074   -502.357    -12.249    -56.669     45.247
     -9.763    106.886    339.187   -502.447    -12.249    -56.683     45.236
     -9.765    106.911    339.301   -502.538    -12.248    -56.696     45.224
     -9.767    106.935    339.414   -502.628    -12.248    -56.710     45.213
     -9.769    106.960    339.528   -502.718    -12.247    -56.723     45.202
     -9.771    106.984    339.641   -502.809    -12.246    -56.737     45.191
     -9.773    107.009    339.755   -502.899    -12.246    -56.751     45.179
     -9.775    107.033    339.868   -502.990    -12.245    -56.764     45.168
     -9.777    107.058    339.982   -503.080    -12.245    -56.778     45.157
     -9.779    107.082    340.095   -503.170    -12.244    -56.791     45.145
     -9.781    107.107    340.209   -503.260    -12.244    -56.805     45.134
     -9.783    107.131    340.322   -503.351    -12.243    -56.819     45.123
     -9.785    107.156    340.436   -503.441    -12.243    -56.833     45.111
     -9.787    107.180    340.550   -503.531    -12.242    -56.846     45.100
     -9.789    107.205    340.663   -503.621    -12.242    -56.860     45.088
     -9.791    107.229    340.777   -503.711    -12.241    -56.874     45.077
     -9.793    107.254    340.891   -503.802    -12.240    -56.888     45.066
     -9.795    107.278    341.005   -503.892    -12.240    -56.901     45.054
     -9.797    107.303    341.119   -503.982    -12.239    -56.915     45.042
     -9.799    107.327    341.232   -504.072    -12.239    -56.929     45.031
     -9.801    107.352    341.346   -504.162    -12.238    -56.943     45.019
     -9.803    107.376    341.460   -504.252    -12.237    -56.957     45.008
     -9.805    107.401    341.574   -504.342    -12.237    -56.971     44.996
     -9.807    107.425    341.688   -504.432    -12.236    -56.984     44.984
     -9.809    107.449    341.802   -504.522    -12.236    -56.998     44.973
     -9.811    107.474    341.916   -504.612    -12.235    -57.012     44.961
     -9.813    107.498    342.030   -504.702    -12.235    -57.026     44.949
     -9.815    107.523    342.144   -504.792    -12.234    -57.040     44.938
     -9.817    107.547    342.258   -504.882    -12.233    -57.054     44.926
     -9.819    107.572    342.372   -504.971    -12.233    -57.068     44.914
     -9.821    107.596    342.487   -505.061    -12.232    -57.082     44.902
     -9.823    107.621    342.601   -505.151    -12.231    -57.096     44.890
     -9.825    107.645    342.715   -505.241    -12.231    -57.110     44.879
     -9.827    107.670    342.829   -505.330    -12.230    -57.124     44.867
     -9.829    107.694    342.943   -505.420    -12.230    -57.138     44.855
     -9.831    107.719    343.058   -505.510    -12.229    -57.152     44.843
     -9.833    107.743    343.172   -505.600    -12.228    -57.166     44.831
     -9.835    107.768    343.286   -505.689    -12.228    -57.181     44.819
     -9.837    107.792    343.401   -505.779    -12.227    -57.195     44.807
     -9.839    107.816    343.515   -505.868    -12.226    -57.209     44.795
     -9.841    107.841    343.630   -505.958    -12.226    -57.223     44.783
     -9.843    107.865    343.744   -506.048    -12.225    -57.237     44.771
     -9.845    107.890    343.859   -506.137    -12.224    -57.251     44.759
     -9.847    107.914    343.973   -506.227    -12.224    -57.266     44.747
     -9.849    107.939    344.088   -506.316    -12.223    -57.280     44.735
     -9.851    107.963    344.202   -506.406    -12.222    -57.294     44.722
     -9.853    107.988    344.317   -506.495    -12.222    -57.308     44.710
     -9.855    108.012    344.431   -506.584    -12.221    -57.322     44.698
     -9.857    108.036    344.546   -506.674    -12.220    -57.337     44.686
     -9.859    108.061    344.661   -506.763    -12.220    -57.351     44.674
     -9.861    108.085    344.775   -506.852    -12.219    -57.365     44.661
     -9.863    108.110    344.890   -506.942    -12.218    -57.380     44.649
     -9.865    108.134    345.005   -507.031    -12.218    -57.394     44.637
     -9.867    108.159    345.120   -507.120    -12.217    -57.408     44.624
     -9.869    108.183    345.235   -507.210    -12.216    -57.423     44.612
     -9.871    108.207    345.349   -507.299    -12.216    -57.437     44.599
     -9.873    108.232    345.464   -507.388    -12.215    -57.452     44.587
     -9.875    108.256    345.579   -507.477    -12.214    -57.466     44.575
     -9.877    108.281    345.694   -507.566    -12.213    -57.481     44.562
     -9.879    108.305    345.809   -507.655    -12.213    -57.495     44.550
     -9.881    108.330    345.924   -507.744    -12.212    -57.510     44.537
     -9.883    108.354    346.039   -507.834    -12.211    -57.524     44.524
     -9.885    108.378    346.154   -507.923    -12.211    -57.539     44.512
     -9.887    108.403    346.269   -508.012    -12.210    -57.553     44.499
     -9.889    108.427    346.385   -508.101    -12.209    -57.568     44.487
     -9.891    108.452    346.500   -508.190    -12.208    -57.582     44.474
     -9.893    108.476    346.615   -508.278    -12.208    -57.597     44.461
     -9.895    108.501    346.730   -508.367    -12.207    -57.611     44.448
     -9.897    108.525    346.845   -508.456    -12.206    -57.626     44.436
     -9.899    108.549    346.961   -508.545    -12.205    -57.641     44.423
     -9.901    108.574    347.076   -508.634    -12.205    -57.655     44.410
     -9.903    108.598    347.191   -508.723    -12.204    -57.670     44.397
     -9.905    108.623    347.307   -508.812    -12.203    -57.685     44.384
     -9.907    108.647    347.422   -508.900    -12.202    -57.699     44.372
     -9.909    108.671    347.537   -508.989    -12.202    -57.714     44.359
     -9.911    108.696    347.653   -509.078    -12.201    -57.729     44.346
     -9.913    108.720    347.768   -509.166    -12.200    -57.744     44.333
     -9.915    108.745    347.884   -509.255    -12.199    -57.758     44.320
     -9.917    108.769    347.999   -509.344    -12.198    -57.773     44.307
     -9.919    108.793    348.115   -509.432    -12.198    -57.788     44.294
     -9.921    108.818    348.230   -509.521    -12.197    -57.803     44.281
     -9.923    108.842    348.346   -509.609    -12.196    -57.818     44.268
     -9.925    108.867    348.462   -509.698    -12.195    -57.833     44.254
     -9.927    108.891    348.577   -509.786    -12.194    -57.848     44.241
     -9.929    108.915    348.693   -509.875    -12.194    -57.862     44.228
     -9.931    108.940    348.809   -509.963    -12.193    -57.877     44.215
     -9.933    108.964    348.925   -510.052    -12.192    -57.892     44.202
     -9.935    108.989    349.040   -510.140    -12.191    -57.907     44.188
     -9.937    109.013    349.156   -510.228    -12.190    -57.922     44.175
     -9.939    109.037    349.272   -510.317    -12.189    -57.937     44.162
     -9.941    109.062    349.388   -510.405    -12.189    -57.952     44.148
     -9.943    109.086    349.504   -510.493    -12.188    -57.967     44.135
     -9.945    109.110    349.620   -510.582    -12.187    -57.982     44.122
     -9.947    109.135    349.736   -510.670    -12.186    -57.997     44.108
     -9.949    109.159    349.852   -510.758    -12.185    -58.013     44.095
     -9.951    109.184    349.968   -510.846    -12.184    -58.028     44.081
     -9.953    109.208    350.084   -510.934    -12.183    -58.043     44.068
     -9.955    109.232    350.200   -511.023    -12.183    -58.058     44.054
     -9.957    109.257    350.316   -511.111    -12.182    -58.073     44.041
     -9.959    109.281    350.432   -511.199    -12.181    -58.088     44.027
     -9.961    109.305    350.549   -511.287    -12.180    -58.103     44.013
     -9.963    109.330    350.665   -511.375    -12.179    -58.119     44.000
     -9.965    109.354    350.781   -511.463    -12.178    -58.134     43.986
     -9.967    109.378    350.897   -511.551    -12.177    -58.149     43.972
     -9.969    109.403    351.014   -511.639    -12.176    -58.165     43.958
     -9.971    109.427    351.130   -511.727    -12.175    -58.180     43.945
     -9.973    109.451    351.246   -511.814    -12.175    -58.195     43.931
     -9.975    109.476    351.363   -511.902    -12.174    -58.210     43.917
     -9.977    109.500    351.479   -511.990    -12.173    -58.226     43.903
     -9.979    109.525    351.596   -512.078    -12.172    -58.241     43.889
     -9.981    109.549    351.712   -512.166    -12.171    -58.257     43.875
     -9.983    109.573    351.829   -512.253    -12.170    -58.272     43.861
     -9.985    109.598    351.945   -512.341    -12.169    -58.287     43.847
     -9.987    109.622    352.062   -512.429    -12.168    -58.303     43.833
     -9.989    109.646    352.178   -512.516    -12.167    -58.318     43.819
     -9.991    109.671    352.295   -512.604    -12.166    -58.334     43.805
     -9.993    109.695    352.412   -512.692    -12.165    -58.349     43.791
     -9.995    109.719    352.528   -512.779    -12.164    -58.365     43.777
     -9.997    109.744    352.645   -512.867    -12.163    -58.381     43.762
     -9.999    109.768    352.762   -512.954    -12.162    -58.396     43.748
    -10.001    109.792    352.879   -513.042    -12.161    -58.412     43.734
    -10.003    109.816    352.996   -513.129    -12.160    -58.427     43.720
    -10.005    109.841    353.113   -513.217    -12.159    -58.443     43.705
    -10.007    109.865    353.229   -513.304    -12.158    -58.459     43.691
    -10.009    109.889    353.346   -513.391    -12.157    -58.474     43.677
    -10.011    109.914    353.463   -513.479    -12.156    -58.490     43.662
    -10.013    109.938    353.580   -513.566    -12.155    -58.506     43.648
    -10.015    109.962    353.697   -513.653    -12.154    -58.521     43.633
    -10.017    109.987    353.814   -513.741    -12.153    -58.537     43.619
    -10.019    110.011    353.931   -513.828    -12.152    -58.553     43.604
    -10.021    110.035    354.049   -513.915    -12.151    -58.569     43.590
    -10.023    110.060    354.166   -514.002    -12.150    -58.585     43.575
    -10.025    110.084    354.283   -514.089    -12.149    -58.600     43.560
    -10.027    110.108    354.400   -514.176    -12.148    -58.616     43.546
    -10.029    110.132    354.517   -514.263    -12.147    -58.632     43.531
    -10.031    110.157    354.635   -514.351    -12.146    -58.648     43.516
    -10.033    110.181    354.752   -514.438    -12.145    -58.664     43.501
    -10.035    110.205    354.869   -514.525    -12.144    -58.680     43.487
    -10.037    110.230    354.987   -514.611    -12.143    -58.696     43.472
    -10.039    110.254    355.104   -514.698    -12.142    -58.712     43.457
    -10.041    110.278    355.222   -514.785    -12.141    -58.728     43.442
    -10.043    110.303    355.339   -514.872    -12.140    -58.744     43.427
    -10.045    110.327    355.457   -514.959    -12.138    -58.760     43.412
    -10.047    110.351    355.574   -515.046    -12.137    -58.776     43.397
    -10.049    110.375    355.692   -515.133    -12.136    -58.792     43.382
    -10.051    110.400    355.809   -515.219    -12.135    -58.808     43.367
    -10.053    110.424    355.927   -515.306    -12.134    -58.824     43.352
    -10.055    110.448    356.045   -515.393    -12.133    -58.841     43.336
    -10.057    110.472    356.162   -515.479    -12.132    -58.857     43.321
    -10.059    110.497    356.280   -515.566    -12.131    -58.873     43.306
    -10.061    110.521    356.398   -515.653    -12.130    -58.889     43.291
    -10.063    110.545    356.516   -515.739    -12.128    -58.905     43.275
    -10.065    110.569    356.633   -515.826    -12.127    -58.922     43.260
    -10.067    110.594    356.751   -515.912    -12.126    -58.938     43.245
    -10.069    110.618    356.869   -515.999    -12.125    -58.954     43.229
    -10.071    110.642    356.987   -516.085    -12.124    -58.971     43.214
    -10.073    110.666    357.105   -516.172    -12.123    -58.987     43.198
    -10.075    110.691    357.223   -516.258    -12.121    -59.003     43.183
    -10.077    110.715    357.341   -516.344    -12.120    -59.020     43.167
    -10.079    110.739    357.459   -516.431    -12.119    -59.036     43.151
    -10.081    110.763    357.577   -516.517    -12.118    -59.053     43.136
    -10.083    110.788    357.695   -516.603    -12.117    -59.069     43.120
    -10.085    110.812    357.813   -516.689    -12.115    -59.085     43.104
    -10.087    110.836    357.932   -516.776    -12.114    -59.102     43.089
    -10.089    110.860    358.050   -516.862    -12.113    -59.119     43.073
    -10.091    110.885    358.168   -516.948    -12.112    -59.135     43.057
    -10.093    110.909    358.286   -517.034    -12.111    -59.152     43.041
    -10.095    110.933    358.405   -517.120    -12.109    -59.168     43.025
    -10.097    110.957    358.523   -517.206    -12.108    -59.185     43.009
    -10.099    110.981    358.641   -517.292    -12.107    -59.202     42.993
    -10.101    111.006    358.760   -517.378    -12.106    -59.218     42.977
    -10.103    111.030    358.878   -517.464    -12.104    -59.235     42.961
    -10.105    111.054    358.997   -517.550    -12.103    -59.252     42.945
    -10.107    111.078    359.115   -517.636    -12.102    -59.268     42.929
    -10.109    111.102    359.234   -517.722    -12.101    -59.285     42.913
    -10.111    111.127    359.352   -517.807    -12.099    -59.302     42.897
    -10.113    111.151    359.471   -517.893    -12.098    -59.319     42.880
    -10.115    111.175    359.590   -517.979    -12.097    -59.336     42.864
    -10.117    111.199    359.708   -518.065    -12.095    -59.352     42.848
    -10.119    111.223    359.827   -518.150    -12.094    -59.369     42.831
    -10.121    111.248    359.946   -518.236    -12.093    -59.386     42.815
    -10.123    111.272    360.065   -518.322    -12.091    -59.403     42.798
    -10.125    111.296    360.184   -518.407    -12.090    -59.420     42.782
    -10.127    111.320    360.302   -518.493    -12.089    -59.437     42.765
    -10.129    111.344    360.421   -518.578    -12.087    -59.454     42.749
    -10.131    111.369    360.540   -518.664    -12.086    -59.471     42.732
    -10.133    111.393    360.659   -518.749    -12.085    -59.488     42.715
    -10.135    111.417    360.778   -518.835    -12.083    -59.505     42.699
    -10.137    111.441    360.897   -518.920    -12.082    -59.522     42.682
    -10.139    111.465    361.016   -519.005    -12.081    -59.539     42.665
    -10.141    111.489    361.135   -519.091    -12.079    -59.556     42.648
    -10.143    111.513    361.254   -519.176    -12.078    -59.574     42.631
    -10.145    111.538    361.374   -519.261    -12.076    -59.591     42.614
    -10.147    111.562    361.493   -519.346    -12.075    -59.608     42.598
    -10.149    111.586    361.612   -519.432    -12.074    -59.625     42.581
    -10.151    111.610    361.731   -519.517    -12.072    -59.643     42.563
    -10.153    111.634    361.851   -519.602    -12.071    -59.660     42.546
    -10.155    111.658    361.970   -519.687    -12.069    -59.677     42.529
    -10.157    111.683    362.089   -519.772    -12.068    -59.694     42.512
    -10.159    111.707    362.209   -519.857    -12.066    -59.712     42.495
    -10.161    111.731    362.328   -519.942    -12.065    -59.729     42.478
    -10.163    111.755    362.448   -520.027    -12.063    -59.747     42.460
    -10.165    111.779    362.567   -520.112    -12.062    -59.764     42.443
    -10.167    111.803    362.687   -520.197    -12.061    -59.782     42.425
    -10.169    111.827    362.806   -520.281    -12.059    -59.799     42.408
    -10.171    111.851    362.926   -520.366    -12.058    -59.817     42.390
    -10.173    111.876    363.046   -520.451    -12.056    -59.834     42.373
    -10.175    111.900    363.165   -520.536    -12.055    -59.852     42.355
    -10.177    111.924    363.285   -520.620    -12.053    -59.869     42.338
    -10.179    111.948    363.405   -520.705    -12.052    -59.887     42.320
    -10.181    111.972    363.525   -520.790    -12.050    -59.905     42.302
    -10.183    111.996    363.644   -520.874    -12.048    -59.922     42.285
    -10.185    112.020    363.764   -520.959    -12.047    -59.940     42.267
    -10.187    112.044    363.884   -521.043    -12.045    -59.958     42.249
    -10.189    112.068    364.004   -521.128    -12.044    -59.975     42.231
    -10.191    112.092    364.124   -521.212    -12.042    -59.993     42.213
    -10.193    112.116    364.244   -521.297    -12.041    -60.011     42.195
    -10.195    112.141    364.364   -521.381    -12.039    -60.029     42.177
    -10.197    112.165    364.484   -521.465    -12.038    -60.047     42.159
    -10.199    112.189    364.604   -521.550    -12.036    -60.065     42.141
    -10.201    112.213    364.724   -521.634    -12.034    -60.082     42.122
    -10.203    112.237    364.845   -521.718    -12.033    -60.100     42.104
    -10.205    112.261    364.965   -521.802    -12.031    -60.118     42.086
    -10.207    112.285    365.085   -521.887    -12.029    -60.136     42.068
    -10.209    112.309    365.205   -521.971    -12.028    -60.154     42.049
    -10.211    112.333    365.326   -522.055    -12.026    -60.172     42.031
    -10.213    112.357    365.446   -522.139    -12.025    -60.190     42.012
    -10.215    112.381    365.566   -522.223    -12.023    -60.209     41.994
    -10.217    112.405    365.687   -522.307    -12.021    -60.227     41.975
    -10.219    112.429    365.807   -522.391    -12.020    -60.245     41.956
    -10.221    112.453    365.928   -522.475    -12.018    -60.263     41.938
    -10.223    112.477    366.048   -522.558    -12.016    -60.281     41.919
    -10.225    112.501    366.169   -522.642    -12.014    -60.299     41.900
    -10.227    112.525    366.290   -522.726    -12.013    -60.318     41.881
    -10.229    112.549    366.410   -522.810    -12.011    -60.336     41.862
    -10.231    112.573    366.531   -522.893    -12.009    -60.354     41.843
    -10.233    112.597    366.652   -522.977    -12.008    -60.373     41.824
    -10.235    112.621    366.772   -523.061    -12.006    -60.391     41.805
    -10.237    112.645    366.893   -523.144    -12.004    -60.409     41.786
    -10.239    112.669    367.014   -523.228    -12.002    -60.428     41.767
    -10.241    112.693    367.135   -523.311    -12.000    -60.446     41.748
    -10.243    112.717    367.256   -523.395    -11.999    -60.465     41.729
    -10.245    112.741    367.377   -523.478    -11.997    -60.483     41.709
    -10.247    112.765    367.498   -523.562    -11.995    -60.502     41.690
    -10.249    112.789    367.619   -523.645    -11.993    -60.520     41.670
    -10.251    112.813    367.740   -523.728    -11.991    -60.539     41.651
    -10.253    112.837    367.861   -523.812    -11.990    -60.558     41.631
    -10.255    112.861    367.982   -523.895    -11.988    -60.576     41.612
    -10.257    112.885    368.103   -523.978    -11.986    -60.595     41.592
    -10.259    112.909    368.224   -524.061    -11.984    -60.614     41.572
    -10.261    112.933    368.346   -524.144    -11.982    -60.633     41.553
    -10.263    112.957    368.467   -524.228    -11.980    -60.651     41.533
    -10.265    112.981    368.588   -524.311    -11.978    -60.670     41.513
    -10.267    113.005    368.710   -524.394    -11.977    -60.689     41.493
    -10.269    113.029    368.831   -524.477    -11.975    -60.708     41.473
    -10.271    113.053    368.952   -524.559    -11.973    -60.727     41.453
    -10.273    113.077    369.074   -524.642    -11.971    -60.746     41.433
    -10.275    113.101    369.195   -524.725    -11.969    -60.765     41.413
    -10.277    113.125    369.317   -524.808    -11.967    -60.784     41.392
    -10.279    113.149    369.439   -524.891    -11.965    -60.803     41.372
    -10.281    113.173    369.560   -524.973    -11.963    -60.822     41.352
    -10.283    113.197    369.682   -525.056    -11.961    -60.841     41.331
    -10.285    113.221    369.804   -525.139    -11.959    -60.860     41.311
    -10.287    113.245    369.925   -525.221    -11.957    -60.879     41.291
    -10.289    113.268    370.047   -525.304    -11.955    -60.898     41.270
    -10.291    113.292    370.169   -525.386    -11.953    -60.917     41.249
    -10.293    113.316    370.291   -525.469    -11.951    -60.937     41.229
    -10.295    113.340    370.413   -525.551    -11.949    -60.956     41.208
    -10.297    113.364    370.535   -525.634    -11.947    -60.975     41.187
    -10.299    113.388    370.657   -525.716    -11.945    -60.994     41.166
    -10.301    113.412    370.779   -525.798    -11.943    -61.014     41.145
    -10.303    113.436    370.901   -525.881    -11.941    -61.033     41.124
    -10.305    113.460    371.023   -525.963    -11.939    -61.053     41.103
    -10.307    113.483    371.145   -526.045    -11.937    -61.072     41.082
    -10.309    113.507    371.267   -526.127    -11.934    -61.092     41.061
    -10.311    113.531    371.389   -526.209    -11.932    -61.111     41.040
    -10.313    113.555    371.511   -526.291    -11.930    -61.131     41.018
    -10.315    113.579    371.634   -526.373    -11.928    -61.150     40.997
    -10.317    113.603    371.756   -526.455    -11.926    -61.170     40.975
    -10.319    113.627    371.878   -526.537    -11.924    -61.189     40.954
    -10.321    113.650    372.001   -526.619    -11.922    -61.209     40.932
    -10.323    113.674    372.123   -526.701    -11.919    -61.229     40.911
    -10.325    113.698    372.246   -526.783    -11.917    -61.249     40.889
    -10.327    113.722    372.368   -526.865    -11.915    -61.268     40.867
    -10.329    113.746    372.491   -526.946    -11.913    -61.288     40.845
    -10.331    113.770    372.613   -527.028    -11.911    -61.308     40.824
    -10.333    113.793    372.736   -527.110    -11.908    -61.328     40.802
    -10.335    113.817    372.859   -527.191    -11.906    -61.348     40.780
    -10.337    113.841    372.981   -527.273    -11.904    -61.368     40.757
    -10.339    113.865    373.104   -527.354    -11.902    -61.388     40.735
    -10.341    113.889    373.227   -527.436    -11.899    -61.408     40.713
    -10.343    113.912    373.350   -527.517    -11.897    -61.428     40.691
    -10.345    113.936    373.473   -527.598    -11.895    -61.448     40.668
    -10.347    113.960    373.596   -527.680    -11.892    -61.468     40.646
    -10.349    113.984    373.719   -527.761    -11.890    -61.488     40.623
    -10.351    114.008    373.842   -527.842    -11.888    -61.508     40.601
    -10.353    114.031    373.965   -527.923    -11.885    -61.528     40.578
    -10.355    114.055    374.088   -528.005    -11.883    -61.549     40.556
    -10.357    114.079    374.211   -528.086    -11.880    -61.569     40.533
    -10.359    114.103    374.334   -528.167    -11.878    -61.589     40.510
    -10.361    114.126    374.457   -528.248    -11.876    -61.609     40.487
    -10.363    114.150    374.580   -528.329    -11.873    -61.630     40.464
    -10.365    114.174    374.704   -528.410    -11.871    -61.650     40.441
    -10.367    114.198    374.827   -528.490    -11.868    -61.671     40.418
    -10.369    114.221    374.950   -528.571    -11.866    -61.691     40.394
    -10.371    114.245    375.074   -528.652    -11.863    -61.712     40.371
    -10.373    114.269    375.197   -528.733    -11.861    -61.732     40.348
    -10.375    114.293    375.321   -528.813    -11.858    -61.753     40.324
    -10.377    114.316    375.444   -528.894    -11.856    -61.773     40.301
    -10.379    114.340    375.568   -528.975    -11.853    -61.794     40.277
    -10.381    114.364    375.691   -529.055    -11.851    -61.815     40.254
    -10.383    114.387    375.815   -529.136    -11.848    -61.836     40.230
    -10.385    114.411    375.939   -529.216    -11.846    -61.856     40.206
    -10.387    114.435    376.062   -529.296    -11.843    -61.877     40.182
    -10.389    114.458    376.186   -529.377    -11.840    -61.898     40.158
    -10.391    114.482    376.310   -529.457    -11.838    -61.919     40.134
    -10.393    114.506    376.434   -529.537    -11.835    -61.940     40.110
    -10.395    114.529    376.558   -529.618    -11.833    -61.961     40.086
    -10.397    114.553    376.682   -529.698    -11.830    -61.982     40.061
    -10.399    114.577    376.806   -529.778    -11.827    -62.003     40.037
    -10.401    114.600    376.930   -529.858    -11.825    -62.024     40.013
    -10.403    114.624    377.054   -529.938    -11.822    -62.045     39.988
    -10.405    114.648    377.178   -530.018    -11.819    -62.066     39.964
    -10.407    114.671    377.302   -530.098    -11.816    -62.087     39.939
    -10.409    114.695    377.426   -530.178    -11.814    -62.108     39.914
    -10.411    114.719    377.551   -530.257    -11.811    -62.129     39.889
    -10.413    114.742    377.675   -530.337    -11.808    -62.151     39.864
    -10.415    114.766    377.799   -530.417    -11.805    -62.172     39.839
    -10.417    114.789    377.923   -530.496    -11.803    -62.193     39.814
    -10.419    114.813    378.048   -530.576    -11.800    -62.215     39.789
    -10.421    114.837    378.172   -530.656    -11.797    -62.236     39.764
    -10.423    114.860    378.297   -530.735    -11.794    -62.258     39.738
    -10.425    114.884    378.421   -530.815    -11.791    -62.279     39.713
    -10.427    114.907    378.546   -530.894    -11.788    -62.301     39.687
    -10.429    114.931    378.671   -530.973    -11.785    -62.322     39.662
    -10.431    114.955    378.795   -531.053    -11.783    -62.344     39.636
    -10.433    114.978    378.920   -531.132    -11.780    -62.365     39.610
    -10.435    115.002    379.045   -531.211    -11.777    -62.387     39.584
    -10.437    115.025    379.169   -531.290    -11.774    -62.409     39.559
    -10.439    115.049    379.294   -531.369    -11.771    -62.431     39.532
    -10.441    115.072    379.419   -531.448    -11.768    -62.452     39.506
    -10.443    115.096    379.544   -531.527    -11.765    -62.474     39.480
    -10.445    115.119    379.669   -531.606    -11.762    -62.496     39.454
    -10.447    115.143    379.794   -531.685    -11.759    -62.518     39.427
    -10.449    115.166    379.919   -531.764    -11.756    -62.540     39.401
    -10.451    115.190    380.044   -531.843    -11.753    -62.562     39.374
    -10.453    115.213    380.169   -531.921    -11.749    -62.584     39.348
    -10.455    115.237    380.295   -532.000    -11.746    -62.606     39.321
    -10.457    115.260    380.420   -532.079    -11.743    -62.628     39.294
    -10.459    115.284    380.545   -532.157    -11.740    -62.650     39.267
    -10.461    115.307    380.670   -532.236    -11.737    -62.673     39.240
    -10.463    115.331    380.796   -532.314    -11.734    -62.695     39.213
    -10.465    115.354    380.921   -532.393    -11.731    -62.717     39.186
    -10.467    115.378    381.047   -532.471    -11.727    -62.739     39.158
    -10.469    115.401    381.172   -532.549    -11.724    -62.762     39.131
    -10.471    115.425    381.298   -532.628    -11.721    -62.784     39.103
    -10.473    115.448    381.423   -532.706    -11.718    -62.807     39.076
    -10.475    115.472    381.549   -532.784    -11.714    -62.829     39.048
    -10.477    115.495    381.675   -532.862    -11.711    -62.852     39.020
    -10.479    115.518    381.800   -532.940    -11.708    -62.874     38.992
    -10.481    115.542    381.926   -533.018    -11.704    -62.897     38.964
    -10.483    115.565    382.052   -533.096    -11.701    -62.919     38.936
    -10.485    115.589    382.178   -533.174    -11.698    -62.942     38.908
    -10.487    115.612    382.304   -533.251    -11.694    -62.965     38.880
    -10.489    115.635    382.430   -533.329    -11.691    -62.988     38.851
    -10.491    115.659    382.556   -533.407    -11.687    -63.010     38.823
    -10.493    115.682    382.682   -533.484    -11.684    -63.033     38.794
    -10.495    115.705    382.808   -533.562    -11.680    -63.056     38.765
    -10.497    115.729    382.934   -533.639    -11.677    -63.079     38.736
    -10.499    115.752    383.060   -533.717    -11.673    -63.102     38.707
    -10.501    115.776    383.186   -533.794    -11.670    -63.125     38.678
    -10.503    115.799    383.313   -533.872    -11.666    -63.148     38.649
    -10.505    115.822    383.439   -533.949    -11.663    -63.171     38.620
    -10.507    115.846    383.565   -534.026    -11.659    -63.195     38.591
    -10.509    115.869    383.692   -534.103    -11.656    -63.218     38.561
    -10.511    115.892    383.818   -534.180    -11.652    -63.241     38.532
    -10.513    115.915    383.945   -534.257    -11.648    -63.264     38.502
    -10.515    115.939    384.071   -534.334    -11.645    -63.288     38.472
    -10.517    115.962    384.198   -534.411    -11.641    -63.311     38.442
    -10.519    115.985    384.324   -534.488    -11.637    -63.334     38.412
    -10.521    116.009    384.451   -534.565    -11.633    -63.358     38.382
    -10.523    116.032    384.578   -534.642    -11.630    -63.381     38.352
    -10.525    116.055    384.705   -534.718    -11.626    -63.405     38.321
    -10.527    116.078    384.832   -534.795    -11.622    -63.428     38.291
    -10.529    116.102    384.958   -534.871    -11.618    -63.452     38.260
    -10.531    116.125    385.085   -534.948    -11.614    -63.476     38.230
    -10.533    116.148    385.212   -535.024    -11.610    -63.499     38.199
    -10.535    116.171    385.339   -535.101    -11.607    -63.523     38.168
    -10.537    116.194    385.466   -535.177    -11.603    -63.547     38.137
    -10.539    116.218    385.594   -535.253    -11.599    -63.571     38.106
    -10.541    116.241    385.721   -535.329    -11.595    -63.595     38.074
    -10.543    116.264    385.848   -535.406    -11.591    -63.619     38.043
    -10.545    116.287    385.975   -535.482    -11.587    -63.643     38.011
    -10.547    116.310    386.102   -535.558    -11.583    -63.667     37.980
    -10.549    116.334    386.230   -535.634    -11.579    -63.691     37.948
    -10.551    116.357    386.357   -535.709    -11.574    -63.715     37.916
    -10.553    116.380    386.485   -535.785    -11.570    -63.739     37.884
    -10.555    116.403    386.612   -535.861    -11.566    -63.763     37.852
    -10.557    116.426    386.740   -535.937    -11.562    -63.788     37.819
    -10.559    116.449    386.867   -536.012    -11.558    -63.812     37.787
    -10.561    116.472    386.995   -536.088    -11.554    -63.836     37.755
    -10.563    116.495    387.123   -536.163    -11.549    -63.861     37.722
    -10.565    116.519    387.250   -536.239    -11.545    -63.885     37.689
    -10.567    116.542    387.378   -536.314    -11.541    -63.910     37.656
    -10.569    116.565    387.506   -536.389    -11.537    -63.934     37.623
    -10.571    116.588    387.634   -536.465    -11.532    -63.959     37.590
    -10.573    116.611    387.762   -536.540    -11.528    -63.983     37.557
    -10.575    116.634    387.890   -536.615    -11.523    -64.008     37.523
    -10.577    116.657    388.018   -536.690    -11.519    -64.033     37.490
    -10.579    116.680    388.146   -536.765    -11.515    -64.058     37.456
    -10.581    116.703    388.274   -536.840    -11.510    -64.082     37.422
    -10.583    116.726    388.402   -536.914    -11.506    -64.107     37.388
    -10.585    116.749    388.531   -536.989    -11.501    -64.132     37.354
    -10.587    116.772    388.659   -537.064    -11.497    -64.157     37.320
    -10.589    116.795    388.787   -537.138    -11.492    -64.182     37.285
    -10.591    116.818    388.916   -537.213    -11.487    -64.207     37.251
    -10.593    116.841    389.044   -537.287    -11.483    -64.232     37.216
    -10.595    116.864    389.173   -537.362    -11.478    -64.258     37.181
    -10.597    116.887    389.301   -537.436    -11.473    -64.283     37.146
    -10.599    116.910    389.430   -537.510    -11.469    -64.308     37.111
    -10.601    116.933    389.558   -537.585    -11.464    -64.333     37.076
    -10.603    116.956    389.687   -537.659    -11.459    -64.359     37.040
    -10.605    116.979    389.816   -537.733    -11.454    -64.384     37.005
    -10.607    117.001    389.945   -537.807    -11.449    -64.410     36.969
    -10.609    117.024    390.073   -537.881    -11.445    -64.435     36.933
    -10.611    117.047    390.202   -537.954    -11.440    -64.461     36.897
    -10.613    117.070    390.331   -538.028    -11.435    -64.486     36.861
    -10.615    117.093    390.460   -538.102    -11.430    -64.512     36.825
    -10.617    117.116    390.589   -538.176    -11.425    -64.538     36.788
    -10.619    117.139    390.718   -538.249    -11.420    -64.563     36.752
    -10.621    117.162    390.848   -538.323    -11.415    -64.589     36.715
    -10.623    117.184    390.977   -538.396    -11.410    -64.615     36.678
    -10.625    117.207    391.106   -538.469    -11.405    -64.641     36.641
    -10.627    117.230    391.235   -538.542    -11.399    -64.667     36.604
    -10.629    117.253    391.365   -538.616    -11.394    -64.693     36.567
    -10.631    117.276    391.494   -538.689    -11.389    -64.719     36.529
    -10.633    117.298    391.624   -538.762    -11.384    -64.745     36.491
    -10.635    117.321    391.753   -538.835    -11.378    -64.771     36.453
    -10.637    117.344    391.883   -538.908    -11.373    -64.797     36.415
    -10.639    117.367    392.012   -538.980    -11.368    -64.824     36.377
    -10.641    117.389    392.142   -539.053    -11.362    -64.850     36.339
    -10.643    117.412    392.272   -539.126    -11.357    -64.876     36.300
    -10.645    117.435    392.401   -539.198    -11.352    -64.903     36.262
    -10.647    117.457    392.531   -539.271    -11.346    -64.929     36.223
    -10.649    117.480    392.661   -539.343    -11.340    -64.956     36.184
    -10.651    117.503    392.791   -539.416    -11.335    -64.982     36.145
    -10.653    117.525    392.921   -539.488    -11.329    -65.009     36.105
    -10.655    117.548    393.051   -539.560    -11.324    -65.035     36.066
    -10.657    117.571    393.181   -539.632    -11.318    -65.062     36.026
    -10.659    117.593    393.311   -539.704    -11.312    -65.089     35.986
    -10.661    117.616    393.442   -539.776    -11.307    -65.116     35.946
    -10.663    117.639    393.572   -539.848    -11.301    -65.143     35.906
    -10.665    117.661    393.702   -539.920    -11.295    -65.169     35.865
    -10.667    117.684    393.833   -539.991    -11.289    -65.196     35.825
    -10.669    117.706    393.963   -540.063    -11.283    -65.223     35.784
    -10.671    117.729    394.093   -540.134    -11.277    -65.251     35.743
    -10.673    117.751    394.224   -540.206    -11.271    -65.278     35.702
    -10.675    117.774    394.355   -540.277    -11.265    -65.305     35.660
    -10.677    117.797    394.485   -540.348    -11.259    -65.332     35.619
    -10.679    117.819    394.616   -540.420    -11.253    -65.359     35.577
    -10.681    117.842    394.747   -540.491    -11.247    -65.387     35.535
    -10.683    117.864    394.877   -540.562    -11.241    -65.414     35.493
    -10.685    117.887    395.008   -540.633    -11.235    -65.441     35.451
    -10.687    117.909    395.139   -540.704    -11.228    -65.469     35.408
    -10.689    117.931    395.270   -540.774    -11.222    -65.497     35.365
    -10.691    117.954    395.401   -540.845    -11.216    -65.524     35.323
    -10.693    117.976    395.532   -540.916    -11.209    -65.552     35.279
    -10.695    117.999    395.663   -540.986    -11.203    -65.579     35.236
    -10.697    118.021    395.795   -541.057    -11.197    -65.607     35.193
    -10.699    118.043    395.926   -541.127    -11.190    -65.635     35.149
    -10.701    118.066    396.057   -541.197    -11.183    -65.663     35.105
    -10.703    118.088    396.188   -541.267    -11.177    -65.691     35.061
    -10.705    118.111    396.320   -541.337    -11.170    -65.719     35.017
    -10.707    118.133    396.451   -541.407    -11.164    -65.747     34.972
    -10.709    118.155    396.583   -541.477    -11.157    -65.775     34.927
    -10.711    118.178    396.714   -541.547    -11.150    -65.803     34.882
    -10.713    118.200    396.846   -541.617    -11.143    -65.831     34.837
    -10.715    118.222    396.978   -541.687    -11.136    -65.859     34.792
    -10.717    118.244    397.109   -541.756    -11.129    -65.888     34.746
    -10.719    118.267    397.241   -541.826    -11.122    -65.916     34.700
    -10.721    118.289    397.373   -541.895    -11.115    -65.944     34.654
    -10.723    118.311    397.505   -541.964    -11.108    -65.973     34.608
    -10.725    118.333    397.637   -542.033    -11.101    -66.001     34.562
    -10.727    118.355    397.769   -542.102    -11.094    -66.030     34.515
    -10.729    118.378    397.901   -542.171    -11.087    -66.058     34.468
    -10.731    118.400    398.033   -542.240    -11.080    -66.087     34.421
    -10.733    118.422    398.165   -542.309    -11.072    -66.116     34.374
    -10.735    118.444    398.298   -542.378    -11.065    -66.145     34.326
    -10.737    118.466    398.430   -542.446    -11.058    -66.173     34.278
    -10.739    118.488    398.562   -542.515    -11.050    -66.202     34.230
    -10.741    118.510    398.695   -542.583    -11.043    -66.231     34.182
    -10.743    118.533    398.827   -542.652    -11.035    -66.260     34.133
    -10.745    118.555    398.960   -542.720    -11.027    -66.289     34.084
    -10.747    118.577    399.093   -542.788    -11.020    -66.318     34.035
    -10.749    118.599    399.225   -542.856    -11.012    -66.347     33.986
    -10.751    118.621    399.358   -542.924    -11.004    -66.377     33.936
    -10.753    118.643    399.491   -542.992    -10.996    -66.406     33.886
    -10.755    118.665    399.624   -543.059    -10.988    -66.435     33.836
    -10.757    118.687    399.756   -543.127    -10.980    -66.464     33.786
    -10.759    118.709    399.889   -543.195    -10.972    -66.494     33.736
    -10.761    118.731    400.022   -543.262    -10.964    -66.523     33.685
    -10.763    118.752    400.155   -543.329    -10.956    -66.553     33.634
    -10.765    118.774    400.289   -543.397    -10.948    -66.582     33.582
    -10.767    118.796    400.422   -543.464    -10.940    -66.612     33.531
    -10.769    118.818    400.555   -543.531    -10.931    -66.642     33.479
    -10.771    118.840    400.688   -543.598    -10.923    -66.671     33.427
    -10.773    118.862    400.822   -543.664    -10.915    -66.701     33.374
    -10.775    118.884    400.955   -543.731    -10.906    -66.731     33.322
    -10.777    118.905    401.089   -543.798    -10.898    -66.761     33.269
    -10.779    118.927    401.222   -543.864    -10.889    -66.791     33.215
    -10.781    118.949    401.356   -543.930    -10.880    -66.821     33.162
    -10.783    118.971    401.490   -543.997    -10.872    -66.851     33.108
    -10.785    118.992    401.623   -544.063    -10.863    -66.881     33.054
    -10.787    119.014    401.757   -544.129    -10.854    -66.911     33.000
    -10.789    119.036    401.891   -544.195    -10.845    -66.941     32.945
    -10.791    119.058    402.025   -544.261    -10.836    -66.971     32.890
    -10.793    119.079    402.159   -544.326    -10.827    -67.001     32.835
    -10.795    119.101    402.293   -544.392    -10.818    -67.032     32.779
    -10.797    119.122    402.427   -544.458    -10.809    -67.062     32.724
    -10.799    119.144    402.561   -544.523    -10.799    -67.092     32.668
    -10.801    119.166    402.695   -544.588    -10.790    -67.123     32.611
    -10.803    119.187    402.830   -544.653    -10.781    -67.153     32.554
    -10.805    119.209    402.964   -544.718    -10.771    -67.184     32.497
    -10.807    119.230    403.098   -544.783    -10.761    -67.215     32.440
    -10.809    119.252    403.233   -544.848    -10.752    -67.245     32.382
    -10.811    119.273    403.367   -544.913    -10.742    -67.276     32.324
    -10.813    119.295    403.502   -544.978    -10.732    -67.307     32.266
    -10.815    119.316    403.636   -545.042    -10.723    -67.337     32.208
    -10.817    119.338    403.771   -545.106    -10.713    -67.368     32.149
    -10.819    119.359    403.906   -545.171    -10.703    -67.399     32.089
    -10.821    119.381    404.041   -545.235    -10.692    -67.430     32.030
    -10.823    119.402    404.176   -545.299    -10.682    -67.461     31.970
    -10.825    119.423    404.311   -545.363    -10.672    -67.492     31.910
    -10.827    119.445    404.446   -545.426    -10.662    -67.523     31.849
    -10.829    119.466    404.581   -545.490    -10.651    -67.554     31.788
    -10.831    119.487    404.716   -545.554    -10.641    -67.585     31.727
    -10.833    119.508    404.851   -545.617    -10.630    -67.617     31.665
    -10.835    119.530    404.986   -545.680    -10.620    -67.648     31.603
    -10.837    119.551    405.122   -545.743    -10.609    -67.679     31.541
    -10.839    119.572    405.257   -545.806    -10.598    -67.710     31.478
    -10.841    119.593    405.393   -545.869    -10.587    -67.742     31.415
    -10.843    119.614    405.528   -545.932    -10.576    -67.773     31.352
    -10.845    119.636    405.664   -545.995    -10.565    -67.805     31.288
    -10.847    119.657    405.799   -546.057    -10.554    -67.836     31.224
    -10.849    119.678    405.935   -546.120    -10.543    -67.868     31.160
    -10.851    119.699    406.071   -546.182    -10.531    -67.899     31.095
    -10.853    119.720    406.207   -546.244    -10.520    -67.931     31.030
    -10.855    119.741    406.342   -546.306    -10.509    -67.962     30.965
    -10.857    119.762    406.478   -546.368    -10.497    -67.994     30.899
    -10.859    119.783    406.614   -546.430    -10.485    -68.025     30.833
    -10.861    119.804    406.750   -546.491    -10.474    -68.057     30.767
    -10.863    119.825    406.887   -546.553    -10.462    -68.088     30.700
    -10.865    119.846    407.023   -546.614    -10.450    -68.120     30.633
    -10.867    119.867    407.159   -546.675    -10.438    -68.151     30.566
    -10.869    119.888    407.295   -546.736    -10.426    -68.183     30.499
    -10.871    119.908    407.432   -546.797    -10.414    -68.214     30.431
    -10.873    119.929    407.568   -546.858    -10.402    -68.245     30.363
    -10.875    119.950    407.705   -546.919    -10.390    -68.277     30.295
    -10.877    119.971    407.841   -546.979    -10.377    -68.308     30.226
    -10.879    119.992    407.978   -547.039    -10.365    -68.340     30.157
    -10.881    120.012    408.115   -547.100    -10.352    -68.371     30.088
    -10.883    120.033    408.252   -547.160    -10.340    -68.402     30.018
    -10.885    120.054    408.388   -547.220    -10.327    -68.434     29.948
    -10.887    120.074    408.525   -547.280    -10.314    -68.465     29.878
    -10.889    120.095    408.662   -547.339    -10.301    -68.496     29.807
    -10.891    120.115    408.799   -547.399    -10.288    -68.528     29.736
    -10.893    120.136    408.936   -547.458    -10.275    -68.559     29.665
    -10.895    120.157    409.073   -547.517    -10.262    -68.590     29.593
    -10.897    120.177    409.211   -547.577    -10.249    -68.621     29.521
    -10.899    120.198    409.348   -547.636    -10.235    -68.652     29.449
    -10.901    120.218    409.485   -547.694    -10.222    -68.684     29.376
    -10.903    120.238    409.623   -547.753    -10.208    -68.715     29.303
    -10.905    120.259    409.760   -547.812    -10.195    -68.746     29.230
    -10.907    120.279    409.898   -547.870    -10.181    -68.777     29.156
    -10.909    120.300    410.035   -547.928    -10.167    -68.808     29.082
    -10.911    120.320    410.173   -547.986    -10.153    -68.839     29.007
    -10.913    120.340    410.311   -548.044    -10.139    -68.870     28.933
    -10.915    120.360    410.448   -548.102    -10.125    -68.901     28.857
    -10.917    120.381    410.586   -548.160    -10.111    -68.932     28.782
    -10.919    120.401    410.724   -548.217    -10.097    -68.963     28.706
    -10.921    120.421    410.862   -548.275    -10.082    -68.993     28.630
    -10.923    120.441    411.000   -548.332    -10.068    -69.024     28.553
    -10.925    120.461    411.138   -548.389    -10.053    -69.055     28.476
    -10.927    120.481    411.276   -548.446    -10.038    -69.086     28.399
    -10.929    120.501    411.415   -548.502    -10.023    -69.116     28.321
    -10.931    120.522    411.553   -548.559    -10.009    -69.147     28.243
    -10.933    120.542    411.691   -548.615     -9.993    -69.177     28.164
    -10.935    120.561    411.830   -548.672     -9.978    -69.208     28.085
    -10.937    120.581    411.968   -548.728     -9.963    -69.238     28.006
    -10.939    120.601    412.106   -548.784     -9.948    -69.268     27.926
    -10.941    120.621    412.245   -548.839     -9.932    -69.299     27.846
    -10.943    120.641    412.384   -548.895     -9.916    -69.329     27.765
    -10.945    120.661    412.522   -548.950     -9.901    -69.359     27.684
    -10.947    120.681    412.661   -549.006     -9.885    -69.389     27.603
    -10.949    120.700    412.800   -549.061     -9.869    -69.419     27.521
    -10.951    120.720    412.939   -549.116     -9.853    -69.449     27.439
    -10.953    120.740    413.078   -549.171     -9.837    -69.479     27.357
    -10.955    120.759    413.217   -549.225     -9.820    -69.509     27.273
    -10.957    120.779    413.356   -549.280     -9.804    -69.539     27.190
    -10.959    120.799    413.495   -549.334     -9.787    -69.568     27.106
    -10.961    120.818    413.634   -549.388     -9.770    -69.598     27.022
    -10.963    120.838    413.773   -549.442     -9.754    -69.627     26.937
    -10.965    120.857    413.913   -549.496     -9.737    -69.657     26.852
    -10.967    120.877    414.052   -549.549     -9.719    -69.686     26.766
    -10.969    120.896    414.191   -549.603     -9.702    -69.715     26.680
    -10.971    120.916    414.331   -549.656     -9.685    -69.745     26.594
    -10.973    120.935    414.470   -549.709     -9.667    -69.774     26.507
    -10.975    120.954    414.610   -549.762     -9.650    -69.803     26.419
    -10.977    120.973    414.749   -549.815     -9.632    -69.831     26.331
    -10.979    120.993    414.889   -549.868     -9.614    -69.860     26.243
    -10.981    121.012    415.029   -549.920     -9.596    -69.889     26.154
    -10.983    121.031    415.169   -549.972     -9.578    -69.917     26.065
    -10.985    121.050    415.309   -550.024     -9.560    -69.946     25.975
    -10.987    121.069    415.448   -550.076     -9.541    -69.974     25.885
    -10.989    121.088    415.588   -550.128     -9.522    -70.002     25.794
    -10.991    121.107    415.728   -550.179     -9.504    -70.030     25.703
    -10.993    121.126    415.869   -550.231     -9.485    -70.058     25.612
    -10.995    121.145    416.009   -550.282     -9.466    -70.086     25.519
    -10.997    121.164    416.149   -550.333     -9.447    -70.114     25.427
    -10.999    121.183    416.289   -550.383     -9.427    -70.141     25.334
    -11.001    121.202    416.429   -550.434     -9.408    -70.169     25.240
    -11.003    121.221    416.570   -550.484     -9.388    -70.196     25.146
    -11.005    121.240    416.710   -550.535     -9.368    -70.223     25.051
    -11.007    121.258    416.851   -550.585     -9.348    -70.250     24.956
    -11.009    121.277    416.991   -550.634     -9.328    -70.277     24.860
    -11.011    121.296    417.132   -550.684     -9.308    -70.304     24.764
    -11.013    121.314    417.272   -550.733     -9.287    -70.330     24.668
    -11.015    121.333    417.413   -550.783     -9.267    -70.356     24.570
    -11.017    121.351    417.554   -550.832     -9.246    -70.383     24.473
    -11.019    121.370    417.695   -550.881     -9.225    -70.409     24.374
    -11.021    121.388    417.836   -550.929     -9.204    -70.434     24.275
    -11.023    121.407    417.976   -550.978     -9.183    -70.460     24.176
    -11.025    121.425    418.117   -551.026     -9.161    -70.485     24.076
    -11.027    121.443    418.258   -551.074     -9.139    -70.511     23.976
    -11.029    121.461    418.399   -551.122     -9.118    -70.536     23.875
    -11.031    121.480    418.541   -551.169     -9.096    -70.561     23.773
    -11.033    121.498    418.682   -551.217     -9.073    -70.585     23.671
    -11.035    121.516    418.823   -551.264     -9.051    -70.610     23.568
    -11.037    121.534    418.964   -551.311     -9.029    -70.634     23.465
    -11.039    121.552    419.105   -551.358     -9.006    -70.658     23.361
    -11.041    121.570    419.247   -551.405     -8.983    -70.682     23.257
    -11.043    121.588    419.388   -551.451     -8.960    -70.705     23.152
    -11.045    121.606    419.530   -551.497     -8.936    -70.729     23.046
    -11.047    121.624    419.671   -551.543     -8.913    -70.752     22.940
    -11.049    121.642    419.813   -551.589     -8.889    -70.775     22.833
    -11.051    121.659    419.954   -551.635     -8.865    -70.797     22.726
    -11.053    121.677    420.096   -551.680     -8.841    -70.820     22.618
    -11.055    121.695    420.237   -551.725     -8.817    -70.842     22.509
    -11.057    121.712    420.379   -551.770     -8.793    -70.864     22.400
    -11.059    121.730    420.521   -551.815     -8.768    -70.885     22.290
    -11.061    121.747    420.663   -551.859     -8.743    -70.906     22.180
    -11.063    121.765    420.804   -551.903     -8.718    -70.927     22.069
    -11.065    121.782    420.946   -551.947     -8.692    -70.948     21.957
    -11.067    121.800    421.088   -551.991     -8.667    -70.969     21.845
    -11.069    121.817    421.230   -552.035     -8.641    -70.989     21.732
    -11.071    121.834    421.372   -552.078     -8.615    -71.008     21.619
    -11.073    121.851    421.514   -552.121     -8.589    -71.028     21.504
    -11.075    121.868    421.656   -552.164     -8.563    -71.047     21.390
    -11.077    121.886    421.798   -552.207     -8.536    -71.066     21.274
    -11.079    121.903    421.941   -552.249     -8.509    -71.084     21.158
    -11.081    121.920    422.083   -552.291     -8.482    -71.102     21.041
    -11.083    121.937    422.225   -552.333     -8.455    -71.120     20.924
    -11.085    121.953    422.367   -552.375     -8.427    -71.138     20.806
    -11.087    121.970    422.510   -552.417     -8.399    -71.155     20.687
    -11.089    121.987    422.652   -552.458     -8.371    -71.171     20.567
    -11.091    122.004    422.794   -552.499     -8.343    -71.188     20.447
    -11.093    122.020    422.937   -552.540     -8.314    -71.203     20.326
    -11.095    122.037    423.079   -552.580     -8.286    -71.219     20.205
    -11.097    122.054    423.222   -552.620     -8.257    -71.234     20.083
    -11.099    122.070    423.364   -552.660     -8.227    -71.249     19.960
    -11.101    122.086    423.507   -552.700     -8.198    -71.263     19.836
    -11.103    122.103    423.649   -552.740     -8.168    -71.277     19.712
    -11.105    122.119    423.792   -552.779     -8.138    -71.290     19.587
    -11.107    122.135    423.934   -552.818     -8.108    -71.303     19.461
    -11.109    122.152    424.077   -552.857     -8.077    -71.315     19.335
    -11.111    122.168    424.219   -552.896     -8.046    -71.327     19.208
    -11.113    122.184    424.362   -552.934     -8.015    -71.338     19.080
    -11.115    122.200    424.505   -552.972     -7.984    -71.349     18.951
    -11.117    122.216    424.648   -553.010     -7.952    -71.360     18.822
    -11.119    122.232    424.790   -553.047     -7.920    -71.370     18.692
    -11.121    122.247    424.933   -553.084     -7.888    -71.379     18.561
    -11.123    122.263    425.076   -553.121     -7.855    -71.388     18.429
    -11.125    122.279    425.219   -553.158     -7.822    -71.396     18.297
    -11.127    122.294    425.361   -553.195     -7.789    -71.404     18.164
    -11.129    122.310    425.504   -553.231     -7.756    -71.411     18.030
    -11.131    122.325    425.647   -553.267     -7.722    -71.417     17.896
    -11.133    122.341    425.790   -553.302     -7.688    -71.423     17.761
    -11.135    122.356    425.933   -553.338     -7.654    -71.429     17.625
    -11.137    122.371    426.076   -553.373     -7.619    -71.433     17.488
    -11.139    122.387    426.218   -553.408     -7.584    -71.437     17.350
    -11.141    122.402    426.361   -553.442     -7.549    -71.441     17.212
    -11.143    122.417    426.504   -553.477     -7.514    -71.444     17.073
    -11.145    122.432    426.647   -553.511     -7.478    -71.446     16.933
    -11.147    122.447    426.790   -553.544     -7.442    -71.447     16.793
    -11.149    122.462    426.933   -553.578     -7.405    -71.448     16.651
    -11.151    122.476    427.076   -553.611     -7.368    -71.448     16.509
    -11.153    122.491    427.219   -553.644     -7.331    -71.447     16.366
    -11.155    122.506    427.362   -553.676     -7.294    -71.445     16.223
    -11.157    122.520    427.504   -553.709     -7.256    -71.443     16.078
    -11.159    122.535    427.647   -553.741     -7.218    -71.440     15.933
    -11.161    122.549    427.790   -553.772     -7.179    -71.436     15.787
    -11.163    122.563    427.933   -553.804     -7.141    -71.432     15.640
    -11.165    122.578    428.076   -553.835     -7.102    -71.426     15.492
    -11.167    122.592    428.219   -553.866     -7.062    -71.420     15.344
    -11.169    122.606    428.362   -553.896     -7.022    -71.413     15.195
    -11.171    122.620    428.504   -553.927     -6.982    -71.405     15.045
    -11.173    122.634    428.647   -553.956     -6.941    -71.396     14.894
    -11.175    122.648    428.790   -553.986     -6.901    -71.386     14.743
    -11.177    122.661    428.933   -554.015     -6.859    -71.375     14.591
    -11.179    122.675    429.076   -554.044     -6.818    -71.363     14.438
    -11.181    122.689    429.218   -554.073     -6.776    -71.351     14.284
    -11.183    122.702    429.361   -554.102     -6.733    -71.337     14.129
    -11.185    122.716    429.504   -554.130     -6.691    -71.322     13.974
    -11.187    122.729    429.646   -554.157     -6.647    -71.307     13.818
    -11.189    122.742    429.789   -554.185     -6.604    -71.290     13.661
    -11.191    122.755    429.931   -554.212     -6.560    -71.272     13.503
    -11.193    122.768    430.074   -554.239     -6.516    -71.253     13.345
    -11.195    122.781    430.216   -554.265     -6.471    -71.234     13.186
    -11.197    122.794    430.359   -554.292     -6.426    -71.213     13.026
    -11.199    122.807    430.501   -554.318     -6.381    -71.190     12.865
    -11.201    122.820    430.644   -554.343     -6.335    -71.167     12.704
    -11.203    122.833    430.786   -554.368     -6.289    -71.143     12.541
    -11.205    122.845    430.928   -554.393     -6.242    -71.117     12.379
    -11.207    122.857    431.070   -554.418     -6.195    -71.090     12.215
    -11.209    122.870    431.213   -554.442     -6.148    -71.062     12.051
    -11.211    122.882    431.355   -554.466     -6.100    -71.033     11.886
    -11.213    122.894    431.497   -554.490     -6.052    -71.002     11.720
    -11.215    122.906    431.639   -554.513     -6.003    -70.970     11.553
    -11.217    122.918    431.781   -554.536     -5.954    -70.937     11.386
    -11.219    122.930    431.922   -554.559     -5.905    -70.902     11.218
    -11.221    122.942    432.064   -554.581     -5.855    -70.866     11.050
    -11.223    122.954    432.206   -554.603     -5.805    -70.829     10.881
    -11.225    122.965    432.347   -554.624     -5.754    -70.790     10.711
    -11.227    122.977    432.489   -554.646     -5.703    -70.750     10.540
    -11.229    122.988    432.630   -554.667     -5.652    -70.708     10.369
    -11.231    122.999    432.772   -554.687     -5.600    -70.665     10.198
    -11.233    123.010    432.913   -554.707     -5.547    -70.620     10.025
    -11.235    123.021    433.054   -554.727     -5.495    -70.574      9.852
    -11.237    123.032    433.195   -554.747     -5.441    -70.526      9.679
    -11.239    123.043    433.336   -554.766     -5.388    -70.477      9.505
    -11.241    123.054    433.477   -554.785     -5.334    -70.426      9.330
    -11.243    123.064    433.618   -554.803     -5.280    -70.374      9.155
    -11.245    123.075    433.759   -554.821     -5.225    -70.320      8.979
    -11.247    123.085    433.899   -554.839     -5.169    -70.264      8.803
    -11.249    123.096    434.040   -554.857     -5.114    -70.206      8.627
    -11.251    123.106    434.180   -554.874     -5.058    -70.147      8.449
    -11.253    123.116    434.320   -554.890     -5.001    -70.086      8.272
    -11.255    123.126    434.461   -554.907     -4.944    -70.023      8.094
    -11.257    123.136    434.601   -554.923     -4.887    -69.958      7.916
    -11.259    123.145    434.740   -554.938     -4.829    -69.892      7.737
    -11.261    123.155    434.880   -554.954     -4.771    -69.824      7.558
    -11.263    123.164    435.020   -554.969     -4.713    -69.754      7.378
    -11.265    123.174    435.159   -554.983     -4.654    -69.682      7.198
    -11.267    123.183    435.298   -554.997     -4.594    -69.608      7.018
    -11.269    123.192    435.438   -555.011     -4.535    -69.532      6.838
    -11.271    123.201    435.577   -555.025     -4.474    -69.454      6.658
    -11.273    123.210    435.715   -555.038     -4.414    -69.374      6.477
    -11.275    123.219    435.854   -555.051     -4.353    -69.293      6.296
    -11.277    123.227    435.993   -555.063     -4.292    -69.209      6.115
    -11.279    123.236    436.131   -555.075     -4.230    -69.123      5.934
    -11.281    123.244    436.269   -555.087     -4.168    -69.035      5.752
    -11.283    123.253    436.407   -555.098     -4.105    -68.945      5.571
    -11.285    123.261    436.545   -555.109     -4.043    -68.853      5.390
    -11.287    123.269    436.682   -555.120     -3.979    -68.759      5.209
    -11.289    123.277    436.820   -555.130     -3.916    -68.662      5.027
    -11.291    123.284    436.957   -555.140     -3.852    -68.564      4.846
    -11.293    123.292    437.094   -555.149     -3.788    -68.463      4.665
    -11.295    123.300    437.231   -555.158     -3.723    -68.360      4.484
    -11.297    123.307    437.368   -555.167     -3.658    -68.255      4.303
    -11.299    123.314    437.504   -555.176     -3.593    -68.148      4.123
    -11.301    123.321    437.640   -555.184     -3.527    -68.038      3.943
    -11.303    123.328    437.776   -555.191     -3.461    -67.927      3.763
    -11.305    123.335    437.912   -555.199     -3.395    -67.812      3.583
    -11.307    123.342    438.047   -555.206     -3.329    -67.696      3.404
    -11.309    123.349    438.183   -555.212     -3.262    -67.577      3.225
    -11.311    123.355    438.318   -555.219     -3.195    -67.456      3.047
    -11.313    123.361    438.452   -555.225     -3.128    -67.333      2.869
    -11.315    123.368    438.587   -555.230     -3.060    -67.208      2.692
    -11.317    123.374    438.721   -555.235     -2.993    -67.080      2.516
    -11.319    123.379    438.855   -555.240     -2.925    -66.949      2.340
    -11.321    123.385    438.989   -555.245     -2.856    -66.817      2.165
    -11.323    123.391    439.123   -555.249     -2.788    -66.682      1.990
    -11.325    123.396    439.256   -555.253     -2.719    -66.545      1.817
    -11.327    123.402    439.389   -555.256     -2.650    -66.405      1.644
    -11.329    123.407    439.521   -555.259     -2.581    -66.263      1.472
    -11.331    123.412    439.654   -555.262     -2.512    -66.119      1.301
    -11.333    123.417    439.786   -555.264     -2.443    -65.972      1.131
    -11.335    123.422    439.918   -555.267     -2.374    -65.823      0.962
    -11.337    123.427    440.049   -555.268     -2.304    -65.672      0.795
    -11.339    123.431    440.180   -555.270     -2.234    -65.518      0.628
    -11.341    123.436    440.311   -555.271     -2.165    -65.362      0.463
    -11.343    123.440    440.442   -555.272     -2.095    -65.204      0.298
    -11.345    123.444    440.572   -555.272     -2.025    -65.044      0.135
    -11.347    123.448    440.702   -555.272     -1.955    -64.881     -0.026
    -11.349    123.452    440.832   -555.272     -1.885    -64.716     -0.186
    -11.351    123.455    440.961   -555.271     -1.815    -64.549     -0.345
    -11.353    123.459    441.090   -555.271     -1.745    -64.379     -0.502
    -11.355    123.462    441.218   -555.269     -1.675    -64.207     -0.658
    -11.357    123.466    441.347   -555.268     -1.605    -64.034     -0.812
    -11.359    123.469    441.474   -555.266     -1.536    -63.858     -0.964
    -11.361    123.472    441.602   -555.264     -1.466    -63.679     -1.115
    -11.363    123.475    441.729   -555.262     -1.396    -63.499     -1.264
    -11.365    123.477    441.856   -555.259     -1.327    -63.317     -1.411
    -11.367    123.480    441.982   -555.256     -1.257    -63.133     -1.557
    -11.369    123.482    442.109   -555.253     -1.188    -62.946     -1.700
    -11.371    123.485    442.234   -555.249     -1.119    -62.758     -1.842
    -11.373    123.487    442.360   -555.245     -1.050    -62.568     -1.981
    -11.375    123.489    442.484   -555.241     -0.981    -62.375     -2.119
    -11.377    123.491    442.609   -555.237     -0.912    -62.181     -2.254
    -11.379    123.493    442.733   -555.232     -0.844    -61.985     -2.388
    -11.381    123.494    442.857   -555.227     -0.776    -61.788     -2.519
    -11.383    123.496    442.980   -555.222     -0.708    -61.588     -2.648
    -11.385    123.497    443.103   -555.217     -0.640    -61.387     -2.775
    -11.387    123.498    443.226   -555.211     -0.573    -61.184     -2.900
    -11.389    123.499    443.348   -555.205     -0.506    -60.980     -3.022
    -11.391    123.500    443.470   -555.199     -0.439    -60.774     -3.143
    -11.393    123.501    443.591   -555.193     -0.373    -60.566     -3.260
    -11.395    123.502    443.712   -555.186     -0.307    -60.358     -3.376
    -11.397    123.502    443.833   -555.179     -0.242    -60.147     -3.489
    -11.399    123.503    443.953   -555.172     -0.176    -59.935     -3.599
    -11.401    123.503    444.072   -555.165     -0.112    -59.722     -3.707
    -11.403    123.503    444.192   -555.157     -0.047    -59.508     -3.813
    -11.405    123.503    444.310   -555.149      0.017    -59.293     -3.916
    -11.407    123.503    444.429   -555.142      0.080    -59.076     -4.017
    -11.409    123.503    444.547   -555.133      0.143    -58.858     -4.115
    -11.411    123.503    444.664   -555.125      0.206    -58.639     -4.210
    -11.413    123.502    444.781   -555.117      0.268    -58.420     -4.303
    -11.415    123.501    444.898   -555.108      0.329    -58.199     -4.393
    -11.417    123.501    445.014   -555.099      0.390    -57.977     -4.481
    -11.419    123.500    445.130   -555.090      0.451    -57.755     -4.566
    -11.421    123.499    445.245   -555.081      0.510    -57.532     -4.649
    -11.423    123.498    445.360   -555.071      0.570    -57.308     -4.728
    -11.425    123.497    445.474   -555.062      0.628    -57.083     -4.806
    -11.427    123.495    445.588   -555.052      0.687    -56.858     -4.880
    -11.429    123.494    445.702   -555.042      0.744    -56.633     -4.952
    -11.431    123.492    445.815   -555.032      0.801    -56.407     -5.021
    -11.433    123.491    445.927   -555.022      0.858    -56.180     -5.088
    -11.435    123.489    446.039   -555.012      0.913    -55.954     -5.152
    -11.437    123.487    446.151   -555.002      0.968    -55.726     -5.213
    -11.439    123.485    446.262   -554.991      1.023    -55.499     -5.272
    -11.441    123.483    446.373   -554.981      1.077    -55.272     -5.328
    -11.443    123.481    446.483   -554.970      1.130    -55.044     -5.381
    -11.445    123.478    446.593   -554.959      1.182    -54.816     -5.432
    -11.447    123.476    446.703   -554.948      1.234    -54.589     -5.481
    -11.449    123.474    446.812   -554.937      1.285    -54.361     -5.526
    -11.451    123.471    446.920   -554.926      1.336    -54.133     -5.569
    -11.453    123.468    447.028   -554.915      1.386    -53.906     -5.610
    -11.455    123.465    447.136   -554.904      1.435    -53.679     -5.648
    -11.457    123.462    447.243   -554.892      1.483    -53.452     -5.684
    -11.459    123.459    447.350   -554.881      1.531    -53.225     -5.717
    -11.461    123.456    447.456   -554.869      1.578    -52.999     -5.747
    -11.463    123.453    447.562   -554.858      1.624    -52.773     -5.776
    -11.465    123.450    447.667   -554.846      1.670    -52.547     -5.801
    -11.467    123.446    447.772   -554.835      1.715    -52.322     -5.825
    -11.469    123.443    447.876   -554.823      1.759    -52.097     -5.846
    -11.471    123.439    447.980   -554.811      1.803    -51.874     -5.864
    -11.473    123.436    448.084   -554.800      1.846    -51.650     -5.881
    -11.475    123.432    448.187   -554.788      1.888    -51.427     -5.895
    -11.477    123.428    448.289   -554.776      1.929    -51.205     -5.907
    -11.479    123.424    448.392   -554.764      1.970    -50.984     -5.916
    -11.481    123.420    448.493   -554.752      2.010    -50.764     -5.924
    -11.483    123.416    448.595   -554.740      2.049    -50.544     -5.929
    -11.485    123.412    448.696   -554.729      2.088    -50.325     -5.932
    -11.487    123.408    448.796   -554.717      2.126    -50.107     -5.933
    -11.489    123.404    448.896   -554.705      2.163    -49.890     -5.932
    -11.491    123.399    448.996   -554.693      2.200    -49.674     -5.928
    -11.493    123.395    449.095   -554.681      2.236    -49.459     -5.923
    -11.495    123.390    449.193   -554.669      2.271    -49.245     -5.915
    -11.497    123.386    449.292   -554.657      2.305    -49.031     -5.906
    -11.499    123.381    449.389   -554.646      2.339    -48.819     -5.894
    -11.501    123.376    449.487   -554.634      2.372    -48.608     -5.881
    -11.503    123.372    449.584   -554.622      2.405    -48.399     -5.866
    -11.505    123.367    449.680   -554.610      2.437    -48.190     -5.849
    -11.507    123.362    449.777   -554.599      2.468    -47.982     -5.831
    -11.509    123.357    449.872   -554.587      2.499    -47.776     -5.810
    -11.511    123.352    449.968   -554.576      2.528    -47.571     -5.789
    -11.513    123.347    450.063   -554.564      2.558    -47.367     -5.765
    -11.515    123.342    450.157   -554.552      2.586    -47.164     -5.740
    -11.517    123.336    450.251   -554.541      2.614    -46.962     -5.713
    -11.519    123.331    450.345   -554.530      2.642    -46.762     -5.685
    -11.521    123.326    450.438   -554.518      2.669    -46.563     -5.655
    -11.523    123.321    450.531   -554.507      2.695    -46.365     -5.623
    -11.525    123.315    450.624   -554.496      2.720    -46.169     -5.591
    -11.527    123.310    450.716   -554.485      2.745    -45.974     -5.556
    -11.529    123.304    450.808   -554.474      2.770    -45.780     -5.521
    -11.531    123.299    450.899   -554.463      2.794    -45.588     -5.484
    -11.533    123.293    450.990   -554.452      2.817    -45.396     -5.446
    -11.535    123.287    451.081   -554.441      2.840    -45.207     -5.406
    -11.537    123.282    451.171   -554.430      2.862    -45.018     -5.366
    -11.539    123.276    451.261   -554.419      2.883    -44.831     -5.324
    -11.541    123.270    451.350   -554.409      2.904    -44.646     -5.281
    -11.543    123.264    451.439   -554.398      2.925    -44.461     -5.236
    -11.545    123.258    451.528   -554.388      2.945    -44.278     -5.191
    -11.547    123.252    451.616   -554.377      2.964    -44.097     -5.145
    -11.549    123.246    451.705   -554.367      2.983    -43.917     -5.097
    -11.551    123.240    451.792   -554.357      3.002    -43.738     -5.048
    -11.553    123.234    451.879   -554.347      3.020    -43.560     -4.999
    -11.555    123.228    451.966   -554.337      3.037    -43.384     -4.948
    -11.557    123.222    452.053   -554.327      3.054    -43.210     -4.897
    -11.559    123.216    452.139   -554.317      3.071    -43.036     -4.845
    -11.561    123.210    452.225   -554.308      3.087    -42.864     -4.791
    -11.563    123.204    452.311   -554.298      3.102    -42.694     -4.737
    -11.565    123.198    452.396   -554.289      3.117    -42.525     -4.682
    -11.567    123.191    452.481   -554.280      3.132    -42.357     -4.626
    -11.569    123.185    452.565   -554.270      3.146    -42.191     -4.570
    -11.571    123.179    452.650   -554.261      3.160    -42.026     -4.512
    -11.573    123.172    452.733   -554.252      3.173    -41.862     -4.454
    -11.575    123.166    452.817   -554.243      3.186    -41.700     -4.396
    -11.577    123.160    452.900   -554.235      3.199    -41.539     -4.336
    -11.579    123.153    452.983   -554.226      3.211    -41.379     -4.276
    -11.581    123.147    453.066   -554.218      3.223    -41.221     -4.215
    -11.583    123.140    453.148   -554.209      3.234    -41.064     -4.154
    -11.585    123.134    453.230   -554.201      3.245    -40.908     -4.092
    -11.587    123.127    453.312   -554.193      3.256    -40.754     -4.029
    -11.589    123.121    453.393   -554.185      3.266    -40.601     -3.966
    -11.591    123.114    453.474   -554.177      3.276    -40.450     -3.903
    -11.593    123.108    453.555   -554.169      3.285    -40.299     -3.839
    -11.595    123.101    453.635   -554.162      3.294    -40.150     -3.774
    -11.597    123.095    453.715   -554.154      3.303    -40.003     -3.709
    -11.599    123.088    453.795   -554.147      3.311    -39.856     -3.643
    -11.601    123.081    453.875   -554.140      3.319    -39.711     -3.577
    -11.603    123.075    453.954   -554.133      3.327    -39.567     -3.511
    -11.605    123.068    454.033   -554.126      3.335    -39.425     -3.444
    -11.607    123.061    454.112   -554.119      3.342    -39.283     -3.377
    -11.609    123.055    454.190   -554.112      3.349    -39.143     -3.309
    -11.611    123.048    454.268   -554.106      3.355    -39.004     -3.241
    -11.613    123.041    454.346   -554.099      3.361    -38.867     -3.173
    -11.615    123.035    454.424   -554.093      3.367    -38.730     -3.104
    -11.617    123.028    454.501   -554.087      3.373    -38.595     -3.035
    -11.619    123.021    454.578   -554.081      3.378    -38.461     -2.966
    -11.621    123.014    454.655   -554.075      3.383    -38.328     -2.897
    -11.623    123.008    454.732   -554.069      3.388    -38.196     -2.827
    -11.625    123.001    454.808   -554.064      3.392    -38.066     -2.757
    -11.627    122.994    454.884   -554.058      3.397    -37.937     -2.687
    -11.629    122.987    454.960   -554.053      3.401    -37.808     -2.616
    -11.631    122.980    455.035   -554.048      3.404    -37.681     -2.546
    -11.633    122.974    455.110   -554.043      3.408    -37.555     -2.475
    -11.635    122.967    455.185   -554.038      3.411    -37.431     -2.404
    -11.637    122.960    455.260   -554.033      3.414    -37.307     -2.333
    -11.639    122.953    455.335   -554.028      3.417    -37.184     -2.261
    -11.641    122.946    455.409   -554.024      3.420    -37.063     -2.190
    -11.643    122.939    455.483   -554.020      3.422    -36.943     -2.118
    -11.645    122.933    455.557   -554.015      3.424    -36.823     -2.046
    -11.647    122.926    455.630   -554.011      3.426    -36.705     -1.974
    -11.649    122.919    455.703   -554.008      3.428    -36.588     -1.902
    -11.651    122.912    455.776   -554.004      3.429    -36.472     -1.830
    -11.653    122.905    455.849   -554.000      3.430    -36.357     -1.758
    -11.655    122.898    455.922   -553.997      3.431    -36.242     -1.686
    -11.657    122.891    455.994   -553.993      3.432    -36.129     -1.613
    -11.659    122.885    456.066   -553.990      3.433    -36.017     -1.541
    -11.661    122.878    456.138   -553.987      3.433    -35.906     -1.469
    -11.663    122.871    456.210   -553.984      3.434    -35.796     -1.396
    -11.665    122.864    456.281   -553.982      3.434    -35.687     -1.323
    -11.667    122.857    456.353   -553.979      3.434    -35.579     -1.251
    -11.669    122.850    456.424   -553.977      3.434    -35.472     -1.178
    -11.671    122.843    456.495   -553.974      3.433    -35.366     -1.106
    -11.673    122.836    456.565   -553.972      3.433    -35.260     -1.033
    -11.675    122.830    456.636   -553.970      3.432    -35.156     -0.960
    -11.677    122.823    456.706   -553.968      3.431    -35.053     -0.888
    -11.679    122.816    456.776   -553.967      3.430    -34.950     -0.815
    -11.681    122.809    456.846   -553.965      3.429    -34.849     -0.743
    -11.683    122.802    456.915   -553.964      3.428    -34.748     -0.670
    -11.685    122.795    456.985   -553.963      3.426    -34.648     -0.597
    -11.687    122.788    457.054   -553.961      3.425    -34.549     -0.525
    -11.689    122.782    457.123   -553.960      3.423    -34.451     -0.453
    -11.691    122.775    457.192   -553.960      3.421    -34.354     -0.380
    -11.693    122.768    457.260   -553.959      3.419    -34.257     -0.308
    -11.695    122.761    457.329   -553.958      3.417    -34.162     -0.235
    -11.697    122.754    457.397   -553.958      3.414    -34.067     -0.163
    -11.699    122.747    457.465   -553.958      3.412    -33.973     -0.091
    -11.701    122.741    457.533   -553.958      3.409    -33.880     -0.019
    -11.703    122.734    457.601   -553.958      3.407    -33.788      0.053
    -11.705    122.727    457.668   -553.958      3.404    -33.697      0.125
    -11.707    122.720    457.735   -553.958      3.401    -33.606      0.197
    -11.709    122.713    457.802   -553.959      3.398    -33.516      0.269
    -11.711    122.707    457.869   -553.959      3.395    -33.427      0.340
    -11.713    122.700    457.936   -553.960      3.392    -33.339      0.412
    -11.715    122.693    458.003   -553.961      3.388    -33.251      0.483
    -11.717    122.686    458.069   -553.962      3.385    -33.165      0.555
    -11.719    122.680    458.135   -553.963      3.382    -33.079      0.626
    -11.721    122.673    458.201   -553.964      3.378    -32.993      0.697
    -11.723    122.666    458.267   -553.966      3.374    -32.909      0.768
    -11.725    122.659    458.333   -553.967      3.370    -32.825      0.839
    -11.727    122.653    458.399   -553.969      3.366    -32.742      0.910
    -11.729    122.646    458.464   -553.971      3.362    -32.659      0.981
    -11.731    122.639    458.529   -553.973      3.358    -32.578      1.051
    -11.733    122.632    458.594   -553.975      3.354    -32.497      1.122
    -11.735    122.626    458.659   -553.978      3.350    -32.416      1.192
    -11.737    122.619    458.724   -553.980      3.346    -32.336      1.262
    -11.739    122.612    458.789   -553.983      3.341    -32.257      1.332
    -11.741    122.606    458.853   -553.985      3.337    -32.179      1.402
    -11.743    122.599    458.917   -553.988      3.332    -32.101      1.472
    -11.745    122.592    458.981   -553.991      3.327    -32.024      1.541
    -11.747    122.586    459.045   -553.994      3.323    -31.948      1.611
    -11.749    122.579    459.109   -553.998      3.318    -31.872      1.680
    -11.751    122.572    459.173   -554.001      3.313    -31.797      1.749
    -11.753    122.566    459.236   -554.005      3.308    -31.723      1.818
    -11.755    122.559    459.300   -554.008      3.303    -31.649      1.887
    -11.757    122.553    459.363   -554.012      3.298    -31.575      1.956
    -11.759    122.546    459.426   -554.016      3.293    -31.503      2.024
    -11.761    122.539    459.489   -554.020      3.287    -31.431      2.093
    -11.763    122.533    459.552   -554.025      3.282    -31.359      2.161
    -11.765    122.526    459.615   -554.029      3.277    -31.288      2.229
    -11.767    122.520    459.677   -554.034      3.271    -31.218      2.297
    -11.769    122.513    459.739   -554.038      3.266    -31.148      2.365
    -11.771    122.507    459.802   -554.043      3.261    -31.079      2.432
    -11.773    122.500    459.864   -554.048      3.255    -31.010      2.500
    -11.775    122.494    459.926   -554.053      3.249    -30.942      2.567
    -11.777    122.487    459.987   -554.058      3.244    -30.875      2.634
    -11.779    122.481    460.049   -554.064      3.238    -30.808      2.701
    -11.781    122.474    460.111   -554.069      3.232    -30.741      2.768
    -11.783    122.468    460.172   -554.075      3.226    -30.675      2.834
    -11.785    122.461    460.233   -554.080      3.221    -30.610      2.901
    -11.787    122.455    460.295   -554.086      3.215    -30.545      2.967
    -11.789    122.448    460.356   -554.092      3.209    -30.481      3.033
    -11.791    122.442    460.416   -554.098      3.203    -30.417      3.099
    -11.793    122.436    460.477   -554.105      3.197    -30.354      3.165
    -11.795    122.429    460.538   -554.111      3.191    -30.291      3.230
    -11.797    122.423    460.598   -554.118      3.184    -30.229      3.296
    -11.799    122.416    460.659   -554.124      3.178    -30.167      3.361
    -11.801    122.410    460.719   -554.131      3.172    -30.105      3.426
    -11.803    122.404    460.779   -554.138      3.166    -30.045      3.491
    -11.805    122.397    460.839   -554.145      3.160    -29.984      3.555
    -11.807    122.391    460.899   -554.152      3.153    -29.924      3.620
    -11.809    122.385    460.959   -554.159      3.147    -29.865      3.684
    -11.811    122.379    461.019   -554.167      3.140    -29.806      3.748
    -11.813    122.372    461.078   -554.174      3.134    -29.747      3.812
    -11.815    122.366    461.138   -554.182      3.128    -29.689      3.876
    -11.817    122.360    461.197   -554.190      3.121    -29.631      3.940
    -11.819    122.353    461.256   -554.198      3.115    -29.574      4.003
    -11.821    122.347    461.315   -554.206      3.108    -29.518      4.066
    -11.823    122.341    461.374   -554.214      3.102    -29.461      4.129
    -11.825    122.335    461.433   -554.222      3.095    -29.405      4.192
    -11.827    122.329    461.492   -554.231      3.088    -29.350      4.255
    -11.829    122.323    461.550   -554.239      3.082    -29.295      4.318
    -11.831    122.316    461.609   -554.248      3.075    -29.240      4.380
    -11.833    122.310    461.667   -554.257      3.068    -29.186      4.442
    -11.835    122.304    461.726   -554.266      3.062    -29.132      4.504
    -11.837    122.298    461.784   -554.275      3.055    -29.079      4.566
    -11.839    122.292    461.842   -554.284      3.048    -29.026      4.628
    -11.841    122.286    461.900   -554.294      3.041    -28.973      4.689
    -11.843    122.280    461.958   -554.303      3.034    -28.921      4.750
    -11.845    122.274    462.016   -554.313      3.028    -28.869      4.811
    -11.847    122.268    462.073   -554.322      3.021    -28.818      4.872
    -11.849    122.262    462.131   -554.332      3.014    -28.766      4.933
    -11.851    122.256    462.189   -554.342      3.007    -28.716      4.994
    -11.853    122.250    462.246   -554.352      3.000    -28.665      5.054
    -11.855    122.244    462.303   -554.362      2.993    -28.615      5.114
    -11.857    122.238    462.360   -554.372      2.986    -28.566      5.174
    -11.859    122.232    462.417   -554.383      2.979    -28.517      5.234
    -11.861    122.226    462.474   -554.393      2.972    -28.468      5.294
    -11.863    122.220    462.531   -554.404      2.965    -28.419      5.353
    -11.865    122.214    462.588   -554.415      2.958    -28.371      5.413
    -11.867    122.208    462.645   -554.426      2.951    -28.323      5.472
    -11.869    122.202    462.701   -554.437      2.944    -28.276      5.531
    -11.871    122.196    462.758   -554.448      2.937    -28.229      5.590
    -11.873    122.190    462.814   -554.459      2.930    -28.182      5.648
    -11.875    122.184    462.871   -554.470      2.923    -28.136      5.707
    -11.877    122.179    462.927   -554.482      2.916    -28.089      5.765
    -11.879    122.173    462.983   -554.493      2.909    -28.044      5.823
    -11.881    122.167    463.039   -554.505      2.902    -27.998      5.881
    -11.883    122.161    463.095   -554.517      2.894    -27.953      5.939
    -11.885    122.155    463.151   -554.529      2.887    -27.908      5.996
    -11.887    122.150    463.207   -554.541      2.880    -27.864      6.054
    -11.889    122.144    463.262   -554.553      2.873    -27.819      6.111
    -11.891    122.138    463.318   -554.565      2.866    -27.776      6.168
    -11.893    122.132    463.373   -554.578      2.859    -27.732      6.225
    -11.895    122.127    463.429   -554.590      2.851    -27.689      6.281
    -11.897    122.121    463.484   -554.603      2.844    -27.646      6.337
    -11.899    122.115    463.539   -554.616      2.837    -27.604      6.393
    -11.901    122.110    463.595   -554.629      2.830    -27.562      6.449
    -11.903    122.104    463.650   -554.641      2.823    -27.520      6.504
    -11.905    122.098    463.705   -554.655      2.816    -27.479      6.560
    -11.907    122.093    463.760   -554.668      2.809    -27.438      6.615
    -11.909    122.087    463.814   -554.681      2.801    -27.397      6.669
    -11.911    122.081    463.869   -554.694      2.794    -27.357      6.724
    -11.913    122.076    463.924   -554.708      2.787    -27.317      6.778
    -11.915    122.070    463.978   -554.721      2.780    -27.278      6.832
    -11.917    122.065    464.033   -554.735      2.773    -27.238      6.886
    -11.919    122.059    464.087   -554.749      2.766    -27.199      6.939
    -11.921    122.054    464.142   -554.763      2.759    -27.161      6.992
    -11.923    122.048    464.196   -554.777      2.752    -27.122      7.045
    -11.925    122.043    464.250   -554.791      2.745    -27.084      7.098
    -11.927    122.037    464.304   -554.805      2.738    -27.047      7.150
    -11.929    122.032    464.358   -554.820      2.731    -27.009      7.203
    -11.931    122.026    464.412   -554.834      2.723    -26.972      7.255
    -11.933    122.021    464.466   -554.849      2.716    -26.936      7.307
    -11.935    122.015    464.520   -554.863      2.709    -26.899      7.358
    -11.937    122.010    464.574   -554.878      2.702    -26.863      7.410
    -11.939    122.005    464.628   -554.893      2.695    -26.827      7.461
    -11.941    121.999    464.681   -554.908      2.688    -26.791      7.512
    -11.943    121.994    464.735   -554.923      2.681    -26.756      7.562
    -11.945    121.988    464.788   -554.938      2.674    -26.721      7.613
    -11.947    121.983    464.842   -554.954      2.667    -26.686      7.663
    -11.949    121.978    464.895   -554.969      2.660    -26.652      7.713
    -11.951    121.973    464.948   -554.984      2.653    -26.618      7.763
    -11.953    121.967    465.001   -555.000      2.646    -26.584      7.812
    -11.955    121.962    465.055   -555.016      2.639    -26.550      7.862
    -11.957    121.957    465.108   -555.031      2.632    -26.516      7.911
    -11.959    121.951    465.161   -555.047      2.626    -26.483      7.960
    -11.961    121.946    465.214   -555.063      2.619    -26.450      8.009
    -11.963    121.941    465.266   -555.079      2.612    -26.418      8.057
    -11.965    121.936    465.319   -555.095      2.605    -26.385      8.105
    -11.967    121.931    465.372   -555.112      2.598    -26.353      8.153
    -11.969    121.925    465.425   -555.128      2.591    -26.321      8.201
    -11.971    121.920    465.477   -555.145      2.584    -26.290      8.249
    -11.973    121.915    465.530   -555.161      2.577    -26.258      8.296
    -11.975    121.910    465.582   -555.178      2.570    -26.227      8.344
    -11.977    121.905    465.635   -555.194      2.564    -26.196      8.391
    -11.979    121.900    465.687   -555.211      2.557    -26.166      8.438
    -11.981    121.894    465.739   -555.228      2.550    -26.135      8.484
    -11.983    121.889    465.792   -555.245      2.543    -26.105      8.531
    -11.985    121.884    465.844   -555.262      2.536    -26.075      8.577
    -11.987    121.879    465.896   -555.280      2.530    -26.045      8.623
    -11.989    121.874    465.948   -555.297      2.523    -26.016      8.669
    -11.991    121.869    466.000   -555.314      2.516    -25.986      8.715
    -11.993    121.864    466.052   -555.332      2.509    -25.957      8.760
    -11.995    121.859    466.104   -555.349      2.503    -25.928      8.805
    -11.997    121.854    466.156   -555.367      2.496    -25.900      8.850
    -11.999    121.849    466.207   -555.385      2.489    -25.871      8.895
    -12.001    121.844    466.259   -555.403      2.483    -25.843      8.940
    -12.003    121.839    466.311   -555.420      2.476    -25.815      8.984
    -12.005    121.834    466.362   -555.438      2.469    -25.787      9.029
    -12.007    121.829    466.414   -555.457      2.463    -25.759      9.073
    -12.009    121.824    466.465   -555.475      2.456    -25.732      9.117
    -12.011    121.819    466.517   -555.493      2.449    -25.705      9.161
    -12.013    121.815    466.568   -555.511      2.443    -25.678      9.204
    -12.015    121.810    466.620   -555.530      2.436    -25.651      9.248
    -12.017    121.805    466.671   -555.548      2.430    -25.624      9.291
    -12.019    121.800    466.722   -555.567      2.423    -25.598      9.334
    -12.021    121.795    466.773   -555.586      2.416    -25.571      9.377
    -12.023    121.790    466.824   -555.604      2.410    -25.545      9.420
    -12.025    121.786    466.875   -555.623      2.403    -25.520      9.462
    -12.027    121.781    466.926   -555.642      2.397    -25.494      9.505
    -12.029    121.776    466.977   -555.661      2.390    -25.468      9.547
    -12.031    121.771    467.028   -555.681      2.384    -25.443      9.589
    -12.033    121.766    467.079   -555.700      2.377    -25.418      9.631
    -12.035    121.762    467.130   -555.719      2.371    -25.393      9.672
    -12.037    121.757    467.181   -555.738      2.364    -25.368      9.714
    -12.039    121.752    467.231   -555.758      2.358    -25.344      9.755
    -12.041    121.747    467.282   -555.777      2.351    -25.319      9.796
    -12.043    121.743    467.333   -555.797      2.345    -25.295      9.837
    -12.045    121.738    467.383   -555.817      2.339    -25.271      9.878
    -12.047    121.733    467.434   -555.837      2.332    -25.247      9.919
    -12.049    121.729    467.484   -555.856      2.326    -25.223      9.959
    -12.051    121.724    467.535   -555.876      2.320    -25.199     10.000
    -12.053    121.719    467.585   -555.896      2.313    -25.176     10.040
    -12.055    121.715    467.635   -555.917      2.307    -25.153     10.080
    -12.057    121.710    467.686   -555.937      2.300    -25.130     10.120
    -12.059    121.706    467.736   -555.957      2.294    -25.107     10.159
    -12.061    121.701    467.786   -555.977      2.288    -25.084     10.199
    -12.063    121.697    467.836   -555.998      2.282    -25.061     10.238
    -12.065    121.692    467.886   -556.018      2.275    -25.039     10.278
    -12.067    121.687    467.936   -556.039      2.269    -25.016     10.317
    -12.069    121.683    467.986   -556.060      2.263    -24.994     10.356
    -12.071    121.678    468.036   -556.080      2.257    -24.972     10.394
    -12.073    121.674    468.086   -556.101      2.250    -24.950     10.433
    -12.075    121.669    468.136   -556.122      2.244    -24.929     10.471
    -12.077    121.665    468.186   -556.143      2.238    -24.907     10.510
    -12.079    121.660    468.236   -556.164      2.232    -24.886     10.548
    -12.081    121.656    468.286   -556.185      2.226    -24.864     10.586
    -12.083    121.652    468.335   -556.207      2.220    -24.843     10.624
    -12.085    121.647    468.385   -556.228      2.213    -24.822     10.661
    -12.087    121.643    468.435   -556.249      2.207    -24.801     10.699
    -12.089    121.638    468.484   -556.271      2.201    -24.780     10.737
    -12.091    121.634    468.534   -556.292      2.195    -24.760     10.774
    -12.093    121.629    468.583   -556.314      2.189    -24.739     10.811
    -12.095    121.625    468.633   -556.335      2.183    -24.719     10.848
    -12.097    121.621    468.682   -556.357      2.177    -24.699     10.885
    -12.099    121.616    468.731   -556.379      2.171    -24.679     10.922
    -12.101    121.612    468.781   -556.401      2.165    -24.659     10.958
    -12.103    121.608    468.830   -556.423      2.159    -24.639     10.995
    -12.105    121.603    468.879   -556.445      2.153    -24.619     11.031
    -12.107    121.599    468.929   -556.467      2.147    -24.600     11.067
    -12.109    121.595    468.978   -556.489      2.141    -24.581     11.103
    -12.111    121.591    469.027   -556.511      2.135    -24.561     11.139
    -12.113    121.586    469.076   -556.534      2.129    -24.542     11.175
    -12.115    121.582    469.125   -556.556      2.123    -24.523     11.210
    -12.117    121.578    469.174   -556.578      2.117    -24.504     11.246
    -12.119    121.574    469.223   -556.601      2.111    -24.485     11.281
    -12.121    121.569    469.272   -556.624      2.105    -24.467     11.316
    -12.123    121.565    469.321   -556.646      2.099    -24.448     11.351
    -12.125    121.561    469.370   -556.669      2.094    -24.430     11.386
    -12.127    121.557    469.419   -556.692      2.088    -24.411     11.421
    -12.129    121.553    469.467   -556.715      2.082    -24.393     11.456
    -12.131    121.548    469.516   -556.738      2.076    -24.375     11.490
    -12.133    121.544    469.565   -556.761      2.070    -24.357     11.525
    -12.135    121.540    469.614   -556.784      2.064    -24.339     11.559
    -12.137    121.536    469.662   -556.807      2.059    -24.322     11.593
    -12.139    121.532    469.711   -556.830      2.053    -24.304     11.627
    -12.141    121.528    469.760   -556.853      2.047    -24.286     11.661
    -12.143    121.524    469.808   -556.877      2.041    -24.269     11.695
    -12.145    121.520    469.857   -556.900      2.036    -24.252     11.729
    -12.147    121.516    469.905   -556.924      2.030    -24.234     11.762
    -12.149    121.512    469.954   -556.947      2.024    -24.217     11.796
    -12.151    121.508    470.002   -556.971      2.019    -24.200     11.829
    -12.153    121.503    470.050   -556.994      2.013    -24.183     11.862
    -12.155    121.499    470.099   -557.018      2.007    -24.167     11.895
    -12.157    121.495    470.147   -557.042      2.002    -24.150     11.928
    -12.159    121.491    470.195   -557.066      1.996    -24.133     11.961
    -12.161    121.487    470.244   -557.090      1.990    -24.117     11.994
    -12.163    121.483    470.292   -557.114      1.985    -24.101     12.027
    -12.165    121.480    470.340   -557.138      1.979    -24.084     12.059
    -12.167    121.476    470.388   -557.162      1.973    -24.068     12.091
    -12.169    121.472    470.436   -557.186      1.968    -24.052     12.124
    -12.171    121.468    470.484   -557.211      1.962    -24.036     12.156
    -12.173    121.464    470.532   -557.235      1.957    -24.020     12.188
    -12.175    121.460    470.580   -557.259      1.951    -24.005     12.220
    -12.177    121.456    470.628   -557.284      1.946    -23.989     12.252
    -12.179    121.452    470.676   -557.308      1.940    -23.973     12.283
    -12.181    121.448    470.724   -557.333      1.935    -23.958     12.315
    -12.183    121.444    470.772   -557.358      1.929    -23.942     12.346
    -12.185    121.441    470.820   -557.382      1.924    -23.927     12.378
    -12.187    121.437    470.868   -557.407      1.918    -23.912     12.409
    -12.189    121.433    470.916   -557.432      1.913    -23.897     12.440
    -12.191    121.429    470.963   -557.457      1.907    -23.882     12.471
    -12.193    121.425    471.011   -557.482      1.902    -23.867     12.502
    -12.195    121.421    471.059   -557.507      1.897    -23.852     12.533
    -12.197    121.418    471.107   -557.532      1.891    -23.837     12.563
    -12.199    121.414    471.154   -557.557      1.886    -23.822     12.594
    -12.201    121.410    471.202   -557.582      1.880    -23.808     12.624
    -12.203    121.406    471.250   -557.608      1.875    -23.793     12.655
    -12.205    121.403    471.297   -557.633      1.870    -23.779     12.685
    -12.207    121.399    471.345   -557.658      1.864    -23.765     12.715
    -12.209    121.395    471.392   -557.684      1.859    -23.750     12.745
    -12.211    121.391    471.440   -557.709      1.854    -23.736     12.775
    -12.213    121.388    471.487   -557.735      1.848    -23.722     12.805
    -12.215    121.384    471.535   -557.761      1.843    -23.708     12.835
    -12.217    121.380    471.582   -557.786      1.838    -23.694     12.865
    -12.219    121.377    471.629   -557.812      1.833    -23.680     12.894
    -12.221    121.373    471.677   -557.838      1.827    -23.666     12.924
    -12.223    121.369    471.724   -557.864      1.822    -23.653     12.953
    -12.225    121.366    471.771   -557.890      1.817    -23.639     12.982
    -12.227    121.362    471.819   -557.916      1.812    -23.626     13.011
    -12.229    121.358    471.866   -557.942      1.807    -23.612     13.040
    -12.231    121.355    471.913   -557.968      1.801    -23.599     13.069
    -12.233    121.351    471.960   -557.994      1.796    -23.585     13.098
    -12.235    121.348    472.007   -558.020      1.791    -23.572     13.127
    -12.237    121.344    472.054   -558.047      1.786    -23.559     13.156
    -12.239    121.341    472.102   -558.073      1.781    -23.546     13.184
    -12.241    121.337    472.149   -558.099      1.776    -23.533     13.213
    -12.243    121.333    472.196   -558.126      1.770    -23.520     13.241
    -12.245    121.330    472.243   -558.152      1.765    -23.507     13.269
    -12.247    121.326    472.290   -558.179      1.760    -23.494     13.298
    -12.249    121.323    472.337   -558.205      1.755    -23.482     13.326
    -12.251    121.319    472.384   -558.232      1.750    -23.469     13.354
    -12.253    121.316    472.431   -558.259      1.745    -23.456     13.382
    -12.255    121.312    472.477   -558.286      1.740    -23.444     13.410
    -12.257    121.309    472.524   -558.313      1.735    -23.432     13.437
    -12.259    121.305    472.571   -558.339      1.730    -23.419     13.465
    -12.261    121.302    472.618   -558.366      1.725    -23.407     13.492
    -12.263    121.299    472.665   -558.393      1.720    -23.395     13.520
    -12.265    121.295    472.712   -558.420      1.715    -23.382     13.547
    -12.267    121.292    472.758   -558.448      1.710    -23.370     13.575
    -12.269    121.288    472.805   -558.475      1.705    -23.358     13.602
    -12.271    121.285    472.852   -558.502      1.700    -23.346     13.629
    -12.273    121.281    472.898   -558.529      1.695    -23.334     13.656
    -12.275    121.278    472.945   -558.557      1.690    -23.323     13.683
    -12.277    121.275    472.992   -558.584      1.685    -23.311     13.710
    -12.279    121.271    473.038   -558.611      1.680    -23.299     13.736
    -12.281    121.268    473.085   -558.639      1.675    -23.288     13.763
    -12.283    121.265    473.132   -558.667      1.671    -23.276     13.790
    -12.285    121.261    473.178   -558.694      1.666    -23.264     13.816
    -12.287    121.258    473.225   -558.722      1.661    -23.253     13.843
    -12.289    121.255    473.271   -558.749      1.656    -23.242     13.869
    -12.291    121.251    473.318   -558.777      1.651    -23.230     13.895
    -12.293    121.248    473.364   -558.805      1.646    -23.219     13.921
    -12.295    121.245    473.410   -558.833      1.641    -23.208     13.948
    -12.297    121.241    473.457   -558.861      1.637    -23.197     13.974
    -12.299    121.238    473.503   -558.889      1.632    -23.186     13.999
    -12.301    121.235    473.550   -558.917      1.627    -23.175     14.025
    -12.303    121.232    473.596   -558.945      1.622    -23.164     14.051
    -12.305    121.228    473.642   -558.973      1.618    -23.153     14.077
    -12.307    121.225    473.689   -559.001      1.613    -23.142     14.102
    -12.309    121.222    473.735   -559.029      1.608    -23.131     14.128
    -12.311    121.219    473.781   -559.058      1.603    -23.120     14.153
    -12.313    121.216    473.827   -559.086      1.599    -23.110     14.179
    -12.315    121.212    473.873   -559.114      1.594    -23.099     14.204
    -12.317    121.209    473.920   -559.143      1.589    -23.088     14.229
    -12.319    121.206    473.966   -559.171      1.584    -23.078     14.254
    -12.321    121.203    474.012   -559.200      1.580    -23.067     14.279
    -12.323    121.200    474.058   -559.228      1.575    -23.057     14.304
    -12.325    121.197    474.104   -559.257      1.570    -23.047     14.329
    -12.327    121.193    474.150   -559.286      1.566    -23.036     14.354
    -12.329    121.190    474.196   -559.315      1.561    -23.026     14.379
    -12.331    121.187    474.242   -559.343      1.557    -23.016     14.403
    -12.333    121.184    474.288   -559.372      1.552    -23.006     14.428
    -12.335    121.181    474.334   -559.401      1.547    -22.996     14.452
    -12.337    121.178    474.380   -559.430      1.543    -22.986     14.477
    -12.339    121.175    474.426   -559.459      1.538    -22.976     14.501
    -12.341    121.172    474.472   -559.488      1.534    -22.966     14.526
    -12.343    121.169    474.518   -559.517      1.529    -22.956     14.550
    -12.345    121.166    474.564   -559.546      1.524    -22.946     14.574
    -12.347    121.163    474.610   -559.575      1.520    -22.936     14.598
    -12.349    121.160    474.656   -559.605      1.515    -22.927     14.622
    -12.351    121.157    474.702   -559.634      1.511    -22.917     14.646
    -12.353    121.154    474.748   -559.663      1.506    -22.907     14.670
    -12.355    121.150    474.793   -559.693      1.502    -22.898     14.694
    -12.357    121.147    474.839   -559.722      1.497    -22.888     14.717
    -12.359    121.145    474.885   -559.751      1.493    -22.879     14.741
    -12.361    121.142    474.931   -559.781      1.488    -22.869     14.764
    -12.363    121.139    474.976   -559.810      1.484    -22.860     14.788
    -12.365    121.136    475.022   -559.840      1.479    -22.851     14.811
    -12.367    121.133    475.068   -559.870      1.475    -22.841     14.835
    -12.369    121.130    475.113   -559.899      1.471    -22.832     14.858
    -12.371    121.127    475.159   -559.929      1.466    -22.823     14.881
    -12.373    121.124    475.205   -559.959      1.462    -22.814     14.904
    -12.375    121.121    475.250   -559.989      1.457    -22.805     14.928
    -12.377    121.118    475.296   -560.019      1.453    -22.796     14.951
    -12.379    121.115    475.342   -560.049      1.448    -22.787     14.973
    -12.381    121.112    475.387   -560.078      1.444    -22.778     14.996
    -12.383    121.109    475.433   -560.109      1.440    -22.769     15.019
    -12.385    121.106    475.478   -560.139      1.435    -22.760     15.042
    -12.387    121.104    475.524   -560.169      1.431    -22.751     15.065
    -12.389    121.101    475.569   -560.199      1.427    -22.742     15.087
    -12.391    121.098    475.615   -560.229      1.422    -22.733     15.110
    -12.393    121.095    475.660   -560.259      1.418    -22.725     15.132
    -12.395    121.092    475.706   -560.290      1.414    -22.716     15.155
    -12.397    121.089    475.751   -560.320      1.409    -22.707     15.177
    -12.399    121.087    475.796   -560.350      1.405    -22.699     15.199
    -12.401    121.084    475.842   -560.381      1.401    -22.690     15.222
    -12.403    121.081    475.887   -560.411      1.397    -22.682     15.244
    -12.405    121.078    475.933   -560.442      1.392    -22.673     15.266
    -12.407    121.075    475.978   -560.472      1.388    -22.665     15.288
    -12.409    121.073    476.023   -560.503      1.384    -22.656     15.310
    -12.411    121.070    476.068   -560.533      1.380    -22.648     15.332
    -12.413    121.067    476.114   -560.564      1.375    -22.640     15.354
    -12.415    121.064    476.159   -560.595      1.371    -22.632     15.375
    -12.417    121.062    476.204   -560.626      1.367    -22.623     15.397
    -12.419    121.059    476.250   -560.656      1.363    -22.615     15.419
    -12.421    121.056    476.295   -560.687      1.359    -22.607     15.440
    -12.423    121.053    476.340   -560.718      1.354    -22.599     15.462
    -12.425    121.051    476.385   -560.749      1.350    -22.591     15.483
    -12.427    121.048    476.430   -560.780      1.346    -22.583     15.505
    -12.429    121.045    476.475   -560.811      1.342    -22.575     15.526
    -12.431    121.043    476.521   -560.842      1.338    -22.567     15.548
    -12.433    121.040    476.566   -560.873      1.334    -22.559     15.569
    -12.435    121.037    476.611   -560.905      1.329    -22.551     15.590
    -12.437    121.035    476.656   -560.936      1.325    -22.543     15.611
    -12.439    121.032    476.701   -560.967      1.321    -22.536     15.632
    -12.441    121.029    476.746   -560.998      1.317    -22.528     15.653
    -12.443    121.027    476.791   -561.030      1.313    -22.520     15.674
    -12.445    121.024    476.836   -561.061      1.309    -22.512     15.695
    -12.447    121.022    476.881   -561.092      1.305    -22.505     15.716
    -12.449    121.019    476.926   -561.124      1.301    -22.497     15.737
    -12.451    121.016    476.971   -561.155      1.297    -22.490     15.757
    -12.453    121.014    477.016   -561.187      1.293    -22.482     15.778
    -12.455    121.011    477.061   -561.218      1.289    -22.475     15.799
    -12.457    121.009    477.106   -561.250      1.285    -22.467     15.819
    -12.459    121.006    477.151   -561.282      1.281    -22.460     15.840
    -12.461    121.003    477.196   -561.313      1.277    -22.452     15.860
    -12.463    121.001    477.241   -561.345      1.273    -22.445     15.880
    -12.465    120.998    477.286   -561.377      1.269    -22.438     15.901
    -12.467    120.996    477.331   -561.409      1.265    -22.430     15.921
    -12.469    120.993    477.375   -561.441      1.261    -22.423     15.941
    -12.471    120.991    477.420   -561.473      1.257    -22.416     15.961
    -12.473    120.988    477.465   -561.504      1.253    -22.409     15.981
    -12.475    120.986    477.510   -561.536      1.249    -22.401     16.002
    -12.477    120.983    477.555   -561.568      1.245    -22.394     16.022
    -12.479    120.981    477.599   -561.601      1.241    -22.387     16.041
    -12.481    120.978    477.644   -561.633      1.237    -22.380     16.061
    -12.483    120.976    477.689   -561.665      1.233    -22.373     16.081
    -12.485    120.973    477.734   -561.697      1.229    -22.366     16.101
    -12.487    120.971    477.778   -561.729      1.225    -22.359     16.121
    -12.489    120.969    477.823   -561.761      1.221    -22.352     16.140
    -12.491    120.966    477.868   -561.794      1.217    -22.345     16.160
    -12.493    120.964    477.913   -561.826      1.213    -22.338     16.180
    -12.495    120.961    477.957   -561.858      1.210    -22.332     16.199
    -12.497    120.959    478.002   -561.891      1.206    -22.325     16.219
    -12.499    120.956    478.046   -561.923      1.202    -22.318     16.238
    -12.501    120.954    478.091   -561.956      1.198    -22.311     16.257
    -12.503    120.952    478.136   -561.988      1.194    -22.305     16.277
    -12.505    120.949    478.180   -562.021      1.190    -22.298     16.296
    -12.507    120.947    478.225   -562.054      1.186    -22.291     16.315
    -12.509    120.944    478.269   -562.086      1.183    -22.285     16.334
    -12.511    120.942    478.314   -562.119      1.179    -22.278     16.353
    -12.513    120.940    478.359   -562.152      1.175    -22.271     16.373
    -12.515    120.937    478.403   -562.184      1.171    -22.265     16.392
    -12.517    120.935    478.448   -562.217      1.167    -22.258     16.411
    -12.519    120.933    478.492   -562.250      1.164    -22.252     16.429
    -12.521    120.930    478.537   -562.283      1.160    -22.245     16.448
    -12.523    120.928    478.581   -562.316      1.156    -22.239     16.467
    -12.525    120.926    478.626   -562.349      1.152    -22.233     16.486
    -12.527    120.923    478.670   -562.382      1.149    -22.226     16.505
    -12.529    120.921    478.715   -562.415      1.145    -22.220     16.523
    -12.531    120.919    478.759   -562.448      1.141    -22.214     16.542
    -12.533    120.917    478.803   -562.481      1.137    -22.207     16.560
    -12.535    120.914    478.848   -562.514      1.134    -22.201     16.579
    -12.537    120.912    478.892   -562.547      1.130    -22.195     16.598
    -12.539    120.910    478.937   -562.580      1.126    -22.189     16.616
    -12.541    120.908    478.981   -562.614      1.123    -22.182     16.634
    -12.543    120.905    479.025   -562.647      1.119    -22.176     16.653
    -12.545    120.903    479.070   -562.680      1.115    -22.170     16.671
    -12.547    120.901    479.114   -562.714      1.112    -22.164     16.689
    -12.549    120.899    479.158   -562.747      1.108    -22.158     16.707
    -12.551    120.896    479.203   -562.781      1.104    -22.152     16.726
    -12.553    120.894    479.247   -562.814      1.101    -22.146     16.744
    -12.555    120.892    479.291   -562.847      1.097    -22.140     16.762
    -12.557    120.890    479.335   -562.881      1.093    -22.134     16.780
    -12.559    120.888    479.380   -562.915      1.090    -22.128     16.798
    -12.561    120.886    479.424   -562.948      1.086    -22.122     16.816
    -12.563    120.883    479.468   -562.982      1.082    -22.116     16.834
    -12.565    120.881    479.512   -563.016      1.079    -22.110     16.851
    -12.567    120.879    479.557   -563.049      1.075    -22.105     16.869
    -12.569    120.877    479.601   -563.083      1.072    -22.099     16.887
    -12.571    120.875    479.645   -563.117      1.068    -22.093     16.905
    -12.573    120.873    479.689   -563.151      1.064    -22.087     16.922
    -12.575    120.870    479.733   -563.185      1.061    -22.082     16.940
    -12.577    120.868    479.778   -563.218      1.057    -22.076     16.958
    -12.579    120.866    479.822   -563.252      1.054    -22.070     16.975
    -12.581    120.864    479.866   -563.286      1.050    -22.064     16.993
    -12.583    120.862    479.910   -563.320      1.047    -22.059     17.010
    -12.585    120.860    479.954   -563.354      1.043    -22.053     17.027
    -12.587    120.858    479.998   -563.388      1.039    -22.048     17.045
    -12.589    120.856    480.042   -563.423      1.036    -22.042     17.062
    -12.591    120.854    480.086   -563.457      1.032    -22.037     17.079
    -12.593    120.852    480.130   -563.491      1.029    -22.031     17.097
    -12.595    120.850    480.174   -563.525      1.025    -22.026     17.114
    -12.597    120.848    480.219   -563.559      1.022    -22.020     17.131
    -12.599    120.846    480.263   -563.594      1.018    -22.015     17.148
    -12.601    120.843    480.307   -563.628      1.015    -22.009     17.165
    -12.603    120.841    480.351   -563.662      1.011    -22.004     17.182
    -12.605    120.839    480.395   -563.697      1.008    -21.998     17.199
    -12.607    120.837    480.439   -563.731      1.005    -21.993     17.216
    -12.609    120.835    480.483   -563.765      1.001    -21.988     17.233
    -12.611    120.833    480.527   -563.800      0.998    -21.982     17.250
    -12.613    120.831    480.571   -563.834      0.994    -21.977     17.267
    -12.615    120.829    480.614   -563.869      0.991    -21.972     17.283
    -12.617    120.827    480.658   -563.904      0.987    -21.967     17.300
    -12.619    120.826    480.702   -563.938      0.984    -21.961     17.317
    -12.621    120.824    480.746   -563.973      0.980    -21.956     17.333
    -12.623    120.822    480.790   -564.008      0.977    -21.951     17.350
    -12.625    120.820    480.834   -564.042      0.974    -21.946     17.367
    -12.627    120.818    480.878   -564.077      0.970    -21.941     17.383
    -12.629    120.816    480.922   -564.112      0.967    -21.936     17.400
    -12.631    120.814    480.966   -564.147      0.963    -21.930     17.416
    -12.633    120.812    481.010   -564.181      0.960    -21.925     17.433
    -12.635    120.810    481.053   -564.216      0.957    -21.920     17.449
    -12.637    120.808    481.097   -564.251      0.953    -21.915     17.465
    -12.639    120.806    481.141   -564.286      0.950    -21.910     17.482
    -12.641    120.804    481.185   -564.321      0.947    -21.905     17.498
    -12.643    120.802    481.229   -564.356      0.943    -21.900     17.514
    -12.645    120.800    481.272   -564.391      0.940    -21.895     17.530
    -12.647    120.799    481.316   -564.426      0.937    -21.890     17.546
    -12.649    120.797    481.360   -564.461      0.933    -21.885     17.563
    -12.651    120.795    481.404   -564.497      0.930    -21.881     17.579
    -12.653    120.793    481.448   -564.532      0.927    -21.876     17.595
    -12.655    120.791    481.491   -564.567      0.923    -21.871     17.611
    -12.657    120.789    481.535   -564.602      0.920    -21.866     17.627
    -12.659    120.788    481.579   -564.637      0.917    -21.861     17.643
    -12.661    120.786    481.622   -564.673      0.913    -21.856     17.658
    -12.663    120.784    481.666   -564.708      0.910    -21.852     17.674
    -12.665    120.782    481.710   -564.743      0.907    -21.847     17.690
    -12.667    120.780    481.754   -564.779      0.904    -21.842     17.706
    -12.669    120.778    481.797   -564.814      0.900    -21.837     17.722
    -12.671    120.777    481.841   -564.850      0.897    -21.833     17.737
    -12.673    120.775    481.885   -564.885      0.894    -21.828     17.753
    -12.675    120.773    481.928   -564.921      0.891    -21.823     17.769
    -12.677    120.771    481.972   -564.956      0.887    -21.819     17.784
    -12.679    120.769    482.015   -564.992      0.884    -21.814     17.800
    -12.681    120.768    482.059   -565.028      0.881    -21.809     17.815
    -12.683    120.766    482.103   -565.063      0.878    -21.805     17.831
    -12.685    120.764    482.146   -565.099      0.874    -21.800     17.846
    -12.687    120.762    482.190   -565.135      0.871    -21.796     17.862
    -12.689    120.761    482.234   -565.170      0.868    -21.791     17.877
    -12.691    120.759    482.277   -565.206      0.865    -21.787     17.893
    -12.693    120.757    482.321   -565.242      0.862    -21.782     17.908
    -12.695    120.756    482.364   -565.278      0.858    -21.778     17.923
    -12.697    120.754    482.408   -565.314      0.855    -21.773     17.938
    -12.699    120.752    482.451   -565.349      0.852    -21.769     17.954
    -12.701    120.750    482.495   -565.385      0.849    -21.764     17.969
    -12.703    120.749    482.538   -565.421      0.846    -21.760     17.984
    -12.705    120.747    482.582   -565.457      0.843    -21.756     17.999
    -12.707    120.745    482.625   -565.493      0.839    -21.751     18.014
    -12.709    120.744    482.669   -565.529      0.836    -21.747     18.029
    -12.711    120.742    482.712   -565.565      0.833    -21.743     18.044
    -12.713    120.740    482.756   -565.602      0.830    -21.738     18.059
    -12.715    120.739    482.799   -565.638      0.827    -21.734     18.074
    -12.717    120.737    482.843   -565.674      0.824    -21.730     18.089
    -12.719    120.735    482.886   -565.710      0.821    -21.725     18.104
    -12.721    120.734    482.930   -565.746      0.818    -21.721     18.119
    -12.723    120.732    482.973   -565.783      0.814    -21.717     18.134
    -12.725    120.731    483.017   -565.819      0.811    -21.713     18.148
    -12.727    120.729    483.060   -565.855      0.808    -21.708     18.163
    -12.729    120.727    483.103   -565.891      0.805    -21.704     18.178
    -12.731    120.726    483.147   -565.928      0.802    -21.700     18.192
    -12.733    120.724    483.190   -565.964      0.799    -21.696     18.207
    -12.735    120.722    483.234   -566.001      0.796    -21.692     18.222
    -12.737    120.721    483.277   -566.037      0.793    -21.688     18.236
    -12.739    120.719    483.320   -566.074      0.790    -21.684     18.251
    -12.741    120.718    483.364   -566.110      0.787    -21.679     18.265
    -12.743    120.716    483.407   -566.147      0.784    -21.675     18.280
    -12.745    120.715    483.450   -566.183      0.781    -21.671     18.294
    -12.747    120.713    483.494   -566.220      0.778    -21.667     18.309
    -12.749    120.711    483.537   -566.256      0.775    -21.663     18.323
    -12.751    120.710    483.580   -566.293      0.772    -21.659     18.338
    -12.753    120.708    483.624   -566.330      0.769    -21.655     18.352
    -12.755    120.707    483.667   -566.367      0.766    -21.651     18.366
    -12.757    120.705    483.710   -566.403      0.762    -21.647     18.380
    -12.759    120.704    483.754   -566.440      0.759    -21.643     18.395
    -12.761    120.702    483.797   -566.477      0.756    -21.639     18.409
    -12.763    120.701    483.840   -566.514      0.753    -21.635     18.423
    -12.765    120.699    483.883   -566.551      0.750    -21.631     18.437
    -12.767    120.698    483.927   -566.587      0.748    -21.628     18.451
    -12.769    120.696    483.970   -566.624      0.745    -21.624     18.465
    -12.771    120.695    484.013   -566.661      0.742    -21.620     18.479
    -12.773    120.693    484.056   -566.698      0.739    -21.616     18.493
    -12.775    120.692    484.100   -566.735      0.736    -21.612     18.507
    -12.777    120.690    484.143   -566.772      0.733    -21.608     18.521
    -12.779    120.689    484.186   -566.809      0.730    -21.605     18.535
    -12.781    120.687    484.229   -566.846      0.727    -21.601     18.549
    -12.783    120.686    484.272   -566.884      0.724    -21.597     18.563
    -12.785    120.685    484.316   -566.921      0.721    -21.593     18.577
    -12.787    120.683    484.359   -566.958      0.718    -21.589     18.591
    -12.789    120.682    484.402   -566.995      0.715    -21.586     18.605
    -12.791    120.680    484.445   -567.032      0.712    -21.582     18.618
    -12.793    120.679    484.488   -567.070      0.709    -21.578     18.632
    -12.795    120.677    484.532   -567.107      0.706    -21.575     18.646
    -12.797    120.676    484.575   -567.144      0.703    -21.571     18.660
    -12.799    120.675    484.618   -567.181      0.700    -21.567     18.673
    -12.801    120.673    484.661   -567.219      0.698    -21.564     18.687
    -12.803    120.672    484.704   -567.256      0.695    -21.560     18.700
    -12.805    120.670    484.747   -567.294      0.692    -21.556     18.714
    -12.807    120.669    484.790   -567.331      0.689    -21.553     18.727
    -12.809    120.668    484.833   -567.369      0.686    -21.549     18.741
    -12.811    120.666    484.876   -567.406      0.683    -21.545     18.754
    -12.813    120.665    484.920   -567.444      0.680    -21.542     18.768
    -12.815    120.664    484.963   -567.481      0.677    -21.538     18.781
    -12.817    120.662    485.006   -567.519      0.675    -21.535     18.795
    -12.819    120.661    485.049   -567.556      0.672    -21.531     18.808
    -12.821    120.660    485.092   -567.594      0.669    -21.528     18.821
    -12.823    120.658    485.135   -567.632      0.666    -21.524     18.835
    -12.825    120.657    485.178   -567.669      0.663    -21.521     18.848
    -12.827    120.656    485.221   -567.707      0.660    -21.517     18.861
    -12.829    120.654    485.264   -567.745      0.657    -21.514     18.874
    -12.831    120.653    485.307   -567.782      0.655    -21.510     18.888
    -12.833    120.652    485.350   -567.820      0.652    -21.507     18.901
    -12.835    120.650    485.393   -567.858      0.649    -21.503     18.914
    -12.837    120.649    485.436   -567.896      0.646    -21.500     18.927
    -12.839    120.648    485.479   -567.934      0.643    -21.497     18.940
    -12.841    120.646    485.522   -567.972      0.641    -21.493     18.953
    -12.843    120.645    485.565   -568.010      0.638    -21.490     18.966
    -12.845    120.644    485.608   -568.048      0.635    -21.486     18.979
    -12.847    120.643    485.651   -568.085      0.632    -21.483     18.992
    -12.849    120.641    485.694   -568.123      0.629    -21.480     19.005
    -12.851    120.640    485.737   -568.162      0.627    -21.476     19.018
    -12.853    120.639    485.780   -568.200      0.624    -21.473     19.031
    -12.855    120.638    485.823   -568.238      0.621    -21.470     19.044
    -12.857    120.636    485.866   -568.276      0.618    -21.466     19.057
    -12.859    120.635    485.909   -568.314      0.616    -21.463     19.070
    -12.861    120.634    485.952   -568.352      0.613    -21.460     19.082
    -12.863    120.633    485.994   -568.390      0.610    -21.457     19.095
    -12.865    120.631    486.037   -568.428      0.607    -21.453     19.108
    -12.867    120.630    486.080   -568.467      0.605    -21.450     19.121
    -12.869    120.629    486.123   -568.505      0.602    -21.447     19.133
    -12.871    120.628    486.166   -568.543      0.599    -21.444     19.146
    -12.873    120.627    486.209   -568.581      0.596    -21.440     19.159
    -12.875    120.625    486.252   -568.620      0.594    -21.437     19.171
    -12.877    120.624    486.295   -568.658      0.591    -21.434     19.184
    -12.879    120.623    486.338   -568.697      0.588    -21.431     19.197
    -12.881    120.622    486.380   -568.735      0.586    -21.428     19.209
    -12.883    120.621    486.423   -568.773      0.583    -21.425     19.222
    -12.885    120.620    486.466   -568.812      0.580    -21.421     19.234
    -12.887    120.618    486.509   -568.850      0.577    -21.418     19.247
    -12.889    120.617    486.552   -568.889      0.575    -21.415     19.259
    -12.891    120.616    486.595   -568.927      0.572    -21.412     19.271
    -12.893    120.615    486.637   -568.966      0.569    -21.409     19.284
    -12.895    120.614    486.680   -569.004      0.567    -21.406     19.296
    -12.897    120.613    486.723   -569.043      0.564    -21.403     19.309
    -12.899    120.612    486.766   -569.082      0.561    -21.400     19.321
    -12.901    120.611    486.809   -569.120      0.559    -21.397     19.333
    -12.903    120.609    486.851   -569.159      0.556    -21.394     19.345
    -12.905    120.608    486.894   -569.198      0.553    -21.391     19.358
    -12.907    120.607    486.937   -569.236      0.551    -21.388     19.370
    -12.909    120.606    486.980   -569.275      0.548    -21.385     19.382
    -12.911    120.605    487.023   -569.314      0.545    -21.382     19.394
    -12.913    120.604    487.065   -569.353      0.543    -21.379     19.407
    -12.915    120.603    487.108   -569.392      0.540    -21.376     19.419
    -12.917    120.602    487.151   -569.430      0.538    -21.373     19.431
    -12.919    120.601    487.194   -569.469      0.535    -21.370     19.443
    -12.921    120.600    487.236   -569.508      0.532    -21.367     19.455
    -12.923    120.599    487.279   -569.547      0.530    -21.364     19.467
    -12.925    120.597    487.322   -569.586      0.527    -21.361     19.479
    -12.927    120.596    487.365   -569.625      0.525    -21.358     19.491
    -12.929    120.595    487.407   -569.664      0.522    -21.355     19.503
    -12.931    120.594    487.450   -569.703      0.519    -21.352     19.515
    -12.933    120.593    487.493   -569.742      0.517    -21.349     19.527
    -12.935    120.592    487.535   -569.781      0.514    -21.347     19.539
    -12.937    120.591    487.578   -569.820      0.512    -21.344     19.551
    -12.939    120.590    487.621   -569.859      0.509    -21.341     19.562
    -12.941    120.589    487.663   -569.899      0.506    -21.338     19.574
    -12.943    120.588    487.706   -569.938      0.504    -21.335     19.586
    -12.945    120.587    487.749   -569.977      0.501    -21.332     19.598
    -12.947    120.586    487.791   -570.016      0.499    -21.330     19.610
    -12.949    120.585    487.834   -570.055      0.496    -21.327     19.621
    -12.951    120.584    487.877   -570.095      0.494    -21.324     19.633
    -12.953    120.583    487.919   -570.134      0.491    -21.321     19.645
    -12.955    120.582    487.962   -570.173      0.488    -21.318     19.656
    -12.957    120.581    488.005   -570.212      0.486    -21.316     19.668
    -12.959    120.580    488.047   -570.252      0.483    -21.313     19.680
    -12.961    120.579    488.090   -570.291      0.481    -21.310     19.691
    -12.963    120.578    488.132   -570.331      0.478    -21.307     19.703
    -12.965    120.577    488.175   -570.370      0.476    -21.305     19.715
    -12.967    120.576    488.218   -570.409      0.473    -21.302     19.726
    -12.969    120.576    488.260   -570.449      0.471    -21.299     19.738
    -12.971    120.575    488.303   -570.488      0.468    -21.296     19.749
    -12.973    120.574    488.345   -570.528      0.466    -21.294     19.761
    -12.975    120.573    488.388   -570.567      0.463    -21.291     19.772
    -12.977    120.572    488.431   -570.607      0.461    -21.288     19.784
    -12.979    120.571    488.473   -570.647      0.458    -21.286     19.795
    -12.981    120.570    488.516   -570.686      0.456    -21.283     19.806
    -12.983    120.569    488.558   -570.726      0.453    -21.280     19.818
    -12.985    120.568    488.601   -570.765      0.451    -21.278     19.829
    -12.987    120.567    488.643   -570.805      0.448    -21.275     19.840
    -12.989    120.566    488.686   -570.845      0.446    -21.273     19.852
    -12.991    120.565    488.729   -570.885      0.443    -21.270     19.863
    -12.993    120.565    488.771   -570.924      0.441    -21.267     19.874
    -12.995    120.564    488.814   -570.964      0.438    -21.265     19.886
    -12.997    120.563    488.856   -571.004      0.436    -21.262     19.897
    -12.999    120.562    488.899   -571.044      0.433    -21.260     19.908
    -13.001    120.561    488.941   -571.083      0.431    -21.257     19.919
    -13.003    120.560    488.984   -571.123      0.429    -21.254     19.930
    -13.005    120.559    489.026   -571.163      0.426    -21.252     19.941
    -13.007    120.559    489.069   -571.203      0.424    -21.249     19.953
    -13.009    120.558    489.111   -571.243      0.421    -21.247     19.964
    -13.011    120.557    489.154   -571.283      0.419    -21.244     19.975
    -13.013    120.556    489.196   -571.323      0.416    -21.242     19.986
    -13.015    120.555    489.239   -571.363      0.414    -21.239     19.997
    -13.017    120.554    489.281   -571.403      0.411    -21.237     20.008
    -13.019    120.554    489.324   -571.443      0.409    -21.234     20.019
    -13.021    120.553    489.366   -571.483      0.407    -21.232     20.030
    -13.023    120.552    489.409   -571.523      0.404    -21.229     20.041
    -13.025    120.551    489.451   -571.563      0.402    -21.227     20.052
    -13.027    120.550    489.493   -571.603      0.399    -21.224     20.063
    -13.029    120.550    489.536   -571.643      0.397    -21.222     20.074
    -13.031    120.549    489.578   -571.683      0.395    -21.220     20.084
    -13.033    120.548    489.621   -571.724      0.392    -21.217     20.095
    -13.035    120.547    489.663   -571.764      0.390    -21.215     20.106
    -13.037    120.546    489.706   -571.804      0.387    -21.212     20.117
    -13.039    120.546    489.748   -571.844      0.385    -21.210     20.128
    -13.041    120.545    489.790   -571.885      0.383    -21.207     20.139
    -13.043    120.544    489.833   -571.925      0.380    -21.205     20.149
    -13.045    120.543    489.875   -571.965      0.378    -21.203     20.160
    -13.047    120.543    489.918   -572.006      0.375    -21.200     20.171
    -13.049    120.542    489.960   -572.046      0.373    -21.198     20.182
    -13.051    120.541    490.002   -572.086      0.371    -21.196     20.192
    -13.053    120.540    490.045   -572.127      0.368    -21.193     20.203
    -13.055    120.540    490.087   -572.167      0.366    -21.191     20.214
    -13.057    120.539    490.130   -572.208      0.364    -21.189     20.224
    -13.059    120.538    490.172   -572.248      0.361    -21.186     20.235
    -13.061    120.537    490.214   -572.288      0.359    -21.184     20.245
    -13.063    120.537    490.257   -572.329      0.357    -21.182     20.256
    -13.065    120.536    490.299   -572.369      0.354    -21.179     20.267
    -13.067    120.535    490.341   -572.410      0.352    -21.177     20.277
    -13.069    120.535    490.384   -572.451      0.350    -21.175     20.288
    -13.071    120.534    490.426   -572.491      0.347    -21.172     20.298
    -13.073    120.533    490.468   -572.532      0.345    -21.170     20.309
    -13.075    120.533    490.511   -572.572      0.343    -21.168     20.319
    -13.077    120.532    490.553   -572.613      0.340    -21.166     20.329
    -13.079    120.531    490.595   -572.654      0.338    -21.163     20.340
    -13.081    120.530    490.638   -572.694      0.336    -21.161     20.350
    -13.083    120.530    490.680   -572.735      0.333    -21.159     20.361
    -13.085    120.529    490.722   -572.776      0.331    -21.157     20.371
    -13.087    120.528    490.765   -572.817      0.329    -21.154     20.381
    -13.089    120.528    490.807   -572.857      0.327    -21.152     20.392
    -13.091    120.527    490.849   -572.898      0.324    -21.150     20.402
    -13.093    120.527    490.892   -572.939      0.322    -21.148     20.412
    -13.095    120.526    490.934   -572.980      0.320    -21.146     20.423
    -13.097    120.525    490.976   -573.021      0.317    -21.143     20.433
    -13.099    120.525    491.019   -573.062      0.315    -21.141     20.443
    -13.101    120.524    491.061   -573.102      0.313    -21.139     20.453
    -13.103    120.523    491.103   -573.143      0.311    -21.137     20.464
    -13.105    120.523    491.145   -573.184      0.308    -21.135     20.474
    -13.107    120.522    491.188   -573.225      0.306    -21.133     20.484
    -13.109    120.522    491.230   -573.266      0.304    -21.130     20.494
    -13.111    120.521    491.272   -573.307      0.301    -21.128     20.504
    -13.113    120.520    491.314   -573.348      0.299    -21.126     20.514
    -13.115    120.520    491.357   -573.389      0.297    -21.124     20.525
    -13.117    120.519    491.399   -573.430      0.295    -21.122     20.535
    -13.119    120.519    491.441   -573.471      0.292    -21.120     20.545
    -13.121    120.518    491.483   -573.513      0.290    -21.118     20.555
    -13.123    120.517    491.526   -573.554      0.288    -21.116     20.565
    -13.125    120.517    491.568   -573.595      0.286    -21.113     20.575
    -13.127    120.516    491.610   -573.636      0.283    -21.111     20.585
    -13.129    120.516    491.652   -573.677      0.281    -21.109     20.595
    -13.131    120.515    491.695   -573.718      0.279    -21.107     20.605
    -13.133    120.515    491.737   -573.760      0.277    -21.105     20.615
    -13.135    120.514    491.779   -573.801      0.275    -21.103     20.625
    -13.137    120.513    491.821   -573.842      0.272    -21.101     20.635
    -13.139    120.513    491.863   -573.883      0.270    -21.099     20.644
    -13.141    120.512    491.906   -573.925      0.268    -21.097     20.654
    -13.143    120.512    491.948   -573.966      0.266    -21.095     20.664
    -13.145    120.511    491.990   -574.007      0.264    -21.093     20.674
    -13.147    120.511    492.032   -574.049      0.261    -21.091     20.684
    -13.149    120.510    492.074   -574.090      0.259    -21.089     20.694
    -13.151    120.510    492.116   -574.131      0.257    -21.087     20.703
    -13.153    120.509    492.159   -574.173      0.255    -21.085     20.713
    -13.155    120.509    492.201   -574.214      0.253    -21.083     20.723
    -13.157    120.508    492.243   -574.256      0.250    -21.081     20.733
    -13.159    120.508    492.285   -574.297      0.248    -21.079     20.743
    -13.161    120.507    492.327   -574.339      0.246    -21.077     20.752
    -13.163    120.507    492.369   -574.380      0.244    -21.075     20.762
    -13.165    120.506    492.412   -574.422      0.242    -21.073     20.772
    -13.167    120.506    492.454   -574.463      0.240    -21.071     20.781
    -13.169    120.505    492.496   -574.505      0.237    -21.069     20.791
    -13.171    120.505    492.538   -574.546      0.235    -21.067     20.801
    -13.173    120.504    492.580   -574.588      0.233    -21.065     20.810
    -13.175    120.504    492.622   -574.630      0.231    -21.063     20.820
    -13.177    120.503    492.664   -574.671      0.229    -21.061     20.829
    -13.179    120.503    492.706   -574.713      0.227    -21.059     20.839
    -13.181    120.503    492.749   -574.755      0.224    -21.057     20.849
    -13.183    120.502    492.791   -574.796      0.222    -21.055     20.858
    -13.185    120.502    492.833   -574.838      0.220    -21.054     20.868
    -13.187    120.501    492.875   -574.880      0.218    -21.052     20.877
    -13.189    120.501    492.917   -574.922      0.216    -21.050     20.887
    -13.191    120.500    492.959   -574.963      0.214    -21.048     20.896
    -13.193    120.500    493.001   -575.005      0.212    -21.046     20.906
    -13.195    120.500    493.043   -575.047      0.209    -21.044     20.915
    -13.197    120.499    493.085   -575.089      0.207    -21.042     20.924
    -13.199    120.499    493.127   -575.131      0.205    -21.040     20.934
    -13.201    120.498    493.170   -575.173      0.203    -21.039     20.943
    -13.203    120.498    493.212   -575.215      0.201    -21.037     20.953
    -13.205    120.497    493.254   -575.256      0.199    -21.035     20.962
    -13.207    120.497    493.296   -575.298      0.197    -21.033     20.971
    -13.209    120.497    493.338   -575.340      0.195    -21.031     20.981
    -13.211    120.496    493.380   -575.382      0.193    -21.029     20.990
    -13.213    120.496    493.422   -575.424      0.190    -21.028     20.999
    -13.215    120.496    493.464   -575.466      0.188    -21.026     21.009
    -13.217    120.495    493.506   -575.508      0.186    -21.024     21.018
    -13.219    120.495    493.548   -575.550      0.184    -21.022     21.027
    -13.221    120.494    493.590   -575.592      0.182    -21.020     21.036
    -13.223    120.494    493.632   -575.635      0.180    -21.019     21.046
    -13.225    120.494    493.674   -575.677      0.178    -21.017     21.055
    -13.227    120.493    493.716   -575.719      0.176    -21.015     21.064
    -13.229    120.493    493.758   -575.761      0.174    -21.013     21.073
    -13.231    120.493    493.800   -575.803      0.172    -21.011     21.082
    -13.233    120.492    493.842   -575.845      0.170    -21.010     21.092
    -13.235    120.492    493.884   -575.887      0.168    -21.008     21.101
    -13.237    120.492    493.926   -575.930      0.166    -21.006     21.110
    -13.239    120.491    493.968   -575.972      0.163    -21.004     21.119
    -13.241    120.491    494.010   -576.014      0.161    -21.003     21.128
    -13.243    120.491    494.052   -576.056      0.159    -21.001     21.137
    -13.245    120.490    494.094   -576.099      0.157    -20.999     21.146
    -13.247    120.490    494.136   -576.141      0.155    -20.997     21.155
    -13.249    120.490    494.178   -576.183      0.153    -20.996     21.164
    -13.251    120.489    494.220   -576.226      0.151    -20.994     21.173
    -13.253    120.489    494.262   -576.268      0.149    -20.992     21.182
    -13.255    120.489    494.304   -576.310      0.147    -20.991     21.191
    -13.257    120.489    494.346   -576.353      0.145    -20.989     21.200
    -13.259    120.488    494.388   -576.395      0.143    -20.987     21.209
    -13.261    120.488    494.430   -576.438      0.141    -20.985     21.218
    -13.263    120.488    494.472   -576.480      0.139    -20.984     21.227
    -13.265    120.487    494.514   -576.522      0.137    -20.982     21.236
    -13.267    120.487    494.556   -576.565      0.135    -20.980     21.245
    -13.269    120.487    494.598   -576.607      0.133    -20.979     21.254
    -13.271    120.487    494.640   -576.650      0.131    -20.977     21.263
    -13.273    120.486    494.682   -576.692      0.129    -20.975     21.272
    -13.275    120.486    494.724   -576.735      0.127    -20.974     21.280
    -13.277    120.486    494.766   -576.778      0.125    -20.972     21.289
    -13.279    120.486    494.808   -576.820      0.123    -20.970     21.298
    -13.281    120.485    494.850   -576.863      0.121    -20.969     21.307
    -13.283    120.485    494.892   -576.905      0.119    -20.967     21.316
    -13.285    120.485    494.934   -576.948      0.117    -20.965     21.325
    -13.287    120.485    494.976   -576.991      0.115    -20.964     21.333
    -13.289    120.484    495.018   -577.033      0.113    -20.962     21.342
    -13.291    120.484    495.059   -577.076      0.111    -20.961     21.351
    -13.293    120.484    495.101   -577.119      0.109    -20.959     21.360
    -13.295    120.484    495.143   -577.162      0.107    -20.957     21.368
    -13.297    120.484    495.185   -577.204      0.105    -20.956     21.377
    -13.299    120.483    495.227   -577.247      0.103    -20.954     21.386
    -13.301    120.483    495.269   -577.290      0.101    -20.953     21.394
    -13.303    120.483    495.311   -577.333      0.099    -20.951     21.403
    -13.305    120.483    495.353   -577.375      0.097    -20.949     21.412
    -13.307    120.483    495.395   -577.418      0.095    -20.948     21.420
    -13.309    120.482    495.437   -577.461      0.093    -20.946     21.429
    -13.311    120.482    495.479   -577.504      0.091    -20.945     21.438
    -13.313    120.482    495.520   -577.547      0.089    -20.943     21.446
    -13.315    120.482    495.562   -577.590      0.087    -20.942     21.455
    -13.317    120.482    495.604   -577.633      0.085    -20.940     21.463
    -13.319    120.481    495.646   -577.676      0.083    -20.938     21.472
    -13.321    120.481    495.688   -577.719      0.081    -20.937     21.480
    -13.323    120.481    495.730   -577.762      0.079    -20.935     21.489
    -13.325    120.481    495.772   -577.805      0.077    -20.934     21.497
    -13.327    120.481    495.814   -577.848      0.075    -20.932     21.506
    -13.329    120.481    495.855   -577.891      0.074    -20.931     21.514
    -13.331    120.481    495.897   -577.934      0.072    -20.929     21.523
    -13.333    120.480    495.939   -577.977      0.070    -20.928     21.531
    -13.335    120.480    495.981   -578.020      0.068    -20.926     21.540
    -13.337    120.480    496.023   -578.063      0.066    -20.925     21.548
    -13.339    120.480    496.065   -578.106      0.064    -20.923     21.557
    -13.341    120.480    496.106   -578.149      0.062    -20.922     21.565
    -13.343    120.480    496.148   -578.192      0.060    -20.920     21.573
    -13.345    120.480    496.190   -578.235      0.058    -20.919     21.582
    -13.347    120.480    496.232   -578.278      0.056    -20.917     21.590
    -13.349    120.479    496.274   -578.322      0.054    -20.916     21.599
    -13.351    120.479    496.316   -578.365      0.052    -20.914     21.607
    -13.353    120.479    496.358   -578.408      0.050    -20.913     21.615
    -13.355    120.479    496.399   -578.451      0.049    -20.911     21.624
    -13.357    120.479    496.441   -578.495      0.047    -20.910     21.632
    -13.359    120.479    496.483   -578.538      0.045    -20.908     21.640
    -13.361    120.479    496.525   -578.581      0.043    -20.907     21.648
    -13.363    120.479    496.567   -578.624      0.041    -20.905     21.657
    -13.365    120.479    496.608   -578.668      0.039    -20.904     21.665
    -13.367    120.479    496.650   -578.711      0.037    -20.903     21.673
    -13.369    120.479    496.692   -578.754      0.035    -20.901     21.682
    -13.371    120.478    496.734   -578.798      0.033    -20.900     21.690
    -13.373    120.478    496.776   -578.841      0.032    -20.898     21.698
    -13.375    120.478    496.817   -578.885      0.030    -20.897     21.706
    -13.377    120.478    496.859   -578.928      0.028    -20.895     21.714
    -13.379    120.478    496.901   -578.971      0.026    -20.894     21.723
    -13.381    120.478    496.943   -579.015      0.024    -20.893     21.731
    -13.383    120.478    496.985   -579.058      0.022    -20.891     21.739
    -13.385    120.478    497.026   -579.102      0.020    -20.890     21.747
    -13.387    120.478    497.068   -579.145      0.018    -20.888     21.755
    -13.389    120.478    497.110   -579.189      0.017    -20.887     21.763
    -13.391    120.478    497.152   -579.232      0.015    -20.886     21.771
    -13.393    120.478    497.193   -579.276      0.013    -20.884     21.779
    -13.395    120.478    497.235   -579.320      0.011    -20.883     21.787
    -13.397    120.478    497.277   -579.363      0.009    -20.881     21.796
    -13.399    120.478    497.319   -579.407      0.007    -20.880     21.804
    -13.401    120.478    497.360   -579.450      0.005    -20.879     21.812
    -13.403    120.478    497.402   -579.494      0.004    -20.877     21.820
    -13.405    120.478    497.444   -579.538      0.002    -20.876     21.828
    -13.407    120.478    497.486   -579.581     -0.000    -20.875     21.836
    -13.409    120.478    497.527   -579.625     -0.002    -20.873     21.844
    -13.411    120.478    497.569   -579.669     -0.004    -20.872     21.852
    -13.413    120.478    497.611   -579.712     -0.006    -20.870     21.860
    -13.415    120.478    497.653   -579.756     -0.007    -20.869     21.868
    -13.417    120.478    497.694   -579.800     -0.009    -20.868     21.876
    -13.419    120.478    497.736   -579.844     -0.011    -20.866     21.883
    -13.421    120.478    497.778   -579.887     -0.013    -20.865     21.891
    -13.423    120.478    497.820   -579.931     -0.015    -20.864     21.899
    -13.425    120.478    497.861   -579.975     -0.017    -20.862     21.907
    -13.427    120.478    497.903   -580.019     -0.018    -20.861     21.915
    -13.429    120.478    497.945   -580.063     -0.020    -20.860     21.923
    -13.431    120.478    497.987   -580.107     -0.022    -20.858     21.931
    -13.433    120.478    498.028   -580.150     -0.024    -20.857     21.939
    -13.435    120.478    498.070   -580.194     -0.026    -20.856     21.947
    -13.437    120.478    498.112   -580.238     -0.027    -20.855     21.954
    -13.439    120.478    498.153   -580.282     -0.029    -20.853     21.962
    -13.441    120.478    498.195   -580.326     -0.031    -20.852     21.970
    -13.443    120.478    498.237   -580.370     -0.033    -20.851     21.978
    -13.445    120.478    498.278   -580.414     -0.035    -20.849     21.986
    -13.447    120.479    498.320   -580.458     -0.036    -20.848     21.993
    -13.449    120.479    498.362   -580.502     -0.038    -20.847     22.001
    -13.451    120.479    498.404   -580.546     -0.040    -20.846     22.009
    -13.453    120.479    498.445   -580.590     -0.042    -20.844     22.017
    -13.455    120.479    498.487   -580.634     -0.044    -20.843     22.024
    -13.457    120.479    498.529   -580.678     -0.045    -20.842     22.032
    -13.459    120.479    498.570   -580.722     -0.047    -20.840     22.040
    -13.461    120.479    498.612   -580.766     -0.049    -20.839     22.047
    -13.463    120.479    498.654   -580.810     -0.051    -20.838     22.055
    -13.465    120.479    498.695   -580.854     -0.052    -20.837     22.063
    -13.467    120.479    498.737   -580.899     -0.054    -20.835     22.070
    -13.469    120.480    498.779   -580.943     -0.056    -20.834     22.078
    -13.471    120.480    498.820   -580.987     -0.058    -20.833     22.086
    -13.473    120.480    498.862   -581.031     -0.060    -20.832     22.093
    -13.475    120.480    498.904   -581.075     -0.061    -20.830     22.101
    -13.477    120.480    498.945   -581.119     -0.063    -20.829     22.109
    -13.479    120.480    498.987   -581.164     -0.065    -20.828     22.116
    -13.481    120.480    499.029   -581.208     -0.067    -20.827     22.124
    -13.483    120.480    499.070   -581.252     -0.068    -20.826     22.131
    -13.485    120.481    499.112   -581.296     -0.070    -20.824     22.139
    -13.487    120.481    499.154   -581.341     -0.072    -20.823     22.147
    -13.489    120.481    499.195   -581.385     -0.074    -20.822     22.154
    -13.491    120.481    499.237   -581.429     -0.075    -20.821     22.162
    -13.493    120.481    499.279   -581.474     -0.077    -20.819     22.169
    -13.495    120.481    499.320   -581.518     -0.079    -20.818     22.177
    -13.497    120.482    499.362   -581.562     -0.081    -20.817     22.184
    -13.499    120.482    499.403   -581.607     -0.082    -20.816     22.192
    -13.501    120.482    499.445   -581.651     -0.084    -20.815     22.199
    -13.503    120.482    499.487   -581.696     -0.086    -20.813     22.207
    -13.505    120.482    499.528   -581.740     -0.087    -20.812     22.214
    -13.507    120.482    499.570   -581.784     -0.089    -20.811     22.221
    -13.509    120.483    499.612   -581.829     -0.091    -20.810     22.229
    -13.511    120.483    499.653   -581.873     -0.093    -20.809     22.236
    -13.513    120.483    499.695   -581.918     -0.094    -20.808     22.244
    -13.515    120.483    499.736   -581.962     -0.096    -20.806     22.251
    -13.517    120.483    499.778   -582.007     -0.098    -20.805     22.259
    -13.519    120.483    499.820   -582.051     -0.100    -20.804     22.266
    -13.521    120.484    499.861   -582.096     -0.101    -20.803     22.273
    -13.523    120.484    499.903   -582.140     -0.103    -20.802     22.281
    -13.525    120.484    499.944   -582.185     -0.105    -20.801     22.288
    -13.527    120.484    499.986   -582.230     -0.106    -20.800     22.295
    -13.529    120.485    500.028   -582.274     -0.108    -20.798     22.303
    -13.531    120.485    500.069   -582.319     -0.110    -20.797     22.310
    -13.533    120.485    500.111   -582.363     -0.111    -20.796     22.317
    -13.535    120.485    500.152   -582.408     -0.113    -20.795     22.325
    -13.537    120.485    500.194   -582.453     -0.115    -20.794     22.332
    -13.539    120.486    500.236   -582.497     -0.117    -20.793     22.339
    -13.541    120.486    500.277   -582.542     -0.118    -20.792     22.346
    -13.543    120.486    500.319   -582.587     -0.120    -20.790     22.354
    -13.545    120.486    500.360   -582.631     -0.122    -20.789     22.361
    -13.547    120.487    500.402   -582.676     -0.123    -20.788     22.368
    -13.549    120.487    500.444   -582.721     -0.125    -20.787     22.375
    -13.551    120.487    500.485   -582.766     -0.127    -20.786     22.383
    -13.553    120.487    500.527   -582.810     -0.128    -20.785     22.390
    -13.555    120.488    500.568   -582.855     -0.130    -20.784     22.397
    -13.557    120.488    500.610   -582.900     -0.132    -20.783     22.404
    -13.559    120.488    500.651   -582.945     -0.133    -20.782     22.412
    -13.561    120.488    500.693   -582.990     -0.135    -20.780     22.419
    -13.563    120.489    500.734   -583.035     -0.137    -20.779     22.426
    -13.565    120.489    500.776   -583.079     -0.138    -20.778     22.433
    -13.567    120.489    500.818   -583.124     -0.140    -20.777     22.440
    -13.569    120.490    500.859   -583.169     -0.142    -20.776     22.447
    -13.571    120.490    500.901   -583.214     -0.143    -20.775     22.454
    -13.573    120.490    500.942   -583.259     -0.145    -20.774     22.462
    -13.575    120.490    500.984   -583.304     -0.147    -20.773     22.469
    -13.577    120.491    501.025   -583.349     -0.148    -20.772     22.476
    -13.579    120.491    501.067   -583.394     -0.150    -20.771     22.483
    -13.581    120.491    501.108   -583.439     -0.152    -20.770     22.490
    -13.583    120.492    501.150   -583.484     -0.153    -20.769     22.497
    -13.585    120.492    501.191   -583.529     -0.155    -20.768     22.504
    -13.587    120.492    501.233   -583.574     -0.157    -20.767     22.511
    -13.589    120.493    501.275   -583.619     -0.158    -20.765     22.518
    -13.591    120.493    501.316   -583.664     -0.160    -20.764     22.525
    -13.593    120.493    501.358   -583.709     -0.162    -20.763     22.532
    -13.595    120.493    501.399   -583.754     -0.163    -20.762     22.539
    -13.597    120.494    501.441   -583.799     -0.165    -20.761     22.546
    -13.599    120.494    501.482   -583.844     -0.166    -20.760     22.553
    -13.601    120.494    501.524   -583.889     -0.168    -20.759     22.560
    -13.603    120.495    501.565   -583.934     -0.170    -20.758     22.567
    -13.605    120.495    501.607   -583.980     -0.171    -20.757     22.574
    -13.607    120.496    501.648   -584.025     -0.173    -20.756     22.581
    -13.609    120.496    501.690   -584.070     -0.175    -20.755     22.588
    -13.611    120.496    501.731   -584.115     -0.176    -20.754     22.595
    -13.613    120.497    501.773   -584.160     -0.178    -20.753     22.602
    -13.615    120.497    501.814   -584.205     -0.180    -20.752     22.609
    -13.617    120.497    501.856   -584.251     -0.181    -20.751     22.616
    -13.619    120.498    501.897   -584.296     -0.183    -20.750     22.623
    -13.621    120.498    501.939   -584.341     -0.184    -20.749     22.629
    -13.623    120.498    501.980   -584.386     -0.186    -20.748     22.636
    -13.625    120.499    502.022   -584.432     -0.188    -20.747     22.643
    -13.627    120.499    502.063   -584.477     -0.189    -20.746     22.650
    -13.629    120.500    502.105   -584.522     -0.191    -20.745     22.657
    -13.631    120.500    502.146   -584.568     -0.192    -20.744     22.664
    -13.633    120.500    502.188   -584.613     -0.194    -20.743     22.671
    -13.635    120.501    502.229   -584.658     -0.196    -20.742     22.677
    -13.637    120.501    502.271   -584.704     -0.197    -20.741     22.684
    -13.639    120.501    502.312   -584.749     -0.199    -20.740     22.691
    -13.641    120.502    502.354   -584.794     -0.200    -20.739     22.698
    -13.643    120.502    502.395   -584.840     -0.202    -20.738     22.705
    -13.645    120.503    502.437   -584.885     -0.204    -20.737     22.711
    -13.647    120.503    502.478   -584.931     -0.205    -20.736     22.718
    -13.649    120.503    502.520   -584.976     -0.207    -20.735     22.725
    -13.651    120.504    502.561   -585.022     -0.208    -20.734     22.732
    -13.653    120.504    502.603   -585.067     -0.210    -20.733     22.738
    -13.655    120.505    502.644   -585.113     -0.211    -20.732     22.745
    -13.657    120.505    502.685   -585.158     -0.213    -20.731     22.752
    -13.659    120.506    502.727   -585.204     -0.215    -20.730     22.759
    -13.661    120.506    502.768   -585.249     -0.216    -20.729     22.765
    -13.663    120.506    502.810   -585.295     -0.218    -20.728     22.772
    -13.665    120.507    502.851   -585.340     -0.219    -20.728     22.779
    -13.667    120.507    502.893   -585.386     -0.221    -20.727     22.785
    -13.669    120.508    502.934   -585.431     -0.223    -20.726     22.792
    -13.671    120.508    502.976   -585.477     -0.224    -20.725     22.799
    -13.673    120.509    503.017   -585.523     -0.226    -20.724     22.805
    -13.675    120.509    503.059   -585.568     -0.227    -20.723     22.812
    -13.677    120.510    503.100   -585.614     -0.229    -20.722     22.819
    -13.679    120.510    503.141   -585.659     -0.230    -20.721     22.825
    -13.681    120.511    503.183   -585.705     -0.232    -20.720     22.832
    -13.683    120.511    503.224   -585.751     -0.233    -20.719     22.838
    -13.685    120.511    503.266   -585.796     -0.235    -20.718     22.845
    -13.687    120.512    503.307   -585.842     -0.237    -20.717     22.852
    -13.689    120.512    503.349   -585.888     -0.238    -20.716     22.858
    -13.691    120.513    503.390   -585.934     -0.240    -20.715     22.865
    -13.693    120.513    503.431   -585.979     -0.241    -20.715     22.871
    -13.695    120.514    503.473   -586.025     -0.243    -20.714     22.878
    -13.697    120.514    503.514   -586.071     -0.244    -20.713     22.885
    -13.699    120.515    503.556   -586.117     -0.246    -20.712     22.891
    -13.701    120.515    503.597   -586.162     -0.247    -20.711     22.898
    -13.703    120.516    503.639   -586.208     -0.249    -20.710     22.904
    -13.705    120.516    503.680   -586.254     -0.250    -20.709     22.911
    -13.707    120.517    503.721   -586.300     -0.252    -20.708     22.917
    -13.709    120.517    503.763   -586.346     -0.254    -20.707     22.924
    -13.711    120.518    503.804   -586.392     -0.255    -20.706     22.930
    -13.713    120.518    503.846   -586.437     -0.257    -20.706     22.937
    -13.715    120.519    503.887   -586.483     -0.258    -20.705     22.943
    -13.717    120.519    503.928   -586.529     -0.260    -20.704     22.950
    -13.719    120.520    503.970   -586.575     -0.261    -20.703     22.956
    -13.721    120.520    504.011   -586.621     -0.263    -20.702     22.962
    -13.723    120.521    504.053   -586.667     -0.264    -20.701     22.969
    -13.725    120.521    504.094   -586.713     -0.266    -20.700     22.975
    -13.727    120.522    504.135   -586.759     -0.267    -20.699     22.982
    -13.729    120.523    504.177   -586.805     -0.269    -20.699     22.988
    -13.731    120.523    504.218   -586.851     -0.270    -20.698     22.995
    -13.733    120.524    504.260   -586.897     -0.272    -20.697     23.001
    -13.735    120.524    504.301   -586.943     -0.273    -20.696     23.007
    -13.737    120.525    504.342   -586.989     -0.275    -20.695     23.014
    -13.739    120.525    504.384   -587.035     -0.276    -20.694     23.020
    -13.741    120.526    504.425   -587.081     -0.278    -20.693     23.027
    -13.743    120.526    504.467   -587.127     -0.279    -20.693     23.033
    -13.745    120.527    504.508   -587.173     -0.281    -20.692     23.039
    -13.747    120.527    504.549   -587.219     -0.282    -20.691     23.046
    -13.749    120.528    504.591   -587.265     -0.284    -20.690     23.052
    -13.751    120.529    504.632   -587.311     -0.285    -20.689     23.058
    -13.753    120.529    504.674   -587.357     -0.287    -20.688     23.065
    -13.755    120.530    504.715   -587.404     -0.288    -20.687     23.071
    -13.757    120.530    504.756   -587.450     -0.290    -20.687     23.077
    -13.759    120.531    504.798   -587.496     -0.291    -20.686     23.083
    -13.761    120.532    504.839   -587.542     -0.293    -20.685     23.090
    -13.763    120.532    504.880   -587.588     -0.294    -20.684     23.096
    -13.765    120.533    504.922   -587.634     -0.296    -20.683     23.102
    -13.767    120.533    504.963   -587.681     -0.297    -20.682     23.109
    -13.769    120.534    505.004   -587.727     -0.299    -20.682     23.115
    -13.771    120.534    505.046   -587.773     -0.300    -20.681     23.121
    -13.773    120.535    505.087   -587.819     -0.302    -20.680     23.127
    -13.775    120.536    505.129   -587.866     -0.303    -20.679     23.134
    -13.777    120.536    505.170   -587.912     -0.305    -20.678     23.140
    -13.779    120.537    505.211   -587.958     -0.306    -20.678     23.146
    -13.781    120.538    505.253   -588.004     -0.308    -20.677     23.152
    -13.783    120.538    505.294   -588.051     -0.309    -20.676     23.158
    -13.785    120.539    505.335   -588.097     -0.310    -20.675     23.165
    -13.787    120.539    505.377   -588.143     -0.312    -20.674     23.171
    -13.789    120.540    505.418   -588.190     -0.313    -20.674     23.177
    -13.791    120.541    505.459   -588.236     -0.315    -20.673     23.183
    -13.793    120.541    505.501   -588.283     -0.316    -20.672     23.189
    -13.795    120.542    505.542   -588.329     -0.318    -20.671     23.196
    -13.797    120.543    505.583   -588.375     -0.319    -20.670     23.202
    -13.799    120.543    505.625   -588.422     -0.321    -20.670     23.208
    -13.801    120.544    505.666   -588.468     -0.322    -20.669     23.214
    -13.803    120.544    505.707   -588.515     -0.324    -20.668     23.220
    -13.805    120.545    505.749   -588.561     -0.325    -20.667     23.226
    -13.807    120.546    505.790   -588.607     -0.327    -20.666     23.232
    -13.809    120.546    505.831   -588.654     -0.328    -20.666     23.238
    -13.811    120.547    505.873   -588.700     -0.329    -20.665     23.244
    -13.813    120.548    505.914   -588.747     -0.331    -20.664     23.251
    -13.815    120.548    505.955   -588.793     -0.332    -20.663     23.257
    -13.817    120.549    505.997   -588.840     -0.334    -20.663     23.263
    -13.819    120.550    506.038   -588.886     -0.335    -20.662     23.269
    -13.821    120.550    506.079   -588.933     -0.337    -20.661     23.275
    -13.823    120.551    506.121   -588.980     -0.338    -20.660     23.281
    -13.825    120.552    506.162   -589.026     -0.340    -20.659     23.287
    -13.827    120.552    506.203   -589.073     -0.341    -20.659     23.293
    -13.829    120.553    506.245   -589.119     -0.342    -20.658     23.299
    -13.831    120.554    506.286   -589.166     -0.344    -20.657     23.305
    -13.833    120.554    506.327   -589.213     -0.345    -20.656     23.311
    -13.835    120.555    506.369   -589.259     -0.347    -20.656     23.317
    -13.837    120.556    506.410   -589.306     -0.348    -20.655     23.323
    -13.839    120.557    506.451   -589.352     -0.350    -20.654     23.329
    -13.841    120.557    506.493   -589.399     -0.351    -20.653     23.335
    -13.843    120.558    506.534   -589.446     -0.352    -20.653     23.341
    -13.845    120.559    506.575   -589.492     -0.354    -20.652     23.347
    -13.847    120.559    506.616   -589.539     -0.355    -20.651     23.353
    -13.849    120.560    506.658   -589.586     -0.357    -20.650     23.359
    -13.851    120.561    506.699   -589.633     -0.358    -20.650     23.365
    -13.853    120.562    506.740   -589.679     -0.359    -20.649     23.371
    -13.855    120.562    506.782   -589.726     -0.361    -20.648     23.377
    -13.857    120.563    506.823   -589.773     -0.362    -20.648     23.383
    -13.859    120.564    506.864   -589.820     -0.364    -20.647     23.389
    -13.861    120.564    506.906   -589.866     -0.365    -20.646     23.395
    -13.863    120.565    506.947   -589.913     -0.367    -20.645     23.400
    -13.865    120.566    506.988   -589.960     -0.368    -20.645     23.406
    -13.867    120.567    507.029   -590.007     -0.369    -20.644     23.412
    -13.869    120.567    507.071   -590.054     -0.371    -20.643     23.418
    -13.871    120.568    507.112   -590.100     -0.372    -20.642     23.424
    -13.873    120.569    507.153   -590.147     -0.374    -20.642     23.430
    -13.875    120.570    507.195   -590.194     -0.375    -20.641     23.436
    -13.877    120.570    507.236   -590.241     -0.376    -20.640     23.442
    -13.879    120.571    507.277   -590.288     -0.378    -20.640     23.447
    -13.881    120.572    507.318   -590.335     -0.379    -20.639     23.453
    -13.883    120.573    507.360   -590.382     -0.381    -20.638     23.459
    -13.885    120.573    507.401   -590.429     -0.382    -20.637     23.465
    -13.887    120.574    507.442   -590.476     -0.383    -20.637     23.471
    -13.889    120.575    507.483   -590.523     -0.385    -20.636     23.477
    -13.891    120.576    507.525   -590.570     -0.386    -20.635     23.482
    -13.893    120.576    507.566   -590.617     -0.387    -20.635     23.488
    -13.895    120.577    507.607   -590.664     -0.389    -20.634     23.494
    -13.897    120.578    507.649   -590.711     -0.390    -20.633     23.500
    -13.899    120.579    507.690   -590.758     -0.392    -20.633     23.506
    -13.901    120.580    507.731   -590.805     -0.393    -20.632     23.511
    -13.903    120.580    507.772   -590.852     -0.394    -20.631     23.517
    -13.905    120.581    507.814   -590.899     -0.396    -20.631     23.523
    -13.907    120.582    507.855   -590.946     -0.397    -20.630     23.529
    -13.909    120.583    507.896   -590.993     -0.399    -20.629     23.534
    -13.911    120.584    507.937   -591.040     -0.400    -20.628     23.540
    -13.913    120.584    507.979   -591.087     -0.401    -20.628     23.546
    -13.915    120.585    508.020   -591.134     -0.403    -20.627     23.552
    -13.917    120.586    508.061   -591.181     -0.404    -20.626     23.557
    -13.919    120.587    508.102   -591.228     -0.405    -20.626     23.563
    -13.921    120.588    508.144   -591.275     -0.407    -20.625     23.569
    -13.923    120.588    508.185   -591.322     -0.408    -20.624     23.574
    -13.925    120.589    508.226   -591.370     -0.409    -20.624     23.580
    -13.927    120.590    508.267   -591.417     -0.411    -20.623     23.586
    -13.929    120.591    508.309   -591.464     -0.412    -20.622     23.591
    -13.931    120.592    508.350   -591.511     -0.414    -20.622     23.597
    -13.933    120.593    508.391   -591.558     -0.415    -20.621     23.603
    -13.935    120.593    508.432   -591.606     -0.416    -20.620     23.608
    -13.937    120.594    508.474   -591.653     -0.418    -20.620     23.614
    -13.939    120.595    508.515   -591.700     -0.419    -20.619     23.620
    -13.941    120.596    508.556   -591.747     -0.420    -20.618     23.625
    -13.943    120.597    508.597   -591.795     -0.422    -20.618     23.631
    -13.945    120.598    508.639   -591.842     -0.423    -20.617     23.637
    -13.947    120.598    508.680   -591.889     -0.424    -20.617     23.642
    -13.949    120.599    508.721   -591.936     -0.426    -20.616     23.648
    -13.951    120.600    508.762   -591.984     -0.427    -20.615     23.653
    -13.953    120.601    508.803   -592.031     -0.428    -20.615     23.659
    -13.955    120.602    508.845   -592.078     -0.430    -20.614     23.665
    -13.957    120.603    508.886   -592.126     -0.431    -20.613     23.670
    -13.959    120.604    508.927   -592.173     -0.432    -20.613     23.676
    -13.961    120.604    508.968   -592.220     -0.434    -20.612     23.681
    -13.963    120.605    509.010   -592.268     -0.435    -20.611     23.687
    -13.965    120.606    509.051   -592.315     -0.436    -20.611     23.692
    -13.967    120.607    509.092   -592.362     -0.438    -20.610     23.698
    -13.969    120.608    509.133   -592.410     -0.439    -20.609     23.704
    -13.971    120.609    509.175   -592.457     -0.440    -20.609     23.709
    -13.973    120.610    509.216   -592.505     -0.442    -20.608     23.715
    -13.975    120.611    509.257   -592.552     -0.443    -20.608     23.720
    -13.977    120.611    509.298   -592.600     -0.444    -20.607     23.726
    -13.979    120.612    509.339   -592.647     -0.446    -20.606     23.731
    -13.981    120.613    509.381   -592.695     -0.447    -20.606     23.737
    -13.983    120.614    509.422   -592.742     -0.448    -20.605     23.742
    -13.985    120.615    509.463   -592.789     -0.450    -20.604     23.748
    -13.987    120.616    509.504   -592.837     -0.451    -20.604     23.753
    -13.989    120.617    509.545   -592.885     -0.452    -20.603     23.759
    -13.991    120.618    509.587   -592.932     -0.454    -20.603     23.764
    -13.993    120.619    509.628   -592.980     -0.455    -20.602     23.770
    -13.995    120.620    509.669   -593.027     -0.456    -20.601     23.775
    -13.997    120.620    509.710   -593.075     -0.458    -20.601     23.781
    -13.999    120.621    509.751   -593.122     -0.459    -20.600     23.786
    -14.001    120.622    509.793   -593.170     -0.460    -20.600     23.791
    -14.003    120.623    509.834   -593.217     -0.461    -20.599     23.797
    -14.005    120.624    509.875   -593.265     -0.463    -20.598     23.802
    -14.007    120.625    509.916   -593.313     -0.464    -20.598     23.808
    -14.009    120.626    509.957   -593.360     -0.465    -20.597     23.813
    -14.011    120.627    509.999   -593.408     -0.467    -20.597     23.819
    -14.013    120.628    510.040   -593.456     -0.468    -20.596     23.824
    -14.015    120.629    510.081   -593.503     -0.469    -20.595     23.829
    -14.017    120.630    510.122   -593.551     -0.471    -20.595     23.835
    -14.019    120.631    510.163   -593.598     -0.472    -20.594     23.840
    -14.021    120.632    510.205   -593.646     -0.473    -20.594     23.846
    -14.023    120.633    510.246   -593.694     -0.474    -20.593     23.851
    -14.025    120.634    510.287   -593.742     -0.476    -20.592     23.856
    -14.027    120.634    510.328   -593.789     -0.477    -20.592     23.862
    -14.029    120.635    510.369   -593.837     -0.478    -20.591     23.867
    -14.031    120.636    510.410   -593.885     -0.480    -20.591     23.872
    -14.033    120.637    510.452   -593.933     -0.481    -20.590     23.878
    -14.035    120.638    510.493   -593.980     -0.482    -20.590     23.883
    -14.037    120.639    510.534   -594.028     -0.483    -20.589     23.888
    -14.039    120.640    510.575   -594.076     -0.485    -20.588     23.894
    -14.041    120.641    510.616   -594.124     -0.486    -20.588     23.899
    -14.043    120.642    510.658   -594.171     -0.487    -20.587     23.904
    -14.045    120.643    510.699   -594.219     -0.489    -20.587     23.910
    -14.047    120.644    510.740   -594.267     -0.490    -20.586     23.915
    -14.049    120.645    510.781   -594.315     -0.491    -20.586     23.920
    -14.051    120.646    510.822   -594.363     -0.492    -20.585     23.926
    -14.053    120.647    510.863   -594.411     -0.494    -20.584     23.931
    -14.055    120.648    510.905   -594.458     -0.495    -20.584     23.936
    -14.057    120.649    510.946   -594.506     -0.496    -20.583     23.941
    -14.059    120.650    510.987   -594.554     -0.498    -20.583     23.947
    -14.061    120.651    511.028   -594.602     -0.499    -20.582     23.952
    -14.063    120.652    511.069   -594.650     -0.500    -20.582     23.957
    -14.065    120.653    511.110   -594.698     -0.501    -20.581     23.963
    -14.067    120.654    511.152   -594.746     -0.503    -20.580     23.968
    -14.069    120.655    511.193   -594.794     -0.504    -20.580     23.973
    -14.071    120.656    511.234   -594.842     -0.505    -20.579     23.978
    -14.073    120.657    511.275   -594.890     -0.506    -20.579     23.983
    -14.075    120.658    511.316   -594.938     -0.508    -20.578     23.989
    -14.077    120.659    511.357   -594.986     -0.509    -20.578     23.994
    -14.079    120.660    511.399   -595.034     -0.510    -20.577     23.999
    -14.081    120.661    511.440   -595.082     -0.511    -20.577     24.004
    -14.083    120.662    511.481   -595.130     -0.513    -20.576     24.010
    -14.085    120.663    511.522   -595.178     -0.514    -20.576     24.015
    -14.087    120.664    511.563   -595.226     -0.515    -20.575     24.020
    -14.089    120.665    511.604   -595.274     -0.516    -20.574     24.025
    -14.091    120.666    511.645   -595.322     -0.518    -20.574     24.030
    -14.093    120.667    511.687   -595.370     -0.519    -20.573     24.035
    -14.095    120.668    511.728   -595.418     -0.520    -20.573     24.041
    -14.097    120.669    511.769   -595.466     -0.521    -20.572     24.046
    -14.099    120.670    511.810   -595.514     -0.523    -20.572     24.051
    -14.101    120.672    511.851   -595.562     -0.524    -20.571     24.056
    -14.103    120.673    511.892   -595.610     -0.525    -20.571     24.061
    -14.105    120.674    511.933   -595.659     -0.526    -20.570     24.066
    -14.107    120.675    511.975   -595.707     -0.528    -20.570     24.072
    -14.109    120.676    512.016   -595.755     -0.529    -20.569     24.077
    -14.111    120.677    512.057   -595.803     -0.530    -20.569     24.082
    -14.113    120.678    512.098   -595.851     -0.531    -20.568     24.087
    -14.115    120.679    512.139   -595.899     -0.533    -20.568     24.092
    -14.117    120.680    512.180   -595.948     -0.534    -20.567     24.097
    -14.119    120.681    512.221   -595.996     -0.535    -20.566     24.102
    -14.121    120.682    512.263   -596.044     -0.536    -20.566     24.107
    -14.123    120.683    512.304   -596.092     -0.538    -20.565     24.112
    -14.125    120.684    512.345   -596.140     -0.539    -20.565     24.117
    -14.127    120.685    512.386   -596.189     -0.540    -20.564     24.123
    -14.129    120.686    512.427   -596.237     -0.541    -20.564     24.128
    -14.131    120.688    512.468   -596.285     -0.542    -20.563     24.133
    -14.133    120.689    512.509   -596.333     -0.544    -20.563     24.138
    -14.135    120.690    512.550   -596.382     -0.545    -20.562     24.143
    -14.137    120.691    512.592   -596.430     -0.546    -20.562     24.148
    -14.139    120.692    512.633   -596.478     -0.547    -20.561     24.153
    -14.141    120.693    512.674   -596.527     -0.549    -20.561     24.158
    -14.143    120.694    512.715   -596.575     -0.550    -20.560     24.163
    -14.145    120.695    512.756   -596.623     -0.551    -20.560     24.168
    -14.147    120.696    512.797   -596.672     -0.552    -20.559     24.173
    -14.149    120.697    512.838   -596.720     -0.553    -20.559     24.178
    -14.151    120.698    512.879   -596.768     -0.555    -20.558     24.183
    -14.153    120.700    512.920   -596.817     -0.556    -20.558     24.188
    -14.155    120.701    512.962   -596.865     -0.557    -20.557     24.193
    -14.157    120.702    513.003   -596.913     -0.558    -20.557     24.198
    -14.159    120.703    513.044   -596.962     -0.560    -20.556     24.203
    -14.161    120.704    513.085   -597.010     -0.561    -20.556     24.208
    -14.163    120.705    513.126   -597.059     -0.562    -20.555     24.213
    -14.165    120.706    513.167   -597.107     -0.563    -20.555     24.218
    -14.167    120.707    513.208   -597.156     -0.564    -20.554     24.223
    -14.169    120.709    513.249   -597.204     -0.566    -20.554     24.228
    -14.171    120.710    513.290   -597.252     -0.567    -20.553     24.233
    -14.173    120.711    513.332   -597.301     -0.568    -20.553     24.238
    -14.175    120.712    513.373   -597.349     -0.569    -20.552     24.243
    -14.177    120.713    513.414   -597.398     -0.570    -20.552     24.248
    -14.179    120.714    513.455   -597.446     -0.572    -20.552     24.253
    -14.181    120.715    513.496   -597.495     -0.573    -20.551     24.258
    -14.183    120.717    513.537   -597.543     -0.574    -20.551     24.262
    -14.185    120.718    513.578   -597.592     -0.575    -20.550     24.267
    -14.187    120.719    513.619   -597.641     -0.576    -20.550     24.272
    -14.189    120.720    513.660   -597.689     -0.578    -20.549     24.277
    -14.191    120.721    513.702   -597.738     -0.579    -20.549     24.282
    -14.193    120.722    513.743   -597.786     -0.580    -20.548     24.287
    -14.195    120.723    513.784   -597.835     -0.581    -20.548     24.292
    -14.197    120.725    513.825   -597.883     -0.582    -20.547     24.297
    -14.199    120.726    513.866   -597.932     -0.583    -20.547     24.302
    -14.201    120.727    513.907   -597.981     -0.585    -20.546     24.307
    -14.203    120.728    513.948   -598.029     -0.586    -20.546     24.311
    -14.205    120.729    513.989   -598.078     -0.587    -20.545     24.316
    -14.207    120.730    514.030   -598.126     -0.588    -20.545     24.321
    -14.209    120.732    514.071   -598.175     -0.589    -20.544     24.326
    -14.211    120.733    514.112   -598.224     -0.591    -20.544     24.331
    -14.213    120.734    514.154   -598.272     -0.592    -20.544     24.336
    -14.215    120.735    514.195   -598.321     -0.593    -20.543     24.341
    -14.217    120.736    514.236   -598.370     -0.594    -20.543     24.345
    -14.219    120.738    514.277   -598.418     -0.595    -20.542     24.350
    -14.221    120.739    514.318   -598.467     -0.596    -20.542     24.355
    -14.223    120.740    514.359   -598.516     -0.598    -20.541     24.360
    -14.225    120.741    514.400   -598.565     -0.599    -20.541     24.365
    -14.227    120.742    514.441   -598.613     -0.600    -20.540     24.369
    -14.229    120.744    514.482   -598.662     -0.601    -20.540     24.374
    -14.231    120.745    514.523   -598.711     -0.602    -20.539     24.379
    -14.233    120.746    514.564   -598.760     -0.603    -20.539     24.384
    -14.235    120.747    514.605   -598.808     -0.605    -20.539     24.389
    -14.237    120.748    514.647   -598.857     -0.606    -20.538     24.393
    -14.239    120.750    514.688   -598.906     -0.607    -20.538     24.398
    -14.241    120.751    514.729   -598.955     -0.608    -20.537     24.403
    -14.243    120.752    514.770   -599.004     -0.609    -20.537     24.408
    -14.245    120.753    514.811   -599.052     -0.610    -20.536     24.413
    -14.247    120.754    514.852   -599.101     -0.612    -20.536     24.417
    -14.249    120.756    514.893   -599.150     -0.613    -20.535     24.422
    -14.251    120.757    514.934   -599.199     -0.614    -20.535     24.427
    -14.253    120.758    514.975   -599.248     -0.615    -20.535     24.432
    -14.255    120.759    515.016   -599.297     -0.616    -20.534     24.436
    -14.257    120.761    515.057   -599.346     -0.617    -20.534     24.441
    -14.259    120.762    515.098   -599.394     -0.619    -20.533     24.446
    -14.261    120.763    515.139   -599.443     -0.620    -20.533     24.450
    -14.263    120.764    515.180   -599.492     -0.621    -20.532     24.455
    -14.265    120.766    515.221   -599.541     -0.622    -20.532     24.460
    -14.267    120.767    515.263   -599.590     -0.623    -20.532     24.465
    -14.269    120.768    515.304   -599.639     -0.624    -20.531     24.469
    -14.271    120.769    515.345   -599.688     -0.625    -20.531     24.474
    -14.273    120.771    515.386   -599.737     -0.627    -20.530     24.479
    -14.275    120.772    515.427   -599.786     -0.628    -20.530     24.483
    -14.277    120.773    515.468   -599.835     -0.629    -20.529     24.488
    -14.279    120.774    515.509   -599.884     -0.630    -20.529     24.493
    -14.281    120.776    515.550   -599.933     -0.631    -20.529     24.497
    -14.283    120.777    515.591   -599.982     -0.632    -20.528     24.502
    -14.285    120.778    515.632   -600.031     -0.633    -20.528     24.507
    -14.287    120.779    515.673   -600.080     -0.635    -20.527     24.511
    -14.289    120.781    515.714   -600.129     -0.636    -20.527     24.516
    -14.291    120.782    515.755   -600.178     -0.637    -20.526     24.521
    -14.293    120.783    515.796   -600.227     -0.638    -20.526     24.525
    -14.295    120.785    515.837   -600.276     -0.639    -20.526     24.530
    -14.297    120.786    515.878   -600.325     -0.640    -20.525     24.535
    -14.299    120.787    515.919   -600.374     -0.641    -20.525     24.539
    -14.301    120.788    515.960   -600.423     -0.643    -20.524     24.544
    -14.303    120.790    516.002   -600.472     -0.644    -20.524     24.549
    -14.305    120.791    516.043   -600.521     -0.645    -20.524     24.553
    -14.307    120.792    516.084   -600.570     -0.646    -20.523     24.558
    -14.309    120.794    516.125   -600.620     -0.647    -20.523     24.562
    -14.311    120.795    516.166   -600.669     -0.648    -20.522     24.567
    -14.313    120.796    516.207   -600.718     -0.649    -20.522     24.572
    -14.315    120.797    516.248   -600.767     -0.650    -20.522     24.576
    -14.317    120.799    516.289   -600.816     -0.652    -20.521     24.581
    -14.319    120.800    516.330   -600.865     -0.653    -20.521     24.585
    -14.321    120.801    516.371   -600.915     -0.654    -20.520     24.590
    -14.323    120.803    516.412   -600.964     -0.655    -20.520     24.595
    -14.325    120.804    516.453   -601.013     -0.656    -20.520     24.599
    -14.327    120.805    516.494   -601.062     -0.657    -20.519     24.604
    -14.329    120.807    516.535   -601.111     -0.658    -20.519     24.608
    -14.331    120.808    516.576   -601.161     -0.659    -20.518     24.613
    -14.333    120.809    516.617   -601.210     -0.660    -20.518     24.617
    -14.335    120.811    516.658   -601.259     -0.662    -20.518     24.622
    -14.337    120.812    516.699   -601.308     -0.663    -20.517     24.626
    -14.339    120.813    516.740   -601.358     -0.664    -20.517     24.631
    -14.341    120.815    516.781   -601.407     -0.665    -20.516     24.636
    -14.343    120.816    516.822   -601.456     -0.666    -20.516     24.640
    -14.345    120.817    516.863   -601.505     -0.667    -20.516     24.645
    -14.347    120.819    516.904   -601.555     -0.668    -20.515     24.649
    -14.349    120.820    516.945   -601.604     -0.669    -20.515     24.654
    -14.351    120.821    516.986   -601.653     -0.670    -20.514     24.658
    -14.353    120.823    517.027   -601.703     -0.672    -20.514     24.663
    -14.355    120.824    517.069   -601.752     -0.673    -20.514     24.667
    -14.357    120.825    517.110   -601.801     -0.674    -20.513     24.672
    -14.359    120.827    517.151   -601.851     -0.675    -20.513     24.676
    -14.361    120.828    517.192   -601.900     -0.676    -20.513     24.681
    -14.363    120.829    517.233   -601.949     -0.677    -20.512     24.685
    -14.365    120.831    517.274   -601.999     -0.678    -20.512     24.690
    -14.367    120.832    517.315   -602.048     -0.679    -20.511     24.694
    -14.369    120.833    517.356   -602.097     -0.680    -20.511     24.699
    -14.371    120.835    517.397   -602.147     -0.681    -20.511     24.703
    -14.373    120.836    517.438   -602.196     -0.683    -20.510     24.708
    -14.375    120.837    517.479   -602.246     -0.684    -20.510     24.712
    -14.377    120.839    517.520   -602.295     -0.685    -20.510     24.716
    -14.379    120.840    517.561   -602.345     -0.686    -20.509     24.721
    -14.381    120.842    517.602   -602.394     -0.687    -20.509     24.725
    -14.383    120.843    517.643   -602.443     -0.688    -20.508     24.730
    -14.385    120.844    517.684   -602.493     -0.689    -20.508     24.734
    -14.387    120.846    517.725   -602.542     -0.690    -20.508     24.739
    -14.389    120.847    517.766   -602.592     -0.691    -20.507     24.743
    -14.391    120.848    517.807   -602.641     -0.692    -20.507     24.747
    -14.393    120.850    517.848   -602.691     -0.693    -20.507     24.752
    -14.395    120.851    517.889   -602.740     -0.695    -20.506     24.756
    -14.397    120.853    517.930   -602.790     -0.696    -20.506     24.761
    -14.399    120.854    517.971   -602.839     -0.697    -20.506     24.765
    -14.401    120.855    518.012   -602.889     -0.698    -20.505     24.770
    -14.403    120.857    518.053   -602.938     -0.699    -20.505     24.774
    -14.405    120.858    518.094   -602.988     -0.700    -20.504     24.778
    -14.407    120.860    518.135   -603.038     -0.701    -20.504     24.783
    -14.409    120.861    518.176   -603.087     -0.702    -20.504     24.787
    -14.411    120.862    518.217   -603.137     -0.703    -20.503     24.791
    -14.413    120.864    518.258   -603.186     -0.704    -20.503     24.796
    -14.415    120.865    518.299   -603.236     -0.705    -20.503     24.800
    -14.417    120.867    518.340   -603.286     -0.706    -20.502     24.805
    -14.419    120.868    518.381   -603.335     -0.707    -20.502     24.809
    -14.421    120.869    518.422   -603.385     -0.709    -20.502     24.813
    -14.423    120.871    518.463   -603.434     -0.710    -20.501     24.818
    -14.425    120.872    518.504   -603.484     -0.711    -20.501     24.822
    -14.427    120.874    518.545   -603.534     -0.712    -20.501     24.826
    -14.429    120.875    518.586   -603.583     -0.713    -20.500     24.831
    -14.431    120.877    518.627   -603.633     -0.714    -20.500     24.835
    -14.433    120.878    518.668   -603.683     -0.715    -20.500     24.839
    -14.435    120.879    518.709   -603.732     -0.716    -20.499     24.844
    -14.437    120.881    518.750   -603.782     -0.717    -20.499     24.848
    -14.439    120.882    518.791   -603.832     -0.718    -20.498     24.852
    -14.441    120.884    518.832   -603.881     -0.719    -20.498     24.857
    -14.443    120.885    518.873   -603.931     -0.720    -20.498     24.861
    -14.445    120.887    518.914   -603.981     -0.721    -20.497     24.865
    -14.447    120.888    518.955   -604.031     -0.722    -20.497     24.870
    -14.449    120.890    518.996   -604.080     -0.723    -20.497     24.874
    -14.451    120.891    519.037   -604.130     -0.724    -20.496     24.878
    -14.453    120.892    519.078   -604.180     -0.726    -20.496     24.882
    -14.455    120.894    519.119   -604.230     -0.727    -20.496     24.887
    -14.457    120.895    519.160   -604.279     -0.728    -20.495     24.891
    -14.459    120.897    519.201   -604.329     -0.729    -20.495     24.895
    -14.461    120.898    519.242   -604.379     -0.730    -20.495     24.900
    -14.463    120.900    519.283   -604.429     -0.731    -20.494     24.904
    -14.465    120.901    519.324   -604.479     -0.732    -20.494     24.908
    -14.467    120.903    519.365   -604.528     -0.733    -20.494     24.912
    -14.469    120.904    519.406   -604.578     -0.734    -20.493     24.917
    -14.471    120.906    519.447   -604.628     -0.735    -20.493     24.921
    -14.473    120.907    519.488   -604.678     -0.736    -20.493     24.925
    -14.475    120.908    519.529   -604.728     -0.737    -20.492     24.929
    -14.477    120.910    519.570   -604.778     -0.738    -20.492     24.934
    -14.479    120.911    519.611   -604.828     -0.739    -20.492     24.938
    -14.481    120.913    519.652   -604.877     -0.740    -20.491     24.942
    -14.483    120.914    519.693   -604.927     -0.741    -20.491     24.946
    -14.485    120.916    519.734   -604.977     -0.742    -20.491     24.951
    -14.487    120.917    519.775   -605.027     -0.743    -20.490     24.955
    -14.489    120.919    519.816   -605.077     -0.744    -20.490     24.959
    -14.491    120.920    519.857   -605.127     -0.745    -20.490     24.963
    -14.493    120.922    519.898   -605.177     -0.746    -20.490     24.967
    -14.495    120.923    519.939   -605.227     -0.748    -20.489     24.972
    -14.497    120.925    519.980   -605.277     -0.749    -20.489     24.976
    -14.499    120.926    520.021   -605.327     -0.750    -20.489     24.980
    -14.501    120.928    520.062   -605.377     -0.751    -20.488     24.984
    -14.503    120.929    520.103   -605.427     -0.752    -20.488     24.988
    -14.505    120.931    520.144   -605.477     -0.753    -20.488     24.993
    -14.507    120.932    520.185   -605.527     -0.754    -20.487     24.997
    -14.509    120.934    520.226   -605.577     -0.755    -20.487     25.001
    -14.511    120.935    520.266   -605.627     -0.756    -20.487     25.005
    -14.513    120.937    520.307   -605.677     -0.757    -20.486     25.009
    -14.515    120.938    520.348   -605.727     -0.758    -20.486     25.013
    -14.517    120.940    520.389   -605.777     -0.759    -20.486     25.018
    -14.519    120.941    520.430   -605.827     -0.760    -20.485     25.022
    -14.521    120.943    520.471   -605.877     -0.761    -20.485     25.026
    -14.523    120.944    520.512   -605.927     -0.762    -20.485     25.030
    -14.525    120.946    520.553   -605.977     -0.763    -20.485     25.034
    -14.527    120.948    520.594   -606.027     -0.764    -20.484     25.038
    -14.529    120.949    520.635   -606.077     -0.765    -20.484     25.042
    -14.531    120.951    520.676   -606.127     -0.766    -20.484     25.047
    -14.533    120.952    520.717   -606.177     -0.767    -20.483     25.051
    -14.535    120.954    520.758   -606.227     -0.768    -20.483     25.055
    -14.537    120.955    520.799   -606.278     -0.769    -20.483     25.059
    -14.539    120.957    520.840   -606.328     -0.770    -20.482     25.063
    -14.541    120.958    520.881   -606.378     -0.771    -20.482     25.067
    -14.543    120.960    520.922   -606.428     -0.772    -20.482     25.071
    -14.545    120.961    520.963   -606.478     -0.773    -20.481     25.075
    -14.547    120.963    521.004   -606.528     -0.774    -20.481     25.080
    -14.549    120.964    521.045   -606.578     -0.775    -20.481     25.084
    -14.551    120.966    521.086   -606.629     -0.776    -20.481     25.088
    -14.553    120.968    521.127   -606.679     -0.777    -20.480     25.092
    -14.555    120.969    521.168   -606.729     -0.778    -20.480     25.096
    -14.557    120.971    521.209   -606.779     -0.779    -20.480     25.100
    -14.559    120.972    521.250   -606.829     -0.780    -20.479     25.104
    -14.561    120.974    521.291   -606.880     -0.781    -20.479     25.108
    -14.563    120.975    521.332   -606.930     -0.782    -20.479     25.112
    -14.565    120.977    521.373   -606.980     -0.783    -20.479     25.116
    -14.567    120.978    521.413   -607.030     -0.784    -20.478     25.120
    -14.569    120.980    521.454   -607.080     -0.785    -20.478     25.124
    -14.571    120.982    521.495   -607.131     -0.786    -20.478     25.128
    -14.573    120.983    521.536   -607.181     -0.787    -20.477     25.132
    -14.575    120.985    521.577   -607.231     -0.788    -20.477     25.137
    -14.577    120.986    521.618   -607.282     -0.789    -20.477     25.141
    -14.579    120.988    521.659   -607.332     -0.790    -20.477     25.145
    -14.581    120.990    521.700   -607.382     -0.791    -20.476     25.149
    -14.583    120.991    521.741   -607.432     -0.792    -20.476     25.153
    -14.585    120.993    521.782   -607.483     -0.793    -20.476     25.157
    -14.587    120.994    521.823   -607.533     -0.794    -20.475     25.161
    -14.589    120.996    521.864   -607.583     -0.795    -20.475     25.165
    -14.591    120.997    521.905   -607.634     -0.796    -20.475     25.169
    -14.593    120.999    521.946   -607.684     -0.797    -20.475     25.173
    -14.595    121.001    521.987   -607.734     -0.798    -20.474     25.177
    -14.597    121.002    522.028   -607.785     -0.799    -20.474     25.181
    -14.599    121.004    522.069   -607.835     -0.800    -20.474     25.185
    -14.601    121.005    522.110   -607.885     -0.801    -20.473     25.189
    -14.603    121.007    522.151   -607.936     -0.802    -20.473     25.193
    -14.605    121.009    522.192   -607.986     -0.803    -20.473     25.197
    -14.607    121.010    522.233   -608.037     -0.804    -20.473     25.201
    -14.609    121.012    522.273   -608.087     -0.805    -20.472     25.205
    -14.611    121.013    522.314   -608.137     -0.806    -20.472     25.209
    -14.613    121.015    522.355   -608.188     -0.807    -20.472     25.213
    -14.615    121.017    522.396   -608.238     -0.808    -20.471     25.217
    -14.617    121.018    522.437   -608.289     -0.809    -20.471     25.221
    -14.619    121.020    522.478   -608.339     -0.810    -20.471     25.225
    -14.621    121.022    522.519   -608.390     -0.811    -20.471     25.229
    -14.623    121.023    522.560   -608.440     -0.812    -20.470     25.233
    -14.625    121.025    522.601   -608.491     -0.813    -20.470     25.236
    -14.627    121.026    522.642   -608.541     -0.814    -20.470     25.240
    -14.629    121.028    522.683   -608.592     -0.815    -20.470     25.244
    -14.631    121.030    522.724   -608.642     -0.816    -20.469     25.248
    -14.633    121.031    522.765   -608.693     -0.817    -20.469     25.252
    -14.635    121.033    522.806   -608.743     -0.818    -20.469     25.256
    -14.637    121.035    522.847   -608.794     -0.819    -20.469     25.260
    -14.639    121.036    522.888   -608.844     -0.820    -20.468     25.264
    -14.641    121.038    522.929   -608.895     -0.821    -20.468     25.268
    -14.643    121.040    522.969   -608.945     -0.822    -20.468     25.272
    -14.645    121.041    523.010   -608.996     -0.823    -20.467     25.276
    -14.647    121.043    523.051   -609.046     -0.824    -20.467     25.280
    -14.649    121.044    523.092   -609.097     -0.825    -20.467     25.284
    -14.651    121.046    523.133   -609.147     -0.826    -20.467     25.288
    -14.653    121.048    523.174   -609.198     -0.827    -20.466     25.291
    -14.655    121.049    523.215   -609.249     -0.828    -20.466     25.295
    -14.657    121.051    523.256   -609.299     -0.829    -20.466     25.299
    -14.659    121.053    523.297   -609.350     -0.830    -20.466     25.303
    -14.661    121.054    523.338   -609.400     -0.831    -20.465     25.307
    -14.663    121.056    523.379   -609.451     -0.831    -20.465     25.311
    -14.665    121.058    523.420   -609.502     -0.832    -20.465     25.315
    -14.667    121.059    523.461   -609.552     -0.833    -20.465     25.319
    -14.669    121.061    523.502   -609.603     -0.834    -20.464     25.323
    -14.671    121.063    523.542   -609.654     -0.835    -20.464     25.326
    -14.673    121.064    523.583   -609.704     -0.836    -20.464     25.330
    -14.675    121.066    523.624   -609.755     -0.837    -20.464     25.334
    -14.677    121.068    523.665   -609.806     -0.838    -20.463     25.338
    -14.679    121.069    523.706   -609.856     -0.839    -20.463     25.342
    -14.681    121.071    523.747   -609.907     -0.840    -20.463     25.346
    -14.683    121.073    523.788   -609.958     -0.841    -20.463     25.350
    -14.685    121.074    523.829   -610.008     -0.842    -20.462     25.353
    -14.687    121.076    523.870   -610.059     -0.843    -20.462     25.357
    -14.689    121.078    523.911   -610.110     -0.844    -20.462     25.361
    -14.691    121.080    523.952   -610.160     -0.845    -20.462     25.365
    -14.693    121.081    523.993   -610.211     -0.846    -20.461     25.369
    -14.695    121.083    524.034   -610.262     -0.847    -20.461     25.373
    -14.697    121.085    524.075   -610.313     -0.848    -20.461     25.376
    -14.699    121.086    524.115   -610.363     -0.849    -20.461     25.380
    -14.701    121.088    524.156   -610.414     -0.850    -20.460     25.384
    -14.703    121.090    524.197   -610.465     -0.851    -20.460     25.388
    -14.705    121.091    524.238   -610.516     -0.852    -20.460     25.392
    -14.707    121.093    524.279   -610.567     -0.852    -20.460     25.395
    -14.709    121.095    524.320   -610.617     -0.853    -20.459     25.399
    -14.711    121.097    524.361   -610.668     -0.854    -20.459     25.403
    -14.713    121.098    524.402   -610.719     -0.855    -20.459     25.407
    -14.715    121.100    524.443   -610.770     -0.856    -20.459     25.411
    -14.717    121.102    524.484   -610.821     -0.857    -20.459     25.414
    -14.719    121.103    524.525   -610.871     -0.858    -20.458     25.418
    -14.721    121.105    524.566   -610.922     -0.859    -20.458     25.422
    -14.723    121.107    524.606   -610.973     -0.860    -20.458     25.426
    -14.725    121.109    524.647   -611.024     -0.861    -20.458     25.430
    -14.727    121.110    524.688   -611.075     -0.862    -20.457     25.433
    -14.729    121.112    524.729   -611.126     -0.863    -20.457     25.437
    -14.731    121.114    524.770   -611.177     -0.864    -20.457     25.441
    -14.733    121.115    524.811   -611.227     -0.865    -20.457     25.445
    -14.735    121.117    524.852   -611.278     -0.866    -20.456     25.448
    -14.737    121.119    524.893   -611.329     -0.867    -20.456     25.452
    -14.739    121.121    524.934   -611.380     -0.868    -20.456     25.456
    -14.741    121.122    524.975   -611.431     -0.868    -20.456     25.460
    -14.743    121.124    525.016   -611.482     -0.869    -20.455     25.463
    -14.745    121.126    525.056   -611.533     -0.870    -20.455     25.467
    -14.747    121.128    525.097   -611.584     -0.871    -20.455     25.471
    -14.749    121.129    525.138   -611.635     -0.872    -20.455     25.475
    -14.751    121.131    525.179   -611.686     -0.873    -20.455     25.478
    -14.753    121.133    525.220   -611.737     -0.874    -20.454     25.482
    -14.755    121.135    525.261   -611.788     -0.875    -20.454     25.486
    -14.757    121.136    525.302   -611.839     -0.876    -20.454     25.490
    -14.759    121.138    525.343   -611.890     -0.877    -20.454     25.493
    -14.761    121.140    525.384   -611.941     -0.878    -20.453     25.497
    -14.763    121.142    525.425   -611.992     -0.879    -20.453     25.501
    -14.765    121.143    525.466   -612.043     -0.880    -20.453     25.504
    -14.767    121.145    525.506   -612.094     -0.881    -20.453     25.508
    -14.769    121.147    525.547   -612.145     -0.881    -20.453     25.512
    -14.771    121.149    525.588   -612.196     -0.882    -20.452     25.516
    -14.773    121.150    525.629   -612.247     -0.883    -20.452     25.519
    -14.775    121.152    525.670   -612.298     -0.884    -20.452     25.523
    -14.777    121.154    525.711   -612.349     -0.885    -20.452     25.527
    -14.779    121.156    525.752   -612.400     -0.886    -20.451     25.530
    -14.781    121.157    525.793   -612.451     -0.887    -20.451     25.534
    -14.783    121.159    525.834   -612.502     -0.888    -20.451     25.538
    -14.785    121.161    525.875   -612.553     -0.889    -20.451     25.541
    -14.787    121.163    525.916   -612.604     -0.890    -20.451     25.545
    -14.789    121.165    525.956   -612.655     -0.891    -20.450     25.549
    -14.791    121.166    525.997   -612.706     -0.892    -20.450     25.552
    -14.793    121.168    526.038   -612.757     -0.893    -20.450     25.556
    -14.795    121.170    526.079   -612.809     -0.893    -20.450     25.560
    -14.797    121.172    526.120   -612.860     -0.894    -20.449     25.563
    -14.799    121.174    526.161   -612.911     -0.895    -20.449     25.567
    -14.801    121.175    526.202   -612.962     -0.896    -20.449     25.571
    -14.803    121.177    526.243   -613.013     -0.897    -20.449     25.574
    -14.805    121.179    526.284   -613.064     -0.898    -20.449     25.578
    -14.807    121.181    526.325   -613.115     -0.899    -20.448     25.582
    -14.809    121.182    526.365   -613.167     -0.900    -20.448     25.585
    -14.811    121.184    526.406   -613.218     -0.901    -20.448     25.589
    -14.813    121.186    526.447   -613.269     -0.902    -20.448     25.593
    -14.815    121.188    526.488   -613.320     -0.903    -20.448     25.596
    -14.817    121.190    526.529   -613.371     -0.903    -20.447     25.600
    -14.819    121.192    526.570   -613.423     -0.904    -20.447     25.603
    -14.821    121.193    526.611   -613.474     -0.905    -20.447     25.607
    -14.823    121.195    526.652   -613.525     -0.906    -20.447     25.611
    -14.825    121.197    526.693   -613.576     -0.907    -20.447     25.614
    -14.827    121.199    526.733   -613.627     -0.908    -20.446     25.618
    -14.829    121.201    526.774   -613.679     -0.909    -20.446     25.621
    -14.831    121.202    526.815   -613.730     -0.910    -20.446     25.625
    -14.833    121.204    526.856   -613.781     -0.911    -20.446     25.629
    -14.835    121.206    526.897   -613.832     -0.912    -20.446     25.632
    -14.837    121.208    526.938   -613.884     -0.912    -20.445     25.636
    -14.839    121.210    526.979   -613.935     -0.913    -20.445     25.639
    -14.841    121.212    527.020   -613.986     -0.914    -20.445     25.643
    -14.843    121.213    527.061   -614.038     -0.915    -20.445     25.647
    -14.845    121.215    527.101   -614.089     -0.916    -20.445     25.650
    -14.847    121.217    527.142   -614.140     -0.917    -20.444     25.654
    -14.849    121.219    527.183   -614.191     -0.918    -20.444     25.657
    -14.851    121.221    527.224   -614.243     -0.919    -20.444     25.661
    -14.853    121.223    527.265   -614.294     -0.920    -20.444     25.665
    -14.855    121.224    527.306   -614.345     -0.921    -20.444     25.668
    -14.857    121.226    527.347   -614.397     -0.921    -20.443     25.672
    -14.859    121.228    527.388   -614.448     -0.922    -20.443     25.675
    -14.861    121.230    527.429   -614.499     -0.923    -20.443     25.679
    -14.863    121.232    527.469   -614.551     -0.924    -20.443     25.682
    -14.865    121.234    527.510   -614.602     -0.925    -20.443     25.686
    -14.867    121.235    527.551   -614.654     -0.926    -20.442     25.689
    -14.869    121.237    527.592   -614.705     -0.927    -20.442     25.693
    -14.871    121.239    527.633   -614.756     -0.928    -20.442     25.697
    -14.873    121.241    527.674   -614.808     -0.929    -20.442     25.700
    -14.875    121.243    527.715   -614.859     -0.929    -20.442     25.704
    -14.877    121.245    527.756   -614.911     -0.930    -20.441     25.707
    -14.879    121.247    527.797   -614.962     -0.931    -20.441     25.711
    -14.881    121.248    527.837   -615.013     -0.932    -20.441     25.714
    -14.883    121.250    527.878   -615.065     -0.933    -20.441     25.718
    -14.885    121.252    527.919   -615.116     -0.934    -20.441     25.721
    -14.887    121.254    527.960   -615.168     -0.935    -20.440     25.725
    -14.889    121.256    528.001   -615.219     -0.936    -20.440     25.728
    -14.891    121.258    528.042   -615.271     -0.936    -20.440     25.732
    -14.893    121.260    528.083   -615.322     -0.937    -20.440     25.735
    -14.895    121.262    528.124   -615.374     -0.938    -20.440     25.739
    -14.897    121.263    528.164   -615.425     -0.939    -20.440     25.742
    -14.899    121.265    528.205   -615.477     -0.940    -20.439     25.746
    -14.901    121.267    528.246   -615.528     -0.941    -20.439     25.749
    -14.903    121.269    528.287   -615.580     -0.942    -20.439     25.753
    -14.905    121.271    528.328   -615.631     -0.943    -20.439     25.756
    -14.907    121.273    528.369   -615.683     -0.943    -20.439     25.760
    -14.909    121.275    528.410   -615.734     -0.944    -20.438     25.763
    -14.911    121.277    528.451   -615.786     -0.945    -20.438     25.767
    -14.913    121.278    528.491   -615.837     -0.946    -20.438     25.770
    -14.915    121.280    528.532   -615.889     -0.947    -20.438     25.774
    -14.917    121.282    528.573   -615.940     -0.948    -20.438     25.777
    -14.919    121.284    528.614   -615.992     -0.949    -20.438     25.781
    -14.921    121.286    528.655   -616.043     -0.950    -20.437     25.784
    -14.923    121.288    528.696   -616.095     -0.950    -20.437     25.788
    -14.925    121.290    528.737   -616.147     -0.951    -20.437     25.791
    -14.927    121.292    528.778   -616.198     -0.952    -20.437     25.795
    -14.929    121.294    528.818   -616.250     -0.953    -20.437     25.798
    -14.931    121.296    528.859   -616.301     -0.954    -20.436     25.801
    -14.933    121.298    528.900   -616.353     -0.955    -20.436     25.805
    -14.935    121.299    528.941   -616.405     -0.956    -20.436     25.808
    -14.937    121.301    528.982   -616.456     -0.957    -20.436     25.812
    -14.939    121.303    529.023   -616.508     -0.957    -20.436     25.815
    -14.941    121.305    529.064   -616.559     -0.958    -20.436     25.819
    -14.943    121.307    529.105   -616.611     -0.959    -20.435     25.822
    -14.945    121.309    529.145   -616.663     -0.960    -20.435     25.826
    -14.947    121.311    529.186   -616.714     -0.961    -20.435     25.829
    -14.949    121.313    529.227   -616.766     -0.962    -20.435     25.832
    -14.951    121.315    529.268   -616.818     -0.963    -20.435     25.836
    -14.953    121.317    529.309   -616.869     -0.963    -20.435     25.839
    -14.955    121.319    529.350   -616.921     -0.964    -20.434     25.843
    -14.957    121.321    529.391   -616.973     -0.965    -20.434     25.846
    -14.959    121.322    529.432   -617.024     -0.966    -20.434     25.849
    -14.961    121.324    529.472   -617.076     -0.967    -20.434     25.853
    -14.963    121.326    529.513   -617.128     -0.968    -20.434     25.856
    -14.965    121.328    529.554   -617.180     -0.969    -20.434     25.860
    -14.967    121.330    529.595   -617.231     -0.969    -20.433     25.863
    -14.969    121.332    529.636   -617.283     -0.970    -20.433     25.867
    -14.971    121.334    529.677   -617.335     -0.971    -20.433     25.870
    -14.973    121.336    529.718   -617.386     -0.972    -20.433     25.873
    -14.975    121.338    529.758   -617.438     -0.973    -20.433     25.877
    -14.977    121.340    529.799   -617.490     -0.974    -20.433     25.880
    -14.979    121.342    529.840   -617.542     -0.975    -20.432     25.883
    -14.981    121.344    529.881   -617.594     -0.975    -20.432     25.887
    -14.983    121.346    529.922   -617.645     -0.976    -20.432     25.890
    -14.985    121.348    529.963   -617.697     -0.977    -20.432     25.894
    -14.987    121.350    530.004   -617.749     -0.978    -20.432     25.897
    -14.989    121.352    530.045   -617.801     -0.979    -20.432     25.900
    -14.991    121.354    530.085   -617.852     -0.980    -20.431     25.904
    -14.993    121.356    530.126   -617.904     -0.980    -20.431     25.907
    -14.995    121.358    530.167   -617.956     -0.981    -20.431     25.910
    -14.997    121.359    530.208   -618.008     -0.982    -20.431     25.914
    -14.999    121.361    530.249   -618.060     -0.983    -20.431     25.917
    -15.001    121.363    530.290   -618.112     -0.984    -20.431     25.921
