#         t          x          y          z         vx         vy         vz
      0.001      0.000      0.000      0.000      0.000      0.000      0.000
     -0.001     -0.000     -0.000     -0.000      0.004      0.268      0.178
     -0.003     -0.000     -0.001     -0.001      0.006      0.534      0.360
     -0.005     -0.000     -0.002     -0.002      0.008      0.799      0.546
     -0.007     -0.000     -0.004     -0.003      0.009      1.062      0.735
     -0.009     -0.000     -0.007     -0.005      0.009      1.324      0.928
     -0.011     -0.000     -0.010     -0.007      0.007      1.584      1.125
     -0.013     -0.000     -0.013     -0.009      0.005      1.842      1.326
     -0.015     -0.000     -0.017     -0.012      0.002      2.098      1.531
     -0.017     -0.000     -0.021     -0.015     -0.002      2.352      1.739
     -0.019     -0.000     -0.026     -0.019     -0.008      2.604      1.951
     -0.021     -0.000     -0.032     -0.023     -0.014      2.853      2.166
     -0.023     -0.000     -0.038     -0.028     -0.021      3.100      2.385
     -0.025      0.000     -0.044     -0.033     -0.029      3.345      2.608
     -0.027      0.000     -0.051     -0.038     -0.039      3.587      2.834
     -0.029      0.000     -0.059     -0.044     -0.049      3.827      3.063
     -0.031      0.000     -0.066     -0.050     -0.061      4.064      3.296
     -0.033      0.000     -0.075     -0.057     -0.073      4.298      3.532
     -0.035      0.001     -0.084     -0.064     -0.087      4.530      3.772
     -0.037      0.001     -0.093     -0.072     -0.102      4.758      4.014
     -0.039      0.001     -0.103     -0.080     -0.117      4.983      4.260
     -0.041      0.001     -0.113     -0.089     -0.134      5.205      4.509
     -0.043      0.002     -0.123     -0.098     -0.152      5.424      4.761
     -0.045      0.002     -0.135     -0.108     -0.171      5.639      5.015
     -0.047      0.002     -0.146     -0.119     -0.191      5.851      5.273
     -0.049      0.003     -0.158     -0.129     -0.212      6.060      5.533
     -0.051      0.003     -0.170     -0.141     -0.234      6.265      5.796
     -0.053      0.004     -0.183     -0.153     -0.257      6.467      6.062
     -0.055      0.004     -0.196     -0.165     -0.281      6.664      6.330
     -0.057      0.005     -0.210     -0.178     -0.306      6.858      6.600
     -0.059      0.005     -0.224     -0.191     -0.332      7.049      6.873
     -0.061      0.006     -0.238     -0.205     -0.359      7.235      7.148
     -0.063      0.007     -0.252     -0.220     -0.387      7.418      7.425
     -0.065      0.008     -0.267     -0.235     -0.416      7.596      7.704
     -0.067      0.008     -0.283     -0.251     -0.446      7.771      7.985
     -0.069      0.009     -0.299     -0.267     -0.477      7.942      8.268
     -0.071      0.010     -0.315     -0.284     -0.509      8.108      8.552
     -0.073      0.011     -0.331     -0.301     -0.542      8.270      8.838
     -0.075      0.012     -0.348     -0.319     -0.576      8.429      9.126
     -0.077      0.014     -0.365     -0.338     -0.610      8.583      9.415
     -0.079      0.015     -0.382     -0.357     -0.646      8.733      9.705
     -0.081      0.016     -0.400     -0.377     -0.682      8.879      9.996
     -0.083      0.018     -0.418     -0.397     -0.719      9.020     10.289
     -0.085      0.019     -0.436     -0.418     -0.757      9.157     10.582
     -0.087      0.021     -0.454     -0.439     -0.796      9.290     10.876
     -0.089      0.022     -0.473     -0.461     -0.835      9.419     11.171
     -0.091      0.024     -0.492     -0.484     -0.875      9.544     11.467
     -0.093      0.026     -0.511     -0.507     -0.916      9.664     11.763
     -0.095      0.028     -0.530     -0.531     -0.958      9.780     12.060
     -0.097      0.030     -0.550     -0.555     -1.000      9.892     12.357
     -0.099      0.032     -0.570     -0.580     -1.043     10.000     12.654
     -0.101      0.034     -0.590     -0.606     -1.087     10.103     12.952
     -0.103      0.036     -0.610     -0.632     -1.131     10.203     13.249
     -0.105      0.038     -0.631     -0.659     -1.176     10.298     13.547
     -0.107      0.041     -0.652     -0.686     -1.222     10.389     13.844
     -0.109      0.043     -0.673     -0.714     -1.268     10.476     14.141
     -0.111      0.046     -0.694     -0.743     -1.315     10.559     14.438
     -0.113      0.049     -0.715     -0.772     -1.362     10.638     14.734
     -0.115      0.051     -0.736     -0.802     -1.409     10.713     15.030
     -0.117      0.054     -0.758     -0.832     -1.457     10.784     15.325
     -0.119      0.057     -0.779     -0.863     -1.506     10.852     15.620
     -0.121      0.060     -0.801     -0.895     -1.555     10.915     15.914
     -0.123      0.063     -0.823     -0.927     -1.604     10.974     16.207
     -0.125      0.067     -0.845     -0.959     -1.654     11.030     16.499
     -0.127      0.070     -0.867     -0.993     -1.704     11.082     16.790
     -0.129      0.073     -0.889     -1.027     -1.754     11.131     17.080
     -0.131      0.077     -0.912     -1.061     -1.805     11.176     17.369
     -0.133      0.081     -0.934     -1.096     -1.856     11.217     17.657
     -0.135      0.084     -0.956     -1.132     -1.907     11.255     17.944
     -0.137      0.088     -0.979     -1.168     -1.959     11.289     18.229
     -0.139      0.092     -1.002     -1.205     -2.011     11.320     18.513
     -0.141      0.096     -1.024     -1.242     -2.063     11.348     18.796
     -0.143      0.100     -1.047     -1.280     -2.115     11.372     19.077
     -0.145      0.105     -1.070     -1.318     -2.167     11.393     19.357
     -0.147      0.109     -1.092     -1.357     -2.220     11.412     19.635
     -0.149      0.114     -1.115     -1.397     -2.272     11.427     19.912
     -0.151      0.118     -1.138     -1.437     -2.325     11.439     20.187
     -0.153      0.123     -1.161     -1.478     -2.378     11.448     20.460
     -0.155      0.128     -1.184     -1.519     -2.431     11.454     20.732
     -0.157      0.133     -1.207     -1.560     -2.484     11.457     21.002
     -0.159      0.138     -1.230     -1.603     -2.537     11.458     21.271
     -0.161      0.143     -1.253     -1.646     -2.590     11.456     21.537
     -0.163      0.148     -1.276     -1.689     -2.643     11.451     21.802
     -0.165      0.153     -1.299     -1.733     -2.697     11.444     22.065
     -0.167      0.159     -1.321     -1.777     -2.750     11.434     22.326
     -0.169      0.164     -1.344     -1.822     -2.803     11.422     22.585
     -0.171      0.170     -1.367     -1.867     -2.856     11.407     22.842
     -0.173      0.176     -1.390     -1.913     -2.909     11.390     23.098
     -0.175      0.182     -1.413     -1.960     -2.962     11.371     23.351
     -0.177      0.188     -1.435     -2.007     -3.015     11.350     23.603
     -0.179      0.194     -1.458     -2.054     -3.068     11.326     23.853
     -0.181      0.200     -1.481     -2.102     -3.121     11.300     24.100
     -0.183      0.206     -1.503     -2.151     -3.173     11.272     24.346
     -0.185      0.213     -1.526     -2.200     -3.226     11.243     24.590
     -0.187      0.219     -1.548     -2.249     -3.279     11.211     24.832
     -0.189      0.226     -1.571     -2.299     -3.331     11.177     25.072
     -0.191      0.232     -1.593     -2.349     -3.383     11.142     25.310
     -0.193      0.239     -1.615     -2.400     -3.435     11.104     25.546
     -0.195      0.246     -1.637     -2.451     -3.487     11.065     25.780
     -0.197      0.253     -1.659     -2.503     -3.539     11.025     26.012
     -0.199      0.260     -1.681     -2.556     -3.591     10.982     26.242
     -0.201      0.268     -1.703     -2.608     -3.642     10.938     26.470
     -0.203      0.275     -1.725     -2.661     -3.693     10.893     26.696
     -0.205      0.282     -1.747     -2.715     -3.744     10.846     26.920
     -0.207      0.290     -1.769     -2.769     -3.795     10.797     27.142
     -0.209      0.298     -1.790     -2.824     -3.846     10.747     27.363
     -0.211      0.305     -1.812     -2.879     -3.896     10.696     27.581
     -0.213      0.313     -1.833     -2.934     -3.947     10.643     27.797
     -0.215      0.321     -1.854     -2.990     -3.997     10.589     28.012
     -0.217      0.329     -1.875     -3.046     -4.047     10.534     28.224
     -0.219      0.337     -1.896     -3.103     -4.096     10.478     28.435
     -0.221      0.345     -1.917     -3.160     -4.146     10.420     28.643
     -0.223      0.354     -1.938     -3.217     -4.195     10.362     28.850
     -0.225      0.362     -1.959     -3.275     -4.244     10.302     29.055
     -0.227      0.371     -1.979     -3.333     -4.293     10.241     29.258
     -0.229      0.379     -2.000     -3.392     -4.342     10.179     29.460
     -0.231      0.388     -2.020     -3.451     -4.390     10.116     29.659
     -0.233      0.397     -2.040     -3.511     -4.438     10.053     29.856
     -0.235      0.406     -2.060     -3.571     -4.486      9.988     30.052
     -0.237      0.415     -2.080     -3.631     -4.533      9.922     30.246
     -0.239      0.424     -2.100     -3.692     -4.581      9.856     30.438
     -0.241      0.433     -2.119     -3.753     -4.628      9.788     30.629
     -0.243      0.443     -2.139     -3.814     -4.675      9.720     30.817
     -0.245      0.452     -2.158     -3.876     -4.721      9.651     31.004
     -0.247      0.461     -2.178     -3.938     -4.768      9.582     31.189
     -0.249      0.471     -2.197     -4.001     -4.814      9.511     31.372
     -0.251      0.481     -2.216     -4.064     -4.860      9.440     31.554
     -0.253      0.490     -2.234     -4.127     -4.905      9.368     31.734
     -0.255      0.500     -2.253     -4.191     -4.951      9.296     31.912
     -0.257      0.510     -2.272     -4.255     -4.996      9.223     32.089
     -0.259      0.520     -2.290     -4.319     -5.041      9.149     32.264
     -0.261      0.530     -2.308     -4.384     -5.085      9.075     32.437
     -0.263      0.541     -2.326     -4.449     -5.130      9.001     32.609
     -0.265      0.551     -2.344     -4.514     -5.174      8.925     32.779
     -0.267      0.561     -2.362     -4.580     -5.218      8.850     32.947
     -0.269      0.572     -2.380     -4.646     -5.261      8.773     33.114
     -0.271      0.582     -2.397     -4.712     -5.305      8.697     33.280
     -0.273      0.593     -2.414     -4.779     -5.348      8.620     33.443
     -0.275      0.604     -2.432     -4.846     -5.391      8.542     33.606
     -0.277      0.615     -2.449     -4.913     -5.433      8.464     33.766
     -0.279      0.626     -2.465     -4.981     -5.476      8.386     33.926
     -0.281      0.637     -2.482     -5.049     -5.518      8.307     34.083
     -0.283      0.648     -2.499     -5.117     -5.559      8.228     34.240
     -0.285      0.659     -2.515     -5.186     -5.601      8.149     34.394
     -0.287      0.670     -2.531     -5.255     -5.642      8.069     34.548
     -0.289      0.681     -2.547     -5.324     -5.683      7.989     34.700
     -0.291      0.693     -2.563     -5.394     -5.724      7.909     34.850
     -0.293      0.704     -2.579     -5.464     -5.765      7.828     34.999
     -0.295      0.716     -2.594     -5.534     -5.805      7.747     35.147
     -0.297      0.727     -2.610     -5.604     -5.845      7.666     35.293
     -0.299      0.739     -2.625     -5.675     -5.885      7.585     35.439
     -0.301      0.751     -2.640     -5.746     -5.925      7.504     35.582
     -0.303      0.763     -2.655     -5.817     -5.964      7.422     35.725
     -0.305      0.775     -2.670     -5.889     -6.003      7.340     35.866
     -0.307      0.787     -2.684     -5.961     -6.042      7.258     36.005
     -0.309      0.799     -2.699     -6.033     -6.081      7.176     36.144
     -0.311      0.811     -2.713     -6.105     -6.119      7.093     36.281
     -0.313      0.823     -2.727     -6.178     -6.158      7.011     36.417
     -0.315      0.836     -2.741     -6.251     -6.196      6.928     36.552
     -0.317      0.848     -2.755     -6.324     -6.233      6.846     36.685
     -0.319      0.861     -2.769     -6.398     -6.271      6.763     36.817
     -0.321      0.873     -2.782     -6.472     -6.308      6.680     36.948
     -0.323      0.886     -2.795     -6.546     -6.345      6.597     37.078
     -0.325      0.899     -2.808     -6.620     -6.382      6.514     37.207
     -0.327      0.912     -2.821     -6.694     -6.418      6.430     37.334
     -0.329      0.924     -2.834     -6.769     -6.455      6.347     37.461
     -0.331      0.937     -2.847     -6.844     -6.491      6.264     37.586
     -0.333      0.950     -2.859     -6.919     -6.527      6.181     37.710
     -0.335      0.963     -2.872     -6.995     -6.562      6.097     37.833
     -0.337      0.977     -2.884     -7.071     -6.598      6.014     37.955
     -0.339      0.990     -2.896     -7.147     -6.633      5.930     38.075
     -0.341      1.003     -2.907     -7.223     -6.668      5.847     38.195
     -0.343      1.017     -2.919     -7.300     -6.703      5.763     38.314
     -0.345      1.030     -2.930     -7.376     -6.738      5.680     38.431
     -0.347      1.043     -2.942     -7.453     -6.772      5.597     38.548
     -0.349      1.057     -2.953     -7.531     -6.806      5.513     38.663
     -0.351      1.071     -2.964     -7.608     -6.840      5.430     38.778
     -0.353      1.084     -2.974     -7.686     -6.874      5.346     38.891
     -0.355      1.098     -2.985     -7.764     -6.907      5.263     39.004
     -0.357      1.112     -2.996     -7.842     -6.941      5.180     39.115
     -0.359      1.126     -3.006     -7.920     -6.974      5.096     39.226
     -0.361      1.140     -3.016     -7.999     -7.007      5.013     39.335
     -0.363      1.154     -3.026     -8.077     -7.040      4.930     39.444
     -0.365      1.168     -3.036     -8.156     -7.072      4.847     39.552
     -0.367      1.182     -3.045     -8.236     -7.104      4.764     39.658
     -0.369      1.196     -3.055     -8.315     -7.137      4.681     39.764
     -0.371      1.211     -3.064     -8.395     -7.168      4.598     39.869
     -0.373      1.225     -3.073     -8.474     -7.200      4.515     39.973
     -0.375      1.240     -3.082     -8.555     -7.232      4.432     40.076
     -0.377      1.254     -3.091     -8.635     -7.263      4.350     40.178
     -0.379      1.269     -3.099     -8.715     -7.294      4.267     40.280
     -0.381      1.283     -3.108     -8.796     -7.325      4.185     40.380
     -0.383      1.298     -3.116     -8.877     -7.356      4.102     40.480
     -0.385      1.313     -3.124     -8.958     -7.387      4.020     40.578
     -0.387      1.328     -3.132     -9.039     -7.417      3.938     40.676
     -0.389      1.342     -3.140     -9.121     -7.447      3.856     40.773
     -0.391      1.357     -3.148     -9.202     -7.478      3.774     40.870
     -0.393      1.372     -3.155     -9.284     -7.507      3.692     40.965
     -0.395      1.387     -3.162     -9.366     -7.537      3.610     41.060
     -0.397      1.402     -3.170     -9.448     -7.567      3.529     41.154
     -0.399      1.418     -3.177     -9.531     -7.596      3.447     41.247
     -0.401      1.433     -3.183     -9.613     -7.625      3.366     41.339
     -0.403      1.448     -3.190     -9.696     -7.654      3.285     41.431
     -0.405      1.463     -3.197     -9.779     -7.683      3.204     41.522
     -0.407      1.479     -3.203     -9.862     -7.712      3.123     41.612
     -0.409      1.494     -3.209     -9.945     -7.740      3.042     41.701
     -0.411      1.510     -3.215    -10.029     -7.769      2.961     41.790
     -0.413      1.525     -3.221    -10.113     -7.797      2.881     41.878
     -0.415      1.541     -3.227    -10.196     -7.825      2.800     41.965
     -0.417      1.557     -3.232    -10.280     -7.853      2.720     42.051
     -0.419      1.572     -3.237    -10.365     -7.880      2.640     42.137
     -0.421      1.588     -3.243    -10.449     -7.908      2.560     42.222
     -0.423      1.604     -3.248    -10.533     -7.935      2.480     42.306
     -0.425      1.620     -3.253    -10.618     -7.962      2.400     42.390
     -0.427      1.636     -3.257    -10.703     -7.989      2.321     42.473
     -0.429      1.652     -3.262    -10.788     -8.016      2.242     42.555
     -0.431      1.668     -3.266    -10.873     -8.043      2.162     42.637
     -0.433      1.684     -3.270    -10.959     -8.070      2.083     42.718
     -0.435      1.700     -3.275    -11.044     -8.096      2.004     42.799
     -0.437      1.716     -3.278    -11.130     -8.122      1.926     42.878
     -0.439      1.733     -3.282    -11.216     -8.149      1.847     42.957
     -0.441      1.749     -3.286    -11.302     -8.175      1.769     43.036
     -0.443      1.765     -3.289    -11.388     -8.200      1.690     43.114
     -0.445      1.782     -3.293    -11.474     -8.226      1.612     43.191
     -0.447      1.798     -3.296    -11.561     -8.252      1.534     43.268
     -0.449      1.815     -3.299    -11.647     -8.277      1.457     43.344
     -0.451      1.831     -3.302    -11.734     -8.302      1.379     43.419
     -0.453      1.848     -3.304    -11.821     -8.327      1.302     43.494
     -0.455      1.865     -3.307    -11.908     -8.352      1.224     43.569
     -0.457      1.881     -3.309    -11.995     -8.377      1.147     43.642
     -0.459      1.898     -3.311    -12.082     -8.402      1.070     43.716
     -0.461      1.915     -3.313    -12.170     -8.427      0.994     43.788
     -0.463      1.932     -3.315    -12.258     -8.451      0.917     43.860
     -0.465      1.949     -3.317    -12.345     -8.475      0.841     43.932
     -0.467      1.966     -3.319    -12.433     -8.499      0.765     44.003
     -0.469      1.983     -3.320    -12.521     -8.523      0.689     44.073
     -0.471      2.000     -3.322    -12.610     -8.547      0.613     44.143
     -0.473      2.017     -3.323    -12.698     -8.571      0.537     44.213
     -0.475      2.034     -3.324    -12.786     -8.595      0.461     44.281
     -0.477      2.051     -3.325    -12.875     -8.618      0.386     44.350
     -0.479      2.069     -3.325    -12.964     -8.642      0.311     44.418
     -0.481      2.086     -3.326    -13.053     -8.665      0.236     44.485
     -0.483      2.103     -3.326    -13.142     -8.688      0.161     44.552
     -0.485      2.121     -3.326    -13.231     -8.711      0.087     44.618
     -0.487      2.138     -3.326    -13.320     -8.734      0.012     44.684
     -0.489      2.156     -3.326    -13.410     -8.757     -0.062     44.749
     -0.491      2.173     -3.326    -13.499     -8.779     -0.136     44.814
     -0.493      2.191     -3.326    -13.589     -8.802     -0.210     44.879
     -0.495      2.208     -3.325    -13.679     -8.824     -0.284     44.942
     -0.497      2.226     -3.325    -13.769     -8.847     -0.358     45.006
     -0.499      2.244     -3.324    -13.859     -8.869     -0.431     45.069
     -0.501      2.262     -3.323    -13.949     -8.891     -0.504     45.131
     -0.503      2.279     -3.322    -14.039     -8.913     -0.577     45.194
     -0.505      2.297     -3.321    -14.130     -8.934     -0.650     45.255
     -0.507      2.315     -3.319    -14.220     -8.956     -0.723     45.316
     -0.509      2.333     -3.318    -14.311     -8.978     -0.795     45.377
     -0.511      2.351     -3.316    -14.402     -8.999     -0.868     45.437
     -0.513      2.369     -3.314    -14.493     -9.021     -0.940     45.497
     -0.515      2.387     -3.312    -14.584     -9.042     -1.012     45.557
     -0.517      2.405     -3.310    -14.675     -9.063     -1.083     45.616
     -0.519      2.423     -3.308    -14.766     -9.084     -1.155     45.674
     -0.521      2.442     -3.306    -14.858     -9.105     -1.226     45.733
     -0.523      2.460     -3.303    -14.949     -9.126     -1.298     45.790
     -0.525      2.478     -3.301    -15.041     -9.147     -1.369     45.848
     -0.527      2.496     -3.298    -15.133     -9.167     -1.440     45.905
     -0.529      2.515     -3.295    -15.225     -9.188     -1.510     45.961
     -0.531      2.533     -3.292    -15.317     -9.208     -1.581     46.017
     -0.533      2.552     -3.288    -15.409     -9.228     -1.651     46.073
     -0.535      2.570     -3.285    -15.501     -9.249     -1.722     46.129
     -0.537      2.589     -3.282    -15.593     -9.269     -1.792     46.184
     -0.539      2.607     -3.278    -15.686     -9.289     -1.861     46.238
     -0.541      2.626     -3.274    -15.778     -9.309     -1.931     46.293
     -0.543      2.644     -3.270    -15.871     -9.328     -2.001     46.346
     -0.545      2.663     -3.266    -15.963     -9.348     -2.070     46.400
     -0.547      2.682     -3.262    -16.056     -9.368     -2.139     46.453
     -0.549      2.700     -3.258    -16.149     -9.387     -2.208     46.506
     -0.551      2.719     -3.253    -16.242     -9.407     -2.277     46.558
     -0.553      2.738     -3.248    -16.335     -9.426     -2.345     46.610
     -0.555      2.757     -3.244    -16.429     -9.445     -2.414     46.662
     -0.557      2.776     -3.239    -16.522     -9.464     -2.482     46.713
     -0.559      2.795     -3.234    -16.616     -9.483     -2.550     46.764
     -0.561      2.814     -3.229    -16.709     -9.502     -2.618     46.815
     -0.563      2.833     -3.223    -16.803     -9.521     -2.686     46.865
     -0.565      2.852     -3.218    -16.897     -9.540     -2.753     46.915
     -0.567      2.871     -3.212    -16.991     -9.558     -2.821     46.965
     -0.569      2.890     -3.207    -17.085     -9.577     -2.888     47.014
     -0.571      2.909     -3.201    -17.179     -9.596     -2.955     47.063
     -0.573      2.929     -3.195    -17.273     -9.614     -3.022     47.112
     -0.575      2.948     -3.189    -17.367     -9.632     -3.089     47.161
     -0.577      2.967     -3.182    -17.461     -9.650     -3.155     47.209
     -0.579      2.986     -3.176    -17.556     -9.669     -3.222     47.256
     -0.581      3.006     -3.169    -17.650     -9.687     -3.288     47.304
     -0.583      3.025     -3.163    -17.745     -9.705     -3.354     47.351
     -0.585      3.045     -3.156    -17.840     -9.722     -3.420     47.398
     -0.587      3.064     -3.149    -17.935     -9.740     -3.485     47.444
     -0.589      3.083     -3.142    -18.030     -9.758     -3.551     47.490
     -0.591      3.103     -3.135    -18.125     -9.776     -3.616     47.536
     -0.593      3.123     -3.128    -18.220     -9.793     -3.682     47.582
     -0.595      3.142     -3.120    -18.315     -9.811     -3.747     47.627
     -0.597      3.162     -3.113    -18.410     -9.828     -3.812     47.672
     -0.599      3.182     -3.105    -18.506     -9.845     -3.876     47.717
     -0.601      3.201     -3.097    -18.601     -9.863     -3.941     47.761
     -0.603      3.221     -3.089    -18.697     -9.880     -4.005     47.805
     -0.605      3.241     -3.081    -18.792     -9.897     -4.069     47.849
     -0.607      3.261     -3.073    -18.888     -9.914     -4.133     47.893
     -0.609      3.280     -3.065    -18.984     -9.931     -4.197     47.936
     -0.611      3.300     -3.056    -19.080     -9.947     -4.261     47.979
     -0.613      3.320     -3.048    -19.176     -9.964     -4.325     48.022
     -0.615      3.340     -3.039    -19.272     -9.981     -4.388     48.064
     -0.617      3.360     -3.030    -19.368     -9.998     -4.451     48.106
     -0.619      3.380     -3.021    -19.464    -10.014     -4.514     48.148
     -0.621      3.400     -3.012    -19.561    -10.030     -4.577     48.190
     -0.623      3.420     -3.003    -19.657    -10.047     -4.640     48.231
     -0.625      3.440     -2.993    -19.754    -10.063     -4.703     48.273
     -0.627      3.460     -2.984    -19.850    -10.079     -4.765     48.314
     -0.629      3.481     -2.974    -19.947    -10.096     -4.828     48.354
     -0.631      3.501     -2.965    -20.044    -10.112     -4.890     48.395
     -0.633      3.521     -2.955    -20.140    -10.128     -4.952     48.435
     -0.635      3.541     -2.945    -20.237    -10.144     -5.014     48.475
     -0.637      3.562     -2.935    -20.334    -10.160     -5.075     48.514
     -0.639      3.582     -2.925    -20.431    -10.175     -5.137     48.554
     -0.641      3.602     -2.914    -20.529    -10.191     -5.198     48.593
     -0.643      3.623     -2.904    -20.626    -10.207     -5.259     48.632
     -0.645      3.643     -2.893    -20.723    -10.222     -5.320     48.671
     -0.647      3.664     -2.882    -20.820    -10.238     -5.381     48.709
     -0.649      3.684     -2.872    -20.918    -10.253     -5.442     48.747
     -0.651      3.705     -2.861    -21.015    -10.269     -5.503     48.785
     -0.653      3.725     -2.850    -21.113    -10.284     -5.563     48.823
     -0.655      3.746     -2.838    -21.211    -10.299     -5.623     48.861
     -0.657      3.766     -2.827    -21.309    -10.315     -5.684     48.898
     -0.659      3.787     -2.816    -21.406    -10.330     -5.744     48.935
     -0.661      3.808     -2.804    -21.504    -10.345     -5.803     48.972
     -0.663      3.828     -2.792    -21.602    -10.360     -5.863     49.008
     -0.665      3.849     -2.781    -21.700    -10.375     -5.922     49.044
     -0.667      3.870     -2.769    -21.798    -10.389     -5.981     49.080
     -0.669      3.891     -2.757    -21.897    -10.404     -6.040     49.116
     -0.671      3.912     -2.745    -21.995    -10.419     -6.098     49.151
     -0.673      3.932     -2.732    -22.093    -10.433     -6.157     49.187
     -0.675      3.953     -2.720    -22.192    -10.448     -6.215     49.221
     -0.677      3.974     -2.708    -22.290    -10.462     -6.273     49.256
     -0.679      3.995     -2.695    -22.389    -10.476     -6.330     49.291
     -0.681      4.016     -2.682    -22.487    -10.491     -6.388     49.325
     -0.683      4.037     -2.669    -22.586    -10.505     -6.445     49.359
     -0.685      4.058     -2.656    -22.685    -10.519     -6.502     49.392
     -0.687      4.079     -2.643    -22.784    -10.533     -6.559     49.426
     -0.689      4.100     -2.630    -22.882    -10.547     -6.616     49.459
     -0.691      4.121     -2.617    -22.981    -10.561     -6.672     49.492
     -0.693      4.143     -2.603    -23.080    -10.574     -6.729     49.525
     -0.695      4.164     -2.590    -23.179    -10.588     -6.785     49.558
     -0.697      4.185     -2.576    -23.279    -10.602     -6.841     49.590
     -0.699      4.206     -2.563    -23.378    -10.615     -6.896     49.622
     -0.701      4.227     -2.549    -23.477    -10.629     -6.952     49.654
     -0.703      4.249     -2.535    -23.576    -10.642     -7.007     49.686
     -0.705      4.270     -2.521    -23.676    -10.656     -7.062     49.717
     -0.707      4.291     -2.507    -23.775    -10.669     -7.117     49.748
     -0.709      4.313     -2.492    -23.875    -10.682     -7.172     49.779
     -0.711      4.334     -2.478    -23.974    -10.695     -7.226     49.810
     -0.713      4.355     -2.463    -24.074    -10.708     -7.281     49.841
     -0.715      4.377     -2.449    -24.174    -10.721     -7.335     49.871
     -0.717      4.398     -2.434    -24.274    -10.734     -7.389     49.901
     -0.719      4.420     -2.419    -24.373    -10.747     -7.443     49.931
     -0.721      4.441     -2.404    -24.473    -10.760     -7.496     49.961
     -0.723      4.463     -2.389    -24.573    -10.773     -7.550     49.991
     -0.725      4.484     -2.374    -24.673    -10.786     -7.603     50.020
     -0.727      4.506     -2.359    -24.773    -10.798     -7.656     50.049
     -0.729      4.528     -2.343    -24.873    -10.811     -7.709     50.078
     -0.731      4.549     -2.328    -24.974    -10.823     -7.761     50.107
     -0.733      4.571     -2.312    -25.074    -10.836     -7.814     50.136
     -0.735      4.592     -2.297    -25.174    -10.848     -7.866     50.164
     -0.737      4.614     -2.281    -25.275    -10.860     -7.918     50.192
     -0.739      4.636     -2.265    -25.375    -10.873     -7.970     50.221
     -0.741      4.658     -2.249    -25.475    -10.885     -8.022     50.248
     -0.743      4.679     -2.233    -25.576    -10.897     -8.073     50.276
     -0.745      4.701     -2.217    -25.677    -10.909     -8.125     50.304
     -0.747      4.723     -2.200    -25.777    -10.921     -8.176     50.331
     -0.749      4.745     -2.184    -25.878    -10.933     -8.227     50.358
     -0.751      4.767     -2.168    -25.979    -10.945     -8.278     50.385
     -0.753      4.789     -2.151    -26.079    -10.957     -8.329     50.412
     -0.755      4.811     -2.134    -26.180    -10.969     -8.379     50.439
     -0.757      4.833     -2.117    -26.281    -10.980     -8.430     50.465
     -0.759      4.855     -2.101    -26.382    -10.992     -8.480     50.491
     -0.761      4.877     -2.084    -26.483    -11.004     -8.530     50.517
     -0.763      4.899     -2.066    -26.584    -11.015     -8.580     50.543
     -0.765      4.921     -2.049    -26.685    -11.027     -8.630     50.569
     -0.767      4.943     -2.032    -26.786    -11.038     -8.679     50.595
     -0.769      4.965     -2.014    -26.888    -11.050     -8.729     50.620
     -0.771      4.987     -1.997    -26.989    -11.061     -8.778     50.646
     -0.773      5.009     -1.979    -27.090    -11.072     -8.827     50.671
     -0.775      5.031     -1.962    -27.192    -11.084     -8.876     50.696
     -0.777      5.053     -1.944    -27.293    -11.095     -8.925     50.721
     -0.779      5.076     -1.926    -27.394    -11.106     -8.973     50.745
     -0.781      5.098     -1.908    -27.496    -11.117     -9.022     50.770
     -0.783      5.120     -1.890    -27.598    -11.128     -9.070     50.794
     -0.785      5.142     -1.872    -27.699    -11.139     -9.118     50.818
     -0.787      5.165     -1.853    -27.801    -11.150     -9.166     50.842
     -0.789      5.187     -1.835    -27.903    -11.161     -9.214     50.866
     -0.791      5.209     -1.817    -28.004    -11.172     -9.261     50.890
     -0.793      5.232     -1.798    -28.106    -11.183     -9.309     50.914
     -0.795      5.254     -1.779    -28.208    -11.193     -9.356     50.937
     -0.797      5.276     -1.761    -28.310    -11.204     -9.404     50.960
     -0.799      5.299     -1.742    -28.412    -11.215     -9.451     50.984
     -0.801      5.321     -1.723    -28.514    -11.225     -9.497     51.007
     -0.803      5.344     -1.704    -28.616    -11.236     -9.544     51.029
     -0.805      5.366     -1.685    -28.718    -11.246     -9.591     51.052
     -0.807      5.389     -1.665    -28.820    -11.257     -9.637     51.075
     -0.809      5.411     -1.646    -28.922    -11.267     -9.684     51.097
     -0.811      5.434     -1.627    -29.024    -11.277     -9.730     51.120
     -0.813      5.456     -1.607    -29.127    -11.288     -9.776     51.142
     -0.815      5.479     -1.588    -29.229    -11.298     -9.822     51.164
     -0.817      5.502     -1.568    -29.331    -11.308     -9.867     51.186
     -0.819      5.524     -1.548    -29.434    -11.318     -9.913     51.208
     -0.821      5.547     -1.528    -29.536    -11.329     -9.958     51.229
     -0.823      5.569     -1.508    -29.639    -11.339    -10.004     51.251
     -0.825      5.592     -1.488    -29.741    -11.349    -10.049     51.272
     -0.827      5.615     -1.468    -29.844    -11.359    -10.094     51.293
     -0.829      5.638     -1.448    -29.946    -11.369    -10.139     51.315
     -0.831      5.660     -1.427    -30.049    -11.378    -10.184     51.336
     -0.833      5.683     -1.407    -30.152    -11.388    -10.228     51.357
     -0.835      5.706     -1.387    -30.254    -11.398    -10.273     51.377
     -0.837      5.729     -1.366    -30.357    -11.408    -10.317     51.398
     -0.839      5.751     -1.345    -30.460    -11.418    -10.361     51.419
     -0.841      5.774     -1.325    -30.563    -11.427    -10.405     51.439
     -0.843      5.797     -1.304    -30.666    -11.437    -10.449     51.459
     -0.845      5.820     -1.283    -30.769    -11.447    -10.493     51.479
     -0.847      5.843     -1.262    -30.872    -11.456    -10.537     51.499
     -0.849      5.866     -1.241    -30.975    -11.466    -10.580     51.519
     -0.851      5.889     -1.219    -31.078    -11.475    -10.624     51.539
     -0.853      5.912     -1.198    -31.181    -11.485    -10.667     51.559
     -0.855      5.935     -1.177    -31.284    -11.494    -10.710     51.578
     -0.857      5.958     -1.155    -31.387    -11.503    -10.753     51.598
     -0.859      5.981     -1.134    -31.490    -11.513    -10.796     51.617
     -0.861      6.004     -1.112    -31.594    -11.522    -10.839     51.636
     -0.863      6.027     -1.090    -31.697    -11.531    -10.881     51.656
     -0.865      6.050     -1.069    -31.800    -11.541    -10.924     51.675
     -0.867      6.073     -1.047    -31.904    -11.550    -10.966     51.694
     -0.869      6.096     -1.025    -32.007    -11.559    -11.008     51.712
     -0.871      6.119     -1.003    -32.110    -11.568    -11.051     51.731
     -0.873      6.142     -0.980    -32.214    -11.577    -11.093     51.750
     -0.875      6.166     -0.958    -32.317    -11.586    -11.134     51.768
     -0.877      6.189     -0.936    -32.421    -11.595    -11.176     51.786
     -0.879      6.212     -0.914    -32.525    -11.604    -11.218     51.805
     -0.881      6.235     -0.891    -32.628    -11.613    -11.259     51.823
     -0.883      6.258     -0.868    -32.732    -11.622    -11.301     51.841
     -0.885      6.282     -0.846    -32.836    -11.631    -11.342     51.859
     -0.887      6.305     -0.823    -32.939    -11.639    -11.383     51.877
     -0.889      6.328     -0.800    -33.043    -11.648    -11.424     51.894
     -0.891      6.352     -0.777    -33.147    -11.657    -11.465     51.912
     -0.893      6.375     -0.754    -33.251    -11.666    -11.506     51.930
     -0.895      6.398     -0.731    -33.355    -11.674    -11.547     51.947
     -0.897      6.422     -0.708    -33.459    -11.683    -11.587     51.964
     -0.899      6.445     -0.685    -33.562    -11.691    -11.628     51.982
     -0.901      6.468     -0.662    -33.666    -11.700    -11.668     51.999
     -0.903      6.492     -0.638    -33.770    -11.709    -11.708     52.016
     -0.905      6.515     -0.615    -33.875    -11.717    -11.748     52.033
     -0.907      6.539     -0.591    -33.979    -11.725    -11.788     52.050
     -0.909      6.562     -0.568    -34.083    -11.734    -11.828     52.066
     -0.911      6.586     -0.544    -34.187    -11.742    -11.868     52.083
     -0.913      6.609     -0.520    -34.291    -11.751    -11.908     52.100
     -0.915      6.633     -0.496    -34.395    -11.759    -11.947     52.116
     -0.917      6.656     -0.473    -34.500    -11.767    -11.987     52.133
     -0.919      6.680     -0.448    -34.604    -11.775    -12.026     52.149
     -0.921      6.703     -0.424    -34.708    -11.784    -12.065     52.165
     -0.923      6.727     -0.400    -34.812    -11.792    -12.104     52.181
     -0.925      6.750     -0.376    -34.917    -11.800    -12.143     52.197
     -0.927      6.774     -0.352    -35.021    -11.808    -12.182     52.213
     -0.929      6.798     -0.327    -35.126    -11.816    -12.221     52.229
     -0.931      6.821     -0.303    -35.230    -11.824    -12.259     52.245
     -0.933      6.845     -0.278    -35.335    -11.832    -12.298     52.261
     -0.935      6.869     -0.254    -35.439    -11.840    -12.336     52.276
     -0.937      6.892     -0.229    -35.544    -11.848    -12.375     52.292
     -0.939      6.916     -0.204    -35.648    -11.856    -12.413     52.307
     -0.941      6.940     -0.179    -35.753    -11.864    -12.451     52.323
     -0.943      6.963     -0.154    -35.858    -11.872    -12.489     52.338
     -0.945      6.987     -0.129    -35.962    -11.880    -12.527     52.353
     -0.947      7.011     -0.104    -36.067    -11.888    -12.565     52.368
     -0.949      7.035     -0.079    -36.172    -11.895    -12.603     52.383
     -0.951      7.058     -0.054    -36.277    -11.903    -12.640     52.398
     -0.953      7.082     -0.028    -36.381    -11.911    -12.678     52.413
     -0.955      7.106     -0.003    -36.486    -11.919    -12.715     52.428
     -0.957      7.130      0.022    -36.591    -11.926    -12.753     52.443
     -0.959      7.154      0.048    -36.696    -11.934    -12.790     52.457
     -0.961      7.178      0.074    -36.801    -11.942    -12.827     52.472
     -0.963      7.202      0.099    -36.906    -11.949    -12.864     52.486
     -0.965      7.226      0.125    -37.011    -11.957    -12.901     52.501
     -0.967      7.249      0.151    -37.116    -11.964    -12.938     52.515
     -0.969      7.273      0.177    -37.221    -11.972    -12.974     52.529
     -0.971      7.297      0.203    -37.326    -11.979    -13.011     52.543
     -0.973      7.321      0.229    -37.431    -11.987    -13.047     52.557
     -0.975      7.345      0.255    -37.536    -11.994    -13.084     52.571
     -0.977      7.369      0.281    -37.641    -12.001    -13.120     52.585
     -0.979      7.393      0.307    -37.747    -12.009    -13.156     52.599
     -0.981      7.417      0.334    -37.852    -12.016    -13.193     52.613
     -0.983      7.441      0.360    -37.957    -12.023    -13.229     52.627
     -0.985      7.465      0.387    -38.062    -12.031    -13.265     52.640
     -0.987      7.489      0.413    -38.168    -12.038    -13.300     52.654
     -0.989      7.514      0.440    -38.273    -12.045    -13.336     52.667
     -0.991      7.538      0.467    -38.378    -12.052    -13.372     52.681
     -0.993      7.562      0.493    -38.484    -12.060    -13.407     52.694
     -0.995      7.586      0.520    -38.589    -12.067    -13.443     52.708
     -0.997      7.610      0.547    -38.695    -12.074    -13.478     52.721
     -0.999      7.634      0.574    -38.800    -12.081    -13.514     52.734
     -1.001      7.658      0.601    -38.905    -12.088    -13.549     52.747
     -1.003      7.683      0.628    -39.011    -12.095    -13.584     52.760
     -1.005      7.707      0.656    -39.116    -12.102    -13.619     52.773
     -1.007      7.731      0.683    -39.222    -12.109    -13.654     52.786
     -1.009      7.755      0.710    -39.328    -12.116    -13.689     52.799
     -1.011      7.779      0.738    -39.433    -12.123    -13.724     52.811
     -1.013      7.804      0.765    -39.539    -12.130    -13.758     52.824
     -1.015      7.828      0.793    -39.645    -12.137    -13.793     52.837
     -1.017      7.852      0.820    -39.750    -12.144    -13.827     52.849
     -1.019      7.877      0.848    -39.856    -12.151    -13.862     52.862
     -1.021      7.901      0.876    -39.962    -12.157    -13.896     52.874
     -1.023      7.925      0.904    -40.067    -12.164    -13.930     52.887
     -1.025      7.949      0.931    -40.173    -12.171    -13.964     52.899
     -1.027      7.974      0.959    -40.279    -12.178    -13.998     52.911
     -1.029      7.998      0.987    -40.385    -12.184    -14.032     52.923
     -1.031      8.023      1.015    -40.491    -12.191    -14.066     52.935
     -1.033      8.047      1.044    -40.597    -12.198    -14.100     52.947
     -1.035      8.071      1.072    -40.703    -12.205    -14.134     52.959
     -1.037      8.096      1.100    -40.808    -12.211    -14.168     52.971
     -1.039      8.120      1.129    -40.914    -12.218    -14.201     52.983
     -1.041      8.145      1.157    -41.020    -12.224    -14.235     52.995
     -1.043      8.169      1.186    -41.126    -12.231    -14.268     53.007
     -1.045      8.194      1.214    -41.232    -12.237    -14.301     53.018
     -1.047      8.218      1.243    -41.338    -12.244    -14.334     53.030
     -1.049      8.243      1.271    -41.445    -12.250    -14.368     53.042
     -1.051      8.267      1.300    -41.551    -12.257    -14.401     53.053
     -1.053      8.292      1.329    -41.657    -12.263    -14.434     53.065
     -1.055      8.316      1.358    -41.763    -12.270    -14.467     53.076
     -1.057      8.341      1.387    -41.869    -12.276    -14.499     53.087
     -1.059      8.365      1.416    -41.975    -12.283    -14.532     53.099
     -1.061      8.390      1.445    -42.081    -12.289    -14.565     53.110
     -1.063      8.414      1.474    -42.188    -12.295    -14.597     53.121
     -1.065      8.439      1.503    -42.294    -12.302    -14.630     53.132
     -1.067      8.464      1.533    -42.400    -12.308    -14.662     53.143
     -1.069      8.488      1.562    -42.506    -12.314    -14.695     53.154
     -1.071      8.513      1.591    -42.613    -12.321    -14.727     53.165
     -1.073      8.537      1.621    -42.719    -12.327    -14.759     53.176
     -1.075      8.562      1.651    -42.826    -12.333    -14.791     53.187
     -1.077      8.587      1.680    -42.932    -12.339    -14.823     53.198
     -1.079      8.611      1.710    -43.038    -12.345    -14.855     53.208
     -1.081      8.636      1.740    -43.145    -12.352    -14.887     53.219
     -1.083      8.661      1.769    -43.251    -12.358    -14.919     53.230
     -1.085      8.686      1.799    -43.358    -12.364    -14.951     53.240
     -1.087      8.710      1.829    -43.464    -12.370    -14.982     53.251
     -1.089      8.735      1.859    -43.571    -12.376    -15.014     53.261
     -1.091      8.760      1.889    -43.677    -12.382    -15.045     53.272
     -1.093      8.785      1.919    -43.784    -12.388    -15.077     53.282
     -1.095      8.809      1.950    -43.890    -12.394    -15.108     53.292
     -1.097      8.834      1.980    -43.997    -12.400    -15.140     53.303
     -1.099      8.859      2.010    -44.104    -12.406    -15.171     53.313
     -1.101      8.884      2.040    -44.210    -12.412    -15.202     53.323
     -1.103      8.909      2.071    -44.317    -12.418    -15.233     53.333
     -1.105      8.933      2.101    -44.423    -12.424    -15.264     53.343
     -1.107      8.958      2.132    -44.530    -12.430    -15.295     53.353
     -1.109      8.983      2.163    -44.637    -12.436    -15.326     53.363
     -1.111      9.008      2.193    -44.744    -12.442    -15.357     53.373
     -1.113      9.033      2.224    -44.850    -12.447    -15.387     53.383
     -1.115      9.058      2.255    -44.957    -12.453    -15.418     53.393
     -1.117      9.083      2.286    -45.064    -12.459    -15.448     53.403
     -1.119      9.108      2.317    -45.171    -12.465    -15.479     53.412
     -1.121      9.133      2.348    -45.278    -12.471    -15.509     53.422
     -1.123      9.158      2.379    -45.384    -12.476    -15.540     53.432
     -1.125      9.183      2.410    -45.491    -12.482    -15.570     53.441
     -1.127      9.208      2.441    -45.598    -12.488    -15.600     53.451
     -1.129      9.233      2.472    -45.705    -12.493    -15.630     53.460
     -1.131      9.257      2.503    -45.812    -12.499    -15.660     53.470
     -1.133      9.283      2.535    -45.919    -12.505    -15.690     53.479
     -1.135      9.308      2.566    -46.026    -12.510    -15.720     53.489
     -1.137      9.333      2.598    -46.133    -12.516    -15.750     53.498
     -1.139      9.358      2.629    -46.240    -12.522    -15.780     53.507
     -1.141      9.383      2.661    -46.347    -12.527    -15.810     53.516
     -1.143      9.408      2.692    -46.454    -12.533    -15.840     53.526
     -1.145      9.433      2.724    -46.561    -12.538    -15.869     53.535
     -1.147      9.458      2.756    -46.668    -12.544    -15.899     53.544
     -1.149      9.483      2.788    -46.775    -12.549    -15.928     53.553
     -1.151      9.508      2.820    -46.882    -12.555    -15.958     53.562
     -1.153      9.533      2.852    -46.990    -12.560    -15.987     53.571
     -1.155      9.558      2.884    -47.097    -12.566    -16.016     53.580
     -1.157      9.583      2.916    -47.204    -12.571    -16.045     53.589
     -1.159      9.609      2.948    -47.311    -12.577    -16.075     53.597
     -1.161      9.634      2.980    -47.418    -12.582    -16.104     53.606
     -1.163      9.659      3.012    -47.525    -12.588    -16.133     53.615
     -1.165      9.684      3.044    -47.633    -12.593    -16.162     53.624
     -1.167      9.709      3.077    -47.740    -12.598    -16.191     53.632
     -1.169      9.734      3.109    -47.847    -12.604    -16.219     53.641
     -1.171      9.760      3.142    -47.955    -12.609    -16.248     53.650
     -1.173      9.785      3.174    -48.062    -12.614    -16.277     53.658
     -1.175      9.810      3.207    -48.169    -12.620    -16.306     53.667
     -1.177      9.835      3.239    -48.276    -12.625    -16.334     53.675
     -1.179      9.861      3.272    -48.384    -12.630    -16.363     53.684
     -1.181      9.886      3.305    -48.491    -12.636    -16.391     53.692
     -1.183      9.911      3.338    -48.599    -12.641    -16.419     53.700
     -1.185      9.936      3.371    -48.706    -12.646    -16.448     53.709
     -1.187      9.962      3.403    -48.813    -12.651    -16.476     53.717
     -1.189      9.987      3.436    -48.921    -12.656    -16.504     53.725
     -1.191     10.012      3.469    -49.028    -12.662    -16.532     53.733
     -1.193     10.038      3.503    -49.136    -12.667    -16.561     53.742
     -1.195     10.063      3.536    -49.243    -12.672    -16.589     53.750
     -1.197     10.088      3.569    -49.351    -12.677    -16.617     53.758
     -1.199     10.114      3.602    -49.458    -12.682    -16.644     53.766
     -1.201     10.139      3.636    -49.566    -12.687    -16.672     53.774
     -1.203     10.165      3.669    -49.673    -12.692    -16.700     53.782
     -1.205     10.190      3.702    -49.781    -12.697    -16.728     53.790
     -1.207     10.215      3.736    -49.889    -12.702    -16.756     53.798
     -1.209     10.241      3.769    -49.996    -12.708    -16.783     53.805
     -1.211     10.266      3.803    -50.104    -12.713    -16.811     53.813
     -1.213     10.292      3.837    -50.211    -12.718    -16.838     53.821
     -1.215     10.317      3.870    -50.319    -12.723    -16.866     53.829
     -1.217     10.342      3.904    -50.427    -12.728    -16.893     53.837
     -1.219     10.368      3.938    -50.534    -12.732    -16.920     53.844
     -1.221     10.393      3.972    -50.642    -12.737    -16.948     53.852
     -1.223     10.419      4.006    -50.750    -12.742    -16.975     53.859
     -1.225     10.444      4.040    -50.858    -12.747    -17.002     53.867
     -1.227     10.470      4.074    -50.965    -12.752    -17.029     53.875
     -1.229     10.495      4.108    -51.073    -12.757    -17.056     53.882
     -1.231     10.521      4.142    -51.181    -12.762    -17.083     53.890
     -1.233     10.546      4.176    -51.289    -12.767    -17.110     53.897
     -1.235     10.572      4.210    -51.396    -12.772    -17.137     53.904
     -1.237     10.598      4.245    -51.504    -12.777    -17.164     53.912
     -1.239     10.623      4.279    -51.612    -12.781    -17.191     53.919
     -1.241     10.649      4.313    -51.720    -12.786    -17.217     53.926
     -1.243     10.674      4.348    -51.828    -12.791    -17.244     53.934
     -1.245     10.700      4.382    -51.936    -12.796    -17.270     53.941
     -1.247     10.725      4.417    -52.044    -12.801    -17.297     53.948
     -1.249     10.751      4.452    -52.151    -12.805    -17.324     53.955
     -1.251     10.777      4.486    -52.259    -12.810    -17.350     53.962
     -1.253     10.802      4.521    -52.367    -12.815    -17.376     53.970
     -1.255     10.828      4.556    -52.475    -12.820    -17.403     53.977
     -1.257     10.854      4.591    -52.583    -12.824    -17.429     53.984
     -1.259     10.879      4.625    -52.691    -12.829    -17.455     53.991
     -1.261     10.905      4.660    -52.799    -12.834    -17.481     53.998
     -1.263     10.930      4.695    -52.907    -12.838    -17.507     54.005
     -1.265     10.956      4.730    -53.015    -12.843    -17.534     54.011
     -1.267     10.982      4.765    -53.123    -12.848    -17.560     54.018
     -1.269     11.008      4.801    -53.231    -12.852    -17.586     54.025
     -1.271     11.033      4.836    -53.339    -12.857    -17.611     54.032
     -1.273     11.059      4.871    -53.447    -12.861    -17.637     54.039
     -1.275     11.085      4.906    -53.555    -12.866    -17.663     54.046
     -1.277     11.110      4.942    -53.664    -12.871    -17.689     54.052
     -1.279     11.136      4.977    -53.772    -12.875    -17.715     54.059
     -1.281     11.162      5.013    -53.880    -12.880    -17.740     54.066
     -1.283     11.188      5.048    -53.988    -12.884    -17.766     54.072
     -1.285     11.213      5.084    -54.096    -12.889    -17.791     54.079
     -1.287     11.239      5.119    -54.204    -12.893    -17.817     54.085
     -1.289     11.265      5.155    -54.312    -12.898    -17.842     54.092
     -1.291     11.291      5.191    -54.421    -12.902    -17.868     54.099
     -1.293     11.317      5.226    -54.529    -12.907    -17.893     54.105
     -1.295     11.342      5.262    -54.637    -12.911    -17.918     54.111
     -1.297     11.368      5.298    -54.745    -12.916    -17.944     54.118
     -1.299     11.394      5.334    -54.854    -12.920    -17.969     54.124
     -1.301     11.420      5.370    -54.962    -12.924    -17.994     54.131
     -1.303     11.446      5.406    -55.070    -12.929    -18.019     54.137
     -1.305     11.472      5.442    -55.178    -12.933    -18.044     54.143
     -1.307     11.498      5.478    -55.287    -12.938    -18.069     54.150
     -1.309     11.523      5.514    -55.395    -12.942    -18.094     54.156
     -1.311     11.549      5.551    -55.503    -12.946    -18.119     54.162
     -1.313     11.575      5.587    -55.612    -12.951    -18.144     54.168
     -1.315     11.601      5.623    -55.720    -12.955    -18.169     54.174
     -1.317     11.627      5.659    -55.828    -12.959    -18.193     54.181
     -1.319     11.653      5.696    -55.937    -12.964    -18.218     54.187
     -1.321     11.679      5.732    -56.045    -12.968    -18.243     54.193
     -1.323     11.705      5.769    -56.153    -12.972    -18.267     54.199
     -1.325     11.731      5.805    -56.262    -12.977    -18.292     54.205
     -1.327     11.757      5.842    -56.370    -12.981    -18.317     54.211
     -1.329     11.783      5.879    -56.479    -12.985    -18.341     54.217
     -1.331     11.809      5.915    -56.587    -12.989    -18.365     54.223
     -1.333     11.835      5.952    -56.696    -12.994    -18.390     54.229
     -1.335     11.861      5.989    -56.804    -12.998    -18.414     54.235
     -1.337     11.887      6.026    -56.913    -13.002    -18.439     54.241
     -1.339     11.913      6.063    -57.021    -13.006    -18.463     54.246
     -1.341     11.939      6.100    -57.129    -13.011    -18.487     54.252
     -1.343     11.965      6.137    -57.238    -13.015    -18.511     54.258
     -1.345     11.991      6.174    -57.347    -13.019    -18.535     54.264
     -1.347     12.017      6.211    -57.455    -13.023    -18.559     54.270
     -1.349     12.043      6.248    -57.564    -13.027    -18.583     54.275
     -1.351     12.069      6.285    -57.672    -13.031    -18.607     54.281
     -1.353     12.095      6.322    -57.781    -13.036    -18.631     54.287
     -1.355     12.121      6.360    -57.889    -13.040    -18.655     54.292
     -1.357     12.147      6.397    -57.998    -13.044    -18.679     54.298
     -1.359     12.173      6.434    -58.106    -13.048    -18.703     54.304
     -1.361     12.199      6.472    -58.215    -13.052    -18.727     54.309
     -1.363     12.225      6.509    -58.324    -13.056    -18.750     54.315
     -1.365     12.252      6.547    -58.432    -13.060    -18.774     54.320
     -1.367     12.278      6.584    -58.541    -13.064    -18.798     54.326
     -1.369     12.304      6.622    -58.650    -13.068    -18.821     54.331
     -1.371     12.330      6.660    -58.758    -13.072    -18.845     54.337
     -1.373     12.356      6.697    -58.867    -13.076    -18.868     54.342
     -1.375     12.382      6.735    -58.976    -13.080    -18.892     54.348
     -1.377     12.408      6.773    -59.084    -13.084    -18.915     54.353
     -1.379     12.435      6.811    -59.193    -13.088    -18.938     54.358
     -1.381     12.461      6.849    -59.302    -13.092    -18.962     54.364
     -1.383     12.487      6.887    -59.411    -13.096    -18.985     54.369
     -1.385     12.513      6.925    -59.519    -13.100    -19.008     54.374
     -1.387     12.539      6.963    -59.628    -13.104    -19.031     54.379
     -1.389     12.566      7.001    -59.737    -13.108    -19.055     54.385
     -1.391     12.592      7.039    -59.846    -13.112    -19.078     54.390
     -1.393     12.618      7.077    -59.954    -13.116    -19.101     54.395
     -1.395     12.644      7.115    -60.063    -13.120    -19.124     54.400
     -1.397     12.671      7.154    -60.172    -13.124    -19.147     54.405
     -1.399     12.697      7.192    -60.281    -13.128    -19.170     54.411
     -1.401     12.723      7.230    -60.390    -13.132    -19.193     54.416
     -1.403     12.749      7.269    -60.498    -13.135    -19.216     54.421
     -1.405     12.776      7.307    -60.607    -13.139    -19.238     54.426
     -1.407     12.802      7.346    -60.716    -13.143    -19.261     54.431
     -1.409     12.828      7.384    -60.825    -13.147    -19.284     54.436
     -1.411     12.854      7.423    -60.934    -13.151    -19.307     54.441
     -1.413     12.881      7.461    -61.043    -13.155    -19.329     54.446
     -1.415     12.907      7.500    -61.152    -13.158    -19.352     54.451
     -1.417     12.933      7.539    -61.261    -13.162    -19.375     54.456
     -1.419     12.960      7.578    -61.370    -13.166    -19.397     54.461
     -1.421     12.986      7.616    -61.478    -13.170    -19.420     54.466
     -1.423     13.012      7.655    -61.587    -13.174    -19.442     54.470
     -1.425     13.039      7.694    -61.696    -13.177    -19.464     54.475
     -1.427     13.065      7.733    -61.805    -13.181    -19.487     54.480
     -1.429     13.091      7.772    -61.914    -13.185    -19.509     54.485
     -1.431     13.118      7.811    -62.023    -13.189    -19.531     54.490
     -1.433     13.144      7.850    -62.132    -13.192    -19.554     54.494
     -1.435     13.171      7.889    -62.241    -13.196    -19.576     54.499
     -1.437     13.197      7.928    -62.350    -13.200    -19.598     54.504
     -1.439     13.223      7.968    -62.459    -13.204    -19.620     54.509
     -1.441     13.250      8.007    -62.568    -13.207    -19.642     54.513
     -1.443     13.276      8.046    -62.677    -13.211    -19.664     54.518
     -1.445     13.303      8.086    -62.786    -13.215    -19.687     54.523
     -1.447     13.329      8.125    -62.895    -13.218    -19.709     54.527
     -1.449     13.356      8.164    -63.004    -13.222    -19.730     54.532
     -1.451     13.382      8.204    -63.113    -13.226    -19.752     54.536
     -1.453     13.408      8.243    -63.223    -13.229    -19.774     54.541
     -1.455     13.435      8.283    -63.332    -13.233    -19.796     54.545
     -1.457     13.461      8.323    -63.441    -13.236    -19.818     54.550
     -1.459     13.488      8.362    -63.550    -13.240    -19.840     54.554
     -1.461     13.514      8.402    -63.659    -13.244    -19.861     54.559
     -1.463     13.541      8.442    -63.768    -13.247    -19.883     54.563
     -1.465     13.567      8.482    -63.877    -13.251    -19.905     54.568
     -1.467     13.594      8.521    -63.986    -13.254    -19.926     54.572
     -1.469     13.620      8.561    -64.096    -13.258    -19.948     54.577
     -1.471     13.647      8.601    -64.205    -13.262    -19.970     54.581
     -1.473     13.673      8.641    -64.314    -13.265    -19.991     54.585
     -1.475     13.700      8.681    -64.423    -13.269    -20.013     54.590
     -1.477     13.726      8.721    -64.532    -13.272    -20.034     54.594
     -1.479     13.753      8.761    -64.641    -13.276    -20.055     54.598
     -1.481     13.780      8.801    -64.751    -13.279    -20.077     54.603
     -1.483     13.806      8.842    -64.860    -13.283    -20.098     54.607
     -1.485     13.833      8.882    -64.969    -13.286    -20.119     54.611
     -1.487     13.859      8.922    -65.078    -13.290    -20.141     54.615
     -1.489     13.886      8.962    -65.187    -13.293    -20.162     54.620
     -1.491     13.912      9.003    -65.297    -13.297    -20.183     54.624
     -1.493     13.939      9.043    -65.406    -13.300    -20.204     54.628
     -1.495     13.966      9.084    -65.515    -13.304    -20.225     54.632
     -1.497     13.992      9.124    -65.624    -13.307    -20.247     54.636
     -1.499     14.019      9.165    -65.734    -13.311    -20.268     54.640
     -1.501     14.045      9.205    -65.843    -13.314    -20.289     54.644
     -1.503     14.072      9.246    -65.952    -13.318    -20.310     54.649
     -1.505     14.099      9.286    -66.062    -13.321    -20.331     54.653
     -1.507     14.125      9.327    -66.171    -13.324    -20.351     54.657
     -1.509     14.152      9.368    -66.280    -13.328    -20.372     54.661
     -1.511     14.179      9.408    -66.390    -13.331    -20.393     54.665
     -1.513     14.205      9.449    -66.499    -13.335    -20.414     54.669
     -1.515     14.232      9.490    -66.608    -13.338    -20.435     54.673
     -1.517     14.259      9.531    -66.718    -13.341    -20.456     54.677
     -1.519     14.285      9.572    -66.827    -13.345    -20.476     54.681
     -1.521     14.312      9.613    -66.936    -13.348    -20.497     54.685
     -1.523     14.339      9.654    -67.046    -13.351    -20.518     54.688
     -1.525     14.366      9.695    -67.155    -13.355    -20.538     54.692
     -1.527     14.392      9.736    -67.264    -13.358    -20.559     54.696
     -1.529     14.419      9.777    -67.374    -13.361    -20.579     54.700
     -1.531     14.446      9.818    -67.483    -13.365    -20.600     54.704
     -1.533     14.472      9.860    -67.593    -13.368    -20.620     54.708
     -1.535     14.499      9.901    -67.702    -13.371    -20.641     54.712
     -1.537     14.526      9.942    -67.812    -13.375    -20.661     54.715
     -1.539     14.553      9.984    -67.921    -13.378    -20.682     54.719
     -1.541     14.579     10.025    -68.030    -13.381    -20.702     54.723
     -1.543     14.606     10.066    -68.140    -13.385    -20.722     54.727
     -1.545     14.633     10.108    -68.249    -13.388    -20.742     54.730
     -1.547     14.660     10.149    -68.359    -13.391    -20.763     54.734
     -1.549     14.687     10.191    -68.468    -13.394    -20.783     54.738
     -1.551     14.713     10.232    -68.578    -13.398    -20.803     54.742
     -1.553     14.740     10.274    -68.687    -13.401    -20.823     54.745
     -1.555     14.767     10.316    -68.797    -13.404    -20.843     54.749
     -1.557     14.794     10.357    -68.906    -13.407    -20.864     54.753
     -1.559     14.821     10.399    -69.016    -13.411    -20.884     54.756
     -1.561     14.847     10.441    -69.125    -13.414    -20.904     54.760
     -1.563     14.874     10.483    -69.235    -13.417    -20.924     54.763
     -1.565     14.901     10.525    -69.344    -13.420    -20.944     54.767
     -1.567     14.928     10.567    -69.454    -13.423    -20.964     54.771
     -1.569     14.955     10.609    -69.563    -13.427    -20.983     54.774
     -1.571     14.982     10.651    -69.673    -13.430    -21.003     54.778
     -1.573     15.008     10.693    -69.783    -13.433    -21.023     54.781
     -1.575     15.035     10.735    -69.892    -13.436    -21.043     54.785
     -1.577     15.062     10.777    -70.002    -13.439    -21.063     54.788
     -1.579     15.089     10.819    -70.111    -13.442    -21.082     54.792
     -1.581     15.116     10.861    -70.221    -13.446    -21.102     54.795
     -1.583     15.143     10.903    -70.330    -13.449    -21.122     54.798
     -1.585     15.170     10.946    -70.440    -13.452    -21.142     54.802
     -1.587     15.197     10.988    -70.550    -13.455    -21.161     54.805
     -1.589     15.224     11.030    -70.659    -13.458    -21.181     54.809
     -1.591     15.250     11.073    -70.769    -13.461    -21.200     54.812
     -1.593     15.277     11.115    -70.878    -13.464    -21.220     54.815
     -1.595     15.304     11.157    -70.988    -13.467    -21.239     54.819
     -1.597     15.331     11.200    -71.098    -13.471    -21.259     54.822
     -1.599     15.358     11.242    -71.207    -13.474    -21.278     54.825
     -1.601     15.385     11.285    -71.317    -13.477    -21.298     54.829
     -1.603     15.412     11.328    -71.427    -13.480    -21.317     54.832
     -1.605     15.439     11.370    -71.536    -13.483    -21.337     54.835
     -1.607     15.466     11.413    -71.646    -13.486    -21.356     54.839
     -1.609     15.493     11.456    -71.756    -13.489    -21.375     54.842
     -1.611     15.520     11.499    -71.865    -13.492    -21.394     54.845
     -1.613     15.547     11.541    -71.975    -13.495    -21.414     54.848
     -1.615     15.574     11.584    -72.085    -13.498    -21.433     54.852
     -1.617     15.601     11.627    -72.195    -13.501    -21.452     54.855
     -1.619     15.628     11.670    -72.304    -13.504    -21.471     54.858
     -1.621     15.655     11.713    -72.414    -13.507    -21.490     54.861
     -1.623     15.682     11.756    -72.524    -13.510    -21.510     54.864
     -1.625     15.709     11.799    -72.633    -13.513    -21.529     54.867
     -1.627     15.736     11.842    -72.743    -13.516    -21.548     54.871
     -1.629     15.763     11.885    -72.853    -13.519    -21.567     54.874
     -1.631     15.790     11.928    -72.963    -13.522    -21.586     54.877
     -1.633     15.817     11.972    -73.072    -13.525    -21.605     54.880
     -1.635     15.844     12.015    -73.182    -13.528    -21.624     54.883
     -1.637     15.871     12.058    -73.292    -13.531    -21.642     54.886
     -1.639     15.898     12.101    -73.402    -13.534    -21.661     54.889
     -1.641     15.925     12.145    -73.511    -13.537    -21.680     54.892
     -1.643     15.953     12.188    -73.621    -13.540    -21.699     54.895
     -1.645     15.980     12.231    -73.731    -13.543    -21.718     54.898
     -1.647     16.007     12.275    -73.841    -13.546    -21.737     54.901
     -1.649     16.034     12.318    -73.951    -13.549    -21.755     54.904
     -1.651     16.061     12.362    -74.060    -13.552    -21.774     54.907
     -1.653     16.088     12.405    -74.170    -13.555    -21.793     54.910
     -1.655     16.115     12.449    -74.280    -13.557    -21.811     54.913
     -1.657     16.142     12.493    -74.390    -13.560    -21.830     54.916
     -1.659     16.169     12.536    -74.500    -13.563    -21.849     54.919
     -1.661     16.196     12.580    -74.610    -13.566    -21.867     54.922
     -1.663     16.224     12.624    -74.719    -13.569    -21.886     54.925
     -1.665     16.251     12.668    -74.829    -13.572    -21.904     54.928
     -1.667     16.278     12.711    -74.939    -13.575    -21.923     54.930
     -1.669     16.305     12.755    -75.049    -13.578    -21.941     54.933
     -1.671     16.332     12.799    -75.159    -13.580    -21.960     54.936
     -1.673     16.359     12.843    -75.269    -13.583    -21.978     54.939
     -1.675     16.387     12.887    -75.379    -13.586    -21.997     54.942
     -1.677     16.414     12.931    -75.489    -13.589    -22.015     54.945
     -1.679     16.441     12.975    -75.598    -13.592    -22.033     54.947
     -1.681     16.468     13.019    -75.708    -13.595    -22.052     54.950
     -1.683     16.495     13.063    -75.818    -13.598    -22.070     54.953
     -1.685     16.522     13.108    -75.928    -13.600    -22.088     54.956
     -1.687     16.550     13.152    -76.038    -13.603    -22.106     54.958
     -1.689     16.577     13.196    -76.148    -13.606    -22.125     54.961
     -1.691     16.604     13.240    -76.258    -13.609    -22.143     54.964
     -1.693     16.631     13.285    -76.368    -13.612    -22.161     54.967
     -1.695     16.659     13.329    -76.478    -13.614    -22.179     54.969
     -1.697     16.686     13.373    -76.588    -13.617    -22.197     54.972
     -1.699     16.713     13.418    -76.698    -13.620    -22.215     54.975
     -1.701     16.740     13.462    -76.808    -13.623    -22.233     54.977
     -1.703     16.768     13.507    -76.918    -13.625    -22.251     54.980
     -1.705     16.795     13.551    -77.028    -13.628    -22.269     54.983
     -1.707     16.822     13.596    -77.138    -13.631    -22.287     54.985
     -1.709     16.849     13.640    -77.247    -13.634    -22.305     54.988
     -1.711     16.877     13.685    -77.357    -13.637    -22.323     54.991
     -1.713     16.904     13.730    -77.467    -13.639    -22.341     54.993
     -1.715     16.931     13.774    -77.577    -13.642    -22.359     54.996
     -1.717     16.958     13.819    -77.687    -13.645    -22.377     54.998
     -1.719     16.986     13.864    -77.797    -13.647    -22.395     55.001
     -1.721     17.013     13.909    -77.907    -13.650    -22.412     55.003
     -1.723     17.040     13.953    -78.017    -13.653    -22.430     55.006
     -1.725     17.068     13.998    -78.127    -13.656    -22.448     55.008
     -1.727     17.095     14.043    -78.237    -13.658    -22.466     55.011
     -1.729     17.122     14.088    -78.348    -13.661    -22.483     55.013
     -1.731     17.150     14.133    -78.458    -13.664    -22.501     55.016
     -1.733     17.177     14.178    -78.568    -13.666    -22.519     55.018
     -1.735     17.204     14.223    -78.678    -13.669    -22.536     55.021
     -1.737     17.232     14.268    -78.788    -13.672    -22.554     55.023
     -1.739     17.259     14.313    -78.898    -13.674    -22.572     55.026
     -1.741     17.286     14.359    -79.008    -13.677    -22.589     55.028
     -1.743     17.314     14.404    -79.118    -13.680    -22.607     55.031
     -1.745     17.341     14.449    -79.228    -13.682    -22.624     55.033
     -1.747     17.368     14.494    -79.338    -13.685    -22.642     55.036
     -1.749     17.396     14.540    -79.448    -13.688    -22.659     55.038
     -1.751     17.423     14.585    -79.558    -13.690    -22.677     55.040
     -1.753     17.451     14.630    -79.668    -13.693    -22.694     55.043
     -1.755     17.478     14.676    -79.778    -13.696    -22.712     55.045
     -1.757     17.505     14.721    -79.888    -13.698    -22.729     55.047
     -1.759     17.533     14.767    -79.998    -13.701    -22.746     55.050
     -1.761     17.560     14.812    -80.109    -13.704    -22.764     55.052
     -1.763     17.588     14.858    -80.219    -13.706    -22.781     55.054
     -1.765     17.615     14.903    -80.329    -13.709    -22.798     55.057
     -1.767     17.642     14.949    -80.439    -13.711    -22.815     55.059
     -1.769     17.670     14.995    -80.549    -13.714    -22.833     55.061
     -1.771     17.697     15.040    -80.659    -13.717    -22.850     55.064
     -1.773     17.725     15.086    -80.769    -13.719    -22.867     55.066
     -1.775     17.752     15.132    -80.879    -13.722    -22.884     55.068
     -1.777     17.780     15.178    -80.990    -13.724    -22.901     55.070
     -1.779     17.807     15.223    -81.100    -13.727    -22.919     55.073
     -1.781     17.834     15.269    -81.210    -13.729    -22.936     55.075
     -1.783     17.862     15.315    -81.320    -13.732    -22.953     55.077
     -1.785     17.889     15.361    -81.430    -13.735    -22.970     55.079
     -1.787     17.917     15.407    -81.540    -13.737    -22.987     55.082
     -1.789     17.944     15.453    -81.650    -13.740    -23.004     55.084
     -1.791     17.972     15.499    -81.761    -13.742    -23.021     55.086
     -1.793     17.999     15.545    -81.871    -13.745    -23.038     55.088
     -1.795     18.027     15.591    -81.981    -13.747    -23.055     55.090
     -1.797     18.054     15.637    -82.091    -13.750    -23.072     55.093
     -1.799     18.082     15.683    -82.201    -13.752    -23.089     55.095
     -1.801     18.109     15.730    -82.312    -13.755    -23.105     55.097
     -1.803     18.137     15.776    -82.422    -13.757    -23.122     55.099
     -1.805     18.164     15.822    -82.532    -13.760    -23.139     55.101
     -1.807     18.192     15.868    -82.642    -13.762    -23.156     55.103
     -1.809     18.219     15.915    -82.752    -13.765    -23.173     55.105
     -1.811     18.247     15.961    -82.863    -13.767    -23.190     55.107
     -1.813     18.274     16.007    -82.973    -13.770    -23.206     55.109
     -1.815     18.302     16.054    -83.083    -13.772    -23.223     55.111
     -1.817     18.330     16.100    -83.193    -13.775    -23.240     55.114
     -1.819     18.357     16.147    -83.303    -13.777    -23.256     55.116
     -1.821     18.385     16.193    -83.414    -13.780    -23.273     55.118
     -1.823     18.412     16.240    -83.524    -13.782    -23.290     55.120
     -1.825     18.440     16.287    -83.634    -13.785    -23.306     55.122
     -1.827     18.467     16.333    -83.744    -13.787    -23.323     55.124
     -1.829     18.495     16.380    -83.855    -13.790    -23.340     55.126
     -1.831     18.522     16.427    -83.965    -13.792    -23.356     55.128
     -1.833     18.550     16.473    -84.075    -13.795    -23.373     55.130
     -1.835     18.578     16.520    -84.185    -13.797    -23.389     55.132
     -1.837     18.605     16.567    -84.296    -13.799    -23.406     55.134
     -1.839     18.633     16.614    -84.406    -13.802    -23.422     55.136
     -1.841     18.660     16.661    -84.516    -13.804    -23.439     55.138
     -1.843     18.688     16.707    -84.627    -13.807    -23.455     55.140
     -1.845     18.716     16.754    -84.737    -13.809    -23.471     55.141
     -1.847     18.743     16.801    -84.847    -13.812    -23.488     55.143
     -1.849     18.771     16.848    -84.957    -13.814    -23.504     55.145
     -1.851     18.799     16.895    -85.068    -13.816    -23.520     55.147
     -1.853     18.826     16.942    -85.178    -13.819    -23.537     55.149
     -1.855     18.854     16.989    -85.288    -13.821    -23.553     55.151
     -1.857     18.881     17.037    -85.399    -13.824    -23.569     55.153
     -1.859     18.909     17.084    -85.509    -13.826    -23.586     55.155
     -1.861     18.937     17.131    -85.619    -13.828    -23.602     55.157
     -1.863     18.964     17.178    -85.730    -13.831    -23.618     55.158
     -1.865     18.992     17.225    -85.840    -13.833    -23.634     55.160
     -1.867     19.020     17.273    -85.950    -13.835    -23.651     55.162
     -1.869     19.047     17.320    -86.060    -13.838    -23.667     55.164
     -1.871     19.075     17.367    -86.171    -13.840    -23.683     55.166
     -1.873     19.103     17.415    -86.281    -13.843    -23.699     55.168
     -1.875     19.130     17.462    -86.391    -13.845    -23.715     55.169
     -1.877     19.158     17.510    -86.502    -13.847    -23.731     55.171
     -1.879     19.186     17.557    -86.612    -13.850    -23.747     55.173
     -1.881     19.214     17.605    -86.723    -13.852    -23.763     55.175
     -1.883     19.241     17.652    -86.833    -13.854    -23.779     55.177
     -1.885     19.269     17.700    -86.943    -13.857    -23.795     55.178
     -1.887     19.297     17.747    -87.054    -13.859    -23.811     55.180
     -1.889     19.324     17.795    -87.164    -13.861    -23.827     55.182
     -1.891     19.352     17.843    -87.274    -13.864    -23.843     55.184
     -1.893     19.380     17.890    -87.385    -13.866    -23.859     55.185
     -1.895     19.408     17.938    -87.495    -13.868    -23.875     55.187
     -1.897     19.435     17.986    -87.605    -13.871    -23.891     55.189
     -1.899     19.463     18.034    -87.716    -13.873    -23.907     55.190
     -1.901     19.491     18.081    -87.826    -13.875    -23.923     55.192
     -1.903     19.519     18.129    -87.937    -13.877    -23.939     55.194
     -1.905     19.546     18.177    -88.047    -13.880    -23.954     55.196
     -1.907     19.574     18.225    -88.157    -13.882    -23.970     55.197
     -1.909     19.602     18.273    -88.268    -13.884    -23.986     55.199
     -1.911     19.630     18.321    -88.378    -13.887    -24.002     55.201
     -1.913     19.657     18.369    -88.489    -13.889    -24.018     55.202
     -1.915     19.685     18.417    -88.599    -13.891    -24.033     55.204
     -1.917     19.713     18.465    -88.709    -13.893    -24.049     55.205
     -1.919     19.741     18.513    -88.820    -13.896    -24.065     55.207
     -1.921     19.769     18.561    -88.930    -13.898    -24.080     55.209
     -1.923     19.796     18.610    -89.041    -13.900    -24.096     55.210
     -1.925     19.824     18.658    -89.151    -13.903    -24.112     55.212
     -1.927     19.852     18.706    -89.261    -13.905    -24.127     55.214
     -1.929     19.880     18.754    -89.372    -13.907    -24.143     55.215
     -1.931     19.908     18.803    -89.482    -13.909    -24.158     55.217
     -1.933     19.935     18.851    -89.593    -13.911    -24.174     55.218
     -1.935     19.963     18.899    -89.703    -13.914    -24.189     55.220
     -1.937     19.991     18.948    -89.814    -13.916    -24.205     55.221
     -1.939     20.019     18.996    -89.924    -13.918    -24.220     55.223
     -1.941     20.047     19.045    -90.035    -13.920    -24.236     55.224
     -1.943     20.075     19.093    -90.145    -13.923    -24.251     55.226
     -1.945     20.102     19.142    -90.255    -13.925    -24.267     55.228
     -1.947     20.130     19.190    -90.366    -13.927    -24.282     55.229
     -1.949     20.158     19.239    -90.476    -13.929    -24.298     55.231
     -1.951     20.186     19.287    -90.587    -13.931    -24.313     55.232
     -1.953     20.214     19.336    -90.697    -13.934    -24.328     55.234
     -1.955     20.242     19.385    -90.808    -13.936    -24.344     55.235
     -1.957     20.270     19.433    -90.918    -13.938    -24.359     55.237
     -1.959     20.298     19.482    -91.029    -13.940    -24.374     55.238
     -1.961     20.325     19.531    -91.139    -13.942    -24.390     55.240
     -1.963     20.353     19.580    -91.250    -13.945    -24.405     55.241
     -1.965     20.381     19.629    -91.360    -13.947    -24.420     55.242
     -1.967     20.409     19.677    -91.471    -13.949    -24.436     55.244
     -1.969     20.437     19.726    -91.581    -13.951    -24.451     55.245
     -1.971     20.465     19.775    -91.692    -13.953    -24.466     55.247
     -1.973     20.493     19.824    -91.802    -13.955    -24.481     55.248
     -1.975     20.521     19.873    -91.913    -13.958    -24.496     55.250
     -1.977     20.549     19.922    -92.023    -13.960    -24.512     55.251
     -1.979     20.577     19.971    -92.134    -13.962    -24.527     55.252
     -1.981     20.604     20.020    -92.244    -13.964    -24.542     55.254
     -1.983     20.632     20.069    -92.355    -13.966    -24.557     55.255
     -1.985     20.660     20.118    -92.465    -13.968    -24.572     55.257
     -1.987     20.688     20.168    -92.576    -13.971    -24.587     55.258
     -1.989     20.716     20.217    -92.686    -13.973    -24.602     55.259
     -1.991     20.744     20.266    -92.797    -13.975    -24.617     55.261
     -1.993     20.772     20.315    -92.907    -13.977    -24.632     55.262
     -1.995     20.800     20.365    -93.018    -13.979    -24.647     55.263
     -1.997     20.828     20.414    -93.128    -13.981    -24.662     55.265
     -1.999     20.856     20.463    -93.239    -13.983    -24.677     55.266
     -2.001     20.884     20.513    -93.349    -13.985    -24.692     55.267
     -2.003     20.912     20.562    -93.460    -13.988    -24.707     55.269
     -2.005     20.940     20.611    -93.570    -13.990    -24.722     55.270
     -2.007     20.968     20.661    -93.681    -13.992    -24.737     55.271
     -2.009     20.996     20.710    -93.791    -13.994    -24.752     55.273
     -2.011     21.024     20.760    -93.902    -13.996    -24.767     55.274
     -2.013     21.052     20.809    -94.013    -13.998    -24.782     55.275
     -2.015     21.080     20.859    -94.123    -14.000    -24.796     55.277
     -2.017     21.108     20.909    -94.234    -14.002    -24.811     55.278
     -2.019     21.136     20.958    -94.344    -14.004    -24.826     55.279
     -2.021     21.164     21.008    -94.455    -14.006    -24.841     55.280
     -2.023     21.192     21.058    -94.565    -14.008    -24.856     55.282
     -2.025     21.220     21.107    -94.676    -14.011    -24.870     55.283
     -2.027     21.248     21.157    -94.786    -14.013    -24.885     55.284
     -2.029     21.276     21.207    -94.897    -14.015    -24.900     55.285
     -2.031     21.304     21.257    -95.008    -14.017    -24.915     55.287
     -2.033     21.332     21.307    -95.118    -14.019    -24.929     55.288
     -2.035     21.360     21.356    -95.229    -14.021    -24.944     55.289
     -2.037     21.388     21.406    -95.339    -14.023    -24.959     55.290
     -2.039     21.416     21.456    -95.450    -14.025    -24.973     55.291
     -2.041     21.444     21.506    -95.561    -14.027    -24.988     55.293
     -2.043     21.472     21.556    -95.671    -14.029    -25.002     55.294
     -2.045     21.500     21.606    -95.782    -14.031    -25.017     55.295
     -2.047     21.528     21.656    -95.892    -14.033    -25.032     55.296
     -2.049     21.556     21.706    -96.003    -14.035    -25.046     55.297
     -2.051     21.585     21.756    -96.113    -14.037    -25.061     55.299
     -2.053     21.613     21.807    -96.224    -14.039    -25.075     55.300
     -2.055     21.641     21.857    -96.335    -14.041    -25.090     55.301
     -2.057     21.669     21.907    -96.445    -14.043    -25.104     55.302
     -2.059     21.697     21.957    -96.556    -14.045    -25.119     55.303
     -2.061     21.725     22.007    -96.666    -14.047    -25.133     55.304
     -2.063     21.753     22.058    -96.777    -14.049    -25.148     55.305
     -2.065     21.781     22.108    -96.888    -14.051    -25.162     55.307
     -2.067     21.809     22.158    -96.998    -14.053    -25.177     55.308
     -2.069     21.837     22.209    -97.109    -14.055    -25.191     55.309
     -2.071     21.865     22.259    -97.220    -14.057    -25.205     55.310
     -2.073     21.894     22.310    -97.330    -14.059    -25.220     55.311
     -2.075     21.922     22.360    -97.441    -14.061    -25.234     55.312
     -2.077     21.950     22.410    -97.551    -14.063    -25.249     55.313
     -2.079     21.978     22.461    -97.662    -14.065    -25.263     55.314
     -2.081     22.006     22.511    -97.773    -14.067    -25.277     55.315
     -2.083     22.034     22.562    -97.883    -14.069    -25.291     55.316
     -2.085     22.062     22.613    -97.994    -14.071    -25.306     55.317
     -2.087     22.091     22.663    -98.105    -14.073    -25.320     55.318
     -2.089     22.119     22.714    -98.215    -14.075    -25.334     55.320
     -2.091     22.147     22.765    -98.326    -14.077    -25.349     55.321
     -2.093     22.175     22.815    -98.437    -14.079    -25.363     55.322
     -2.095     22.203     22.866    -98.547    -14.081    -25.377     55.323
     -2.097     22.231     22.917    -98.658    -14.083    -25.391     55.324
     -2.099     22.259     22.968    -98.768    -14.085    -25.405     55.325
     -2.101     22.288     23.018    -98.879    -14.087    -25.419     55.326
     -2.103     22.316     23.069    -98.990    -14.089    -25.434     55.327
     -2.105     22.344     23.120    -99.100    -14.091    -25.448     55.328
     -2.107     22.372     23.171    -99.211    -14.093    -25.462     55.329
     -2.109     22.400     23.222    -99.322    -14.095    -25.476     55.330
     -2.111     22.429     23.273    -99.432    -14.097    -25.490     55.331
     -2.113     22.457     23.324    -99.543    -14.099    -25.504     55.332
     -2.115     22.485     23.375    -99.654    -14.100    -25.518     55.333
     -2.117     22.513     23.426    -99.764    -14.102    -25.532     55.334
     -2.119     22.541     23.477    -99.875    -14.104    -25.546     55.335
     -2.121     22.570     23.528    -99.986    -14.106    -25.560     55.336
     -2.123     22.598     23.579   -100.096    -14.108    -25.574     55.337
     -2.125     22.626     23.631   -100.207    -14.110    -25.588     55.337
     -2.127     22.654     23.682   -100.318    -14.112    -25.602     55.338
     -2.129     22.682     23.733   -100.428    -14.114    -25.616     55.339
     -2.131     22.711     23.784   -100.539    -14.116    -25.630     55.340
     -2.133     22.739     23.835   -100.650    -14.118    -25.644     55.341
     -2.135     22.767     23.887   -100.760    -14.120    -25.658     55.342
     -2.137     22.795     23.938   -100.871    -14.122    -25.672     55.343
     -2.139     22.824     23.989   -100.982    -14.123    -25.686     55.344
     -2.141     22.852     24.041   -101.093    -14.125    -25.700     55.345
     -2.143     22.880     24.092   -101.203    -14.127    -25.714     55.346
     -2.145     22.908     24.144   -101.314    -14.129    -25.727     55.347
     -2.147     22.937     24.195   -101.425    -14.131    -25.741     55.348
     -2.149     22.965     24.247   -101.535    -14.133    -25.755     55.348
     -2.151     22.993     24.298   -101.646    -14.135    -25.769     55.349
     -2.153     23.021     24.350   -101.757    -14.137    -25.783     55.350
     -2.155     23.050     24.401   -101.867    -14.138    -25.796     55.351
     -2.157     23.078     24.453   -101.978    -14.140    -25.810     55.352
     -2.159     23.106     24.505   -102.089    -14.142    -25.824     55.353
     -2.161     23.135     24.556   -102.200    -14.144    -25.838     55.354
     -2.163     23.163     24.608   -102.310    -14.146    -25.851     55.354
     -2.165     23.191     24.660   -102.421    -14.148    -25.865     55.355
     -2.167     23.219     24.711   -102.532    -14.150    -25.879     55.356
     -2.169     23.248     24.763   -102.642    -14.152    -25.893     55.357
     -2.171     23.276     24.815   -102.753    -14.153    -25.906     55.358
     -2.173     23.304     24.867   -102.864    -14.155    -25.920     55.359
     -2.175     23.333     24.919   -102.975    -14.157    -25.933     55.359
     -2.177     23.361     24.971   -103.085    -14.159    -25.947     55.360
     -2.179     23.389     25.022   -103.196    -14.161    -25.961     55.361
     -2.181     23.418     25.074   -103.307    -14.163    -25.974     55.362
     -2.183     23.446     25.126   -103.417    -14.164    -25.988     55.363
     -2.185     23.474     25.178   -103.528    -14.166    -26.001     55.363
     -2.187     23.503     25.230   -103.639    -14.168    -26.015     55.364
     -2.189     23.531     25.282   -103.750    -14.170    -26.029     55.365
     -2.191     23.559     25.334   -103.860    -14.172    -26.042     55.366
     -2.193     23.588     25.387   -103.971    -14.174    -26.056     55.366
     -2.195     23.616     25.439   -104.082    -14.175    -26.069     55.367
     -2.197     23.644     25.491   -104.193    -14.177    -26.083     55.368
     -2.199     23.673     25.543   -104.303    -14.179    -26.096     55.369
     -2.201     23.701     25.595   -104.414    -14.181    -26.110     55.369
     -2.203     23.729     25.647   -104.525    -14.183    -26.123     55.370
     -2.205     23.758     25.700   -104.635    -14.184    -26.136     55.371
     -2.207     23.786     25.752   -104.746    -14.186    -26.150     55.372
     -2.209     23.815     25.804   -104.857    -14.188    -26.163     55.372
     -2.211     23.843     25.857   -104.968    -14.190    -26.177     55.373
     -2.213     23.871     25.909   -105.078    -14.192    -26.190     55.374
     -2.215     23.900     25.961   -105.189    -14.193    -26.203     55.375
     -2.217     23.928     26.014   -105.300    -14.195    -26.217     55.375
     -2.219     23.956     26.066   -105.411    -14.197    -26.230     55.376
     -2.221     23.985     26.119   -105.521    -14.199    -26.243     55.377
     -2.223     24.013     26.171   -105.632    -14.201    -26.257     55.377
     -2.225     24.042     26.224   -105.743    -14.202    -26.270     55.378
     -2.227     24.070     26.276   -105.854    -14.204    -26.283     55.379
     -2.229     24.099     26.329   -105.964    -14.206    -26.297     55.379
     -2.231     24.127     26.382   -106.075    -14.208    -26.310     55.380
     -2.233     24.155     26.434   -106.186    -14.209    -26.323     55.381
     -2.235     24.184     26.487   -106.297    -14.211    -26.336     55.381
     -2.237     24.212     26.539   -106.408    -14.213    -26.350     55.382
     -2.239     24.241     26.592   -106.518    -14.215    -26.363     55.383
     -2.241     24.269     26.645   -106.629    -14.216    -26.376     55.383
     -2.243     24.297     26.698   -106.740    -14.218    -26.389     55.384
     -2.245     24.326     26.750   -106.851    -14.220    -26.402     55.385
     -2.247     24.354     26.803   -106.961    -14.222    -26.416     55.385
     -2.249     24.383     26.856   -107.072    -14.223    -26.429     55.386
     -2.251     24.411     26.909   -107.183    -14.225    -26.442     55.387
     -2.253     24.440     26.962   -107.294    -14.227    -26.455     55.387
     -2.255     24.468     27.015   -107.404    -14.229    -26.468     55.388
     -2.257     24.497     27.068   -107.515    -14.230    -26.481     55.388
     -2.259     24.525     27.121   -107.626    -14.232    -26.494     55.389
     -2.261     24.554     27.174   -107.737    -14.234    -26.507     55.390
     -2.263     24.582     27.227   -107.848    -14.236    -26.520     55.390
     -2.265     24.610     27.280   -107.958    -14.237    -26.534     55.391
     -2.267     24.639     27.333   -108.069    -14.239    -26.547     55.391
     -2.269     24.667     27.386   -108.180    -14.241    -26.560     55.392
     -2.271     24.696     27.439   -108.291    -14.242    -26.573     55.393
     -2.273     24.724     27.492   -108.401    -14.244    -26.586     55.393
     -2.275     24.753     27.546   -108.512    -14.246    -26.599     55.394
     -2.277     24.781     27.599   -108.623    -14.248    -26.612     55.394
     -2.279     24.810     27.652   -108.734    -14.249    -26.625     55.395
     -2.281     24.838     27.705   -108.845    -14.251    -26.638     55.395
     -2.283     24.867     27.759   -108.955    -14.253    -26.650     55.396
     -2.285     24.895     27.812   -109.066    -14.254    -26.663     55.397
     -2.287     24.924     27.865   -109.177    -14.256    -26.676     55.397
     -2.289     24.952     27.919   -109.288    -14.258    -26.689     55.398
     -2.291     24.981     27.972   -109.399    -14.260    -26.702     55.398
     -2.293     25.009     28.025   -109.509    -14.261    -26.715     55.399
     -2.295     25.038     28.079   -109.620    -14.263    -26.728     55.399
     -2.297     25.067     28.132   -109.731    -14.265    -26.741     55.400
     -2.299     25.095     28.186   -109.842    -14.266    -26.754     55.400
     -2.301     25.124     28.239   -109.953    -14.268    -26.766     55.401
     -2.303     25.152     28.293   -110.063    -14.270    -26.779     55.401
     -2.305     25.181     28.346   -110.174    -14.271    -26.792     55.402
     -2.307     25.209     28.400   -110.285    -14.273    -26.805     55.402
     -2.309     25.238     28.454   -110.396    -14.275    -26.818     55.403
     -2.311     25.266     28.507   -110.507    -14.276    -26.830     55.403
     -2.313     25.295     28.561   -110.617    -14.278    -26.843     55.404
     -2.315     25.323     28.615   -110.728    -14.280    -26.856     55.404
     -2.317     25.352     28.668   -110.839    -14.281    -26.869     55.405
     -2.319     25.381     28.722   -110.950    -14.283    -26.881     55.405
     -2.321     25.409     28.776   -111.061    -14.285    -26.894     55.406
     -2.323     25.438     28.830   -111.171    -14.286    -26.907     55.406
     -2.325     25.466     28.884   -111.282    -14.288    -26.920     55.407
     -2.327     25.495     28.937   -111.393    -14.290    -26.932     55.407
     -2.329     25.523     28.991   -111.504    -14.291    -26.945     55.408
     -2.331     25.552     29.045   -111.615    -14.293    -26.958     55.408
     -2.333     25.581     29.099   -111.726    -14.295    -26.970     55.408
     -2.335     25.609     29.153   -111.836    -14.296    -26.983     55.409
     -2.337     25.638     29.207   -111.947    -14.298    -26.996     55.409
     -2.339     25.666     29.261   -112.058    -14.300    -27.008     55.410
     -2.341     25.695     29.315   -112.169    -14.301    -27.021     55.410
     -2.343     25.724     29.369   -112.280    -14.303    -27.033     55.411
     -2.345     25.752     29.423   -112.390    -14.304    -27.046     55.411
     -2.347     25.781     29.477   -112.501    -14.306    -27.058     55.411
     -2.349     25.809     29.531   -112.612    -14.308    -27.071     55.412
     -2.351     25.838     29.586   -112.723    -14.309    -27.084     55.412
     -2.353     25.867     29.640   -112.834    -14.311    -27.096     55.413
     -2.355     25.895     29.694   -112.945    -14.313    -27.109     55.413
     -2.357     25.924     29.748   -113.055    -14.314    -27.121     55.414
     -2.359     25.953     29.802   -113.166    -14.316    -27.134     55.414
     -2.361     25.981     29.857   -113.277    -14.317    -27.146     55.414
     -2.363     26.010     29.911   -113.388    -14.319    -27.159     55.415
     -2.365     26.038     29.965   -113.499    -14.321    -27.171     55.415
     -2.367     26.067     30.020   -113.610    -14.322    -27.184     55.415
     -2.369     26.096     30.074   -113.720    -14.324    -27.196     55.416
     -2.371     26.124     30.128   -113.831    -14.325    -27.208     55.416
     -2.373     26.153     30.183   -113.942    -14.327    -27.221     55.417
     -2.375     26.182     30.237   -114.053    -14.329    -27.233     55.417
     -2.377     26.210     30.292   -114.164    -14.330    -27.246     55.417
     -2.379     26.239     30.346   -114.275    -14.332    -27.258     55.418
     -2.381     26.268     30.401   -114.385    -14.333    -27.271     55.418
     -2.383     26.296     30.455   -114.496    -14.335    -27.283     55.418
     -2.385     26.325     30.510   -114.607    -14.337    -27.295     55.419
     -2.387     26.354     30.565   -114.718    -14.338    -27.308     55.419
     -2.389     26.382     30.619   -114.829    -14.340    -27.320     55.419
     -2.391     26.411     30.674   -114.940    -14.341    -27.332     55.420
     -2.393     26.440     30.729   -115.050    -14.343    -27.345     55.420
     -2.395     26.468     30.783   -115.161    -14.345    -27.357     55.420
     -2.397     26.497     30.838   -115.272    -14.346    -27.369     55.421
     -2.399     26.526     30.893   -115.383    -14.348    -27.381     55.421
     -2.401     26.554     30.948   -115.494    -14.349    -27.394     55.421
     -2.403     26.583     31.002   -115.605    -14.351    -27.406     55.422
     -2.405     26.612     31.057   -115.715    -14.352    -27.418     55.422
     -2.407     26.641     31.112   -115.826    -14.354    -27.431     55.422
     -2.409     26.669     31.167   -115.937    -14.356    -27.443     55.423
     -2.411     26.698     31.222   -116.048    -14.357    -27.455     55.423
     -2.413     26.727     31.277   -116.159    -14.359    -27.467     55.423
     -2.415     26.755     31.332   -116.270    -14.360    -27.479     55.423
     -2.417     26.784     31.387   -116.381    -14.362    -27.492     55.424
     -2.419     26.813     31.442   -116.491    -14.363    -27.504     55.424
     -2.421     26.842     31.497   -116.602    -14.365    -27.516     55.424
     -2.423     26.870     31.552   -116.713    -14.366    -27.528     55.425
     -2.425     26.899     31.607   -116.824    -14.368    -27.540     55.425
     -2.427     26.928     31.662   -116.935    -14.370    -27.552     55.425
     -2.429     26.957     31.717   -117.046    -14.371    -27.564     55.425
     -2.431     26.985     31.772   -117.156    -14.373    -27.577     55.426
     -2.433     27.014     31.827   -117.267    -14.374    -27.589     55.426
     -2.435     27.043     31.882   -117.378    -14.376    -27.601     55.426
     -2.437     27.072     31.938   -117.489    -14.377    -27.613     55.426
     -2.439     27.100     31.993   -117.600    -14.379    -27.625     55.427
     -2.441     27.129     32.048   -117.711    -14.380    -27.637     55.427
     -2.443     27.158     32.103   -117.822    -14.382    -27.649     55.427
     -2.445     27.187     32.159   -117.932    -14.383    -27.661     55.427
     -2.447     27.215     32.214   -118.043    -14.385    -27.673     55.427
     -2.449     27.244     32.269   -118.154    -14.386    -27.685     55.428
     -2.451     27.273     32.325   -118.265    -14.388    -27.697     55.428
     -2.453     27.302     32.380   -118.376    -14.389    -27.709     55.428
     -2.455     27.330     32.436   -118.487    -14.391    -27.721     55.428
     -2.457     27.359     32.491   -118.598    -14.392    -27.733     55.429
     -2.459     27.388     32.547   -118.708    -14.394    -27.745     55.429
     -2.461     27.417     32.602   -118.819    -14.395    -27.757     55.429
     -2.463     27.446     32.658   -118.930    -14.397    -27.769     55.429
     -2.465     27.474     32.713   -119.041    -14.398    -27.781     55.429
     -2.467     27.503     32.769   -119.152    -14.400    -27.793     55.430
     -2.469     27.532     32.824   -119.263    -14.401    -27.805     55.430
     -2.471     27.561     32.880   -119.374    -14.403    -27.817     55.430
     -2.473     27.590     32.936   -119.484    -14.404    -27.829     55.430
     -2.475     27.618     32.991   -119.595    -14.406    -27.841     55.430
     -2.477     27.647     33.047   -119.706    -14.407    -27.853     55.430
     -2.479     27.676     33.103   -119.817    -14.409    -27.864     55.431
     -2.481     27.705     33.158   -119.928    -14.410    -27.876     55.431
     -2.483     27.734     33.214   -120.039    -14.412    -27.888     55.431
     -2.485     27.763     33.270   -120.150    -14.413    -27.900     55.431
     -2.487     27.791     33.326   -120.260    -14.415    -27.912     55.431
     -2.489     27.820     33.382   -120.371    -14.416    -27.924     55.431
     -2.491     27.849     33.437   -120.482    -14.418    -27.935     55.432
     -2.493     27.878     33.493   -120.593    -14.419    -27.947     55.432
     -2.495     27.907     33.549   -120.704    -14.421    -27.959     55.432
     -2.497     27.936     33.605   -120.815    -14.422    -27.971     55.432
     -2.499     27.964     33.661   -120.926    -14.424    -27.983     55.432
     -2.501     27.993     33.717   -121.037    -14.425    -27.994     55.432
     -2.503     28.022     33.773   -121.147    -14.427    -28.006     55.432
     -2.505     28.051     33.829   -121.258    -14.428    -28.018     55.433
     -2.507     28.080     33.885   -121.369    -14.430    -28.030     55.433
     -2.509     28.109     33.941   -121.480    -14.431    -28.041     55.433
     -2.511     28.138     33.997   -121.591    -14.433    -28.053     55.433
     -2.513     28.166     34.053   -121.702    -14.434    -28.065     55.433
     -2.515     28.195     34.110   -121.813    -14.436    -28.077     55.433
     -2.517     28.224     34.166   -121.923    -14.437    -28.088     55.433
     -2.519     28.253     34.222   -122.034    -14.438    -28.100     55.433
     -2.521     28.282     34.278   -122.145    -14.440    -28.112     55.434
     -2.523     28.311     34.334   -122.256    -14.441    -28.123     55.434
     -2.525     28.340     34.391   -122.367    -14.443    -28.135     55.434
     -2.527     28.369     34.447   -122.478    -14.444    -28.147     55.434
     -2.529     28.397     34.503   -122.589    -14.446    -28.158     55.434
     -2.531     28.426     34.560   -122.700    -14.447    -28.170     55.434
     -2.533     28.455     34.616   -122.810    -14.449    -28.181     55.434
     -2.535     28.484     34.672   -122.921    -14.450    -28.193     55.434
     -2.537     28.513     34.729   -123.032    -14.451    -28.205     55.434
     -2.539     28.542     34.785   -123.143    -14.453    -28.216     55.434
     -2.541     28.571     34.842   -123.254    -14.454    -28.228     55.434
     -2.543     28.600     34.898   -123.365    -14.456    -28.239     55.434
     -2.545     28.629     34.955   -123.476    -14.457    -28.251     55.434
     -2.547     28.658     35.011   -123.586    -14.459    -28.263     55.435
     -2.549     28.687     35.068   -123.697    -14.460    -28.274     55.435
     -2.551     28.715     35.124   -123.808    -14.462    -28.286     55.435
     -2.553     28.744     35.181   -123.919    -14.463    -28.297     55.435
     -2.555     28.773     35.237   -124.030    -14.464    -28.309     55.435
     -2.557     28.802     35.294   -124.141    -14.466    -28.320     55.435
     -2.559     28.831     35.351   -124.252    -14.467    -28.332     55.435
     -2.561     28.860     35.407   -124.363    -14.469    -28.343     55.435
     -2.563     28.889     35.464   -124.473    -14.470    -28.355     55.435
     -2.565     28.918     35.521   -124.584    -14.471    -28.366     55.435
     -2.567     28.947     35.577   -124.695    -14.473    -28.378     55.435
     -2.569     28.976     35.634   -124.806    -14.474    -28.389     55.435
     -2.571     29.005     35.691   -124.917    -14.476    -28.401     55.435
     -2.573     29.034     35.748   -125.028    -14.477    -28.412     55.435
     -2.575     29.063     35.805   -125.139    -14.478    -28.423     55.435
     -2.577     29.092     35.862   -125.250    -14.480    -28.435     55.435
     -2.579     29.121     35.918   -125.360    -14.481    -28.446     55.435
     -2.581     29.150     35.975   -125.471    -14.483    -28.458     55.435
     -2.583     29.179     36.032   -125.582    -14.484    -28.469     55.435
     -2.585     29.208     36.089   -125.693    -14.485    -28.480     55.435
     -2.587     29.237     36.146   -125.804    -14.487    -28.492     55.435
     -2.589     29.265     36.203   -125.915    -14.488    -28.503     55.435
     -2.591     29.294     36.260   -126.026    -14.490    -28.514     55.435
     -2.593     29.323     36.317   -126.136    -14.491    -28.526     55.435
     -2.595     29.352     36.374   -126.247    -14.492    -28.537     55.435
     -2.597     29.381     36.431   -126.358    -14.494    -28.549     55.435
     -2.599     29.410     36.488   -126.469    -14.495    -28.560     55.435
     -2.601     29.439     36.546   -126.580    -14.497    -28.571     55.435
     -2.603     29.468     36.603   -126.691    -14.498    -28.582     55.435
     -2.605     29.497     36.660   -126.802    -14.499    -28.594     55.435
     -2.607     29.526     36.717   -126.913    -14.501    -28.605     55.435
     -2.609     29.555     36.774   -127.023    -14.502    -28.616     55.435
     -2.611     29.584     36.832   -127.134    -14.504    -28.628     55.435
     -2.613     29.613     36.889   -127.245    -14.505    -28.639     55.435
     -2.615     29.642     36.946   -127.356    -14.506    -28.650     55.435
     -2.617     29.671     37.003   -127.467    -14.508    -28.661     55.435
     -2.619     29.700     37.061   -127.578    -14.509    -28.673     55.435
     -2.621     29.729     37.118   -127.689    -14.510    -28.684     55.435
     -2.623     29.758     37.176   -127.800    -14.512    -28.695     55.435
     -2.625     29.788     37.233   -127.910    -14.513    -28.706     55.435
     -2.627     29.817     37.290   -128.021    -14.514    -28.717     55.434
     -2.629     29.846     37.348   -128.132    -14.516    -28.729     55.434
     -2.631     29.875     37.405   -128.243    -14.517    -28.740     55.434
     -2.633     29.904     37.463   -128.354    -14.519    -28.751     55.434
     -2.635     29.933     37.520   -128.465    -14.520    -28.762     55.434
     -2.637     29.962     37.578   -128.576    -14.521    -28.773     55.434
     -2.639     29.991     37.635   -128.686    -14.523    -28.785     55.434
     -2.641     30.020     37.693   -128.797    -14.524    -28.796     55.434
     -2.643     30.049     37.751   -128.908    -14.525    -28.807     55.434
     -2.645     30.078     37.808   -129.019    -14.527    -28.818     55.434
     -2.647     30.107     37.866   -129.130    -14.528    -28.829     55.434
     -2.649     30.136     37.923   -129.241    -14.529    -28.840     55.434
     -2.651     30.165     37.981   -129.352    -14.531    -28.851     55.434
     -2.653     30.194     38.039   -129.463    -14.532    -28.862     55.433
     -2.655     30.223     38.097   -129.573    -14.533    -28.873     55.433
     -2.657     30.252     38.154   -129.684    -14.535    -28.885     55.433
     -2.659     30.281     38.212   -129.795    -14.536    -28.896     55.433
     -2.661     30.310     38.270   -129.906    -14.537    -28.907     55.433
     -2.663     30.340     38.328   -130.017    -14.539    -28.918     55.433
     -2.665     30.369     38.386   -130.128    -14.540    -28.929     55.433
     -2.667     30.398     38.444   -130.239    -14.541    -28.940     55.433
     -2.669     30.427     38.501   -130.349    -14.543    -28.951     55.433
     -2.671     30.456     38.559   -130.460    -14.544    -28.962     55.432
     -2.673     30.485     38.617   -130.571    -14.545    -28.973     55.432
     -2.675     30.514     38.675   -130.682    -14.547    -28.984     55.432
     -2.677     30.543     38.733   -130.793    -14.548    -28.995     55.432
     -2.679     30.572     38.791   -130.904    -14.549    -29.006     55.432
     -2.681     30.601     38.849   -131.015    -14.551    -29.017     55.432
     -2.683     30.630     38.907   -131.126    -14.552    -29.028     55.432
     -2.685     30.660     38.965   -131.236    -14.553    -29.039     55.432
     -2.687     30.689     39.023   -131.347    -14.555    -29.050     55.431
     -2.689     30.718     39.082   -131.458    -14.556    -29.061     55.431
     -2.691     30.747     39.140   -131.569    -14.557    -29.072     55.431
     -2.693     30.776     39.198   -131.680    -14.559    -29.083     55.431
     -2.695     30.805     39.256   -131.791    -14.560    -29.093     55.431
     -2.697     30.834     39.314   -131.902    -14.561    -29.104     55.431
     -2.699     30.863     39.372   -132.012    -14.562    -29.115     55.430
     -2.701     30.892     39.431   -132.123    -14.564    -29.126     55.430
     -2.703     30.922     39.489   -132.234    -14.565    -29.137     55.430
     -2.705     30.951     39.547   -132.345    -14.566    -29.148     55.430
     -2.707     30.980     39.605   -132.456    -14.568    -29.159     55.430
     -2.709     31.009     39.664   -132.567    -14.569    -29.170     55.430
     -2.711     31.038     39.722   -132.678    -14.570    -29.181     55.429
     -2.713     31.067     39.781   -132.788    -14.572    -29.191     55.429
     -2.715     31.096     39.839   -132.899    -14.573    -29.202     55.429
     -2.717     31.126     39.897   -133.010    -14.574    -29.213     55.429
     -2.719     31.155     39.956   -133.121    -14.575    -29.224     55.429
     -2.721     31.184     40.014   -133.232    -14.577    -29.235     55.429
     -2.723     31.213     40.073   -133.343    -14.578    -29.246     55.428
     -2.725     31.242     40.131   -133.454    -14.579    -29.256     55.428
     -2.727     31.271     40.190   -133.564    -14.581    -29.267     55.428
     -2.729     31.300     40.248   -133.675    -14.582    -29.278     55.428
     -2.731     31.330     40.307   -133.786    -14.583    -29.289     55.428
     -2.733     31.359     40.365   -133.897    -14.584    -29.300     55.427
     -2.735     31.388     40.424   -134.008    -14.586    -29.310     55.427
     -2.737     31.417     40.483   -134.119    -14.587    -29.321     55.427
     -2.739     31.446     40.541   -134.230    -14.588    -29.332     55.427
     -2.741     31.476     40.600   -134.340    -14.589    -29.343     55.427
     -2.743     31.505     40.659   -134.451    -14.591    -29.353     55.426
     -2.745     31.534     40.717   -134.562    -14.592    -29.364     55.426
     -2.747     31.563     40.776   -134.673    -14.593    -29.375     55.426
     -2.749     31.592     40.835   -134.784    -14.595    -29.386     55.426
     -2.751     31.621     40.894   -134.895    -14.596    -29.396     55.425
     -2.753     31.651     40.953   -135.006    -14.597    -29.407     55.425
     -2.755     31.680     41.011   -135.116    -14.598    -29.418     55.425
     -2.757     31.709     41.070   -135.227    -14.600    -29.428     55.425
     -2.759     31.738     41.129   -135.338    -14.601    -29.439     55.424
     -2.761     31.767     41.188   -135.449    -14.602    -29.450     55.424
     -2.763     31.797     41.247   -135.560    -14.603    -29.460     55.424
     -2.765     31.826     41.306   -135.671    -14.605    -29.471     55.424
     -2.767     31.855     41.365   -135.781    -14.606    -29.482     55.424
     -2.769     31.884     41.424   -135.892    -14.607    -29.492     55.423
     -2.771     31.913     41.483   -136.003    -14.608    -29.503     55.423
     -2.773     31.943     41.542   -136.114    -14.610    -29.514     55.423
     -2.775     31.972     41.601   -136.225    -14.611    -29.524     55.423
     -2.777     32.001     41.660   -136.336    -14.612    -29.535     55.422
     -2.779     32.030     41.719   -136.447    -14.613    -29.545     55.422
     -2.781     32.060     41.778   -136.557    -14.615    -29.556     55.422
     -2.783     32.089     41.837   -136.668    -14.616    -29.567     55.421
     -2.785     32.118     41.896   -136.779    -14.617    -29.577     55.421
     -2.787     32.147     41.955   -136.890    -14.618    -29.588     55.421
     -2.789     32.177     42.015   -137.001    -14.620    -29.598     55.421
     -2.791     32.206     42.074   -137.112    -14.621    -29.609     55.420
     -2.793     32.235     42.133   -137.222    -14.622    -29.619     55.420
     -2.795     32.264     42.192   -137.333    -14.623    -29.630     55.420
     -2.797     32.294     42.252   -137.444    -14.625    -29.640     55.420
     -2.799     32.323     42.311   -137.555    -14.626    -29.651     55.419
     -2.801     32.352     42.370   -137.666    -14.627    -29.662     55.419
     -2.803     32.381     42.430   -137.777    -14.628    -29.672     55.419
     -2.805     32.411     42.489   -137.887    -14.630    -29.683     55.418
     -2.807     32.440     42.548   -137.998    -14.631    -29.693     55.418
     -2.809     32.469     42.608   -138.109    -14.632    -29.704     55.418
     -2.811     32.498     42.667   -138.220    -14.633    -29.714     55.417
     -2.813     32.528     42.726   -138.331    -14.634    -29.725     55.417
     -2.815     32.557     42.786   -138.442    -14.636    -29.735     55.417
     -2.817     32.586     42.845   -138.552    -14.637    -29.746     55.417
     -2.819     32.615     42.905   -138.663    -14.638    -29.756     55.416
     -2.821     32.645     42.964   -138.774    -14.639    -29.766     55.416
     -2.823     32.674     43.024   -138.885    -14.641    -29.777     55.416
     -2.825     32.703     43.084   -138.996    -14.642    -29.787     55.415
     -2.827     32.733     43.143   -139.107    -14.643    -29.798     55.415
     -2.829     32.762     43.203   -139.217    -14.644    -29.808     55.415
     -2.831     32.791     43.262   -139.328    -14.645    -29.819     55.414
     -2.833     32.820     43.322   -139.439    -14.647    -29.829     55.414
     -2.835     32.850     43.382   -139.550    -14.648    -29.839     55.414
     -2.837     32.879     43.441   -139.661    -14.649    -29.850     55.413
     -2.839     32.908     43.501   -139.772    -14.650    -29.860     55.413
     -2.841     32.938     43.561   -139.882    -14.651    -29.871     55.413
     -2.843     32.967     43.621   -139.993    -14.653    -29.881     55.412
     -2.845     32.996     43.680   -140.104    -14.654    -29.891     55.412
     -2.847     33.026     43.740   -140.215    -14.655    -29.902     55.412
     -2.849     33.055     43.800   -140.326    -14.656    -29.912     55.411
     -2.851     33.084     43.860   -140.437    -14.657    -29.922     55.411
     -2.853     33.113     43.920   -140.547    -14.659    -29.933     55.411
     -2.855     33.143     43.980   -140.658    -14.660    -29.943     55.410
     -2.857     33.172     44.039   -140.769    -14.661    -29.953     55.410
     -2.859     33.201     44.099   -140.880    -14.662    -29.964     55.410
     -2.861     33.231     44.159   -140.991    -14.663    -29.974     55.409
     -2.863     33.260     44.219   -141.101    -14.665    -29.984     55.409
     -2.865     33.289     44.279   -141.212    -14.666    -29.995     55.409
     -2.867     33.319     44.339   -141.323    -14.667    -30.005     55.408
     -2.869     33.348     44.399   -141.434    -14.668    -30.015     55.408
     -2.871     33.377     44.459   -141.545    -14.669    -30.026     55.407
     -2.873     33.407     44.519   -141.656    -14.670    -30.036     55.407
     -2.875     33.436     44.579   -141.766    -14.672    -30.046     55.407
     -2.877     33.465     44.640   -141.877    -14.673    -30.056     55.406
     -2.879     33.495     44.700   -141.988    -14.674    -30.067     55.406
     -2.881     33.524     44.760   -142.099    -14.675    -30.077     55.406
     -2.883     33.553     44.820   -142.210    -14.676    -30.087     55.405
     -2.885     33.583     44.880   -142.320    -14.678    -30.097     55.405
     -2.887     33.612     44.940   -142.431    -14.679    -30.108     55.404
     -2.889     33.642     45.001   -142.542    -14.680    -30.118     55.404
     -2.891     33.671     45.061   -142.653    -14.681    -30.128     55.404
     -2.893     33.700     45.121   -142.764    -14.682    -30.138     55.403
     -2.895     33.730     45.181   -142.874    -14.683    -30.148     55.403
     -2.897     33.759     45.242   -142.985    -14.685    -30.159     55.402
     -2.899     33.788     45.302   -143.096    -14.686    -30.169     55.402
     -2.901     33.818     45.362   -143.207    -14.687    -30.179     55.402
     -2.903     33.847     45.423   -143.318    -14.688    -30.189     55.401
     -2.905     33.876     45.483   -143.428    -14.689    -30.199     55.401
     -2.907     33.906     45.544   -143.539    -14.690    -30.210     55.400
     -2.909     33.935     45.604   -143.650    -14.692    -30.220     55.400
     -2.911     33.965     45.664   -143.761    -14.693    -30.230     55.400
     -2.913     33.994     45.725   -143.872    -14.694    -30.240     55.399
     -2.915     34.023     45.785   -143.982    -14.695    -30.250     55.399
     -2.917     34.053     45.846   -144.093    -14.696    -30.260     55.398
     -2.919     34.082     45.906   -144.204    -14.697    -30.270     55.398
     -2.921     34.112     45.967   -144.315    -14.699    -30.281     55.398
     -2.923     34.141     46.028   -144.426    -14.700    -30.291     55.397
     -2.925     34.170     46.088   -144.536    -14.701    -30.301     55.397
     -2.927     34.200     46.149   -144.647    -14.702    -30.311     55.396
     -2.929     34.229     46.209   -144.758    -14.703    -30.321     55.396
     -2.931     34.259     46.270   -144.869    -14.704    -30.331     55.395
     -2.933     34.288     46.331   -144.980    -14.705    -30.341     55.395
     -2.935     34.317     46.391   -145.090    -14.707    -30.351     55.395
     -2.937     34.347     46.452   -145.201    -14.708    -30.361     55.394
     -2.939     34.376     46.513   -145.312    -14.709    -30.371     55.394
     -2.941     34.406     46.574   -145.423    -14.710    -30.381     55.393
     -2.943     34.435     46.634   -145.534    -14.711    -30.391     55.393
     -2.945     34.465     46.695   -145.644    -14.712    -30.401     55.392
     -2.947     34.494     46.756   -145.755    -14.713    -30.412     55.392
     -2.949     34.523     46.817   -145.866    -14.715    -30.422     55.391
     -2.951     34.553     46.878   -145.977    -14.716    -30.432     55.391
     -2.953     34.582     46.939   -146.087    -14.717    -30.442     55.391
     -2.955     34.612     46.999   -146.198    -14.718    -30.452     55.390
     -2.957     34.641     47.060   -146.309    -14.719    -30.462     55.390
     -2.959     34.671     47.121   -146.420    -14.720    -30.472     55.389
     -2.961     34.700     47.182   -146.531    -14.721    -30.482     55.389
     -2.963     34.729     47.243   -146.641    -14.722    -30.492     55.388
     -2.965     34.759     47.304   -146.752    -14.724    -30.502     55.388
     -2.967     34.788     47.365   -146.863    -14.725    -30.512     55.387
     -2.969     34.818     47.426   -146.974    -14.726    -30.522     55.387
     -2.971     34.847     47.487   -147.084    -14.727    -30.531     55.386
     -2.973     34.877     47.548   -147.195    -14.728    -30.541     55.386
     -2.975     34.906     47.609   -147.306    -14.729    -30.551     55.385
     -2.977     34.936     47.671   -147.417    -14.730    -30.561     55.385
     -2.979     34.965     47.732   -147.528    -14.731    -30.571     55.384
     -2.981     34.995     47.793   -147.638    -14.733    -30.581     55.384
     -2.983     35.024     47.854   -147.749    -14.734    -30.591     55.383
     -2.985     35.053     47.915   -147.860    -14.735    -30.601     55.383
     -2.987     35.083     47.976   -147.971    -14.736    -30.611     55.382
     -2.989     35.112     48.038   -148.081    -14.737    -30.621     55.382
     -2.991     35.142     48.099   -148.192    -14.738    -30.631     55.381
     -2.993     35.171     48.160   -148.303    -14.739    -30.641     55.381
     -2.995     35.201     48.221   -148.414    -14.740    -30.651     55.380
     -2.997     35.230     48.283   -148.524    -14.741    -30.660     55.380
     -2.999     35.260     48.344   -148.635    -14.743    -30.670     55.379
     -3.001     35.289     48.405   -148.746    -14.744    -30.680     55.379
     -3.003     35.319     48.467   -148.857    -14.745    -30.690     55.378
     -3.005     35.348     48.528   -148.967    -14.746    -30.700     55.378
     -3.007     35.378     48.590   -149.078    -14.747    -30.710     55.377
     -3.009     35.407     48.651   -149.189    -14.748    -30.720     55.377
     -3.011     35.437     48.712   -149.300    -14.749    -30.729     55.376
     -3.013     35.466     48.774   -149.410    -14.750    -30.739     55.376
     -3.015     35.496     48.835   -149.521    -14.751    -30.749     55.375
     -3.017     35.525     48.897   -149.632    -14.752    -30.759     55.375
     -3.019     35.555     48.958   -149.743    -14.754    -30.769     55.374
     -3.021     35.584     49.020   -149.853    -14.755    -30.779     55.374
     -3.023     35.614     49.082   -149.964    -14.756    -30.788     55.373
     -3.025     35.643     49.143   -150.075    -14.757    -30.798     55.373
     -3.027     35.673     49.205   -150.186    -14.758    -30.808     55.372
     -3.029     35.702     49.266   -150.296    -14.759    -30.818     55.372
     -3.031     35.732     49.328   -150.407    -14.760    -30.828     55.371
     -3.033     35.761     49.390   -150.518    -14.761    -30.837     55.371
     -3.035     35.791     49.451   -150.629    -14.762    -30.847     55.370
     -3.037     35.820     49.513   -150.739    -14.763    -30.857     55.370
     -3.039     35.850     49.575   -150.850    -14.764    -30.867     55.369
     -3.041     35.879     49.637   -150.961    -14.766    -30.876     55.368
     -3.043     35.909     49.698   -151.072    -14.767    -30.886     55.368
     -3.045     35.939     49.760   -151.182    -14.768    -30.896     55.367
     -3.047     35.968     49.822   -151.293    -14.769    -30.906     55.367
     -3.049     35.998     49.884   -151.404    -14.770    -30.915     55.366
     -3.051     36.027     49.946   -151.515    -14.771    -30.925     55.366
     -3.053     36.057     50.007   -151.625    -14.772    -30.935     55.365
     -3.055     36.086     50.069   -151.736    -14.773    -30.945     55.365
     -3.057     36.116     50.131   -151.847    -14.774    -30.954     55.364
     -3.059     36.145     50.193   -151.958    -14.775    -30.964     55.364
     -3.061     36.175     50.255   -152.068    -14.776    -30.974     55.363
     -3.063     36.204     50.317   -152.179    -14.777    -30.983     55.362
     -3.065     36.234     50.379   -152.290    -14.778    -30.993     55.362
     -3.067     36.264     50.441   -152.400    -14.780    -31.003     55.361
     -3.069     36.293     50.503   -152.511    -14.781    -31.012     55.361
     -3.071     36.323     50.565   -152.622    -14.782    -31.022     55.360
     -3.073     36.352     50.627   -152.733    -14.783    -31.032     55.360
     -3.075     36.382     50.689   -152.843    -14.784    -31.041     55.359
     -3.077     36.411     50.751   -152.954    -14.785    -31.051     55.358
     -3.079     36.441     50.813   -153.065    -14.786    -31.061     55.358
     -3.081     36.471     50.876   -153.175    -14.787    -31.070     55.357
     -3.083     36.500     50.938   -153.286    -14.788    -31.080     55.357
     -3.085     36.530     51.000   -153.397    -14.789    -31.090     55.356
     -3.087     36.559     51.062   -153.508    -14.790    -31.099     55.356
     -3.089     36.589     51.124   -153.618    -14.791    -31.109     55.355
     -3.091     36.618     51.186   -153.729    -14.792    -31.118     55.354
     -3.093     36.648     51.249   -153.840    -14.793    -31.128     55.354
     -3.095     36.678     51.311   -153.950    -14.794    -31.138     55.353
     -3.097     36.707     51.373   -154.061    -14.795    -31.147     55.353
     -3.099     36.737     51.436   -154.172    -14.797    -31.157     55.352
     -3.101     36.766     51.498   -154.283    -14.798    -31.166     55.351
     -3.103     36.796     51.560   -154.393    -14.799    -31.176     55.351
     -3.105     36.826     51.623   -154.504    -14.800    -31.186     55.350
     -3.107     36.855     51.685   -154.615    -14.801    -31.195     55.350
     -3.109     36.885     51.747   -154.725    -14.802    -31.205     55.349
     -3.111     36.914     51.810   -154.836    -14.803    -31.214     55.348
     -3.113     36.944     51.872   -154.947    -14.804    -31.224     55.348
     -3.115     36.974     51.935   -155.057    -14.805    -31.233     55.347
     -3.117     37.003     51.997   -155.168    -14.806    -31.243     55.347
     -3.119     37.033     52.060   -155.279    -14.807    -31.252     55.346
     -3.121     37.062     52.122   -155.389    -14.808    -31.262     55.345
     -3.123     37.092     52.185   -155.500    -14.809    -31.272     55.345
     -3.125     37.122     52.247   -155.611    -14.810    -31.281     55.344
     -3.127     37.151     52.310   -155.722    -14.811    -31.291     55.343
     -3.129     37.181     52.372   -155.832    -14.812    -31.300     55.343
     -3.131     37.211     52.435   -155.943    -14.813    -31.310     55.342
     -3.133     37.240     52.498   -156.054    -14.814    -31.319     55.342
     -3.135     37.270     52.560   -156.164    -14.815    -31.329     55.341
     -3.137     37.299     52.623   -156.275    -14.816    -31.338     55.340
     -3.139     37.329     52.686   -156.386    -14.817    -31.348     55.340
     -3.141     37.359     52.748   -156.496    -14.818    -31.357     55.339
     -3.143     37.388     52.811   -156.607    -14.819    -31.367     55.338
     -3.145     37.418     52.874   -156.718    -14.820    -31.376     55.338
     -3.147     37.448     52.937   -156.828    -14.821    -31.385     55.337
     -3.149     37.477     52.999   -156.939    -14.822    -31.395     55.336
     -3.151     37.507     53.062   -157.050    -14.823    -31.404     55.336
     -3.153     37.537     53.125   -157.160    -14.825    -31.414     55.335
     -3.155     37.566     53.188   -157.271    -14.826    -31.423     55.335
     -3.157     37.596     53.251   -157.382    -14.827    -31.433     55.334
     -3.159     37.626     53.314   -157.492    -14.828    -31.442     55.333
     -3.161     37.655     53.376   -157.603    -14.829    -31.452     55.333
     -3.163     37.685     53.439   -157.714    -14.830    -31.461     55.332
     -3.165     37.714     53.502   -157.824    -14.831    -31.470     55.331
     -3.167     37.744     53.565   -157.935    -14.832    -31.480     55.331
     -3.169     37.774     53.628   -158.046    -14.833    -31.489     55.330
     -3.171     37.803     53.691   -158.156    -14.834    -31.499     55.329
     -3.173     37.833     53.754   -158.267    -14.835    -31.508     55.329
     -3.175     37.863     53.817   -158.378    -14.836    -31.517     55.328
     -3.177     37.892     53.880   -158.488    -14.837    -31.527     55.327
     -3.179     37.922     53.943   -158.599    -14.838    -31.536     55.327
     -3.181     37.952     54.006   -158.710    -14.839    -31.546     55.326
     -3.183     37.982     54.070   -158.820    -14.840    -31.555     55.325
     -3.185     38.011     54.133   -158.931    -14.841    -31.564     55.325
     -3.187     38.041     54.196   -159.042    -14.842    -31.574     55.324
     -3.189     38.071     54.259   -159.152    -14.843    -31.583     55.323
     -3.191     38.100     54.322   -159.263    -14.844    -31.592     55.323
     -3.193     38.130     54.385   -159.374    -14.845    -31.602     55.322
     -3.195     38.160     54.449   -159.484    -14.846    -31.611     55.321
     -3.197     38.189     54.512   -159.595    -14.847    -31.620     55.321
     -3.199     38.219     54.575   -159.705    -14.848    -31.630     55.320
     -3.201     38.249     54.638   -159.816    -14.849    -31.639     55.319
     -3.203     38.278     54.702   -159.927    -14.850    -31.648     55.319
     -3.205     38.308     54.765   -160.037    -14.851    -31.658     55.318
     -3.207     38.338     54.828   -160.148    -14.852    -31.667     55.317
     -3.209     38.368     54.892   -160.259    -14.853    -31.676     55.317
     -3.211     38.397     54.955   -160.369    -14.854    -31.686     55.316
     -3.213     38.427     55.018   -160.480    -14.855    -31.695     55.315
     -3.215     38.457     55.082   -160.591    -14.856    -31.704     55.314
     -3.217     38.486     55.145   -160.701    -14.857    -31.713     55.314
     -3.219     38.516     55.209   -160.812    -14.858    -31.723     55.313
     -3.221     38.546     55.272   -160.922    -14.859    -31.732     55.312
     -3.223     38.576     55.335   -161.033    -14.860    -31.741     55.312
     -3.225     38.605     55.399   -161.144    -14.861    -31.751     55.311
     -3.227     38.635     55.462   -161.254    -14.862    -31.760     55.310
     -3.229     38.665     55.526   -161.365    -14.863    -31.769     55.310
     -3.231     38.694     55.590   -161.476    -14.864    -31.778     55.309
     -3.233     38.724     55.653   -161.586    -14.865    -31.788     55.308
     -3.235     38.754     55.717   -161.697    -14.866    -31.797     55.307
     -3.237     38.784     55.780   -161.807    -14.867    -31.806     55.307
     -3.239     38.813     55.844   -161.918    -14.868    -31.815     55.306
     -3.241     38.843     55.908   -162.029    -14.869    -31.824     55.305
     -3.243     38.873     55.971   -162.139    -14.870    -31.834     55.305
     -3.245     38.903     56.035   -162.250    -14.871    -31.843     55.304
     -3.247     38.932     56.099   -162.360    -14.872    -31.852     55.303
     -3.249     38.962     56.162   -162.471    -14.873    -31.861     55.302
     -3.251     38.992     56.226   -162.582    -14.874    -31.871     55.302
     -3.253     39.022     56.290   -162.692    -14.875    -31.880     55.301
     -3.255     39.051     56.354   -162.803    -14.875    -31.889     55.300
     -3.257     39.081     56.417   -162.913    -14.876    -31.898     55.299
     -3.259     39.111     56.481   -163.024    -14.877    -31.907     55.299
     -3.261     39.141     56.545   -163.135    -14.878    -31.916     55.298
     -3.263     39.170     56.609   -163.245    -14.879    -31.926     55.297
     -3.265     39.200     56.673   -163.356    -14.880    -31.935     55.297
     -3.267     39.230     56.737   -163.466    -14.881    -31.944     55.296
     -3.269     39.260     56.800   -163.577    -14.882    -31.953     55.295
     -3.271     39.289     56.864   -163.688    -14.883    -31.962     55.294
     -3.273     39.319     56.928   -163.798    -14.884    -31.971     55.294
     -3.275     39.349     56.992   -163.909    -14.885    -31.981     55.293
     -3.277     39.379     57.056   -164.019    -14.886    -31.990     55.292
     -3.279     39.408     57.120   -164.130    -14.887    -31.999     55.291
     -3.281     39.438     57.184   -164.240    -14.888    -32.008     55.291
     -3.283     39.468     57.248   -164.351    -14.889    -32.017     55.290
     -3.285     39.498     57.312   -164.462    -14.890    -32.026     55.289
     -3.287     39.528     57.376   -164.572    -14.891    -32.035     55.288
     -3.289     39.557     57.440   -164.683    -14.892    -32.044     55.288
     -3.291     39.587     57.505   -164.793    -14.893    -32.054     55.287
     -3.293     39.617     57.569   -164.904    -14.894    -32.063     55.286
     -3.295     39.647     57.633   -165.015    -14.895    -32.072     55.285
     -3.297     39.676     57.697   -165.125    -14.896    -32.081     55.285
     -3.299     39.706     57.761   -165.236    -14.897    -32.090     55.284
     -3.301     39.736     57.825   -165.346    -14.898    -32.099     55.283
     -3.303     39.766     57.889   -165.457    -14.899    -32.108     55.282
     -3.305     39.796     57.954   -165.567    -14.900    -32.117     55.281
     -3.307     39.825     58.018   -165.678    -14.901    -32.126     55.281
     -3.309     39.855     58.082   -165.788    -14.901    -32.135     55.280
     -3.311     39.885     58.146   -165.899    -14.902    -32.144     55.279
     -3.313     39.915     58.211   -166.010    -14.903    -32.153     55.278
     -3.315     39.945     58.275   -166.120    -14.904    -32.163     55.278
     -3.317     39.974     58.339   -166.231    -14.905    -32.172     55.277
     -3.319     40.004     58.404   -166.341    -14.906    -32.181     55.276
     -3.321     40.034     58.468   -166.452    -14.907    -32.190     55.275
     -3.323     40.064     58.533   -166.562    -14.908    -32.199     55.274
     -3.325     40.094     58.597   -166.673    -14.909    -32.208     55.274
     -3.327     40.124     58.661   -166.783    -14.910    -32.217     55.273
     -3.329     40.153     58.726   -166.894    -14.911    -32.226     55.272
     -3.331     40.183     58.790   -167.005    -14.912    -32.235     55.271
     -3.333     40.213     58.855   -167.115    -14.913    -32.244     55.271
     -3.335     40.243     58.919   -167.226    -14.914    -32.253     55.270
     -3.337     40.273     58.984   -167.336    -14.915    -32.262     55.269
     -3.339     40.303     59.048   -167.447    -14.916    -32.271     55.268
     -3.341     40.332     59.113   -167.557    -14.917    -32.280     55.267
     -3.343     40.362     59.177   -167.668    -14.918    -32.289     55.267
     -3.345     40.392     59.242   -167.778    -14.918    -32.298     55.266
     -3.347     40.422     59.307   -167.889    -14.919    -32.307     55.265
     -3.349     40.452     59.371   -167.999    -14.920    -32.316     55.264
     -3.351     40.482     59.436   -168.110    -14.921    -32.325     55.263
     -3.353     40.511     59.501   -168.220    -14.922    -32.334     55.263
     -3.355     40.541     59.565   -168.331    -14.923    -32.343     55.262
     -3.357     40.571     59.630   -168.441    -14.924    -32.352     55.261
     -3.359     40.601     59.695   -168.552    -14.925    -32.361     55.260
     -3.361     40.631     59.759   -168.663    -14.926    -32.369     55.259
     -3.363     40.661     59.824   -168.773    -14.927    -32.378     55.259
     -3.365     40.690     59.889   -168.884    -14.928    -32.387     55.258
     -3.367     40.720     59.954   -168.994    -14.929    -32.396     55.257
     -3.369     40.750     60.018   -169.105    -14.930    -32.405     55.256
     -3.371     40.780     60.083   -169.215    -14.931    -32.414     55.255
     -3.373     40.810     60.148   -169.326    -14.931    -32.423     55.254
     -3.375     40.840     60.213   -169.436    -14.932    -32.432     55.254
     -3.377     40.870     60.278   -169.547    -14.933    -32.441     55.253
     -3.379     40.900     60.343   -169.657    -14.934    -32.450     55.252
     -3.381     40.929     60.408   -169.768    -14.935    -32.459     55.251
     -3.383     40.959     60.473   -169.878    -14.936    -32.468     55.250
     -3.385     40.989     60.538   -169.989    -14.937    -32.477     55.250
     -3.387     41.019     60.602   -170.099    -14.938    -32.485     55.249
     -3.389     41.049     60.667   -170.210    -14.939    -32.494     55.248
     -3.391     41.079     60.732   -170.320    -14.940    -32.503     55.247
     -3.393     41.109     60.797   -170.431    -14.941    -32.512     55.246
     -3.395     41.139     60.862   -170.541    -14.942    -32.521     55.245
     -3.397     41.168     60.928   -170.652    -14.942    -32.530     55.245
     -3.399     41.198     60.993   -170.762    -14.943    -32.539     55.244
     -3.401     41.228     61.058   -170.873    -14.944    -32.548     55.243
     -3.403     41.258     61.123   -170.983    -14.945    -32.556     55.242
     -3.405     41.288     61.188   -171.094    -14.946    -32.565     55.241
     -3.407     41.318     61.253   -171.204    -14.947    -32.574     55.240
     -3.409     41.348     61.318   -171.314    -14.948    -32.583     55.239
     -3.411     41.378     61.383   -171.425    -14.949    -32.592     55.239
     -3.413     41.408     61.449   -171.535    -14.950    -32.601     55.238
     -3.415     41.437     61.514   -171.646    -14.951    -32.610     55.237
     -3.417     41.467     61.579   -171.756    -14.952    -32.618     55.236
     -3.419     41.497     61.644   -171.867    -14.952    -32.627     55.235
     -3.421     41.527     61.710   -171.977    -14.953    -32.636     55.234
     -3.423     41.557     61.775   -172.088    -14.954    -32.645     55.234
     -3.425     41.587     61.840   -172.198    -14.955    -32.654     55.233
     -3.427     41.617     61.905   -172.309    -14.956    -32.662     55.232
     -3.429     41.647     61.971   -172.419    -14.957    -32.671     55.231
     -3.431     41.677     62.036   -172.530    -14.958    -32.680     55.230
     -3.433     41.707     62.101   -172.640    -14.959    -32.689     55.229
     -3.435     41.737     62.167   -172.751    -14.960    -32.698     55.228
     -3.437     41.766     62.232   -172.861    -14.961    -32.706     55.228
     -3.439     41.796     62.298   -172.971    -14.961    -32.715     55.227
     -3.441     41.826     62.363   -173.082    -14.962    -32.724     55.226
     -3.443     41.856     62.429   -173.192    -14.963    -32.733     55.225
     -3.445     41.886     62.494   -173.303    -14.964    -32.742     55.224
     -3.447     41.916     62.560   -173.413    -14.965    -32.750     55.223
     -3.449     41.946     62.625   -173.524    -14.966    -32.759     55.222
     -3.451     41.976     62.691   -173.634    -14.967    -32.768     55.221
     -3.453     42.006     62.756   -173.745    -14.968    -32.777     55.221
     -3.455     42.036     62.822   -173.855    -14.969    -32.785     55.220
     -3.457     42.066     62.887   -173.965    -14.970    -32.794     55.219
     -3.459     42.096     62.953   -174.076    -14.970    -32.803     55.218
     -3.461     42.126     63.018   -174.186    -14.971    -32.812     55.217
     -3.463     42.156     63.084   -174.297    -14.972    -32.820     55.216
     -3.465     42.186     63.150   -174.407    -14.973    -32.829     55.215
     -3.467     42.215     63.215   -174.518    -14.974    -32.838     55.214
     -3.469     42.245     63.281   -174.628    -14.975    -32.846     55.213
     -3.471     42.275     63.347   -174.739    -14.976    -32.855     55.213
     -3.473     42.305     63.413   -174.849    -14.977    -32.864     55.212
     -3.475     42.335     63.478   -174.959    -14.977    -32.873     55.211
     -3.477     42.365     63.544   -175.070    -14.978    -32.881     55.210
     -3.479     42.395     63.610   -175.180    -14.979    -32.890     55.209
     -3.481     42.425     63.676   -175.291    -14.980    -32.899     55.208
     -3.483     42.455     63.741   -175.401    -14.981    -32.907     55.207
     -3.485     42.485     63.807   -175.511    -14.982    -32.916     55.206
     -3.487     42.515     63.873   -175.622    -14.983    -32.925     55.205
     -3.489     42.545     63.939   -175.732    -14.984    -32.933     55.205
     -3.491     42.575     64.005   -175.843    -14.985    -32.942     55.204
     -3.493     42.605     64.071   -175.953    -14.985    -32.951     55.203
     -3.495     42.635     64.137   -176.063    -14.986    -32.960     55.202
     -3.497     42.665     64.203   -176.174    -14.987    -32.968     55.201
     -3.499     42.695     64.268   -176.284    -14.988    -32.977     55.200
     -3.501     42.725     64.334   -176.395    -14.989    -32.986     55.199
     -3.503     42.755     64.400   -176.505    -14.990    -32.994     55.198
     -3.505     42.785     64.466   -176.615    -14.991    -33.003     55.197
     -3.507     42.815     64.532   -176.726    -14.991    -33.011     55.196
     -3.509     42.845     64.598   -176.836    -14.992    -33.020     55.195
     -3.511     42.875     64.665   -176.947    -14.993    -33.029     55.195
     -3.513     42.905     64.731   -177.057    -14.994    -33.037     55.194
     -3.515     42.935     64.797   -177.167    -14.995    -33.046     55.193
     -3.517     42.965     64.863   -177.278    -14.996    -33.055     55.192
     -3.519     42.995     64.929   -177.388    -14.997    -33.063     55.191
     -3.521     43.025     64.995   -177.499    -14.998    -33.072     55.190
     -3.523     43.055     65.061   -177.609    -14.998    -33.081     55.189
     -3.525     43.085     65.127   -177.719    -14.999    -33.089     55.188
     -3.527     43.115     65.194   -177.830    -15.000    -33.098     55.187
     -3.529     43.145     65.260   -177.940    -15.001    -33.106     55.186
     -3.531     43.175     65.326   -178.050    -15.002    -33.115     55.185
     -3.533     43.205     65.392   -178.161    -15.003    -33.124     55.184
     -3.535     43.235     65.458   -178.271    -15.004    -33.132     55.183
     -3.537     43.265     65.525   -178.382    -15.004    -33.141     55.183
     -3.539     43.295     65.591   -178.492    -15.005    -33.149     55.182
     -3.541     43.325     65.657   -178.602    -15.006    -33.158     55.181
     -3.543     43.355     65.724   -178.713    -15.007    -33.167     55.180
     -3.545     43.385     65.790   -178.823    -15.008    -33.175     55.179
     -3.547     43.415     65.856   -178.933    -15.009    -33.184     55.178
     -3.549     43.445     65.923   -179.044    -15.010    -33.192     55.177
     -3.551     43.475     65.989   -179.154    -15.010    -33.201     55.176
     -3.553     43.505     66.056   -179.264    -15.011    -33.209     55.175
     -3.555     43.535     66.122   -179.375    -15.012    -33.218     55.174
     -3.557     43.565     66.188   -179.485    -15.013    -33.226     55.173
     -3.559     43.595     66.255   -179.595    -15.014    -33.235     55.172
     -3.561     43.625     66.321   -179.706    -15.015    -33.244     55.171
     -3.563     43.655     66.388   -179.816    -15.016    -33.252     55.170
     -3.565     43.685     66.454   -179.926    -15.016    -33.261     55.169
     -3.567     43.715     66.521   -180.037    -15.017    -33.269     55.168
     -3.569     43.745     66.587   -180.147    -15.018    -33.278     55.167
     -3.571     43.775     66.654   -180.257    -15.019    -33.286     55.166
     -3.573     43.805     66.721   -180.368    -15.020    -33.295     55.166
     -3.575     43.835     66.787   -180.478    -15.021    -33.303     55.165
     -3.577     43.865     66.854   -180.588    -15.021    -33.312     55.164
     -3.579     43.895     66.920   -180.699    -15.022    -33.320     55.163
     -3.581     43.925     66.987   -180.809    -15.023    -33.329     55.162
     -3.583     43.955     67.054   -180.919    -15.024    -33.337     55.161
     -3.585     43.985     67.120   -181.030    -15.025    -33.346     55.160
     -3.587     44.015     67.187   -181.140    -15.026    -33.354     55.159
     -3.589     44.046     67.254   -181.250    -15.027    -33.363     55.158
     -3.591     44.076     67.321   -181.361    -15.027    -33.371     55.157
     -3.593     44.106     67.387   -181.471    -15.028    -33.380     55.156
     -3.595     44.136     67.454   -181.581    -15.029    -33.388     55.155
     -3.597     44.166     67.521   -181.692    -15.030    -33.397     55.154
     -3.599     44.196     67.588   -181.802    -15.031    -33.405     55.153
     -3.601     44.226     67.654   -181.912    -15.032    -33.414     55.152
     -3.603     44.256     67.721   -182.023    -15.032    -33.422     55.151
     -3.605     44.286     67.788   -182.133    -15.033    -33.431     55.150
     -3.607     44.316     67.855   -182.243    -15.034    -33.439     55.149
     -3.609     44.346     67.922   -182.353    -15.035    -33.448     55.148
     -3.611     44.376     67.989   -182.464    -15.036    -33.456     55.147
     -3.613     44.406     68.056   -182.574    -15.037    -33.464     55.146
     -3.615     44.436     68.123   -182.684    -15.037    -33.473     55.145
     -3.617     44.466     68.190   -182.795    -15.038    -33.481     55.144
     -3.619     44.497     68.257   -182.905    -15.039    -33.490     55.143
     -3.621     44.527     68.324   -183.015    -15.040    -33.498     55.142
     -3.623     44.557     68.391   -183.125    -15.041    -33.507     55.141
     -3.625     44.587     68.458   -183.236    -15.042    -33.515     55.140
     -3.627     44.617     68.525   -183.346    -15.042    -33.524     55.139
     -3.629     44.647     68.592   -183.456    -15.043    -33.532     55.138
     -3.631     44.677     68.659   -183.567    -15.044    -33.540     55.137
     -3.633     44.707     68.726   -183.677    -15.045    -33.549     55.136
     -3.635     44.737     68.793   -183.787    -15.046    -33.557     55.135
     -3.637     44.767     68.860   -183.897    -15.046    -33.566     55.134
     -3.639     44.797     68.927   -184.008    -15.047    -33.574     55.133
     -3.641     44.827     68.994   -184.118    -15.048    -33.582     55.132
     -3.643     44.858     69.062   -184.228    -15.049    -33.591     55.131
     -3.645     44.888     69.129   -184.338    -15.050    -33.599     55.130
     -3.647     44.918     69.196   -184.449    -15.051    -33.608     55.129
     -3.649     44.948     69.263   -184.559    -15.051    -33.616     55.128
     -3.651     44.978     69.330   -184.669    -15.052    -33.624     55.127
     -3.653     45.008     69.398   -184.779    -15.053    -33.633     55.126
     -3.655     45.038     69.465   -184.890    -15.054    -33.641     55.125
     -3.657     45.068     69.532   -185.000    -15.055    -33.650     55.124
     -3.659     45.098     69.600   -185.110    -15.055    -33.658     55.123
     -3.661     45.129     69.667   -185.220    -15.056    -33.666     55.122
     -3.663     45.159     69.734   -185.331    -15.057    -33.675     55.121
     -3.665     45.189     69.802   -185.441    -15.058    -33.683     55.120
     -3.667     45.219     69.869   -185.551    -15.059    -33.691     55.119
     -3.669     45.249     69.936   -185.661    -15.060    -33.700     55.118
     -3.671     45.279     70.004   -185.772    -15.060    -33.708     55.117
     -3.673     45.309     70.071   -185.882    -15.061    -33.716     55.116
     -3.675     45.339     70.139   -185.992    -15.062    -33.725     55.115
     -3.677     45.369     70.206   -186.102    -15.063    -33.733     55.114
     -3.679     45.400     70.274   -186.213    -15.064    -33.741     55.113
     -3.681     45.430     70.341   -186.323    -15.064    -33.750     55.112
     -3.683     45.460     70.409   -186.433    -15.065    -33.758     55.111
     -3.685     45.490     70.476   -186.543    -15.066    -33.766     55.110
     -3.687     45.520     70.544   -186.653    -15.067    -33.775     55.109
     -3.689     45.550     70.611   -186.764    -15.068    -33.783     55.108
     -3.691     45.580     70.679   -186.874    -15.068    -33.791     55.107
     -3.693     45.611     70.746   -186.984    -15.069    -33.800     55.106
     -3.695     45.641     70.814   -187.094    -15.070    -33.808     55.105
     -3.697     45.671     70.882   -187.205    -15.071    -33.816     55.104
     -3.699     45.701     70.949   -187.315    -15.072    -33.825     55.103
     -3.701     45.731     71.017   -187.425    -15.072    -33.833     55.102
     -3.703     45.761     71.085   -187.535    -15.073    -33.841     55.101
     -3.705     45.791     71.152   -187.645    -15.074    -33.850     55.100
     -3.707     45.822     71.220   -187.756    -15.075    -33.858     55.099
     -3.709     45.852     71.288   -187.866    -15.076    -33.866     55.098
     -3.711     45.882     71.355   -187.976    -15.076    -33.874     55.096
     -3.713     45.912     71.423   -188.086    -15.077    -33.883     55.095
     -3.715     45.942     71.491   -188.196    -15.078    -33.891     55.094
     -3.717     45.972     71.559   -188.307    -15.079    -33.899     55.093
     -3.719     46.002     71.627   -188.417    -15.080    -33.908     55.092
     -3.721     46.033     71.694   -188.527    -15.080    -33.916     55.091
     -3.723     46.063     71.762   -188.637    -15.081    -33.924     55.090
     -3.725     46.093     71.830   -188.747    -15.082    -33.932     55.089
     -3.727     46.123     71.898   -188.857    -15.083    -33.941     55.088
     -3.729     46.153     71.966   -188.968    -15.084    -33.949     55.087
     -3.731     46.183     72.034   -189.078    -15.084    -33.957     55.086
     -3.733     46.214     72.102   -189.188    -15.085    -33.965     55.085
     -3.735     46.244     72.170   -189.298    -15.086    -33.974     55.084
     -3.737     46.274     72.238   -189.408    -15.087    -33.982     55.083
     -3.739     46.304     72.306   -189.518    -15.088    -33.990     55.082
     -3.741     46.334     72.374   -189.629    -15.088    -33.998     55.081
     -3.743     46.365     72.442   -189.739    -15.089    -34.007     55.080
     -3.745     46.395     72.510   -189.849    -15.090    -34.015     55.079
     -3.747     46.425     72.578   -189.959    -15.091    -34.023     55.077
     -3.749     46.455     72.646   -190.069    -15.092    -34.031     55.076
     -3.751     46.485     72.714   -190.179    -15.092    -34.039     55.075
     -3.753     46.515     72.782   -190.290    -15.093    -34.048     55.074
     -3.755     46.546     72.850   -190.400    -15.094    -34.056     55.073
     -3.757     46.576     72.918   -190.510    -15.095    -34.064     55.072
     -3.759     46.606     72.986   -190.620    -15.095    -34.072     55.071
     -3.761     46.636     73.054   -190.730    -15.096    -34.081     55.070
     -3.763     46.666     73.122   -190.840    -15.097    -34.089     55.069
     -3.765     46.697     73.191   -190.950    -15.098    -34.097     55.068
     -3.767     46.727     73.259   -191.061    -15.099    -34.105     55.067
     -3.769     46.757     73.327   -191.171    -15.099    -34.113     55.066
     -3.771     46.787     73.395   -191.281    -15.100    -34.121     55.065
     -3.773     46.817     73.464   -191.391    -15.101    -34.130     55.064
     -3.775     46.848     73.532   -191.501    -15.102    -34.138     55.062
     -3.777     46.878     73.600   -191.611    -15.102    -34.146     55.061
     -3.779     46.908     73.668   -191.721    -15.103    -34.154     55.060
     -3.781     46.938     73.737   -191.831    -15.104    -34.162     55.059
     -3.783     46.968     73.805   -191.942    -15.105    -34.171     55.058
     -3.785     46.999     73.873   -192.052    -15.106    -34.179     55.057
     -3.787     47.029     73.942   -192.162    -15.106    -34.187     55.056
     -3.789     47.059     74.010   -192.272    -15.107    -34.195     55.055
     -3.791     47.089     74.079   -192.382    -15.108    -34.203     55.054
     -3.793     47.119     74.147   -192.492    -15.109    -34.211     55.053
     -3.795     47.150     74.215   -192.602    -15.109    -34.220     55.052
     -3.797     47.180     74.284   -192.712    -15.110    -34.228     55.050
     -3.799     47.210     74.352   -192.822    -15.111    -34.236     55.049
     -3.801     47.240     74.421   -192.932    -15.112    -34.244     55.048
     -3.803     47.271     74.489   -193.043    -15.112    -34.252     55.047
     -3.805     47.301     74.558   -193.153    -15.113    -34.260     55.046
     -3.807     47.331     74.626   -193.263    -15.114    -34.268     55.045
     -3.809     47.361     74.695   -193.373    -15.115    -34.276     55.044
     -3.811     47.391     74.763   -193.483    -15.116    -34.285     55.043
     -3.813     47.422     74.832   -193.593    -15.116    -34.293     55.042
     -3.815     47.452     74.901   -193.703    -15.117    -34.301     55.041
     -3.817     47.482     74.969   -193.813    -15.118    -34.309     55.039
     -3.819     47.512     75.038   -193.923    -15.119    -34.317     55.038
     -3.821     47.543     75.106   -194.033    -15.119    -34.325     55.037
     -3.823     47.573     75.175   -194.143    -15.120    -34.333     55.036
     -3.825     47.603     75.244   -194.253    -15.121    -34.341     55.035
     -3.827     47.633     75.313   -194.364    -15.122    -34.350     55.034
     -3.829     47.664     75.381   -194.474    -15.122    -34.358     55.033
     -3.831     47.694     75.450   -194.584    -15.123    -34.366     55.032
     -3.833     47.724     75.519   -194.694    -15.124    -34.374     55.031
     -3.835     47.754     75.587   -194.804    -15.125    -34.382     55.029
     -3.837     47.785     75.656   -194.914    -15.125    -34.390     55.028
     -3.839     47.815     75.725   -195.024    -15.126    -34.398     55.027
     -3.841     47.845     75.794   -195.134    -15.127    -34.406     55.026
     -3.843     47.875     75.863   -195.244    -15.128    -34.414     55.025
     -3.845     47.906     75.931   -195.354    -15.129    -34.422     55.024
     -3.847     47.936     76.000   -195.464    -15.129    -34.430     55.023
     -3.849     47.966     76.069   -195.574    -15.130    -34.438     55.022
     -3.851     47.996     76.138   -195.684    -15.131    -34.447     55.021
     -3.853     48.027     76.207   -195.794    -15.132    -34.455     55.019
     -3.855     48.057     76.276   -195.904    -15.132    -34.463     55.018
     -3.857     48.087     76.345   -196.014    -15.133    -34.471     55.017
     -3.859     48.117     76.414   -196.124    -15.134    -34.479     55.016
     -3.861     48.148     76.483   -196.234    -15.135    -34.487     55.015
     -3.863     48.178     76.552   -196.344    -15.135    -34.495     55.014
     -3.865     48.208     76.621   -196.454    -15.136    -34.503     55.013
     -3.867     48.239     76.690   -196.564    -15.137    -34.511     55.011
     -3.869     48.269     76.759   -196.674    -15.138    -34.519     55.010
     -3.871     48.299     76.828   -196.785    -15.138    -34.527     55.009
     -3.873     48.329     76.897   -196.895    -15.139    -34.535     55.008
     -3.875     48.360     76.966   -197.005    -15.140    -34.543     55.007
     -3.877     48.390     77.035   -197.115    -15.141    -34.551     55.006
     -3.879     48.420     77.104   -197.225    -15.141    -34.559     55.005
     -3.881     48.450     77.173   -197.335    -15.142    -34.567     55.004
     -3.883     48.481     77.242   -197.445    -15.143    -34.575     55.002
     -3.885     48.511     77.312   -197.555    -15.144    -34.583     55.001
     -3.887     48.541     77.381   -197.665    -15.144    -34.591     55.000
     -3.889     48.572     77.450   -197.775    -15.145    -34.599     54.999
     -3.891     48.602     77.519   -197.885    -15.146    -34.607     54.998
     -3.893     48.632     77.588   -197.995    -15.146    -34.615     54.997
     -3.895     48.663     77.658   -198.105    -15.147    -34.623     54.995
     -3.897     48.693     77.727   -198.215    -15.148    -34.631     54.994
     -3.899     48.723     77.796   -198.325    -15.149    -34.639     54.993
     -3.901     48.753     77.865   -198.435    -15.149    -34.647     54.992
     -3.903     48.784     77.935   -198.545    -15.150    -34.655     54.991
     -3.905     48.814     78.004   -198.654    -15.151    -34.663     54.990
     -3.907     48.844     78.073   -198.764    -15.152    -34.671     54.989
     -3.909     48.875     78.143   -198.874    -15.152    -34.679     54.987
     -3.911     48.905     78.212   -198.984    -15.153    -34.687     54.986
     -3.913     48.935     78.281   -199.094    -15.154    -34.695     54.985
     -3.915     48.966     78.351   -199.204    -15.155    -34.703     54.984
     -3.917     48.996     78.420   -199.314    -15.155    -34.711     54.983
     -3.919     49.026     78.490   -199.424    -15.156    -34.719     54.982
     -3.921     49.056     78.559   -199.534    -15.157    -34.727     54.980
     -3.923     49.087     78.629   -199.644    -15.158    -34.735     54.979
     -3.925     49.117     78.698   -199.754    -15.158    -34.743     54.978
     -3.927     49.147     78.768   -199.864    -15.159    -34.751     54.977
     -3.929     49.178     78.837   -199.974    -15.160    -34.759     54.976
     -3.931     49.208     78.907   -200.084    -15.160    -34.767     54.975
     -3.933     49.238     78.976   -200.194    -15.161    -34.775     54.973
     -3.935     49.269     79.046   -200.304    -15.162    -34.783     54.972
     -3.937     49.299     79.115   -200.414    -15.163    -34.791     54.971
     -3.939     49.329     79.185   -200.524    -15.163    -34.799     54.970
     -3.941     49.360     79.255   -200.634    -15.164    -34.807     54.969
     -3.943     49.390     79.324   -200.744    -15.165    -34.815     54.968
     -3.945     49.420     79.394   -200.854    -15.166    -34.823     54.966
     -3.947     49.451     79.463   -200.964    -15.166    -34.830     54.965
     -3.949     49.481     79.533   -201.073    -15.167    -34.838     54.964
     -3.951     49.511     79.603   -201.183    -15.168    -34.846     54.963
     -3.953     49.542     79.672   -201.293    -15.168    -34.854     54.962
     -3.955     49.572     79.742   -201.403    -15.169    -34.862     54.960
     -3.957     49.602     79.812   -201.513    -15.170    -34.870     54.959
     -3.959     49.633     79.882   -201.623    -15.171    -34.878     54.958
     -3.961     49.663     79.951   -201.733    -15.171    -34.886     54.957
     -3.963     49.693     80.021   -201.843    -15.172    -34.894     54.956
     -3.965     49.724     80.091   -201.953    -15.173    -34.902     54.955
     -3.967     49.754     80.161   -202.063    -15.174    -34.910     54.953
     -3.969     49.784     80.231   -202.173    -15.174    -34.918     54.952
     -3.971     49.815     80.300   -202.283    -15.175    -34.925     54.951
     -3.973     49.845     80.370   -202.392    -15.176    -34.933     54.950
     -3.975     49.875     80.440   -202.502    -15.176    -34.941     54.949
     -3.977     49.906     80.510   -202.612    -15.177    -34.949     54.947
     -3.979     49.936     80.580   -202.722    -15.178    -34.957     54.946
     -3.981     49.967     80.650   -202.832    -15.179    -34.965     54.945
     -3.983     49.997     80.720   -202.942    -15.179    -34.973     54.944
     -3.985     50.027     80.790   -203.052    -15.180    -34.981     54.943
     -3.987     50.058     80.860   -203.162    -15.181    -34.989     54.941
     -3.989     50.088     80.930   -203.272    -15.181    -34.996     54.940
     -3.991     50.118     81.000   -203.381    -15.182    -35.004     54.939
     -3.993     50.149     81.070   -203.491    -15.183    -35.012     54.938
     -3.995     50.179     81.140   -203.601    -15.184    -35.020     54.937
     -3.997     50.209     81.210   -203.711    -15.184    -35.028     54.935
     -3.999     50.240     81.280   -203.821    -15.185    -35.036     54.934
     -4.001     50.270     81.350   -203.931    -15.186    -35.044     54.933
     -4.003     50.301     81.420   -204.041    -15.186    -35.052     54.932
     -4.005     50.331     81.490   -204.151    -15.187    -35.059     54.931
     -4.007     50.361     81.560   -204.260    -15.188    -35.067     54.929
     -4.009     50.392     81.631   -204.370    -15.189    -35.075     54.928
     -4.011     50.422     81.701   -204.480    -15.189    -35.083     54.927
     -4.013     50.452     81.771   -204.590    -15.190    -35.091     54.926
     -4.015     50.483     81.841   -204.700    -15.191    -35.099     54.924
     -4.017     50.513     81.911   -204.810    -15.191    -35.107     54.923
     -4.019     50.544     81.981   -204.920    -15.192    -35.114     54.922
     -4.021     50.574     82.052   -205.029    -15.193    -35.122     54.921
     -4.023     50.604     82.122   -205.139    -15.194    -35.130     54.920
     -4.025     50.635     82.192   -205.249    -15.194    -35.138     54.918
     -4.027     50.665     82.262   -205.359    -15.195    -35.146     54.917
     -4.029     50.696     82.333   -205.469    -15.196    -35.153     54.916
     -4.031     50.726     82.403   -205.579    -15.196    -35.161     54.915
     -4.033     50.756     82.473   -205.688    -15.197    -35.169     54.913
     -4.035     50.787     82.544   -205.798    -15.198    -35.177     54.912
     -4.037     50.817     82.614   -205.908    -15.198    -35.185     54.911
     -4.039     50.847     82.685   -206.018    -15.199    -35.193     54.910
     -4.041     50.878     82.755   -206.128    -15.200    -35.200     54.909
     -4.043     50.908     82.825   -206.237    -15.201    -35.208     54.907
     -4.045     50.939     82.896   -206.347    -15.201    -35.216     54.906
     -4.047     50.969     82.966   -206.457    -15.202    -35.224     54.905
     -4.049     50.999     83.037   -206.567    -15.203    -35.232     54.904
     -4.051     51.030     83.107   -206.677    -15.203    -35.239     54.902
     -4.053     51.060     83.178   -206.786    -15.204    -35.247     54.901
     -4.055     51.091     83.248   -206.896    -15.205    -35.255     54.900
     -4.057     51.121     83.319   -207.006    -15.205    -35.263     54.899
     -4.059     51.152     83.389   -207.116    -15.206    -35.271     54.897
     -4.061     51.182     83.460   -207.226    -15.207    -35.278     54.896
     -4.063     51.212     83.530   -207.335    -15.208    -35.286     54.895
     -4.065     51.243     83.601   -207.445    -15.208    -35.294     54.894
     -4.067     51.273     83.671   -207.555    -15.209    -35.302     54.892
     -4.069     51.304     83.742   -207.665    -15.210    -35.310     54.891
     -4.071     51.334     83.813   -207.775    -15.210    -35.317     54.890
     -4.073     51.364     83.883   -207.884    -15.211    -35.325     54.889
     -4.075     51.395     83.954   -207.994    -15.212    -35.333     54.887
     -4.077     51.425     84.025   -208.104    -15.212    -35.341     54.886
     -4.079     51.456     84.095   -208.214    -15.213    -35.348     54.885
     -4.081     51.486     84.166   -208.323    -15.214    -35.356     54.884
     -4.083     51.517     84.237   -208.433    -15.214    -35.364     54.882
     -4.085     51.547     84.308   -208.543    -15.215    -35.372     54.881
     -4.087     51.577     84.378   -208.653    -15.216    -35.379     54.880
     -4.089     51.608     84.449   -208.763    -15.217    -35.387     54.879
     -4.091     51.638     84.520   -208.872    -15.217    -35.395     54.877
     -4.093     51.669     84.591   -208.982    -15.218    -35.403     54.876
     -4.095     51.699     84.661   -209.092    -15.219    -35.410     54.875
     -4.097     51.730     84.732   -209.202    -15.219    -35.418     54.874
     -4.099     51.760     84.803   -209.311    -15.220    -35.426     54.872
     -4.101     51.791     84.874   -209.421    -15.221    -35.434     54.871
     -4.103     51.821     84.945   -209.531    -15.221    -35.441     54.870
     -4.105     51.851     85.016   -209.641    -15.222    -35.449     54.869
     -4.107     51.882     85.087   -209.750    -15.223    -35.457     54.867
     -4.109     51.912     85.158   -209.860    -15.223    -35.465     54.866
     -4.111     51.943     85.228   -209.970    -15.224    -35.472     54.865
     -4.113     51.973     85.299   -210.079    -15.225    -35.480     54.864
     -4.115     52.004     85.370   -210.189    -15.225    -35.488     54.862
     -4.117     52.034     85.441   -210.299    -15.226    -35.495     54.861
     -4.119     52.065     85.512   -210.409    -15.227    -35.503     54.860
     -4.121     52.095     85.583   -210.518    -15.227    -35.511     54.859
     -4.123     52.125     85.654   -210.628    -15.228    -35.519     54.857
     -4.125     52.156     85.725   -210.738    -15.229    -35.526     54.856
     -4.127     52.186     85.797   -210.847    -15.230    -35.534     54.855
     -4.129     52.217     85.868   -210.957    -15.230    -35.542     54.853
     -4.131     52.247     85.939   -211.067    -15.231    -35.549     54.852
     -4.133     52.278     86.010   -211.177    -15.232    -35.557     54.851
     -4.135     52.308     86.081   -211.286    -15.232    -35.565     54.850
     -4.137     52.339     86.152   -211.396    -15.233    -35.573     54.848
     -4.139     52.369     86.223   -211.506    -15.234    -35.580     54.847
     -4.141     52.400     86.294   -211.615    -15.234    -35.588     54.846
     -4.143     52.430     86.366   -211.725    -15.235    -35.596     54.844
     -4.145     52.461     86.437   -211.835    -15.236    -35.603     54.843
     -4.147     52.491     86.508   -211.944    -15.236    -35.611     54.842
     -4.149     52.521     86.579   -212.054    -15.237    -35.619     54.841
     -4.151     52.552     86.650   -212.164    -15.238    -35.626     54.839
     -4.153     52.582     86.722   -212.273    -15.238    -35.634     54.838
     -4.155     52.613     86.793   -212.383    -15.239    -35.642     54.837
     -4.157     52.643     86.864   -212.493    -15.240    -35.649     54.835
     -4.159     52.674     86.936   -212.602    -15.240    -35.657     54.834
     -4.161     52.704     87.007   -212.712    -15.241    -35.665     54.833
     -4.163     52.735     87.078   -212.822    -15.242    -35.672     54.832
     -4.165     52.765     87.150   -212.931    -15.242    -35.680     54.830
     -4.167     52.796     87.221   -213.041    -15.243    -35.688     54.829
     -4.169     52.826     87.292   -213.151    -15.244    -35.695     54.828
     -4.171     52.857     87.364   -213.260    -15.244    -35.703     54.826
     -4.173     52.887     87.435   -213.370    -15.245    -35.711     54.825
     -4.175     52.918     87.507   -213.480    -15.246    -35.718     54.824
     -4.177     52.948     87.578   -213.589    -15.246    -35.726     54.822
     -4.179     52.979     87.649   -213.699    -15.247    -35.734     54.821
     -4.181     53.009     87.721   -213.809    -15.248    -35.741     54.820
     -4.183     53.040     87.792   -213.918    -15.248    -35.749     54.819
     -4.185     53.070     87.864   -214.028    -15.249    -35.757     54.817
     -4.187     53.101     87.935   -214.138    -15.250    -35.764     54.816
     -4.189     53.131     88.007   -214.247    -15.250    -35.772     54.815
     -4.191     53.162     88.079   -214.357    -15.251    -35.779     54.813
     -4.193     53.192     88.150   -214.466    -15.252    -35.787     54.812
     -4.195     53.223     88.222   -214.576    -15.252    -35.795     54.811
     -4.197     53.253     88.293   -214.686    -15.253    -35.802     54.809
     -4.199     53.284     88.365   -214.795    -15.254    -35.810     54.808
     -4.201     53.314     88.437   -214.905    -15.254    -35.818     54.807
     -4.203     53.345     88.508   -215.015    -15.255    -35.825     54.805
     -4.205     53.375     88.580   -215.124    -15.256    -35.833     54.804
     -4.207     53.406     88.652   -215.234    -15.256    -35.840     54.803
     -4.209     53.436     88.723   -215.343    -15.257    -35.848     54.802
     -4.211     53.467     88.795   -215.453    -15.258    -35.856     54.800
     -4.213     53.497     88.867   -215.563    -15.258    -35.863     54.799
     -4.215     53.528     88.938   -215.672    -15.259    -35.871     54.798
     -4.217     53.558     89.010   -215.782    -15.260    -35.879     54.796
     -4.219     53.589     89.082   -215.891    -15.260    -35.886     54.795
     -4.221     53.619     89.154   -216.001    -15.261    -35.894     54.794
     -4.223     53.650     89.225   -216.111    -15.262    -35.901     54.792
     -4.225     53.680     89.297   -216.220    -15.262    -35.909     54.791
     -4.227     53.711     89.369   -216.330    -15.263    -35.917     54.790
     -4.229     53.742     89.441   -216.439    -15.263    -35.924     54.788
     -4.231     53.772     89.513   -216.549    -15.264    -35.932     54.787
     -4.233     53.803     89.585   -216.658    -15.265    -35.939     54.786
     -4.235     53.833     89.657   -216.768    -15.265    -35.947     54.784
     -4.237     53.864     89.728   -216.878    -15.266    -35.955     54.783
     -4.239     53.894     89.800   -216.987    -15.267    -35.962     54.782
     -4.241     53.925     89.872   -217.097    -15.267    -35.970     54.780
     -4.243     53.955     89.944   -217.206    -15.268    -35.977     54.779
     -4.245     53.986     90.016   -217.316    -15.269    -35.985     54.778
     -4.247     54.016     90.088   -217.425    -15.269    -35.992     54.776
     -4.249     54.047     90.160   -217.535    -15.270    -36.000     54.775
     -4.251     54.077     90.232   -217.644    -15.271    -36.008     54.774
     -4.253     54.108     90.304   -217.754    -15.271    -36.015     54.772
     -4.255     54.138     90.376   -217.864    -15.272    -36.023     54.771
     -4.257     54.169     90.448   -217.973    -15.273    -36.030     54.770
     -4.259     54.200     90.520   -218.083    -15.273    -36.038     54.768
     -4.261     54.230     90.592   -218.192    -15.274    -36.045     54.767
     -4.263     54.261     90.665   -218.302    -15.275    -36.053     54.766
     -4.265     54.291     90.737   -218.411    -15.275    -36.060     54.764
     -4.267     54.322     90.809   -218.521    -15.276    -36.068     54.763
     -4.269     54.352     90.881   -218.630    -15.276    -36.076     54.762
     -4.271     54.383     90.953   -218.740    -15.277    -36.083     54.760
     -4.273     54.413     91.025   -218.849    -15.278    -36.091     54.759
     -4.275     54.444     91.097   -218.959    -15.278    -36.098     54.757
     -4.277     54.475     91.170   -219.068    -15.279    -36.106     54.756
     -4.279     54.505     91.242   -219.178    -15.280    -36.113     54.755
     -4.281     54.536     91.314   -219.287    -15.280    -36.121     54.753
     -4.283     54.566     91.386   -219.397    -15.281    -36.128     54.752
     -4.285     54.597     91.459   -219.506    -15.282    -36.136     54.751
     -4.287     54.627     91.531   -219.616    -15.282    -36.143     54.749
     -4.289     54.658     91.603   -219.725    -15.283    -36.151     54.748
     -4.291     54.688     91.676   -219.835    -15.284    -36.159     54.747
     -4.293     54.719     91.748   -219.944    -15.284    -36.166     54.745
     -4.295     54.750     91.820   -220.054    -15.285    -36.174     54.744
     -4.297     54.780     91.893   -220.163    -15.285    -36.181     54.743
     -4.299     54.811     91.965   -220.273    -15.286    -36.189     54.741
     -4.301     54.841     92.037   -220.382    -15.287    -36.196     54.740
     -4.303     54.872     92.110   -220.492    -15.287    -36.204     54.738
     -4.305     54.902     92.182   -220.601    -15.288    -36.211     54.737
     -4.307     54.933     92.255   -220.711    -15.289    -36.219     54.736
     -4.309     54.964     92.327   -220.820    -15.289    -36.226     54.734
     -4.311     54.994     92.399   -220.930    -15.290    -36.234     54.733
     -4.313     55.025     92.472   -221.039    -15.291    -36.241     54.732
     -4.315     55.055     92.544   -221.149    -15.291    -36.249     54.730
     -4.317     55.086     92.617   -221.258    -15.292    -36.256     54.729
     -4.319     55.117     92.689   -221.368    -15.292    -36.264     54.728
     -4.321     55.147     92.762   -221.477    -15.293    -36.271     54.726
     -4.323     55.178     92.835   -221.586    -15.294    -36.279     54.725
     -4.325     55.208     92.907   -221.696    -15.294    -36.286     54.723
     -4.327     55.239     92.980   -221.805    -15.295    -36.294     54.722
     -4.329     55.269     93.052   -221.915    -15.296    -36.301     54.721
     -4.331     55.300     93.125   -222.024    -15.296    -36.309     54.719
     -4.333     55.331     93.197   -222.134    -15.297    -36.316     54.718
     -4.335     55.361     93.270   -222.243    -15.297    -36.324     54.716
     -4.337     55.392     93.343   -222.352    -15.298    -36.331     54.715
     -4.339     55.422     93.415   -222.462    -15.299    -36.339     54.714
     -4.341     55.453     93.488   -222.571    -15.299    -36.346     54.712
     -4.343     55.484     93.561   -222.681    -15.300    -36.354     54.711
     -4.345     55.514     93.634   -222.790    -15.301    -36.361     54.710
     -4.347     55.545     93.706   -222.900    -15.301    -36.369     54.708
     -4.349     55.575     93.779   -223.009    -15.302    -36.376     54.707
     -4.351     55.606     93.852   -223.118    -15.303    -36.384     54.705
     -4.353     55.637     93.925   -223.228    -15.303    -36.391     54.704
     -4.355     55.667     93.997   -223.337    -15.304    -36.399     54.703
     -4.357     55.698     94.070   -223.447    -15.304    -36.406     54.701
     -4.359     55.728     94.143   -223.556    -15.305    -36.413     54.700
     -4.361     55.759     94.216   -223.665    -15.306    -36.421     54.698
     -4.363     55.790     94.289   -223.775    -15.306    -36.428     54.697
     -4.365     55.820     94.362   -223.884    -15.307    -36.436     54.696
     -4.367     55.851     94.434   -223.994    -15.308    -36.443     54.694
     -4.369     55.882     94.507   -224.103    -15.308    -36.451     54.693
     -4.371     55.912     94.580   -224.212    -15.309    -36.458     54.691
     -4.373     55.943     94.653   -224.322    -15.309    -36.466     54.690
     -4.375     55.973     94.726   -224.431    -15.310    -36.473     54.689
     -4.377     56.004     94.799   -224.541    -15.311    -36.481     54.687
     -4.379     56.035     94.872   -224.650    -15.311    -36.488     54.686
     -4.381     56.065     94.945   -224.759    -15.312    -36.495     54.684
     -4.383     56.096     95.018   -224.869    -15.312    -36.503     54.683
     -4.385     56.127     95.091   -224.978    -15.313    -36.510     54.682
     -4.387     56.157     95.164   -225.087    -15.314    -36.518     54.680
     -4.389     56.188     95.237   -225.197    -15.314    -36.525     54.679
     -4.391     56.218     95.310   -225.306    -15.315    -36.533     54.677
     -4.393     56.249     95.383   -225.415    -15.316    -36.540     54.676
     -4.395     56.280     95.456   -225.525    -15.316    -36.547     54.675
     -4.397     56.310     95.529   -225.634    -15.317    -36.555     54.673
     -4.399     56.341     95.602   -225.743    -15.317    -36.562     54.672
     -4.401     56.372     95.676   -225.853    -15.318    -36.570     54.670
     -4.403     56.402     95.749   -225.962    -15.319    -36.577     54.669
     -4.405     56.433     95.822   -226.072    -15.319    -36.585     54.668
     -4.407     56.463     95.895   -226.181    -15.320    -36.592     54.666
     -4.409     56.494     95.968   -226.290    -15.320    -36.599     54.665
     -4.411     56.525     96.042   -226.400    -15.321    -36.607     54.663
     -4.413     56.555     96.115   -226.509    -15.322    -36.614     54.662
     -4.415     56.586     96.188   -226.618    -15.322    -36.622     54.660
     -4.417     56.617     96.261   -226.727    -15.323    -36.629     54.659
     -4.419     56.647     96.334   -226.837    -15.324    -36.637     54.658
     -4.421     56.678     96.408   -226.946    -15.324    -36.644     54.656
     -4.423     56.709     96.481   -227.055    -15.325    -36.651     54.655
     -4.425     56.739     96.554   -227.165    -15.325    -36.659     54.653
     -4.427     56.770     96.628   -227.274    -15.326    -36.666     54.652
     -4.429     56.801     96.701   -227.383    -15.327    -36.674     54.650
     -4.431     56.831     96.774   -227.493    -15.327    -36.681     54.649
     -4.433     56.862     96.848   -227.602    -15.328    -36.688     54.648
     -4.435     56.893     96.921   -227.711    -15.328    -36.696     54.646
     -4.437     56.923     96.995   -227.821    -15.329    -36.703     54.645
     -4.439     56.954     97.068   -227.930    -15.330    -36.711     54.643
     -4.441     56.985     97.141   -228.039    -15.330    -36.718     54.642
     -4.443     57.015     97.215   -228.148    -15.331    -36.725     54.640
     -4.445     57.046     97.288   -228.258    -15.331    -36.733     54.639
     -4.447     57.077     97.362   -228.367    -15.332    -36.740     54.638
     -4.449     57.107     97.435   -228.476    -15.333    -36.747     54.636
     -4.451     57.138     97.509   -228.585    -15.333    -36.755     54.635
     -4.453     57.169     97.582   -228.695    -15.334    -36.762     54.633
     -4.455     57.199     97.656   -228.804    -15.334    -36.770     54.632
     -4.457     57.230     97.729   -228.913    -15.335    -36.777     54.630
     -4.459     57.261     97.803   -229.023    -15.336    -36.784     54.629
     -4.461     57.291     97.876   -229.132    -15.336    -36.792     54.627
     -4.463     57.322     97.950   -229.241    -15.337    -36.799     54.626
     -4.465     57.353     98.024   -229.350    -15.337    -36.806     54.625
     -4.467     57.383     98.097   -229.460    -15.338    -36.814     54.623
     -4.469     57.414     98.171   -229.569    -15.339    -36.821     54.622
     -4.471     57.445     98.245   -229.678    -15.339    -36.829     54.620
     -4.473     57.475     98.318   -229.787    -15.340    -36.836     54.619
     -4.475     57.506     98.392   -229.896    -15.340    -36.843     54.617
     -4.477     57.537     98.466   -230.006    -15.341    -36.851     54.616
     -4.479     57.567     98.539   -230.115    -15.342    -36.858     54.614
     -4.481     57.598     98.613   -230.224    -15.342    -36.865     54.613
     -4.483     57.629     98.687   -230.333    -15.343    -36.873     54.612
     -4.485     57.659     98.761   -230.443    -15.343    -36.880     54.610
     -4.487     57.690     98.834   -230.552    -15.344    -36.887     54.609
     -4.489     57.721     98.908   -230.661    -15.345    -36.895     54.607
     -4.491     57.751     98.982   -230.770    -15.345    -36.902     54.606
     -4.493     57.782     99.056   -230.879    -15.346    -36.909     54.604
     -4.495     57.813     99.130   -230.989    -15.346    -36.917     54.603
     -4.497     57.844     99.203   -231.098    -15.347    -36.924     54.601
     -4.499     57.874     99.277   -231.207    -15.348    -36.931     54.600
     -4.501     57.905     99.351   -231.316    -15.348    -36.939     54.598
     -4.503     57.936     99.425   -231.425    -15.349    -36.946     54.597
     -4.505     57.966     99.499   -231.535    -15.349    -36.953     54.595
     -4.507     57.997     99.573   -231.644    -15.350    -36.961     54.594
     -4.509     58.028     99.647   -231.753    -15.351    -36.968     54.593
     -4.511     58.058     99.721   -231.862    -15.351    -36.975     54.591
     -4.513     58.089     99.795   -231.971    -15.352    -36.983     54.590
     -4.515     58.120     99.869   -232.081    -15.352    -36.990     54.588
     -4.517     58.151     99.943   -232.190    -15.353    -36.997     54.587
     -4.519     58.181    100.017   -232.299    -15.354    -37.005     54.585
     -4.521     58.212    100.091   -232.408    -15.354    -37.012     54.584
     -4.523     58.243    100.165   -232.517    -15.355    -37.019     54.582
     -4.525     58.273    100.239   -232.626    -15.355    -37.027     54.581
     -4.527     58.304    100.313   -232.736    -15.356    -37.034     54.579
     -4.529     58.335    100.387   -232.845    -15.357    -37.041     54.578
     -4.531     58.365    100.461   -232.954    -15.357    -37.049     54.576
     -4.533     58.396    100.535   -233.063    -15.358    -37.056     54.575
     -4.535     58.427    100.609   -233.172    -15.358    -37.063     54.573
     -4.537     58.458    100.683   -233.281    -15.359    -37.071     54.572
     -4.539     58.488    100.757   -233.391    -15.359    -37.078     54.570
     -4.541     58.519    100.832   -233.500    -15.360    -37.085     54.569
     -4.543     58.550    100.906   -233.609    -15.361    -37.093     54.567
     -4.545     58.581    100.980   -233.718    -15.361    -37.100     54.566
     -4.547     58.611    101.054   -233.827    -15.362    -37.107     54.564
     -4.549     58.642    101.128   -233.936    -15.362    -37.114     54.563
     -4.551     58.673    101.203   -234.045    -15.363    -37.122     54.562
     -4.553     58.703    101.277   -234.154    -15.364    -37.129     54.560
     -4.555     58.734    101.351   -234.264    -15.364    -37.136     54.559
     -4.557     58.765    101.425   -234.373    -15.365    -37.144     54.557
     -4.559     58.796    101.500   -234.482    -15.365    -37.151     54.556
     -4.561     58.826    101.574   -234.591    -15.366    -37.158     54.554
     -4.563     58.857    101.648   -234.700    -15.366    -37.166     54.553
     -4.565     58.888    101.723   -234.809    -15.367    -37.173     54.551
     -4.567     58.919    101.797   -234.918    -15.368    -37.180     54.550
     -4.569     58.949    101.871   -235.027    -15.368    -37.187     54.548
     -4.571     58.980    101.946   -235.136    -15.369    -37.195     54.547
     -4.573     59.011    102.020   -235.245    -15.369    -37.202     54.545
     -4.575     59.041    102.095   -235.355    -15.370    -37.209     54.544
     -4.577     59.072    102.169   -235.464    -15.371    -37.216     54.542
     -4.579     59.103    102.243   -235.573    -15.371    -37.224     54.541
     -4.581     59.134    102.318   -235.682    -15.372    -37.231     54.539
     -4.583     59.164    102.392   -235.791    -15.372    -37.238     54.538
     -4.585     59.195    102.467   -235.900    -15.373    -37.246     54.536
     -4.587     59.226    102.541   -236.009    -15.373    -37.253     54.535
     -4.589     59.257    102.616   -236.118    -15.374    -37.260     54.533
     -4.591     59.287    102.690   -236.227    -15.375    -37.267     54.532
     -4.593     59.318    102.765   -236.336    -15.375    -37.275     54.530
     -4.595     59.349    102.839   -236.445    -15.376    -37.282     54.529
     -4.597     59.380    102.914   -236.554    -15.376    -37.289     54.527
     -4.599     59.410    102.989   -236.663    -15.377    -37.296     54.526
     -4.601     59.441    103.063   -236.772    -15.377    -37.304     54.524
     -4.603     59.472    103.138   -236.881    -15.378    -37.311     54.522
     -4.605     59.503    103.212   -236.991    -15.379    -37.318     54.521
     -4.607     59.533    103.287   -237.100    -15.379    -37.325     54.519
     -4.609     59.564    103.362   -237.209    -15.380    -37.333     54.518
     -4.611     59.595    103.436   -237.318    -15.380    -37.340     54.516
     -4.613     59.626    103.511   -237.427    -15.381    -37.347     54.515
     -4.615     59.656    103.586   -237.536    -15.381    -37.354     54.513
     -4.617     59.687    103.661   -237.645    -15.382    -37.362     54.512
     -4.619     59.718    103.735   -237.754    -15.383    -37.369     54.510
     -4.621     59.749    103.810   -237.863    -15.383    -37.376     54.509
     -4.623     59.780    103.885   -237.972    -15.384    -37.383     54.507
     -4.625     59.810    103.960   -238.081    -15.384    -37.391     54.506
     -4.627     59.841    104.034   -238.190    -15.385    -37.398     54.504
     -4.629     59.872    104.109   -238.299    -15.385    -37.405     54.503
     -4.631     59.903    104.184   -238.408    -15.386    -37.412     54.501
     -4.633     59.933    104.259   -238.517    -15.387    -37.420     54.500
     -4.635     59.964    104.334   -238.626    -15.387    -37.427     54.498
     -4.637     59.995    104.409   -238.735    -15.388    -37.434     54.497
     -4.639     60.026    104.483   -238.844    -15.388    -37.441     54.495
     -4.641     60.057    104.558   -238.953    -15.389    -37.449     54.494
     -4.643     60.087    104.633   -239.062    -15.389    -37.456     54.492
     -4.645     60.118    104.708   -239.171    -15.390    -37.463     54.490
     -4.647     60.149    104.783   -239.280    -15.391    -37.470     54.489
     -4.649     60.180    104.858   -239.389    -15.391    -37.477     54.487
     -4.651     60.210    104.933   -239.498    -15.392    -37.485     54.486
     -4.653     60.241    105.008   -239.607    -15.392    -37.492     54.484
     -4.655     60.272    105.083   -239.716    -15.393    -37.499     54.483
     -4.657     60.303    105.158   -239.825    -15.393    -37.506     54.481
     -4.659     60.334    105.233   -239.934    -15.394    -37.514     54.480
     -4.661     60.364    105.308   -240.043    -15.395    -37.521     54.478
     -4.663     60.395    105.383   -240.151    -15.395    -37.528     54.477
     -4.665     60.426    105.458   -240.260    -15.396    -37.535     54.475
     -4.667     60.457    105.533   -240.369    -15.396    -37.542     54.474
     -4.669     60.488    105.608   -240.478    -15.397    -37.550     54.472
     -4.671     60.518    105.683   -240.587    -15.397    -37.557     54.470
     -4.673     60.549    105.759   -240.696    -15.398    -37.564     54.469
     -4.675     60.580    105.834   -240.805    -15.398    -37.571     54.467
     -4.677     60.611    105.909   -240.914    -15.399    -37.578     54.466
     -4.679     60.641    105.984   -241.023    -15.400    -37.586     54.464
     -4.681     60.672    106.059   -241.132    -15.400    -37.593     54.463
     -4.683     60.703    106.134   -241.241    -15.401    -37.600     54.461
     -4.685     60.734    106.210   -241.350    -15.401    -37.607     54.460
     -4.687     60.765    106.285   -241.459    -15.402    -37.615     54.458
     -4.689     60.796    106.360   -241.568    -15.402    -37.622     54.456
     -4.691     60.826    106.435   -241.676    -15.403    -37.629     54.455
     -4.693     60.857    106.511   -241.785    -15.403    -37.636     54.453
     -4.695     60.888    106.586   -241.894    -15.404    -37.643     54.452
     -4.697     60.919    106.661   -242.003    -15.405    -37.650     54.450
     -4.699     60.950    106.736   -242.112    -15.405    -37.658     54.449
     -4.701     60.980    106.812   -242.221    -15.406    -37.665     54.447
     -4.703     61.011    106.887   -242.330    -15.406    -37.672     54.446
     -4.705     61.042    106.962   -242.439    -15.407    -37.679     54.444
     -4.707     61.073    107.038   -242.548    -15.407    -37.686     54.442
     -4.709     61.104    107.113   -242.657    -15.408    -37.694     54.441
     -4.711     61.134    107.189   -242.765    -15.408    -37.701     54.439
     -4.713     61.165    107.264   -242.874    -15.409    -37.708     54.438
     -4.715     61.196    107.339   -242.983    -15.410    -37.715     54.436
     -4.717     61.227    107.415   -243.092    -15.410    -37.722     54.435
     -4.719     61.258    107.490   -243.201    -15.411    -37.729     54.433
     -4.721     61.289    107.566   -243.310    -15.411    -37.737     54.431
     -4.723     61.319    107.641   -243.419    -15.412    -37.744     54.430
     -4.725     61.350    107.717   -243.528    -15.412    -37.751     54.428
     -4.727     61.381    107.792   -243.636    -15.413    -37.758     54.427
     -4.729     61.412    107.868   -243.745    -15.413    -37.765     54.425
     -4.731     61.443    107.943   -243.854    -15.414    -37.773     54.424
     -4.733     61.473    108.019   -243.963    -15.415    -37.780     54.422
     -4.735     61.504    108.094   -244.072    -15.415    -37.787     54.420
     -4.737     61.535    108.170   -244.181    -15.416    -37.794     54.419
     -4.739     61.566    108.246   -244.289    -15.416    -37.801     54.417
     -4.741     61.597    108.321   -244.398    -15.417    -37.808     54.416
     -4.743     61.628    108.397   -244.507    -15.417    -37.815     54.414
     -4.745     61.658    108.472   -244.616    -15.418    -37.823     54.413
     -4.747     61.689    108.548   -244.725    -15.418    -37.830     54.411
     -4.749     61.720    108.624   -244.834    -15.419    -37.837     54.409
     -4.751     61.751    108.699   -244.942    -15.419    -37.844     54.408
     -4.753     61.782    108.775   -245.051    -15.420    -37.851     54.406
     -4.755     61.813    108.851   -245.160    -15.421    -37.858     54.405
     -4.757     61.844    108.927   -245.269    -15.421    -37.866     54.403
     -4.759     61.874    109.002   -245.378    -15.422    -37.873     54.401
     -4.761     61.905    109.078   -245.486    -15.422    -37.880     54.400
     -4.763     61.936    109.154   -245.595    -15.423    -37.887     54.398
     -4.765     61.967    109.230   -245.704    -15.423    -37.894     54.397
     -4.767     61.998    109.305   -245.813    -15.424    -37.901     54.395
     -4.769     62.029    109.381   -245.922    -15.424    -37.908     54.393
     -4.771     62.059    109.457   -246.030    -15.425    -37.916     54.392
     -4.773     62.090    109.533   -246.139    -15.425    -37.923     54.390
     -4.775     62.121    109.609   -246.248    -15.426    -37.930     54.389
     -4.777     62.152    109.685   -246.357    -15.427    -37.937     54.387
     -4.779     62.183    109.760   -246.465    -15.427    -37.944     54.385
     -4.781     62.214    109.836   -246.574    -15.428    -37.951     54.384
     -4.783     62.245    109.912   -246.683    -15.428    -37.958     54.382
     -4.785     62.275    109.988   -246.792    -15.429    -37.966     54.381
     -4.787     62.306    110.064   -246.901    -15.429    -37.973     54.379
     -4.789     62.337    110.140   -247.009    -15.430    -37.980     54.377
     -4.791     62.368    110.216   -247.118    -15.430    -37.987     54.376
     -4.793     62.399    110.292   -247.227    -15.431    -37.994     54.374
     -4.795     62.430    110.368   -247.336    -15.431    -38.001     54.373
     -4.797     62.461    110.444   -247.444    -15.432    -38.008     54.371
     -4.799     62.491    110.520   -247.553    -15.432    -38.015     54.369
     -4.801     62.522    110.596   -247.662    -15.433    -38.023     54.368
     -4.803     62.553    110.672   -247.771    -15.434    -38.030     54.366
     -4.805     62.584    110.748   -247.879    -15.434    -38.037     54.365
     -4.807     62.615    110.824   -247.988    -15.435    -38.044     54.363
     -4.809     62.646    110.900   -248.097    -15.435    -38.051     54.361
     -4.811     62.677    110.977   -248.205    -15.436    -38.058     54.360
     -4.813     62.708    111.053   -248.314    -15.436    -38.065     54.358
     -4.815     62.738    111.129   -248.423    -15.437    -38.072     54.357
     -4.817     62.769    111.205   -248.532    -15.437    -38.080     54.355
     -4.819     62.800    111.281   -248.640    -15.438    -38.087     54.353
     -4.821     62.831    111.357   -248.749    -15.438    -38.094     54.352
     -4.823     62.862    111.433   -248.858    -15.439    -38.101     54.350
     -4.825     62.893    111.510   -248.966    -15.439    -38.108     54.348
     -4.827     62.924    111.586   -249.075    -15.440    -38.115     54.347
     -4.829     62.955    111.662   -249.184    -15.440    -38.122     54.345
     -4.831     62.985    111.738   -249.292    -15.441    -38.129     54.344
     -4.833     63.016    111.815   -249.401    -15.442    -38.136     54.342
     -4.835     63.047    111.891   -249.510    -15.442    -38.144     54.340
     -4.837     63.078    111.967   -249.618    -15.443    -38.151     54.339
     -4.839     63.109    112.044   -249.727    -15.443    -38.158     54.337
     -4.841     63.140    112.120   -249.836    -15.444    -38.165     54.335
     -4.843     63.171    112.196   -249.945    -15.444    -38.172     54.334
     -4.845     63.202    112.273   -250.053    -15.445    -38.179     54.332
     -4.847     63.232    112.349   -250.162    -15.445    -38.186     54.331
     -4.849     63.263    112.425   -250.271    -15.446    -38.193     54.329
     -4.851     63.294    112.502   -250.379    -15.446    -38.200     54.327
     -4.853     63.325    112.578   -250.488    -15.447    -38.207     54.326
     -4.855     63.356    112.655   -250.596    -15.447    -38.215     54.324
     -4.857     63.387    112.731   -250.705    -15.448    -38.222     54.322
     -4.859     63.418    112.807   -250.814    -15.448    -38.229     54.321
     -4.861     63.449    112.884   -250.922    -15.449    -38.236     54.319
     -4.863     63.480    112.960   -251.031    -15.449    -38.243     54.317
     -4.865     63.511    113.037   -251.140    -15.450    -38.250     54.316
     -4.867     63.541    113.113   -251.248    -15.451    -38.257     54.314
     -4.869     63.572    113.190   -251.357    -15.451    -38.264     54.312
     -4.871     63.603    113.266   -251.466    -15.452    -38.271     54.311
     -4.873     63.634    113.343   -251.574    -15.452    -38.278     54.309
     -4.875     63.665    113.420   -251.683    -15.453    -38.285     54.308
     -4.877     63.696    113.496   -251.791    -15.453    -38.292     54.306
     -4.879     63.727    113.573   -251.900    -15.454    -38.300     54.304
     -4.881     63.758    113.649   -252.009    -15.454    -38.307     54.303
     -4.883     63.789    113.726   -252.117    -15.455    -38.314     54.301
     -4.885     63.820    113.803   -252.226    -15.455    -38.321     54.299
     -4.887     63.851    113.879   -252.334    -15.456    -38.328     54.298
     -4.889     63.881    113.956   -252.443    -15.456    -38.335     54.296
     -4.891     63.912    114.033   -252.552    -15.457    -38.342     54.294
     -4.893     63.943    114.109   -252.660    -15.457    -38.349     54.293
     -4.895     63.974    114.186   -252.769    -15.458    -38.356     54.291
     -4.897     64.005    114.263   -252.877    -15.458    -38.363     54.289
     -4.899     64.036    114.339   -252.986    -15.459    -38.370     54.288
     -4.901     64.067    114.416   -253.094    -15.459    -38.377     54.286
     -4.903     64.098    114.493   -253.203    -15.460    -38.384     54.284
     -4.905     64.129    114.570   -253.312    -15.460    -38.391     54.283
     -4.907     64.160    114.646   -253.420    -15.461    -38.399     54.281
     -4.909     64.191    114.723   -253.529    -15.462    -38.406     54.279
     -4.911     64.222    114.800   -253.637    -15.462    -38.413     54.278
     -4.913     64.252    114.877   -253.746    -15.463    -38.420     54.276
     -4.915     64.283    114.954   -253.854    -15.463    -38.427     54.274
     -4.917     64.314    115.031   -253.963    -15.464    -38.434     54.273
     -4.919     64.345    115.107   -254.072    -15.464    -38.441     54.271
     -4.921     64.376    115.184   -254.180    -15.465    -38.448     54.269
     -4.923     64.407    115.261   -254.289    -15.465    -38.455     54.268
     -4.925     64.438    115.338   -254.397    -15.466    -38.462     54.266
     -4.927     64.469    115.415   -254.506    -15.466    -38.469     54.264
     -4.929     64.500    115.492   -254.614    -15.467    -38.476     54.263
     -4.931     64.531    115.569   -254.723    -15.467    -38.483     54.261
     -4.933     64.562    115.646   -254.831    -15.468    -38.490     54.259
     -4.935     64.593    115.723   -254.940    -15.468    -38.497     54.258
     -4.937     64.624    115.800   -255.048    -15.469    -38.504     54.256
     -4.939     64.655    115.877   -255.157    -15.469    -38.511     54.254
     -4.941     64.686    115.954   -255.265    -15.470    -38.518     54.253
     -4.943     64.716    116.031   -255.374    -15.470    -38.525     54.251
     -4.945     64.747    116.108   -255.482    -15.471    -38.533     54.249
     -4.947     64.778    116.185   -255.591    -15.471    -38.540     54.248
     -4.949     64.809    116.262   -255.699    -15.472    -38.547     54.246
     -4.951     64.840    116.339   -255.808    -15.472    -38.554     54.244
     -4.953     64.871    116.417   -255.916    -15.473    -38.561     54.243
     -4.955     64.902    116.494   -256.025    -15.473    -38.568     54.241
     -4.957     64.933    116.571   -256.133    -15.474    -38.575     54.239
     -4.959     64.964    116.648   -256.242    -15.474    -38.582     54.238
     -4.961     64.995    116.725   -256.350    -15.475    -38.589     54.236
     -4.963     65.026    116.802   -256.459    -15.475    -38.596     54.234
     -4.965     65.057    116.880   -256.567    -15.476    -38.603     54.232
     -4.967     65.088    116.957   -256.676    -15.476    -38.610     54.231
     -4.969     65.119    117.034   -256.784    -15.477    -38.617     54.229
     -4.971     65.150    117.111   -256.892    -15.477    -38.624     54.227
     -4.973     65.181    117.188   -257.001    -15.478    -38.631     54.226
     -4.975     65.212    117.266   -257.109    -15.478    -38.638     54.224
     -4.977     65.243    117.343   -257.218    -15.479    -38.645     54.222
     -4.979     65.274    117.420   -257.326    -15.479    -38.652     54.221
     -4.981     65.305    117.498   -257.435    -15.480    -38.659     54.219
     -4.983     65.335    117.575   -257.543    -15.480    -38.666     54.217
     -4.985     65.366    117.652   -257.652    -15.481    -38.673     54.215
     -4.987     65.397    117.730   -257.760    -15.481    -38.680     54.214
     -4.989     65.428    117.807   -257.868    -15.482    -38.687     54.212
     -4.991     65.459    117.884   -257.977    -15.482    -38.694     54.210
     -4.993     65.490    117.962   -258.085    -15.483    -38.701     54.209
     -4.995     65.521    118.039   -258.194    -15.483    -38.708     54.207
     -4.997     65.552    118.117   -258.302    -15.484    -38.715     54.205
     -4.999     65.583    118.194   -258.411    -15.484    -38.722     54.204
     -5.001     65.614    118.271   -258.519    -15.485    -38.729     54.202
     -5.003     65.645    118.349   -258.627    -15.486    -38.736     54.200
     -5.005     65.676    118.426   -258.736    -15.486    -38.743     54.198
     -5.007     65.707    118.504   -258.844    -15.487    -38.750     54.197
     -5.009     65.738    118.581   -258.952    -15.487    -38.757     54.195
     -5.011     65.769    118.659   -259.061    -15.488    -38.764     54.193
     -5.013     65.800    118.736   -259.169    -15.488    -38.771     54.192
     -5.015     65.831    118.814   -259.278    -15.489    -38.778     54.190
     -5.017     65.862    118.892   -259.386    -15.489    -38.785     54.188
     -5.019     65.893    118.969   -259.494    -15.490    -38.792     54.186
     -5.021     65.924    119.047   -259.603    -15.490    -38.799     54.185
     -5.023     65.955    119.124   -259.711    -15.491    -38.806     54.183
     -5.025     65.986    119.202   -259.820    -15.491    -38.813     54.181
     -5.027     66.017    119.280   -259.928    -15.492    -38.820     54.180
     -5.029     66.048    119.357   -260.036    -15.492    -38.827     54.178
     -5.031     66.079    119.435   -260.145    -15.493    -38.834     54.176
     -5.033     66.110    119.513   -260.253    -15.493    -38.841     54.174
     -5.035     66.141    119.590   -260.361    -15.494    -38.848     54.173
     -5.037     66.172    119.668   -260.470    -15.494    -38.855     54.171
     -5.039     66.203    119.746   -260.578    -15.494    -38.862     54.169
     -5.041     66.234    119.823   -260.686    -15.495    -38.869     54.167
     -5.043     66.265    119.901   -260.795    -15.495    -38.876     54.166
     -5.045     66.296    119.979   -260.903    -15.496    -38.883     54.164
     -5.047     66.327    120.057   -261.011    -15.496    -38.890     54.162
     -5.049     66.358    120.135   -261.120    -15.497    -38.897     54.161
     -5.051     66.389    120.212   -261.228    -15.497    -38.904     54.159
     -5.053     66.420    120.290   -261.336    -15.498    -38.911     54.157
     -5.055     66.451    120.368   -261.445    -15.498    -38.918     54.155
     -5.057     66.482    120.446   -261.553    -15.499    -38.925     54.154
     -5.059     66.513    120.524   -261.661    -15.499    -38.932     54.152
     -5.061     66.544    120.602   -261.769    -15.500    -38.939     54.150
     -5.063     66.575    120.679   -261.878    -15.500    -38.946     54.148
     -5.065     66.606    120.757   -261.986    -15.501    -38.953     54.147
     -5.067     66.637    120.835   -262.094    -15.501    -38.960     54.145
     -5.069     66.668    120.913   -262.203    -15.502    -38.967     54.143
     -5.071     66.699    120.991   -262.311    -15.502    -38.974     54.141
     -5.073     66.730    121.069   -262.419    -15.503    -38.981     54.140
     -5.075     66.761    121.147   -262.527    -15.503    -38.988     54.138
     -5.077     66.792    121.225   -262.636    -15.504    -38.995     54.136
     -5.079     66.823    121.303   -262.744    -15.504    -39.002     54.134
     -5.081     66.854    121.381   -262.852    -15.505    -39.009     54.133
     -5.083     66.885    121.459   -262.961    -15.505    -39.016     54.131
     -5.085     66.916    121.537   -263.069    -15.506    -39.023     54.129
     -5.087     66.947    121.615   -263.177    -15.506    -39.030     54.127
     -5.089     66.978    121.693   -263.285    -15.507    -39.037     54.126
     -5.091     67.009    121.771   -263.394    -15.507    -39.044     54.124
     -5.093     67.040    121.849   -263.502    -15.508    -39.051     54.122
     -5.095     67.071    121.928   -263.610    -15.508    -39.058     54.120
     -5.097     67.102    122.006   -263.718    -15.509    -39.065     54.119
     -5.099     67.133    122.084   -263.827    -15.509    -39.072     54.117
     -5.101     67.164    122.162   -263.935    -15.510    -39.079     54.115
     -5.103     67.195    122.240   -264.043    -15.510    -39.086     54.113
     -5.105     67.226    122.318   -264.151    -15.511    -39.093     54.112
     -5.107     67.257    122.396   -264.259    -15.511    -39.100     54.110
     -5.109     67.288    122.475   -264.368    -15.512    -39.107     54.108
     -5.111     67.319    122.553   -264.476    -15.512    -39.114     54.106
     -5.113     67.350    122.631   -264.584    -15.513    -39.121     54.105
     -5.115     67.381    122.709   -264.692    -15.513    -39.128     54.103
     -5.117     67.412    122.788   -264.801    -15.514    -39.135     54.101
     -5.119     67.443    122.866   -264.909    -15.514    -39.142     54.099
     -5.121     67.474    122.944   -265.017    -15.515    -39.149     54.097
     -5.123     67.505    123.023   -265.125    -15.515    -39.156     54.096
     -5.125     67.536    123.101   -265.233    -15.516    -39.163     54.094
     -5.127     67.567    123.179   -265.341    -15.516    -39.170     54.092
     -5.129     67.598    123.257   -265.450    -15.517    -39.177     54.090
     -5.131     67.629    123.336   -265.558    -15.517    -39.183     54.089
     -5.133     67.660    123.414   -265.666    -15.518    -39.190     54.087
     -5.135     67.691    123.493   -265.774    -15.518    -39.197     54.085
     -5.137     67.722    123.571   -265.882    -15.518    -39.204     54.083
     -5.139     67.753    123.649   -265.991    -15.519    -39.211     54.081
     -5.141     67.784    123.728   -266.099    -15.519    -39.218     54.080
     -5.143     67.816    123.806   -266.207    -15.520    -39.225     54.078
     -5.145     67.847    123.885   -266.315    -15.520    -39.232     54.076
     -5.147     67.878    123.963   -266.423    -15.521    -39.239     54.074
     -5.149     67.909    124.042   -266.531    -15.521    -39.246     54.073
     -5.151     67.940    124.120   -266.639    -15.522    -39.253     54.071
     -5.153     67.971    124.199   -266.748    -15.522    -39.260     54.069
     -5.155     68.002    124.277   -266.856    -15.523    -39.267     54.067
     -5.157     68.033    124.356   -266.964    -15.523    -39.274     54.065
     -5.159     68.064    124.434   -267.072    -15.524    -39.281     54.064
     -5.161     68.095    124.513   -267.180    -15.524    -39.288     54.062
     -5.163     68.126    124.592   -267.288    -15.525    -39.295     54.060
     -5.165     68.157    124.670   -267.396    -15.525    -39.302     54.058
     -5.167     68.188    124.749   -267.504    -15.526    -39.309     54.056
     -5.169     68.219    124.827   -267.613    -15.526    -39.316     54.055
     -5.171     68.250    124.906   -267.721    -15.527    -39.323     54.053
     -5.173     68.281    124.985   -267.829    -15.527    -39.329     54.051
     -5.175     68.312    125.063   -267.937    -15.528    -39.336     54.049
     -5.177     68.343    125.142   -268.045    -15.528    -39.343     54.047
     -5.179     68.374    125.221   -268.153    -15.529    -39.350     54.046
     -5.181     68.405    125.299   -268.261    -15.529    -39.357     54.044
     -5.183     68.437    125.378   -268.369    -15.529    -39.364     54.042
     -5.185     68.468    125.457   -268.477    -15.530    -39.371     54.040
     -5.187     68.499    125.536   -268.585    -15.530    -39.378     54.038
     -5.189     68.530    125.614   -268.693    -15.531    -39.385     54.037
     -5.191     68.561    125.693   -268.802    -15.531    -39.392     54.035
     -5.193     68.592    125.772   -268.910    -15.532    -39.399     54.033
     -5.195     68.623    125.851   -269.018    -15.532    -39.406     54.031
     -5.197     68.654    125.930   -269.126    -15.533    -39.413     54.029
     -5.199     68.685    126.008   -269.234    -15.533    -39.420     54.028
     -5.201     68.716    126.087   -269.342    -15.534    -39.427     54.026
     -5.203     68.747    126.166   -269.450    -15.534    -39.434     54.024
     -5.205     68.778    126.245   -269.558    -15.535    -39.440     54.022
     -5.207     68.809    126.324   -269.666    -15.535    -39.447     54.020
     -5.209     68.840    126.403   -269.774    -15.536    -39.454     54.019
     -5.211     68.871    126.482   -269.882    -15.536    -39.461     54.017
     -5.213     68.902    126.561   -269.990    -15.537    -39.468     54.015
     -5.215     68.934    126.640   -270.098    -15.537    -39.475     54.013
     -5.217     68.965    126.718   -270.206    -15.537    -39.482     54.011
     -5.219     68.996    126.797   -270.314    -15.538    -39.489     54.009
     -5.221     69.027    126.876   -270.422    -15.538    -39.496     54.008
     -5.223     69.058    126.955   -270.530    -15.539    -39.503     54.006
     -5.225     69.089    127.034   -270.638    -15.539    -39.510     54.004
     -5.227     69.120    127.113   -270.746    -15.540    -39.517     54.002
     -5.229     69.151    127.193   -270.854    -15.540    -39.524     54.000
     -5.231     69.182    127.272   -270.962    -15.541    -39.531     53.999
     -5.233     69.213    127.351   -271.070    -15.541    -39.537     53.997
     -5.235     69.244    127.430   -271.178    -15.542    -39.544     53.995
     -5.237     69.275    127.509   -271.286    -15.542    -39.551     53.993
     -5.239     69.307    127.588   -271.394    -15.543    -39.558     53.991
     -5.241     69.338    127.667   -271.502    -15.543    -39.565     53.989
     -5.243     69.369    127.746   -271.610    -15.544    -39.572     53.988
     -5.245     69.400    127.825   -271.718    -15.544    -39.579     53.986
     -5.247     69.431    127.905   -271.826    -15.545    -39.586     53.984
     -5.249     69.462    127.984   -271.934    -15.545    -39.593     53.982
     -5.251     69.493    128.063   -272.042    -15.545    -39.600     53.980
     -5.253     69.524    128.142   -272.150    -15.546    -39.607     53.978
     -5.255     69.555    128.221   -272.258    -15.546    -39.614     53.977
     -5.257     69.586    128.301   -272.366    -15.547    -39.620     53.975
     -5.259     69.617    128.380   -272.474    -15.547    -39.627     53.973
     -5.261     69.649    128.459   -272.582    -15.548    -39.634     53.971
     -5.263     69.680    128.538   -272.690    -15.548    -39.641     53.969
     -5.265     69.711    128.618   -272.798    -15.549    -39.648     53.967
     -5.267     69.742    128.697   -272.906    -15.549    -39.655     53.965
     -5.269     69.773    128.776   -273.013    -15.550    -39.662     53.964
     -5.271     69.804    128.856   -273.121    -15.550    -39.669     53.962
     -5.273     69.835    128.935   -273.229    -15.551    -39.676     53.960
     -5.275     69.866    129.014   -273.337    -15.551    -39.683     53.958
     -5.277     69.897    129.094   -273.445    -15.551    -39.690     53.956
     -5.279     69.928    129.173   -273.553    -15.552    -39.697     53.954
     -5.281     69.960    129.252   -273.661    -15.552    -39.703     53.953
     -5.283     69.991    129.332   -273.769    -15.553    -39.710     53.951
     -5.285     70.022    129.411   -273.877    -15.553    -39.717     53.949
     -5.287     70.053    129.491   -273.985    -15.554    -39.724     53.947
     -5.289     70.084    129.570   -274.093    -15.554    -39.731     53.945
     -5.291     70.115    129.650   -274.200    -15.555    -39.738     53.943
     -5.293     70.146    129.729   -274.308    -15.555    -39.745     53.941
     -5.295     70.177    129.809   -274.416    -15.556    -39.752     53.940
     -5.297     70.208    129.888   -274.524    -15.556    -39.759     53.938
     -5.299     70.240    129.968   -274.632    -15.556    -39.766     53.936
     -5.301     70.271    130.047   -274.740    -15.557    -39.772     53.934
     -5.303     70.302    130.127   -274.848    -15.557    -39.779     53.932
     -5.305     70.333    130.206   -274.956    -15.558    -39.786     53.930
     -5.307     70.364    130.286   -275.063    -15.558    -39.793     53.928
     -5.309     70.395    130.365   -275.171    -15.559    -39.800     53.927
     -5.311     70.426    130.445   -275.279    -15.559    -39.807     53.925
     -5.313     70.457    130.525   -275.387    -15.560    -39.814     53.923
     -5.315     70.488    130.604   -275.495    -15.560    -39.821     53.921
     -5.317     70.520    130.684   -275.603    -15.561    -39.828     53.919
     -5.319     70.551    130.764   -275.711    -15.561    -39.835     53.917
     -5.321     70.582    130.843   -275.818    -15.562    -39.841     53.915
     -5.323     70.613    130.923   -275.926    -15.562    -39.848     53.913
     -5.325     70.644    131.003   -276.034    -15.562    -39.855     53.912
     -5.327     70.675    131.082   -276.142    -15.563    -39.862     53.910
     -5.329     70.706    131.162   -276.250    -15.563    -39.869     53.908
     -5.331     70.737    131.242   -276.357    -15.564    -39.876     53.906
     -5.333     70.769    131.322   -276.465    -15.564    -39.883     53.904
     -5.335     70.800    131.401   -276.573    -15.565    -39.890     53.902
     -5.337     70.831    131.481   -276.681    -15.565    -39.897     53.900
     -5.339     70.862    131.561   -276.789    -15.566    -39.903     53.898
     -5.341     70.893    131.641   -276.896    -15.566    -39.910     53.896
     -5.343     70.924    131.721   -277.004    -15.566    -39.917     53.895
     -5.345     70.955    131.801   -277.112    -15.567    -39.924     53.893
     -5.347     70.986    131.880   -277.220    -15.567    -39.931     53.891
     -5.349     71.018    131.960   -277.328    -15.568    -39.938     53.889
     -5.351     71.049    132.040   -277.435    -15.568    -39.945     53.887
     -5.353     71.080    132.120   -277.543    -15.569    -39.952     53.885
     -5.355     71.111    132.200   -277.651    -15.569    -39.959     53.883
     -5.357     71.142    132.280   -277.759    -15.570    -39.965     53.881
     -5.359     71.173    132.360   -277.866    -15.570    -39.972     53.879
     -5.361     71.204    132.440   -277.974    -15.571    -39.979     53.878
     -5.363     71.236    132.520   -278.082    -15.571    -39.986     53.876
     -5.365     71.267    132.600   -278.190    -15.571    -39.993     53.874
     -5.367     71.298    132.680   -278.297    -15.572    -40.000     53.872
     -5.369     71.329    132.760   -278.405    -15.572    -40.007     53.870
     -5.371     71.360    132.840   -278.513    -15.573    -40.014     53.868
     -5.373     71.391    132.920   -278.621    -15.573    -40.021     53.866
     -5.375     71.422    133.000   -278.728    -15.574    -40.027     53.864
     -5.377     71.454    133.080   -278.836    -15.574    -40.034     53.862
     -5.379     71.485    133.160   -278.944    -15.575    -40.041     53.860
     -5.381     71.516    133.240   -279.052    -15.575    -40.048     53.859
     -5.383     71.547    133.320   -279.159    -15.575    -40.055     53.857
     -5.385     71.578    133.400   -279.267    -15.576    -40.062     53.855
     -5.387     71.609    133.480   -279.375    -15.576    -40.069     53.853
     -5.389     71.641    133.561   -279.482    -15.577    -40.076     53.851
     -5.391     71.672    133.641   -279.590    -15.577    -40.082     53.849
     -5.393     71.703    133.721   -279.698    -15.578    -40.089     53.847
     -5.395     71.734    133.801   -279.805    -15.578    -40.096     53.845
     -5.397     71.765    133.881   -279.913    -15.579    -40.103     53.843
     -5.399     71.796    133.961   -280.021    -15.579    -40.110     53.841
     -5.401     71.827    134.042   -280.129    -15.579    -40.117     53.839
     -5.403     71.859    134.122   -280.236    -15.580    -40.124     53.838
     -5.405     71.890    134.202   -280.344    -15.580    -40.131     53.836
     -5.407     71.921    134.282   -280.452    -15.581    -40.137     53.834
     -5.409     71.952    134.363   -280.559    -15.581    -40.144     53.832
     -5.411     71.983    134.443   -280.667    -15.582    -40.151     53.830
     -5.413     72.014    134.523   -280.775    -15.582    -40.158     53.828
     -5.415     72.046    134.604   -280.882    -15.583    -40.165     53.826
     -5.417     72.077    134.684   -280.990    -15.583    -40.172     53.824
     -5.419     72.108    134.764   -281.098    -15.583    -40.179     53.822
     -5.421     72.139    134.845   -281.205    -15.584    -40.186     53.820
     -5.423     72.170    134.925   -281.313    -15.584    -40.192     53.818
     -5.425     72.201    135.005   -281.420    -15.585    -40.199     53.816
     -5.427     72.233    135.086   -281.528    -15.585    -40.206     53.814
     -5.429     72.264    135.166   -281.636    -15.586    -40.213     53.813
     -5.431     72.295    135.247   -281.743    -15.586    -40.220     53.811
     -5.433     72.326    135.327   -281.851    -15.586    -40.227     53.809
     -5.435     72.357    135.408   -281.959    -15.587    -40.234     53.807
     -5.437     72.388    135.488   -282.066    -15.587    -40.241     53.805
     -5.439     72.420    135.569   -282.174    -15.588    -40.247     53.803
     -5.441     72.451    135.649   -282.281    -15.588    -40.254     53.801
     -5.443     72.482    135.730   -282.389    -15.589    -40.261     53.799
     -5.445     72.513    135.810   -282.497    -15.589    -40.268     53.797
     -5.447     72.544    135.891   -282.604    -15.590    -40.275     53.795
     -5.449     72.576    135.971   -282.712    -15.590    -40.282     53.793
     -5.451     72.607    136.052   -282.819    -15.590    -40.289     53.791
     -5.453     72.638    136.132   -282.927    -15.591    -40.295     53.789
     -5.455     72.669    136.213   -283.034    -15.591    -40.302     53.787
     -5.457     72.700    136.294   -283.142    -15.592    -40.309     53.785
     -5.459     72.731    136.374   -283.250    -15.592    -40.316     53.783
     -5.461     72.763    136.455   -283.357    -15.593    -40.323     53.781
     -5.463     72.794    136.536   -283.465    -15.593    -40.330     53.780
     -5.465     72.825    136.616   -283.572    -15.593    -40.337     53.778
     -5.467     72.856    136.697   -283.680    -15.594    -40.344     53.776
     -5.469     72.887    136.778   -283.787    -15.594    -40.350     53.774
     -5.471     72.919    136.858   -283.895    -15.595    -40.357     53.772
     -5.473     72.950    136.939   -284.002    -15.595    -40.364     53.770
     -5.475     72.981    137.020   -284.110    -15.596    -40.371     53.768
     -5.477     73.012    137.100   -284.218    -15.596    -40.378     53.766
     -5.479     73.043    137.181   -284.325    -15.596    -40.385     53.764
     -5.481     73.074    137.262   -284.433    -15.597    -40.392     53.762
     -5.483     73.106    137.343   -284.540    -15.597    -40.398     53.760
     -5.485     73.137    137.424   -284.648    -15.598    -40.405     53.758
     -5.487     73.168    137.504   -284.755    -15.598    -40.412     53.756
     -5.489     73.199    137.585   -284.863    -15.599    -40.419     53.754
     -5.491     73.230    137.666   -284.970    -15.599    -40.426     53.752
     -5.493     73.262    137.747   -285.078    -15.599    -40.433     53.750
     -5.495     73.293    137.828   -285.185    -15.600    -40.440     53.748
     -5.497     73.324    137.909   -285.293    -15.600    -40.446     53.746
     -5.499     73.355    137.990   -285.400    -15.601    -40.453     53.744
     -5.501     73.386    138.071   -285.508    -15.601    -40.460     53.742
     -5.503     73.418    138.151   -285.615    -15.602    -40.467     53.740
     -5.505     73.449    138.232   -285.723    -15.602    -40.474     53.738
     -5.507     73.480    138.313   -285.830    -15.602    -40.481     53.736
     -5.509     73.511    138.394   -285.938    -15.603    -40.488     53.734
     -5.511     73.543    138.475   -286.045    -15.603    -40.494     53.732
     -5.513     73.574    138.556   -286.152    -15.604    -40.501     53.730
     -5.515     73.605    138.637   -286.260    -15.604    -40.508     53.728
     -5.517     73.636    138.718   -286.367    -15.605    -40.515     53.726
     -5.519     73.667    138.799   -286.475    -15.605    -40.522     53.724
     -5.521     73.699    138.880   -286.582    -15.605    -40.529     53.722
     -5.523     73.730    138.961   -286.690    -15.606    -40.535     53.721
     -5.525     73.761    139.043   -286.797    -15.606    -40.542     53.719
     -5.527     73.792    139.124   -286.905    -15.607    -40.549     53.717
     -5.529     73.823    139.205   -287.012    -15.607    -40.556     53.715
     -5.531     73.855    139.286   -287.119    -15.608    -40.563     53.713
     -5.533     73.886    139.367   -287.227    -15.608    -40.570     53.711
     -5.535     73.917    139.448   -287.334    -15.608    -40.577     53.709
     -5.537     73.948    139.529   -287.442    -15.609    -40.583     53.707
     -5.539     73.979    139.610   -287.549    -15.609    -40.590     53.705
     -5.541     74.011    139.692   -287.657    -15.610    -40.597     53.703
     -5.543     74.042    139.773   -287.764    -15.610    -40.604     53.701
     -5.545     74.073    139.854   -287.871    -15.611    -40.611     53.699
     -5.547     74.104    139.935   -287.979    -15.611    -40.618     53.697
     -5.549     74.136    140.017   -288.086    -15.611    -40.625     53.695
     -5.551     74.167    140.098   -288.194    -15.612    -40.631     53.693
     -5.553     74.198    140.179   -288.301    -15.612    -40.638     53.691
     -5.555     74.229    140.260   -288.408    -15.613    -40.645     53.689
     -5.557     74.260    140.342   -288.516    -15.613    -40.652     53.687
     -5.559     74.292    140.423   -288.623    -15.614    -40.659     53.685
     -5.561     74.323    140.504   -288.730    -15.614    -40.666     53.683
     -5.563     74.354    140.586   -288.838    -15.614    -40.672     53.681
     -5.565     74.385    140.667   -288.945    -15.615    -40.679     53.679
     -5.567     74.417    140.748   -289.052    -15.615    -40.686     53.677
     -5.569     74.448    140.830   -289.160    -15.616    -40.693     53.675
     -5.571     74.479    140.911   -289.267    -15.616    -40.700     53.673
     -5.573     74.510    140.993   -289.375    -15.616    -40.707     53.671
     -5.575     74.542    141.074   -289.482    -15.617    -40.714     53.669
     -5.577     74.573    141.155   -289.589    -15.617    -40.720     53.667
     -5.579     74.604    141.237   -289.697    -15.618    -40.727     53.665
     -5.581     74.635    141.318   -289.804    -15.618    -40.734     53.662
     -5.583     74.666    141.400   -289.911    -15.619    -40.741     53.660
     -5.585     74.698    141.481   -290.019    -15.619    -40.748     53.658
     -5.587     74.729    141.563   -290.126    -15.619    -40.755     53.656
     -5.589     74.760    141.644   -290.233    -15.620    -40.761     53.654
     -5.591     74.791    141.726   -290.340    -15.620    -40.768     53.652
     -5.593     74.823    141.807   -290.448    -15.621    -40.775     53.650
     -5.595     74.854    141.889   -290.555    -15.621    -40.782     53.648
     -5.597     74.885    141.970   -290.662    -15.621    -40.789     53.646
     -5.599     74.916    142.052   -290.770    -15.622    -40.796     53.644
     -5.601     74.948    142.134   -290.877    -15.622    -40.802     53.642
     -5.603     74.979    142.215   -290.984    -15.623    -40.809     53.640
     -5.605     75.010    142.297   -291.091    -15.623    -40.816     53.638
     -5.607     75.041    142.379   -291.199    -15.624    -40.823     53.636
     -5.609     75.073    142.460   -291.306    -15.624    -40.830     53.634
     -5.611     75.104    142.542   -291.413    -15.624    -40.837     53.632
     -5.613     75.135    142.624   -291.521    -15.625    -40.844     53.630
     -5.615     75.166    142.705   -291.628    -15.625    -40.850     53.628
     -5.617     75.198    142.787   -291.735    -15.626    -40.857     53.626
     -5.619     75.229    142.869   -291.842    -15.626    -40.864     53.624
     -5.621     75.260    142.950   -291.950    -15.626    -40.871     53.622
     -5.623     75.291    143.032   -292.057    -15.627    -40.878     53.620
     -5.625     75.323    143.114   -292.164    -15.627    -40.885     53.618
     -5.627     75.354    143.196   -292.271    -15.628    -40.891     53.616
     -5.629     75.385    143.277   -292.378    -15.628    -40.898     53.614
     -5.631     75.416    143.359   -292.486    -15.628    -40.905     53.612
     -5.633     75.448    143.441   -292.593    -15.629    -40.912     53.610
     -5.635     75.479    143.523   -292.700    -15.629    -40.919     53.608
     -5.637     75.510    143.605   -292.807    -15.630    -40.926     53.606
     -5.639     75.541    143.687   -292.915    -15.630    -40.932     53.604
     -5.641     75.573    143.768   -293.022    -15.631    -40.939     53.601
     -5.643     75.604    143.850   -293.129    -15.631    -40.946     53.599
     -5.645     75.635    143.932   -293.236    -15.631    -40.953     53.597
     -5.647     75.667    144.014   -293.343    -15.632    -40.960     53.595
     -5.649     75.698    144.096   -293.451    -15.632    -40.967     53.593
     -5.651     75.729    144.178   -293.558    -15.633    -40.973     53.591
     -5.653     75.760    144.260   -293.665    -15.633    -40.980     53.589
     -5.655     75.792    144.342   -293.772    -15.633    -40.987     53.587
     -5.657     75.823    144.424   -293.879    -15.634    -40.994     53.585
     -5.659     75.854    144.506   -293.986    -15.634    -41.001     53.583
     -5.661     75.885    144.588   -294.094    -15.635    -41.008     53.581
     -5.663     75.917    144.670   -294.201    -15.635    -41.014     53.579
     -5.665     75.948    144.752   -294.308    -15.635    -41.021     53.577
     -5.667     75.979    144.834   -294.415    -15.636    -41.028     53.575
     -5.669     76.010    144.916   -294.522    -15.636    -41.035     53.573
     -5.671     76.042    144.998   -294.629    -15.637    -41.042     53.571
     -5.673     76.073    145.080   -294.737    -15.637    -41.049     53.569
     -5.675     76.104    145.162   -294.844    -15.637    -41.055     53.566
     -5.677     76.136    145.245   -294.951    -15.638    -41.062     53.564
     -5.679     76.167    145.327   -295.058    -15.638    -41.069     53.562
     -5.681     76.198    145.409   -295.165    -15.639    -41.076     53.560
     -5.683     76.229    145.491   -295.272    -15.639    -41.083     53.558
     -5.685     76.261    145.573   -295.379    -15.639    -41.090     53.556
     -5.687     76.292    145.655   -295.486    -15.640    -41.096     53.554
     -5.689     76.323    145.738   -295.593    -15.640    -41.103     53.552
     -5.691     76.354    145.820   -295.701    -15.641    -41.110     53.550
     -5.693     76.386    145.902   -295.808    -15.641    -41.117     53.548
     -5.695     76.417    145.984   -295.915    -15.642    -41.124     53.546
     -5.697     76.448    146.066   -296.022    -15.642    -41.131     53.544
     -5.699     76.480    146.149   -296.129    -15.642    -41.137     53.542
     -5.701     76.511    146.231   -296.236    -15.643    -41.144     53.539
     -5.703     76.542    146.313   -296.343    -15.643    -41.151     53.537
     -5.705     76.573    146.396   -296.450    -15.644    -41.158     53.535
     -5.707     76.605    146.478   -296.557    -15.644    -41.165     53.533
     -5.709     76.636    146.560   -296.664    -15.644    -41.172     53.531
     -5.711     76.667    146.643   -296.771    -15.645    -41.178     53.529
     -5.713     76.699    146.725   -296.878    -15.645    -41.185     53.527
     -5.715     76.730    146.807   -296.985    -15.646    -41.192     53.525
     -5.717     76.761    146.890   -297.093    -15.646    -41.199     53.523
     -5.719     76.793    146.972   -297.200    -15.646    -41.206     53.521
     -5.721     76.824    147.055   -297.307    -15.647    -41.213     53.518
     -5.723     76.855    147.137   -297.414    -15.647    -41.219     53.516
     -5.725     76.886    147.219   -297.521    -15.648    -41.226     53.514
     -5.727     76.918    147.302   -297.628    -15.648    -41.233     53.512
     -5.729     76.949    147.384   -297.735    -15.648    -41.240     53.510
     -5.731     76.980    147.467   -297.842    -15.649    -41.247     53.508
     -5.733     77.012    147.549   -297.949    -15.649    -41.254     53.506
     -5.735     77.043    147.632   -298.056    -15.650    -41.260     53.504
     -5.737     77.074    147.714   -298.163    -15.650    -41.267     53.502
     -5.739     77.105    147.797   -298.270    -15.650    -41.274     53.500
     -5.741     77.137    147.879   -298.377    -15.651    -41.281     53.497
     -5.743     77.168    147.962   -298.484    -15.651    -41.288     53.495
     -5.745     77.199    148.045   -298.591    -15.651    -41.295     53.493
     -5.747     77.231    148.127   -298.698    -15.652    -41.301     53.491
     -5.749     77.262    148.210   -298.805    -15.652    -41.308     53.489
     -5.751     77.293    148.292   -298.912    -15.653    -41.315     53.487
     -5.753     77.325    148.375   -299.019    -15.653    -41.322     53.485
     -5.755     77.356    148.458   -299.126    -15.653    -41.329     53.483
     -5.757     77.387    148.540   -299.233    -15.654    -41.336     53.481
     -5.759     77.419    148.623   -299.340    -15.654    -41.342     53.478
     -5.761     77.450    148.706   -299.446    -15.655    -41.349     53.476
     -5.763     77.481    148.789   -299.553    -15.655    -41.356     53.474
     -5.765     77.512    148.871   -299.660    -15.655    -41.363     53.472
     -5.767     77.544    148.954   -299.767    -15.656    -41.370     53.470
     -5.769     77.575    149.037   -299.874    -15.656    -41.376     53.468
     -5.771     77.606    149.119   -299.981    -15.657    -41.383     53.466
     -5.773     77.638    149.202   -300.088    -15.657    -41.390     53.464
     -5.775     77.669    149.285   -300.195    -15.657    -41.397     53.461
     -5.777     77.700    149.368   -300.302    -15.658    -41.404     53.459
     -5.779     77.732    149.451   -300.409    -15.658    -41.411     53.457
     -5.781     77.763    149.533   -300.516    -15.659    -41.417     53.455
     -5.783     77.794    149.616   -300.623    -15.659    -41.424     53.453
     -5.785     77.826    149.699   -300.730    -15.659    -41.431     53.451
     -5.787     77.857    149.782   -300.837    -15.660    -41.438     53.449
     -5.789     77.888    149.865   -300.943    -15.660    -41.445     53.446
     -5.791     77.920    149.948   -301.050    -15.661    -41.452     53.444
     -5.793     77.951    150.031   -301.157    -15.661    -41.458     53.442
     -5.795     77.982    150.114   -301.264    -15.661    -41.465     53.440
     -5.797     78.014    150.197   -301.371    -15.662    -41.472     53.438
     -5.799     78.045    150.280   -301.478    -15.662    -41.479     53.436
     -5.801     78.076    150.362   -301.585    -15.662    -41.486     53.434
     -5.803     78.108    150.445   -301.692    -15.663    -41.493     53.431
     -5.805     78.139    150.528   -301.798    -15.663    -41.499     53.429
     -5.807     78.170    150.611   -301.905    -15.664    -41.506     53.427
     -5.809     78.201    150.694   -302.012    -15.664    -41.513     53.425
     -5.811     78.233    150.778   -302.119    -15.664    -41.520     53.423
     -5.813     78.264    150.861   -302.226    -15.665    -41.527     53.421
     -5.815     78.295    150.944   -302.333    -15.665    -41.534     53.419
     -5.817     78.327    151.027   -302.439    -15.666    -41.540     53.416
     -5.819     78.358    151.110   -302.546    -15.666    -41.547     53.414
     -5.821     78.389    151.193   -302.653    -15.666    -41.554     53.412
     -5.823     78.421    151.276   -302.760    -15.667    -41.561     53.410
     -5.825     78.452    151.359   -302.867    -15.667    -41.568     53.408
     -5.827     78.483    151.442   -302.974    -15.667    -41.575     53.406
     -5.829     78.515    151.525   -303.080    -15.668    -41.581     53.403
     -5.831     78.546    151.609   -303.187    -15.668    -41.588     53.401
     -5.833     78.577    151.692   -303.294    -15.669    -41.595     53.399
     -5.835     78.609    151.775   -303.401    -15.669    -41.602     53.397
     -5.837     78.640    151.858   -303.508    -15.669    -41.609     53.395
     -5.839     78.671    151.941   -303.614    -15.670    -41.615     53.393
     -5.841     78.703    152.025   -303.721    -15.670    -41.622     53.390
     -5.843     78.734    152.108   -303.828    -15.671    -41.629     53.388
     -5.845     78.766    152.191   -303.935    -15.671    -41.636     53.386
     -5.847     78.797    152.274   -304.041    -15.671    -41.643     53.384
     -5.849     78.828    152.358   -304.148    -15.672    -41.650     53.382
     -5.851     78.860    152.441   -304.255    -15.672    -41.656     53.380
     -5.853     78.891    152.524   -304.362    -15.672    -41.663     53.377
     -5.855     78.922    152.608   -304.469    -15.673    -41.670     53.375
     -5.857     78.954    152.691   -304.575    -15.673    -41.677     53.373
     -5.859     78.985    152.774   -304.682    -15.674    -41.684     53.371
     -5.861     79.016    152.858   -304.789    -15.674    -41.691     53.369
     -5.863     79.048    152.941   -304.896    -15.674    -41.697     53.366
     -5.865     79.079    153.025   -305.002    -15.675    -41.704     53.364
     -5.867     79.110    153.108   -305.109    -15.675    -41.711     53.362
     -5.869     79.142    153.191   -305.216    -15.676    -41.718     53.360
     -5.871     79.173    153.275   -305.322    -15.676    -41.725     53.358
     -5.873     79.204    153.358   -305.429    -15.676    -41.732     53.356
     -5.875     79.236    153.442   -305.536    -15.677    -41.738     53.353
     -5.877     79.267    153.525   -305.643    -15.677    -41.745     53.351
     -5.879     79.298    153.609   -305.749    -15.677    -41.752     53.349
     -5.881     79.330    153.692   -305.856    -15.678    -41.759     53.347
     -5.883     79.361    153.776   -305.963    -15.678    -41.766     53.345
     -5.885     79.393    153.859   -306.069    -15.679    -41.773     53.342
     -5.887     79.424    153.943   -306.176    -15.679    -41.779     53.340
     -5.889     79.455    154.026   -306.283    -15.679    -41.786     53.338
     -5.891     79.487    154.110   -306.389    -15.680    -41.793     53.336
     -5.893     79.518    154.194   -306.496    -15.680    -41.800     53.334
     -5.895     79.549    154.277   -306.603    -15.680    -41.807     53.331
     -5.897     79.581    154.361   -306.709    -15.681    -41.814     53.329
     -5.899     79.612    154.444   -306.816    -15.681    -41.820     53.327
     -5.901     79.643    154.528   -306.923    -15.682    -41.827     53.325
     -5.903     79.675    154.612   -307.029    -15.682    -41.834     53.323
     -5.905     79.706    154.695   -307.136    -15.682    -41.841     53.320
     -5.907     79.737    154.779   -307.243    -15.683    -41.848     53.318
     -5.909     79.769    154.863   -307.349    -15.683    -41.855     53.316
     -5.911     79.800    154.947   -307.456    -15.683    -41.861     53.314
     -5.913     79.832    155.030   -307.562    -15.684    -41.868     53.311
     -5.915     79.863    155.114   -307.669    -15.684    -41.875     53.309
     -5.917     79.894    155.198   -307.776    -15.685    -41.882     53.307
     -5.919     79.926    155.282   -307.882    -15.685    -41.889     53.305
     -5.921     79.957    155.365   -307.989    -15.685    -41.896     53.303
     -5.923     79.988    155.449   -308.096    -15.686    -41.902     53.300
     -5.925     80.020    155.533   -308.202    -15.686    -41.909     53.298
     -5.927     80.051    155.617   -308.309    -15.686    -41.916     53.296
     -5.929     80.083    155.701   -308.415    -15.687    -41.923     53.294
     -5.931     80.114    155.784   -308.522    -15.687    -41.930     53.291
     -5.933     80.145    155.868   -308.628    -15.688    -41.937     53.289
     -5.935     80.177    155.952   -308.735    -15.688    -41.943     53.287
     -5.937     80.208    156.036   -308.842    -15.688    -41.950     53.285
     -5.939     80.239    156.120   -308.948    -15.689    -41.957     53.283
     -5.941     80.271    156.204   -309.055    -15.689    -41.964     53.280
     -5.943     80.302    156.288   -309.161    -15.689    -41.971     53.278
     -5.945     80.334    156.372   -309.268    -15.690    -41.978     53.276
     -5.947     80.365    156.456   -309.374    -15.690    -41.984     53.274
     -5.949     80.396    156.540   -309.481    -15.691    -41.991     53.271
     -5.951     80.428    156.624   -309.587    -15.691    -41.998     53.269
     -5.953     80.459    156.708   -309.694    -15.691    -42.005     53.267
     -5.955     80.490    156.792   -309.801    -15.692    -42.012     53.265
     -5.957     80.522    156.876   -309.907    -15.692    -42.019     53.262
     -5.959     80.553    156.960   -310.014    -15.692    -42.025     53.260
     -5.961     80.585    157.044   -310.120    -15.693    -42.032     53.258
     -5.963     80.616    157.128   -310.227    -15.693    -42.039     53.256
     -5.965     80.647    157.212   -310.333    -15.693    -42.046     53.253
     -5.967     80.679    157.296   -310.440    -15.694    -42.053     53.251
     -5.969     80.710    157.380   -310.546    -15.694    -42.060     53.249
     -5.971     80.742    157.464   -310.653    -15.695    -42.066     53.247
     -5.973     80.773    157.549   -310.759    -15.695    -42.073     53.244
     -5.975     80.804    157.633   -310.866    -15.695    -42.080     53.242
     -5.977     80.836    157.717   -310.972    -15.696    -42.087     53.240
     -5.979     80.867    157.801   -311.079    -15.696    -42.094     53.238
     -5.981     80.899    157.885   -311.185    -15.696    -42.101     53.235
     -5.983     80.930    157.969   -311.292    -15.697    -42.107     53.233
     -5.985     80.961    158.054   -311.398    -15.697    -42.114     53.231
     -5.987     80.993    158.138   -311.504    -15.698    -42.121     53.229
     -5.989     81.024    158.222   -311.611    -15.698    -42.128     53.226
     -5.991     81.055    158.306   -311.717    -15.698    -42.135     53.224
     -5.993     81.087    158.391   -311.824    -15.699    -42.142     53.222
     -5.995     81.118    158.475   -311.930    -15.699    -42.148     53.219
     -5.997     81.150    158.559   -312.037    -15.699    -42.155     53.217
     -5.999     81.181    158.644   -312.143    -15.700    -42.162     53.215
     -6.001     81.212    158.728   -312.250    -15.700    -42.169     53.213
     -6.003     81.244    158.812   -312.356    -15.700    -42.176     53.210
     -6.005     81.275    158.897   -312.462    -15.701    -42.183     53.208
     -6.007     81.307    158.981   -312.569    -15.701    -42.189     53.206
     -6.009     81.338    159.065   -312.675    -15.702    -42.196     53.204
     -6.011     81.369    159.150   -312.782    -15.702    -42.203     53.201
     -6.013     81.401    159.234   -312.888    -15.702    -42.210     53.199
     -6.015     81.432    159.319   -312.994    -15.703    -42.217     53.197
     -6.017     81.464    159.403   -313.101    -15.703    -42.224     53.194
     -6.019     81.495    159.488   -313.207    -15.703    -42.231     53.192
     -6.021     81.527    159.572   -313.314    -15.704    -42.237     53.190
     -6.023     81.558    159.656   -313.420    -15.704    -42.244     53.188
     -6.025     81.589    159.741   -313.526    -15.704    -42.251     53.185
     -6.027     81.621    159.825   -313.633    -15.705    -42.258     53.183
     -6.029     81.652    159.910   -313.739    -15.705    -42.265     53.181
     -6.031     81.684    159.995   -313.845    -15.705    -42.272     53.178
     -6.033     81.715    160.079   -313.952    -15.706    -42.278     53.176
     -6.035     81.746    160.164   -314.058    -15.706    -42.285     53.174
     -6.037     81.778    160.248   -314.164    -15.707    -42.292     53.172
     -6.039     81.809    160.333   -314.271    -15.707    -42.299     53.169
     -6.041     81.841    160.417   -314.377    -15.707    -42.306     53.167
     -6.043     81.872    160.502   -314.483    -15.708    -42.313     53.165
     -6.045     81.903    160.587   -314.590    -15.708    -42.319     53.162
     -6.047     81.935    160.671   -314.696    -15.708    -42.326     53.160
     -6.049     81.966    160.756   -314.802    -15.709    -42.333     53.158
     -6.051     81.998    160.841   -314.909    -15.709    -42.340     53.155
     -6.053     82.029    160.925   -315.015    -15.709    -42.347     53.153
     -6.055     82.061    161.010   -315.121    -15.710    -42.354     53.151
     -6.057     82.092    161.095   -315.228    -15.710    -42.361     53.148
     -6.059     82.123    161.180   -315.334    -15.710    -42.367     53.146
     -6.061     82.155    161.264   -315.440    -15.711    -42.374     53.144
     -6.063     82.186    161.349   -315.547    -15.711    -42.381     53.142
     -6.065     82.218    161.434   -315.653    -15.712    -42.388     53.139
     -6.067     82.249    161.519   -315.759    -15.712    -42.395     53.137
     -6.069     82.280    161.603   -315.865    -15.712    -42.402     53.135
     -6.071     82.312    161.688   -315.972    -15.713    -42.408     53.132
     -6.073     82.343    161.773   -316.078    -15.713    -42.415     53.130
     -6.075     82.375    161.858   -316.184    -15.713    -42.422     53.128
     -6.077     82.406    161.943   -316.290    -15.714    -42.429     53.125
     -6.079     82.438    162.028   -316.397    -15.714    -42.436     53.123
     -6.081     82.469    162.112   -316.503    -15.714    -42.443     53.121
     -6.083     82.500    162.197   -316.609    -15.715    -42.450     53.118
     -6.085     82.532    162.282   -316.715    -15.715    -42.456     53.116
     -6.087     82.563    162.367   -316.822    -15.715    -42.463     53.114
     -6.089     82.595    162.452   -316.928    -15.716    -42.470     53.111
     -6.091     82.626    162.537   -317.034    -15.716    -42.477     53.109
     -6.093     82.658    162.622   -317.140    -15.717    -42.484     53.107
     -6.095     82.689    162.707   -317.246    -15.717    -42.491     53.104
     -6.097     82.721    162.792   -317.353    -15.717    -42.498     53.102
     -6.099     82.752    162.877   -317.459    -15.718    -42.504     53.100
     -6.101     82.783    162.962   -317.565    -15.718    -42.511     53.097
     -6.103     82.815    163.047   -317.671    -15.718    -42.518     53.095
     -6.105     82.846    163.132   -317.777    -15.719    -42.525     53.093
     -6.107     82.878    163.217   -317.884    -15.719    -42.532     53.090
     -6.109     82.909    163.302   -317.990    -15.719    -42.539     53.088
     -6.111     82.941    163.387   -318.096    -15.720    -42.546     53.086
     -6.113     82.972    163.472   -318.202    -15.720    -42.552     53.083
     -6.115     83.003    163.557   -318.308    -15.720    -42.559     53.081
     -6.117     83.035    163.643   -318.414    -15.721    -42.566     53.079
     -6.119     83.066    163.728   -318.521    -15.721    -42.573     53.076
     -6.121     83.098    163.813   -318.627    -15.721    -42.580     53.074
     -6.123     83.129    163.898   -318.733    -15.722    -42.587     53.071
     -6.125     83.161    163.983   -318.839    -15.722    -42.594     53.069
     -6.127     83.192    164.068   -318.945    -15.722    -42.600     53.067
     -6.129     83.224    164.154   -319.051    -15.723    -42.607     53.064
     -6.131     83.255    164.239   -319.157    -15.723    -42.614     53.062
     -6.133     83.286    164.324   -319.264    -15.723    -42.621     53.060
     -6.135     83.318    164.409   -319.370    -15.724    -42.628     53.057
     -6.137     83.349    164.495   -319.476    -15.724    -42.635     53.055
     -6.139     83.381    164.580   -319.582    -15.725    -42.642     53.053
     -6.141     83.412    164.665   -319.688    -15.725    -42.648     53.050
     -6.143     83.444    164.750   -319.794    -15.725    -42.655     53.048
     -6.145     83.475    164.836   -319.900    -15.726    -42.662     53.045
     -6.147     83.507    164.921   -320.006    -15.726    -42.669     53.043
     -6.149     83.538    165.006   -320.112    -15.726    -42.676     53.041
     -6.151     83.569    165.092   -320.218    -15.727    -42.683     53.038
     -6.153     83.601    165.177   -320.325    -15.727    -42.690     53.036
     -6.155     83.632    165.263   -320.431    -15.727    -42.696     53.034
     -6.157     83.664    165.348   -320.537    -15.728    -42.703     53.031
     -6.159     83.695    165.433   -320.643    -15.728    -42.710     53.029
     -6.161     83.727    165.519   -320.749    -15.728    -42.717     53.026
     -6.163     83.758    165.604   -320.855    -15.729    -42.724     53.024
     -6.165     83.790    165.690   -320.961    -15.729    -42.731     53.022
     -6.167     83.821    165.775   -321.067    -15.729    -42.738     53.019
     -6.169     83.853    165.861   -321.173    -15.730    -42.744     53.017
     -6.171     83.884    165.946   -321.279    -15.730    -42.751     53.014
     -6.173     83.916    166.032   -321.385    -15.730    -42.758     53.012
     -6.175     83.947    166.117   -321.491    -15.731    -42.765     53.010
     -6.177     83.978    166.203   -321.597    -15.731    -42.772     53.007
     -6.179     84.010    166.288   -321.703    -15.731    -42.779     53.005
     -6.181     84.041    166.374   -321.809    -15.732    -42.786     53.002
     -6.183     84.073    166.459   -321.915    -15.732    -42.793     53.000
     -6.185     84.104    166.545   -322.021    -15.732    -42.799     52.998
     -6.187     84.136    166.631   -322.127    -15.733    -42.806     52.995
     -6.189     84.167    166.716   -322.233    -15.733    -42.813     52.993
     -6.191     84.199    166.802   -322.339    -15.733    -42.820     52.990
     -6.193     84.230    166.888   -322.445    -15.734    -42.827     52.988
     -6.195     84.262    166.973   -322.551    -15.734    -42.834     52.986
     -6.197     84.293    167.059   -322.657    -15.734    -42.841     52.983
     -6.199     84.325    167.145   -322.763    -15.735    -42.848     52.981
     -6.201     84.356    167.230   -322.869    -15.735    -42.854     52.978
     -6.203     84.388    167.316   -322.975    -15.735    -42.861     52.976
     -6.205     84.419    167.402   -323.081    -15.736    -42.868     52.974
     -6.207     84.450    167.487   -323.187    -15.736    -42.875     52.971
     -6.209     84.482    167.573   -323.293    -15.736    -42.882     52.969
     -6.211     84.513    167.659   -323.399    -15.737    -42.889     52.966
     -6.213     84.545    167.745   -323.505    -15.737    -42.896     52.964
     -6.215     84.576    167.831   -323.610    -15.737    -42.903     52.962
     -6.217     84.608    167.916   -323.716    -15.738    -42.909     52.959
     -6.219     84.639    168.002   -323.822    -15.738    -42.916     52.957
     -6.221     84.671    168.088   -323.928    -15.739    -42.923     52.954
     -6.223     84.702    168.174   -324.034    -15.739    -42.930     52.952
     -6.225     84.734    168.260   -324.140    -15.739    -42.937     52.949
     -6.227     84.765    168.346   -324.246    -15.740    -42.944     52.947
     -6.229     84.797    168.431   -324.352    -15.740    -42.951     52.945
     -6.231     84.828    168.517   -324.458    -15.740    -42.958     52.942
     -6.233     84.860    168.603   -324.564    -15.741    -42.964     52.940
     -6.235     84.891    168.689   -324.669    -15.741    -42.971     52.937
     -6.237     84.923    168.775   -324.775    -15.741    -42.978     52.935
     -6.239     84.954    168.861   -324.881    -15.742    -42.985     52.932
     -6.241     84.986    168.947   -324.987    -15.742    -42.992     52.930
     -6.243     85.017    169.033   -325.093    -15.742    -42.999     52.927
     -6.245     85.049    169.119   -325.199    -15.743    -43.006     52.925
     -6.247     85.080    169.205   -325.305    -15.743    -43.013     52.923
     -6.249     85.112    169.291   -325.410    -15.743    -43.019     52.920
     -6.251     85.143    169.377   -325.516    -15.744    -43.026     52.918
     -6.253     85.174    169.463   -325.622    -15.744    -43.033     52.915
     -6.255     85.206    169.549   -325.728    -15.744    -43.040     52.913
     -6.257     85.237    169.635   -325.834    -15.745    -43.047     52.910
     -6.259     85.269    169.722   -325.940    -15.745    -43.054     52.908
     -6.261     85.300    169.808   -326.045    -15.745    -43.061     52.905
     -6.263     85.332    169.894   -326.151    -15.746    -43.068     52.903
     -6.265     85.363    169.980   -326.257    -15.746    -43.075     52.901
     -6.267     85.395    170.066   -326.363    -15.746    -43.081     52.898
     -6.269     85.426    170.152   -326.469    -15.746    -43.088     52.896
     -6.271     85.458    170.238   -326.574    -15.747    -43.095     52.893
     -6.273     85.489    170.325   -326.680    -15.747    -43.102     52.891
     -6.275     85.521    170.411   -326.786    -15.747    -43.109     52.888
     -6.277     85.552    170.497   -326.892    -15.748    -43.116     52.886
     -6.279     85.584    170.583   -326.997    -15.748    -43.123     52.883
     -6.281     85.615    170.670   -327.103    -15.748    -43.130     52.881
     -6.283     85.647    170.756   -327.209    -15.749    -43.137     52.878
     -6.285     85.678    170.842   -327.315    -15.749    -43.143     52.876
     -6.287     85.710    170.928   -327.421    -15.749    -43.150     52.873
     -6.289     85.741    171.015   -327.526    -15.750    -43.157     52.871
     -6.291     85.773    171.101   -327.632    -15.750    -43.164     52.868
     -6.293     85.804    171.187   -327.738    -15.750    -43.171     52.866
     -6.295     85.836    171.274   -327.843    -15.751    -43.178     52.863
     -6.297     85.867    171.360   -327.949    -15.751    -43.185     52.861
     -6.299     85.899    171.446   -328.055    -15.751    -43.192     52.858
     -6.301     85.930    171.533   -328.161    -15.752    -43.199     52.856
     -6.303     85.962    171.619   -328.266    -15.752    -43.206     52.854
     -6.305     85.993    171.706   -328.372    -15.752    -43.212     52.851
     -6.307     86.025    171.792   -328.478    -15.753    -43.219     52.849
     -6.309     86.056    171.879   -328.583    -15.753    -43.226     52.846
     -6.311     86.088    171.965   -328.689    -15.753    -43.233     52.844
     -6.313     86.119    172.051   -328.795    -15.754    -43.240     52.841
     -6.315     86.151    172.138   -328.900    -15.754    -43.247     52.839
     -6.317     86.182    172.224   -329.006    -15.754    -43.254     52.836
     -6.319     86.214    172.311   -329.112    -15.755    -43.261     52.834
     -6.321     86.245    172.398   -329.217    -15.755    -43.268     52.831
     -6.323     86.277    172.484   -329.323    -15.755    -43.275     52.829
     -6.325     86.308    172.571   -329.429    -15.756    -43.281     52.826
     -6.327     86.340    172.657   -329.534    -15.756    -43.288     52.824
     -6.329     86.371    172.744   -329.640    -15.756    -43.295     52.821
     -6.331     86.403    172.830   -329.746    -15.757    -43.302     52.819
     -6.333     86.435    172.917   -329.851    -15.757    -43.309     52.816
     -6.335     86.466    173.004   -329.957    -15.757    -43.316     52.814
     -6.337     86.498    173.090   -330.063    -15.758    -43.323     52.811
     -6.339     86.529    173.177   -330.168    -15.758    -43.330     52.808
     -6.341     86.561    173.264   -330.274    -15.758    -43.337     52.806
     -6.343     86.592    173.350   -330.379    -15.759    -43.344     52.803
     -6.345     86.624    173.437   -330.485    -15.759    -43.351     52.801
     -6.347     86.655    173.524   -330.591    -15.759    -43.357     52.798
     -6.349     86.687    173.610   -330.696    -15.759    -43.364     52.796
     -6.351     86.718    173.697   -330.802    -15.760    -43.371     52.793
     -6.353     86.750    173.784   -330.907    -15.760    -43.378     52.791
     -6.355     86.781    173.871   -331.013    -15.760    -43.385     52.788
     -6.357     86.813    173.957   -331.119    -15.761    -43.392     52.786
     -6.359     86.844    174.044   -331.224    -15.761    -43.399     52.783
     -6.361     86.876    174.131   -331.330    -15.761    -43.406     52.781
     -6.363     86.907    174.218   -331.435    -15.762    -43.413     52.778
     -6.365     86.939    174.305   -331.541    -15.762    -43.420     52.776
     -6.367     86.970    174.391   -331.646    -15.762    -43.427     52.773
     -6.369     87.002    174.478   -331.752    -15.763    -43.434     52.771
     -6.371     87.033    174.565   -331.857    -15.763    -43.440     52.768
     -6.373     87.065    174.652   -331.963    -15.763    -43.447     52.766
     -6.375     87.096    174.739   -332.069    -15.764    -43.454     52.763
     -6.377     87.128    174.826   -332.174    -15.764    -43.461     52.760
     -6.379     87.160    174.913   -332.280    -15.764    -43.468     52.758
     -6.381     87.191    175.000   -332.385    -15.765    -43.475     52.755
     -6.383     87.223    175.087   -332.491    -15.765    -43.482     52.753
     -6.385     87.254    175.174   -332.596    -15.765    -43.489     52.750
     -6.387     87.286    175.261   -332.702    -15.766    -43.496     52.748
     -6.389     87.317    175.348   -332.807    -15.766    -43.503     52.745
     -6.391     87.349    175.435   -332.913    -15.766    -43.510     52.743
     -6.393     87.380    175.522   -333.018    -15.766    -43.517     52.740
     -6.395     87.412    175.609   -333.124    -15.767    -43.524     52.737
     -6.397     87.443    175.696   -333.229    -15.767    -43.530     52.735
     -6.399     87.475    175.783   -333.334    -15.767    -43.537     52.732
     -6.401     87.506    175.870   -333.440    -15.768    -43.544     52.730
     -6.403     87.538    175.957   -333.545    -15.768    -43.551     52.727
     -6.405     87.569    176.044   -333.651    -15.768    -43.558     52.725
     -6.407     87.601    176.131   -333.756    -15.769    -43.565     52.722
     -6.409     87.633    176.218   -333.862    -15.769    -43.572     52.720
     -6.411     87.664    176.306   -333.967    -15.769    -43.579     52.717
     -6.413     87.696    176.393   -334.073    -15.770    -43.586     52.714
     -6.415     87.727    176.480   -334.178    -15.770    -43.593     52.712
     -6.417     87.759    176.567   -334.283    -15.770    -43.600     52.709
     -6.419     87.790    176.654   -334.389    -15.771    -43.607     52.707
     -6.421     87.822    176.742   -334.494    -15.771    -43.614     52.704
     -6.423     87.853    176.829   -334.600    -15.771    -43.621     52.701
     -6.425     87.885    176.916   -334.705    -15.771    -43.628     52.699
     -6.427     87.916    177.003   -334.810    -15.772    -43.634     52.696
     -6.429     87.948    177.091   -334.916    -15.772    -43.641     52.694
     -6.431     87.979    177.178   -335.021    -15.772    -43.648     52.691
     -6.433     88.011    177.265   -335.127    -15.773    -43.655     52.689
     -6.435     88.043    177.353   -335.232    -15.773    -43.662     52.686
     -6.437     88.074    177.440   -335.337    -15.773    -43.669     52.683
     -6.439     88.106    177.527   -335.443    -15.774    -43.676     52.681
     -6.441     88.137    177.615   -335.548    -15.774    -43.683     52.678
     -6.443     88.169    177.702   -335.653    -15.774    -43.690     52.676
     -6.445     88.200    177.789   -335.759    -15.775    -43.697     52.673
     -6.447     88.232    177.877   -335.864    -15.775    -43.704     52.670
     -6.449     88.263    177.964   -335.969    -15.775    -43.711     52.668
     -6.451     88.295    178.052   -336.075    -15.776    -43.718     52.665
     -6.453     88.326    178.139   -336.180    -15.776    -43.725     52.663
     -6.455     88.358    178.226   -336.285    -15.776    -43.732     52.660
     -6.457     88.390    178.314   -336.391    -15.776    -43.739     52.657
     -6.459     88.421    178.401   -336.496    -15.777    -43.746     52.655
     -6.461     88.453    178.489   -336.601    -15.777    -43.753     52.652
     -6.463     88.484    178.576   -336.707    -15.777    -43.760     52.650
     -6.465     88.516    178.664   -336.812    -15.778    -43.766     52.647
     -6.467     88.547    178.751   -336.917    -15.778    -43.773     52.644
     -6.469     88.579    178.839   -337.023    -15.778    -43.780     52.642
     -6.471     88.610    178.927   -337.128    -15.779    -43.787     52.639
     -6.473     88.642    179.014   -337.233    -15.779    -43.794     52.636
     -6.475     88.674    179.102   -337.338    -15.779    -43.801     52.634
     -6.477     88.705    179.189   -337.444    -15.779    -43.808     52.631
     -6.479     88.737    179.277   -337.549    -15.780    -43.815     52.629
     -6.481     88.768    179.365   -337.654    -15.780    -43.822     52.626
     -6.483     88.800    179.452   -337.759    -15.780    -43.829     52.623
     -6.485     88.831    179.540   -337.865    -15.781    -43.836     52.621
     -6.487     88.863    179.628   -337.970    -15.781    -43.843     52.618
     -6.489     88.895    179.715   -338.075    -15.781    -43.850     52.615
     -6.491     88.926    179.803   -338.180    -15.782    -43.857     52.613
     -6.493     88.958    179.891   -338.286    -15.782    -43.864     52.610
     -6.495     88.989    179.979   -338.391    -15.782    -43.871     52.608
     -6.497     89.021    180.066   -338.496    -15.783    -43.878     52.605
     -6.499     89.052    180.154   -338.601    -15.783    -43.885     52.602
     -6.501     89.084    180.242   -338.706    -15.783    -43.892     52.600
     -6.503     89.115    180.330   -338.812    -15.783    -43.899     52.597
     -6.505     89.147    180.417   -338.917    -15.784    -43.906     52.594
     -6.507     89.179    180.505   -339.022    -15.784    -43.913     52.592
     -6.509     89.210    180.593   -339.127    -15.784    -43.920     52.589
     -6.511     89.242    180.681   -339.232    -15.785    -43.927     52.586
     -6.513     89.273    180.769   -339.338    -15.785    -43.934     52.584
     -6.515     89.305    180.857   -339.443    -15.785    -43.941     52.581
     -6.517     89.336    180.945   -339.548    -15.786    -43.948     52.578
     -6.519     89.368    181.032   -339.653    -15.786    -43.955     52.576
     -6.521     89.400    181.120   -339.758    -15.786    -43.962     52.573
     -6.523     89.431    181.208   -339.863    -15.786    -43.968     52.570
     -6.525     89.463    181.296   -339.968    -15.787    -43.975     52.568
     -6.527     89.494    181.384   -340.074    -15.787    -43.982     52.565
     -6.529     89.526    181.472   -340.179    -15.787    -43.989     52.562
     -6.531     89.557    181.560   -340.284    -15.788    -43.996     52.560
     -6.533     89.589    181.648   -340.389    -15.788    -44.003     52.557
     -6.535     89.621    181.736   -340.494    -15.788    -44.010     52.554
     -6.537     89.652    181.824   -340.599    -15.788    -44.017     52.552
     -6.539     89.684    181.912   -340.704    -15.789    -44.024     52.549
     -6.541     89.715    182.000   -340.809    -15.789    -44.031     52.546
     -6.543     89.747    182.088   -340.914    -15.789    -44.038     52.544
     -6.545     89.779    182.176   -341.020    -15.790    -44.045     52.541
     -6.547     89.810    182.265   -341.125    -15.790    -44.052     52.538
     -6.549     89.842    182.353   -341.230    -15.790    -44.059     52.536
     -6.551     89.873    182.441   -341.335    -15.791    -44.066     52.533
     -6.553     89.905    182.529   -341.440    -15.791    -44.073     52.530
     -6.555     89.936    182.617   -341.545    -15.791    -44.080     52.528
     -6.557     89.968    182.705   -341.650    -15.791    -44.087     52.525
     -6.559     90.000    182.793   -341.755    -15.792    -44.094     52.522
     -6.561     90.031    182.882   -341.860    -15.792    -44.101     52.520
     -6.563     90.063    182.970   -341.965    -15.792    -44.108     52.517
     -6.565     90.094    183.058   -342.070    -15.793    -44.115     52.514
     -6.567     90.126    183.146   -342.175    -15.793    -44.122     52.511
     -6.569     90.158    183.235   -342.280    -15.793    -44.129     52.509
     -6.571     90.189    183.323   -342.385    -15.794    -44.136     52.506
     -6.573     90.221    183.411   -342.490    -15.794    -44.143     52.503
     -6.575     90.252    183.499   -342.595    -15.794    -44.150     52.501
     -6.577     90.284    183.588   -342.700    -15.794    -44.157     52.498
     -6.579     90.315    183.676   -342.805    -15.795    -44.164     52.495
     -6.581     90.347    183.764   -342.910    -15.795    -44.171     52.492
     -6.583     90.379    183.853   -343.015    -15.795    -44.178     52.490
     -6.585     90.410    183.941   -343.120    -15.796    -44.185     52.487
     -6.587     90.442    184.029   -343.225    -15.796    -44.192     52.484
     -6.589     90.473    184.118   -343.330    -15.796    -44.199     52.482
     -6.591     90.505    184.206   -343.435    -15.796    -44.206     52.479
     -6.593     90.537    184.295   -343.540    -15.797    -44.213     52.476
     -6.595     90.568    184.383   -343.645    -15.797    -44.220     52.473
     -6.597     90.600    184.471   -343.750    -15.797    -44.227     52.471
     -6.599     90.631    184.560   -343.855    -15.798    -44.234     52.468
     -6.601     90.663    184.648   -343.960    -15.798    -44.241     52.465
     -6.603     90.695    184.737   -344.065    -15.798    -44.248     52.463
     -6.605     90.726    184.825   -344.170    -15.798    -44.255     52.460
     -6.607     90.758    184.914   -344.274    -15.799    -44.262     52.457
     -6.609     90.789    185.002   -344.379    -15.799    -44.269     52.454
     -6.611     90.821    185.091   -344.484    -15.799    -44.276     52.452
     -6.613     90.853    185.180   -344.589    -15.800    -44.283     52.449
     -6.615     90.884    185.268   -344.694    -15.800    -44.290     52.446
     -6.617     90.916    185.357   -344.799    -15.800    -44.297     52.443
     -6.619     90.947    185.445   -344.904    -15.800    -44.304     52.441
     -6.621     90.979    185.534   -345.009    -15.801    -44.311     52.438
     -6.623     91.011    185.623   -345.114    -15.801    -44.318     52.435
     -6.625     91.042    185.711   -345.219    -15.801    -44.326     52.432
     -6.627     91.074    185.800   -345.323    -15.802    -44.333     52.430
     -6.629     91.105    185.889   -345.428    -15.802    -44.340     52.427
     -6.631     91.137    185.977   -345.533    -15.802    -44.347     52.424
     -6.633     91.169    186.066   -345.638    -15.802    -44.354     52.421
     -6.635     91.200    186.155   -345.743    -15.803    -44.361     52.419
     -6.637     91.232    186.243   -345.848    -15.803    -44.368     52.416
     -6.639     91.263    186.332   -345.952    -15.803    -44.375     52.413
     -6.641     91.295    186.421   -346.057    -15.804    -44.382     52.410
     -6.643     91.327    186.510   -346.162    -15.804    -44.389     52.408
     -6.645     91.358    186.598   -346.267    -15.804    -44.396     52.405
     -6.647     91.390    186.687   -346.372    -15.804    -44.403     52.402
     -6.649     91.421    186.776   -346.476    -15.805    -44.410     52.399
     -6.651     91.453    186.865   -346.581    -15.805    -44.417     52.396
     -6.653     91.485    186.954   -346.686    -15.805    -44.424     52.394
     -6.655     91.516    187.043   -346.791    -15.806    -44.431     52.391
     -6.657     91.548    187.131   -346.896    -15.806    -44.438     52.388
     -6.659     91.579    187.220   -347.000    -15.806    -44.445     52.385
     -6.661     91.611    187.309   -347.105    -15.806    -44.452     52.383
     -6.663     91.643    187.398   -347.210    -15.807    -44.459     52.380
     -6.665     91.674    187.487   -347.315    -15.807    -44.466     52.377
     -6.667     91.706    187.576   -347.419    -15.807    -44.473     52.374
     -6.669     91.738    187.665   -347.524    -15.808    -44.480     52.371
     -6.671     91.769    187.754   -347.629    -15.808    -44.487     52.369
     -6.673     91.801    187.843   -347.734    -15.808    -44.494     52.366
     -6.675     91.832    187.932   -347.838    -15.808    -44.501     52.363
     -6.677     91.864    188.021   -347.943    -15.809    -44.508     52.360
     -6.679     91.896    188.110   -348.048    -15.809    -44.516     52.357
     -6.681     91.927    188.199   -348.153    -15.809    -44.523     52.355
     -6.683     91.959    188.288   -348.257    -15.809    -44.530     52.352
     -6.685     91.990    188.377   -348.362    -15.810    -44.537     52.349
     -6.687     92.022    188.466   -348.467    -15.810    -44.544     52.346
     -6.689     92.054    188.555   -348.571    -15.810    -44.551     52.343
     -6.691     92.085    188.644   -348.676    -15.811    -44.558     52.341
     -6.693     92.117    188.733   -348.781    -15.811    -44.565     52.338
     -6.695     92.149    188.823   -348.885    -15.811    -44.572     52.335
     -6.697     92.180    188.912   -348.990    -15.811    -44.579     52.332
     -6.699     92.212    189.001   -349.095    -15.812    -44.586     52.329
     -6.701     92.243    189.090   -349.199    -15.812    -44.593     52.326
     -6.703     92.275    189.179   -349.304    -15.812    -44.600     52.324
     -6.705     92.307    189.269   -349.409    -15.813    -44.607     52.321
     -6.707     92.338    189.358   -349.513    -15.813    -44.614     52.318
     -6.709     92.370    189.447   -349.618    -15.813    -44.621     52.315
     -6.711     92.402    189.536   -349.723    -15.813    -44.628     52.312
     -6.713     92.433    189.626   -349.827    -15.814    -44.636     52.310
     -6.715     92.465    189.715   -349.932    -15.814    -44.643     52.307
     -6.717     92.496    189.804   -350.036    -15.814    -44.650     52.304
     -6.719     92.528    189.893   -350.141    -15.814    -44.657     52.301
     -6.721     92.560    189.983   -350.246    -15.815    -44.664     52.298
     -6.723     92.591    190.072   -350.350    -15.815    -44.671     52.295
     -6.725     92.623    190.161   -350.455    -15.815    -44.678     52.293
     -6.727     92.655    190.251   -350.559    -15.816    -44.685     52.290
     -6.729     92.686    190.340   -350.664    -15.816    -44.692     52.287
     -6.731     92.718    190.430   -350.769    -15.816    -44.699     52.284
     -6.733     92.750    190.519   -350.873    -15.816    -44.706     52.281
     -6.735     92.781    190.608   -350.978    -15.817    -44.713     52.278
     -6.737     92.813    190.698   -351.082    -15.817    -44.720     52.275
     -6.739     92.844    190.787   -351.187    -15.817    -44.728     52.273
     -6.741     92.876    190.877   -351.291    -15.817    -44.735     52.270
     -6.743     92.908    190.966   -351.396    -15.818    -44.742     52.267
     -6.745     92.939    191.056   -351.500    -15.818    -44.749     52.264
     -6.747     92.971    191.145   -351.605    -15.818    -44.756     52.261
     -6.749     93.003    191.235   -351.709    -15.819    -44.763     52.258
     -6.751     93.034    191.324   -351.814    -15.819    -44.770     52.255
     -6.753     93.066    191.414   -351.918    -15.819    -44.777     52.253
     -6.755     93.098    191.503   -352.023    -15.819    -44.784     52.250
     -6.757     93.129    191.593   -352.127    -15.820    -44.791     52.247
     -6.759     93.161    191.682   -352.232    -15.820    -44.798     52.244
     -6.761     93.192    191.772   -352.336    -15.820    -44.806     52.241
     -6.763     93.224    191.862   -352.441    -15.820    -44.813     52.238
     -6.765     93.256    191.951   -352.545    -15.821    -44.820     52.235
     -6.767     93.287    192.041   -352.650    -15.821    -44.827     52.232
     -6.769     93.319    192.131   -352.754    -15.821    -44.834     52.230
     -6.771     93.351    192.220   -352.859    -15.821    -44.841     52.227
     -6.773     93.382    192.310   -352.963    -15.822    -44.848     52.224
     -6.775     93.414    192.400   -353.068    -15.822    -44.855     52.221
     -6.777     93.446    192.489   -353.172    -15.822    -44.862     52.218
     -6.779     93.477    192.579   -353.276    -15.823    -44.870     52.215
     -6.781     93.509    192.669   -353.381    -15.823    -44.877     52.212
     -6.783     93.541    192.759   -353.485    -15.823    -44.884     52.209
     -6.785     93.572    192.848   -353.590    -15.823    -44.891     52.206
     -6.787     93.604    192.938   -353.694    -15.824    -44.898     52.203
     -6.789     93.635    193.028   -353.799    -15.824    -44.905     52.201
     -6.791     93.667    193.118   -353.903    -15.824    -44.912     52.198
     -6.793     93.699    193.208   -354.007    -15.824    -44.919     52.195
     -6.795     93.730    193.298   -354.112    -15.825    -44.926     52.192
     -6.797     93.762    193.387   -354.216    -15.825    -44.934     52.189
     -6.799     93.794    193.477   -354.321    -15.825    -44.941     52.186
     -6.801     93.825    193.567   -354.425    -15.825    -44.948     52.183
     -6.803     93.857    193.657   -354.529    -15.826    -44.955     52.180
     -6.805     93.889    193.747   -354.634    -15.826    -44.962     52.177
     -6.807     93.920    193.837   -354.738    -15.826    -44.969     52.174
     -6.809     93.952    193.927   -354.842    -15.827    -44.976     52.171
     -6.811     93.984    194.017   -354.947    -15.827    -44.983     52.168
     -6.813     94.015    194.107   -355.051    -15.827    -44.991     52.166
     -6.815     94.047    194.197   -355.155    -15.827    -44.998     52.163
     -6.817     94.079    194.287   -355.260    -15.828    -45.005     52.160
     -6.819     94.110    194.377   -355.364    -15.828    -45.012     52.157
     -6.821     94.142    194.467   -355.468    -15.828    -45.019     52.154
     -6.823     94.174    194.557   -355.573    -15.828    -45.026     52.151
     -6.825     94.205    194.647   -355.677    -15.829    -45.033     52.148
     -6.827     94.237    194.737   -355.781    -15.829    -45.040     52.145
     -6.829     94.269    194.827   -355.885    -15.829    -45.048     52.142
     -6.831     94.300    194.917   -355.990    -15.829    -45.055     52.139
     -6.833     94.332    195.007   -356.094    -15.830    -45.062     52.136
     -6.835     94.363    195.097   -356.198    -15.830    -45.069     52.133
     -6.837     94.395    195.188   -356.303    -15.830    -45.076     52.130
     -6.839     94.427    195.278   -356.407    -15.830    -45.083     52.127
     -6.841     94.458    195.368   -356.511    -15.831    -45.090     52.124
     -6.843     94.490    195.458   -356.615    -15.831    -45.098     52.121
     -6.845     94.522    195.548   -356.720    -15.831    -45.105     52.118
     -6.847     94.553    195.639   -356.824    -15.831    -45.112     52.116
     -6.849     94.585    195.729   -356.928    -15.832    -45.119     52.113
     -6.851     94.617    195.819   -357.032    -15.832    -45.126     52.110
     -6.853     94.648    195.909   -357.136    -15.832    -45.133     52.107
     -6.855     94.680    196.000   -357.241    -15.832    -45.141     52.104
     -6.857     94.712    196.090   -357.345    -15.833    -45.148     52.101
     -6.859     94.743    196.180   -357.449    -15.833    -45.155     52.098
     -6.861     94.775    196.270   -357.553    -15.833    -45.162     52.095
     -6.863     94.807    196.361   -357.657    -15.833    -45.169     52.092
     -6.865     94.838    196.451   -357.762    -15.834    -45.176     52.089
     -6.867     94.870    196.541   -357.866    -15.834    -45.183     52.086
     -6.869     94.902    196.632   -357.970    -15.834    -45.191     52.083
     -6.871     94.933    196.722   -358.074    -15.835    -45.198     52.080
     -6.873     94.965    196.813   -358.178    -15.835    -45.205     52.077
     -6.875     94.997    196.903   -358.282    -15.835    -45.212     52.074
     -6.877     95.028    196.993   -358.387    -15.835    -45.219     52.071
     -6.879     95.060    197.084   -358.491    -15.836    -45.226     52.068
     -6.881     95.092    197.174   -358.595    -15.836    -45.234     52.065
     -6.883     95.123    197.265   -358.699    -15.836    -45.241     52.062
     -6.885     95.155    197.355   -358.803    -15.836    -45.248     52.059
     -6.887     95.187    197.446   -358.907    -15.837    -45.255     52.056
     -6.889     95.218    197.536   -359.011    -15.837    -45.262     52.053
     -6.891     95.250    197.627   -359.115    -15.837    -45.270     52.050
     -6.893     95.282    197.717   -359.219    -15.837    -45.277     52.047
     -6.895     95.314    197.808   -359.324    -15.838    -45.284     52.044
     -6.897     95.345    197.899   -359.428    -15.838    -45.291     52.041
     -6.899     95.377    197.989   -359.532    -15.838    -45.298     52.038
     -6.901     95.409    198.080   -359.636    -15.838    -45.305     52.035
     -6.903     95.440    198.170   -359.740    -15.839    -45.313     52.032
     -6.905     95.472    198.261   -359.844    -15.839    -45.320     52.029
     -6.907     95.504    198.352   -359.948    -15.839    -45.327     52.026
     -6.909     95.535    198.442   -360.052    -15.839    -45.334     52.023
     -6.911     95.567    198.533   -360.156    -15.840    -45.341     52.020
     -6.913     95.599    198.624   -360.260    -15.840    -45.349     52.017
     -6.915     95.630    198.714   -360.364    -15.840    -45.356     52.014
     -6.917     95.662    198.805   -360.468    -15.840    -45.363     52.011
     -6.919     95.694    198.896   -360.572    -15.841    -45.370     52.008
     -6.921     95.725    198.987   -360.676    -15.841    -45.377     52.005
     -6.923     95.757    199.077   -360.780    -15.841    -45.385     52.001
     -6.925     95.789    199.168   -360.884    -15.841    -45.392     51.998
     -6.927     95.820    199.259   -360.988    -15.842    -45.399     51.995
     -6.929     95.852    199.350   -361.092    -15.842    -45.406     51.992
     -6.931     95.884    199.441   -361.196    -15.842    -45.413     51.989
     -6.933     95.915    199.531   -361.300    -15.842    -45.421     51.986
     -6.935     95.947    199.622   -361.404    -15.842    -45.428     51.983
     -6.937     95.979    199.713   -361.508    -15.843    -45.435     51.980
     -6.939     96.010    199.804   -361.612    -15.843    -45.442     51.977
     -6.941     96.042    199.895   -361.716    -15.843    -45.449     51.974
     -6.943     96.074    199.986   -361.820    -15.843    -45.457     51.971
     -6.945     96.106    200.077   -361.924    -15.844    -45.464     51.968
     -6.947     96.137    200.168   -362.028    -15.844    -45.471     51.965
     -6.949     96.169    200.259   -362.132    -15.844    -45.478     51.962
     -6.951     96.201    200.350   -362.236    -15.844    -45.486     51.959
     -6.953     96.232    200.441   -362.340    -15.845    -45.493     51.956
     -6.955     96.264    200.532   -362.443    -15.845    -45.500     51.953
     -6.957     96.296    200.623   -362.547    -15.845    -45.507     51.949
     -6.959     96.327    200.714   -362.651    -15.845    -45.514     51.946
     -6.961     96.359    200.805   -362.755    -15.846    -45.522     51.943
     -6.963     96.391    200.896   -362.859    -15.846    -45.529     51.940
     -6.965     96.422    200.987   -362.963    -15.846    -45.536     51.937
     -6.967     96.454    201.078   -363.067    -15.846    -45.543     51.934
     -6.969     96.486    201.169   -363.171    -15.847    -45.551     51.931
     -6.971     96.518    201.260   -363.275    -15.847    -45.558     51.928
     -6.973     96.549    201.351   -363.378    -15.847    -45.565     51.925
     -6.975     96.581    201.442   -363.482    -15.847    -45.572     51.922
     -6.977     96.613    201.533   -363.586    -15.848    -45.580     51.919
     -6.979     96.644    201.625   -363.690    -15.848    -45.587     51.916
     -6.981     96.676    201.716   -363.794    -15.848    -45.594     51.912
     -6.983     96.708    201.807   -363.898    -15.848    -45.601     51.909
     -6.985     96.739    201.898   -364.001    -15.849    -45.609     51.906
     -6.987     96.771    201.989   -364.105    -15.849    -45.616     51.903
     -6.989     96.803    202.081   -364.209    -15.849    -45.623     51.900
     -6.991     96.834    202.172   -364.313    -15.849    -45.630     51.897
     -6.993     96.866    202.263   -364.417    -15.849    -45.638     51.894
     -6.995     96.898    202.354   -364.520    -15.850    -45.645     51.891
     -6.997     96.930    202.446   -364.624    -15.850    -45.652     51.888
     -6.999     96.961    202.537   -364.728    -15.850    -45.659     51.884
     -7.001     96.993    202.628   -364.832    -15.850    -45.667     51.881
     -7.003     97.025    202.720   -364.935    -15.851    -45.674     51.878
     -7.005     97.056    202.811   -365.039    -15.851    -45.681     51.875
     -7.007     97.088    202.902   -365.143    -15.851    -45.688     51.872
     -7.009     97.120    202.994   -365.247    -15.851    -45.696     51.869
     -7.011     97.151    203.085   -365.350    -15.852    -45.703     51.866
     -7.013     97.183    203.177   -365.454    -15.852    -45.710     51.863
     -7.015     97.215    203.268   -365.558    -15.852    -45.717     51.859
     -7.017     97.247    203.359   -365.662    -15.852    -45.725     51.856
     -7.019     97.278    203.451   -365.765    -15.853    -45.732     51.853
     -7.021     97.310    203.542   -365.869    -15.853    -45.739     51.850
     -7.023     97.342    203.634   -365.973    -15.853    -45.747     51.847
     -7.025     97.373    203.725   -366.076    -15.853    -45.754     51.844
     -7.027     97.405    203.817   -366.180    -15.853    -45.761     51.840
     -7.029     97.437    203.908   -366.284    -15.854    -45.768     51.837
     -7.031     97.469    204.000   -366.387    -15.854    -45.776     51.834
     -7.033     97.500    204.092   -366.491    -15.854    -45.783     51.831
     -7.035     97.532    204.183   -366.595    -15.854    -45.790     51.828
     -7.037     97.564    204.275   -366.698    -15.855    -45.798     51.825
     -7.039     97.595    204.366   -366.802    -15.855    -45.805     51.822
     -7.041     97.627    204.458   -366.906    -15.855    -45.812     51.818
     -7.043     97.659    204.550   -367.009    -15.855    -45.819     51.815
     -7.045     97.691    204.641   -367.113    -15.856    -45.827     51.812
     -7.047     97.722    204.733   -367.217    -15.856    -45.834     51.809
     -7.049     97.754    204.825   -367.320    -15.856    -45.841     51.806
     -7.051     97.786    204.916   -367.424    -15.856    -45.849     51.802
     -7.053     97.817    205.008   -367.527    -15.856    -45.856     51.799
     -7.055     97.849    205.100   -367.631    -15.857    -45.863     51.796
     -7.057     97.881    205.191   -367.735    -15.857    -45.870     51.793
     -7.059     97.912    205.283   -367.838    -15.857    -45.878     51.790
     -7.061     97.944    205.375   -367.942    -15.857    -45.885     51.787
     -7.063     97.976    205.467   -368.045    -15.858    -45.892     51.783
     -7.065     98.008    205.558   -368.149    -15.858    -45.900     51.780
     -7.067     98.039    205.650   -368.252    -15.858    -45.907     51.777
     -7.069     98.071    205.742   -368.356    -15.858    -45.914     51.774
     -7.071     98.103    205.834   -368.459    -15.859    -45.922     51.771
     -7.073     98.135    205.926   -368.563    -15.859    -45.929     51.767
     -7.075     98.166    206.018   -368.667    -15.859    -45.936     51.764
     -7.077     98.198    206.110   -368.770    -15.859    -45.944     51.761
     -7.079     98.230    206.201   -368.874    -15.859    -45.951     51.758
     -7.081     98.261    206.293   -368.977    -15.860    -45.958     51.755
     -7.083     98.293    206.385   -369.081    -15.860    -45.966     51.751
     -7.085     98.325    206.477   -369.184    -15.860    -45.973     51.748
     -7.087     98.357    206.569   -369.288    -15.860    -45.980     51.745
     -7.089     98.388    206.661   -369.391    -15.861    -45.988     51.742
     -7.091     98.420    206.753   -369.495    -15.861    -45.995     51.738
     -7.093     98.452    206.845   -369.598    -15.861    -46.002     51.735
     -7.095     98.483    206.937   -369.702    -15.861    -46.010     51.732
     -7.097     98.515    207.029   -369.805    -15.861    -46.017     51.729
     -7.099     98.547    207.121   -369.908    -15.862    -46.024     51.725
     -7.101     98.579    207.213   -370.012    -15.862    -46.032     51.722
     -7.103     98.610    207.305   -370.115    -15.862    -46.039     51.719
     -7.105     98.642    207.397   -370.219    -15.862    -46.046     51.716
     -7.107     98.674    207.489   -370.322    -15.863    -46.054     51.713
     -7.109     98.705    207.582   -370.426    -15.863    -46.061     51.709
     -7.111     98.737    207.674   -370.529    -15.863    -46.068     51.706
     -7.113     98.769    207.766   -370.632    -15.863    -46.076     51.703
     -7.115     98.801    207.858   -370.736    -15.863    -46.083     51.700
     -7.117     98.832    207.950   -370.839    -15.864    -46.090     51.696
     -7.119     98.864    208.042   -370.943    -15.864    -46.098     51.693
     -7.121     98.896    208.135   -371.046    -15.864    -46.105     51.690
     -7.123     98.928    208.227   -371.149    -15.864    -46.112     51.686
     -7.125     98.959    208.319   -371.253    -15.865    -46.120     51.683
     -7.127     98.991    208.411   -371.356    -15.865    -46.127     51.680
     -7.129     99.023    208.504   -371.459    -15.865    -46.135     51.677
     -7.131     99.055    208.596   -371.563    -15.865    -46.142     51.673
     -7.133     99.086    208.688   -371.666    -15.865    -46.149     51.670
     -7.135     99.118    208.780   -371.770    -15.866    -46.157     51.667
     -7.137     99.150    208.873   -371.873    -15.866    -46.164     51.664
     -7.139     99.181    208.965   -371.976    -15.866    -46.171     51.660
     -7.141     99.213    209.057   -372.079    -15.866    -46.179     51.657
     -7.143     99.245    209.150   -372.183    -15.867    -46.186     51.654
     -7.145     99.277    209.242   -372.286    -15.867    -46.193     51.650
     -7.147     99.308    209.335   -372.389    -15.867    -46.201     51.647
     -7.149     99.340    209.427   -372.493    -15.867    -46.208     51.644
     -7.151     99.372    209.519   -372.596    -15.867    -46.216     51.641
     -7.153     99.404    209.612   -372.699    -15.868    -46.223     51.637
     -7.155     99.435    209.704   -372.803    -15.868    -46.230     51.634
     -7.157     99.467    209.797   -372.906    -15.868    -46.238     51.631
     -7.159     99.499    209.889   -373.009    -15.868    -46.245     51.627
     -7.161     99.531    209.982   -373.112    -15.868    -46.253     51.624
     -7.163     99.562    210.074   -373.216    -15.869    -46.260     51.621
     -7.165     99.594    210.167   -373.319    -15.869    -46.267     51.617
     -7.167     99.626    210.259   -373.422    -15.869    -46.275     51.614
     -7.169     99.657    210.352   -373.525    -15.869    -46.282     51.611
     -7.171     99.689    210.444   -373.628    -15.870    -46.290     51.607
     -7.173     99.721    210.537   -373.732    -15.870    -46.297     51.604
     -7.175     99.753    210.630   -373.835    -15.870    -46.304     51.601
     -7.177     99.784    210.722   -373.938    -15.870    -46.312     51.597
     -7.179     99.816    210.815   -374.041    -15.870    -46.319     51.594
     -7.181     99.848    210.908   -374.144    -15.871    -46.327     51.591
     -7.183     99.880    211.000   -374.248    -15.871    -46.334     51.587
     -7.185     99.911    211.093   -374.351    -15.871    -46.341     51.584
     -7.187     99.943    211.186   -374.454    -15.871    -46.349     51.581
     -7.189     99.975    211.278   -374.557    -15.871    -46.356     51.577
     -7.191    100.007    211.371   -374.660    -15.872    -46.364     51.574
     -7.193    100.038    211.464   -374.763    -15.872    -46.371     51.571
     -7.195    100.070    211.556   -374.867    -15.872    -46.379     51.567
     -7.197    100.102    211.649   -374.970    -15.872    -46.386     51.564
     -7.199    100.134    211.742   -375.073    -15.872    -46.393     51.561
     -7.201    100.165    211.835   -375.176    -15.873    -46.401     51.557
     -7.203    100.197    211.928   -375.279    -15.873    -46.408     51.554
     -7.205    100.229    212.020   -375.382    -15.873    -46.416     51.551
     -7.207    100.261    212.113   -375.485    -15.873    -46.423     51.547
     -7.209    100.292    212.206   -375.588    -15.873    -46.431     51.544
     -7.211    100.324    212.299   -375.691    -15.874    -46.438     51.541
     -7.213    100.356    212.392   -375.794    -15.874    -46.445     51.537
     -7.215    100.388    212.485   -375.898    -15.874    -46.453     51.534
     -7.217    100.419    212.578   -376.001    -15.874    -46.460     51.530
     -7.219    100.451    212.671   -376.104    -15.875    -46.468     51.527
     -7.221    100.483    212.764   -376.207    -15.875    -46.475     51.524
     -7.223    100.515    212.857   -376.310    -15.875    -46.483     51.520
     -7.225    100.546    212.950   -376.413    -15.875    -46.490     51.517
     -7.227    100.578    213.042   -376.516    -15.875    -46.498     51.513
     -7.229    100.610    213.135   -376.619    -15.876    -46.505     51.510
     -7.231    100.642    213.229   -376.722    -15.876    -46.512     51.507
     -7.233    100.673    213.322   -376.825    -15.876    -46.520     51.503
     -7.235    100.705    213.415   -376.928    -15.876    -46.527     51.500
     -7.237    100.737    213.508   -377.031    -15.876    -46.535     51.496
     -7.239    100.769    213.601   -377.134    -15.877    -46.542     51.493
     -7.241    100.800    213.694   -377.237    -15.877    -46.550     51.490
     -7.243    100.832    213.787   -377.340    -15.877    -46.557     51.486
     -7.245    100.864    213.880   -377.443    -15.877    -46.565     51.483
     -7.247    100.896    213.973   -377.546    -15.877    -46.572     51.479
     -7.249    100.927    214.066   -377.649    -15.878    -46.580     51.476
     -7.251    100.959    214.160   -377.752    -15.878    -46.587     51.473
     -7.253    100.991    214.253   -377.855    -15.878    -46.595     51.469
     -7.255    101.023    214.346   -377.958    -15.878    -46.602     51.466
     -7.257    101.054    214.439   -378.060    -15.878    -46.610     51.462
     -7.259    101.086    214.532   -378.163    -15.879    -46.617     51.459
     -7.261    101.118    214.626   -378.266    -15.879    -46.625     51.455
     -7.263    101.150    214.719   -378.369    -15.879    -46.632     51.452
     -7.265    101.181    214.812   -378.472    -15.879    -46.640     51.449
     -7.267    101.213    214.905   -378.575    -15.879    -46.647     51.445
     -7.269    101.245    214.999   -378.678    -15.880    -46.655     51.442
     -7.271    101.277    215.092   -378.781    -15.880    -46.662     51.438
     -7.273    101.308    215.185   -378.884    -15.880    -46.670     51.435
     -7.275    101.340    215.279   -378.987    -15.880    -46.677     51.431
     -7.277    101.372    215.372   -379.089    -15.880    -46.685     51.428
     -7.279    101.404    215.465   -379.192    -15.881    -46.692     51.424
     -7.281    101.435    215.559   -379.295    -15.881    -46.700     51.421
     -7.283    101.467    215.652   -379.398    -15.881    -46.707     51.417
     -7.285    101.499    215.746   -379.501    -15.881    -46.715     51.414
     -7.287    101.531    215.839   -379.604    -15.881    -46.722     51.411
     -7.289    101.563    215.933   -379.706    -15.882    -46.730     51.407
     -7.291    101.594    216.026   -379.809    -15.882    -46.737     51.404
     -7.293    101.626    216.119   -379.912    -15.882    -46.745     51.400
     -7.295    101.658    216.213   -380.015    -15.882    -46.752     51.397
     -7.297    101.690    216.306   -380.118    -15.882    -46.760     51.393
     -7.299    101.721    216.400   -380.220    -15.882    -46.767     51.390
     -7.301    101.753    216.494   -380.323    -15.883    -46.775     51.386
     -7.303    101.785    216.587   -380.426    -15.883    -46.782     51.383
     -7.305    101.817    216.681   -380.529    -15.883    -46.790     51.379
     -7.307    101.848    216.774   -380.631    -15.883    -46.797     51.376
     -7.309    101.880    216.868   -380.734    -15.883    -46.805     51.372
     -7.311    101.912    216.961   -380.837    -15.884    -46.812     51.369
     -7.313    101.944    217.055   -380.940    -15.884    -46.820     51.365
     -7.315    101.975    217.149   -381.042    -15.884    -46.827     51.362
     -7.317    102.007    217.242   -381.145    -15.884    -46.835     51.358
     -7.319    102.039    217.336   -381.248    -15.884    -46.843     51.355
     -7.321    102.071    217.430   -381.351    -15.885    -46.850     51.351
     -7.323    102.103    217.524   -381.453    -15.885    -46.858     51.348
     -7.325    102.134    217.617   -381.556    -15.885    -46.865     51.344
     -7.327    102.166    217.711   -381.659    -15.885    -46.873     51.341
     -7.329    102.198    217.805   -381.761    -15.885    -46.880     51.337
     -7.331    102.230    217.898   -381.864    -15.886    -46.888     51.333
     -7.333    102.261    217.992   -381.967    -15.886    -46.895     51.330
     -7.335    102.293    218.086   -382.069    -15.886    -46.903     51.326
     -7.337    102.325    218.180   -382.172    -15.886    -46.911     51.323
     -7.339    102.357    218.274   -382.275    -15.886    -46.918     51.319
     -7.341    102.388    218.368   -382.377    -15.886    -46.926     51.316
     -7.343    102.420    218.461   -382.480    -15.887    -46.933     51.312
     -7.345    102.452    218.555   -382.582    -15.887    -46.941     51.309
     -7.347    102.484    218.649   -382.685    -15.887    -46.948     51.305
     -7.349    102.516    218.743   -382.788    -15.887    -46.956     51.302
     -7.351    102.547    218.837   -382.890    -15.887    -46.964     51.298
     -7.353    102.579    218.931   -382.993    -15.888    -46.971     51.294
     -7.355    102.611    219.025   -383.095    -15.888    -46.979     51.291
     -7.357    102.643    219.119   -383.198    -15.888    -46.986     51.287
     -7.359    102.674    219.213   -383.301    -15.888    -46.994     51.284
     -7.361    102.706    219.307   -383.403    -15.888    -47.002     51.280
     -7.363    102.738    219.401   -383.506    -15.888    -47.009     51.277
     -7.365    102.770    219.495   -383.608    -15.889    -47.017     51.273
     -7.367    102.802    219.589   -383.711    -15.889    -47.024     51.270
     -7.369    102.833    219.683   -383.813    -15.889    -47.032     51.266
     -7.371    102.865    219.777   -383.916    -15.889    -47.040     51.262
     -7.373    102.897    219.871   -384.018    -15.889    -47.047     51.259
     -7.375    102.929    219.965   -384.121    -15.890    -47.055     51.255
     -7.377    102.960    220.059   -384.223    -15.890    -47.062     51.252
     -7.379    102.992    220.153   -384.326    -15.890    -47.070     51.248
     -7.381    103.024    220.248   -384.428    -15.890    -47.078     51.244
     -7.383    103.056    220.342   -384.531    -15.890    -47.085     51.241
     -7.385    103.088    220.436   -384.633    -15.890    -47.093     51.237
     -7.387    103.119    220.530   -384.736    -15.891    -47.100     51.234
     -7.389    103.151    220.624   -384.838    -15.891    -47.108     51.230
     -7.391    103.183    220.719   -384.941    -15.891    -47.116     51.226
     -7.393    103.215    220.813   -385.043    -15.891    -47.123     51.223
     -7.395    103.246    220.907   -385.146    -15.891    -47.131     51.219
     -7.397    103.278    221.001   -385.248    -15.892    -47.139     51.215
     -7.399    103.310    221.096   -385.350    -15.892    -47.146     51.212
     -7.401    103.342    221.190   -385.453    -15.892    -47.154     51.208
     -7.403    103.374    221.284   -385.555    -15.892    -47.161     51.205
     -7.405    103.405    221.379   -385.658    -15.892    -47.169     51.201
     -7.407    103.437    221.473   -385.760    -15.892    -47.177     51.197
     -7.409    103.469    221.567   -385.863    -15.893    -47.184     51.194
     -7.411    103.501    221.662   -385.965    -15.893    -47.192     51.190
     -7.413    103.533    221.756   -386.067    -15.893    -47.200     51.186
     -7.415    103.564    221.850   -386.170    -15.893    -47.207     51.183
     -7.417    103.596    221.945   -386.272    -15.893    -47.215     51.179
     -7.419    103.628    222.039   -386.374    -15.893    -47.223     51.175
     -7.421    103.660    222.134   -386.477    -15.894    -47.230     51.172
     -7.423    103.691    222.228   -386.579    -15.894    -47.238     51.168
     -7.425    103.723    222.323   -386.681    -15.894    -47.246     51.164
     -7.427    103.755    222.417   -386.784    -15.894    -47.253     51.161
     -7.429    103.787    222.512   -386.886    -15.894    -47.261     51.157
     -7.431    103.819    222.606   -386.988    -15.895    -47.269     51.153
     -7.433    103.850    222.701   -387.091    -15.895    -47.276     51.150
     -7.435    103.882    222.795   -387.193    -15.895    -47.284     51.146
     -7.437    103.914    222.890   -387.295    -15.895    -47.292     51.142
     -7.439    103.946    222.985   -387.398    -15.895    -47.299     51.139
     -7.441    103.978    223.079   -387.500    -15.895    -47.307     51.135
     -7.443    104.009    223.174   -387.602    -15.896    -47.315     51.131
     -7.445    104.041    223.268   -387.704    -15.896    -47.322     51.128
     -7.447    104.073    223.363   -387.807    -15.896    -47.330     51.124
     -7.449    104.105    223.458   -387.909    -15.896    -47.338     51.120
     -7.451    104.137    223.552   -388.011    -15.896    -47.345     51.117
     -7.453    104.168    223.647   -388.113    -15.896    -47.353     51.113
     -7.455    104.200    223.742   -388.215    -15.897    -47.361     51.109
     -7.457    104.232    223.837   -388.318    -15.897    -47.369     51.105
     -7.459    104.264    223.931   -388.420    -15.897    -47.376     51.102
     -7.461    104.296    224.026   -388.522    -15.897    -47.384     51.098
     -7.463    104.327    224.121   -388.624    -15.897    -47.392     51.094
     -7.465    104.359    224.216   -388.726    -15.897    -47.399     51.091
     -7.467    104.391    224.310   -388.829    -15.898    -47.407     51.087
     -7.469    104.423    224.405   -388.931    -15.898    -47.415     51.083
     -7.471    104.454    224.500   -389.033    -15.898    -47.422     51.079
     -7.473    104.486    224.595   -389.135    -15.898    -47.430     51.076
     -7.475    104.518    224.690   -389.237    -15.898    -47.438     51.072
     -7.477    104.550    224.785   -389.339    -15.898    -47.446     51.068
     -7.479    104.582    224.880   -389.442    -15.899    -47.453     51.064
     -7.481    104.613    224.975   -389.544    -15.899    -47.461     51.061
     -7.483    104.645    225.069   -389.646    -15.899    -47.469     51.057
     -7.485    104.677    225.164   -389.748    -15.899    -47.477     51.053
     -7.487    104.709    225.259   -389.850    -15.899    -47.484     51.049
     -7.489    104.741    225.354   -389.952    -15.899    -47.492     51.046
     -7.491    104.772    225.449   -390.054    -15.900    -47.500     51.042
     -7.493    104.804    225.544   -390.156    -15.900    -47.508     51.038
     -7.495    104.836    225.639   -390.258    -15.900    -47.515     51.034
     -7.497    104.868    225.734   -390.360    -15.900    -47.523     51.031
     -7.499    104.900    225.829   -390.462    -15.900    -47.531     51.027
     -7.501    104.931    225.924   -390.565    -15.900    -47.539     51.023
     -7.503    104.963    226.020   -390.667    -15.900    -47.546     51.019
     -7.505    104.995    226.115   -390.769    -15.901    -47.554     51.016
     -7.507    105.027    226.210   -390.871    -15.901    -47.562     51.012
     -7.509    105.059    226.305   -390.973    -15.901    -47.570     51.008
     -7.511    105.090    226.400   -391.075    -15.901    -47.577     51.004
     -7.513    105.122    226.495   -391.177    -15.901    -47.585     51.000
     -7.515    105.154    226.590   -391.279    -15.901    -47.593     50.997
     -7.517    105.186    226.686   -391.381    -15.902    -47.601     50.993
     -7.519    105.218    226.781   -391.483    -15.902    -47.608     50.989
     -7.521    105.249    226.876   -391.585    -15.902    -47.616     50.985
     -7.523    105.281    226.971   -391.687    -15.902    -47.624     50.981
     -7.525    105.313    227.067   -391.789    -15.902    -47.632     50.978
     -7.527    105.345    227.162   -391.891    -15.902    -47.640     50.974
     -7.529    105.377    227.257   -391.992    -15.903    -47.647     50.970
     -7.531    105.409    227.352   -392.094    -15.903    -47.655     50.966
     -7.533    105.440    227.448   -392.196    -15.903    -47.663     50.962
     -7.535    105.472    227.543   -392.298    -15.903    -47.671     50.958
     -7.537    105.504    227.638   -392.400    -15.903    -47.679     50.955
     -7.539    105.536    227.734   -392.502    -15.903    -47.686     50.951
     -7.541    105.568    227.829   -392.604    -15.903    -47.694     50.947
     -7.543    105.599    227.925   -392.706    -15.904    -47.702     50.943
     -7.545    105.631    228.020   -392.808    -15.904    -47.710     50.939
     -7.547    105.663    228.115   -392.910    -15.904    -47.718     50.935
     -7.549    105.695    228.211   -393.011    -15.904    -47.725     50.932
     -7.551    105.727    228.306   -393.113    -15.904    -47.733     50.928
     -7.553    105.758    228.402   -393.215    -15.904    -47.741     50.924
     -7.555    105.790    228.497   -393.317    -15.905    -47.749     50.920
     -7.557    105.822    228.593   -393.419    -15.905    -47.757     50.916
     -7.559    105.854    228.688   -393.521    -15.905    -47.764     50.912
     -7.561    105.886    228.784   -393.623    -15.905    -47.772     50.908
     -7.563    105.917    228.879   -393.724    -15.905    -47.780     50.905
     -7.565    105.949    228.975   -393.826    -15.905    -47.788     50.901
     -7.567    105.981    229.071   -393.928    -15.905    -47.796     50.897
     -7.569    106.013    229.166   -394.030    -15.906    -47.804     50.893
     -7.571    106.045    229.262   -394.131    -15.906    -47.812     50.889
     -7.573    106.076    229.357   -394.233    -15.906    -47.819     50.885
     -7.575    106.108    229.453   -394.335    -15.906    -47.827     50.881
     -7.577    106.140    229.549   -394.437    -15.906    -47.835     50.877
     -7.579    106.172    229.644   -394.539    -15.906    -47.843     50.873
     -7.581    106.204    229.740   -394.640    -15.906    -47.851     50.870
     -7.583    106.236    229.836   -394.742    -15.907    -47.859     50.866
     -7.585    106.267    229.931   -394.844    -15.907    -47.866     50.862
     -7.587    106.299    230.027   -394.945    -15.907    -47.874     50.858
     -7.589    106.331    230.123   -395.047    -15.907    -47.882     50.854
     -7.591    106.363    230.219   -395.149    -15.907    -47.890     50.850
     -7.593    106.395    230.315   -395.251    -15.907    -47.898     50.846
     -7.595    106.426    230.410   -395.352    -15.907    -47.906     50.842
     -7.597    106.458    230.506   -395.454    -15.908    -47.914     50.838
     -7.599    106.490    230.602   -395.556    -15.908    -47.922     50.834
     -7.601    106.522    230.698   -395.657    -15.908    -47.929     50.830
     -7.603    106.554    230.794   -395.759    -15.908    -47.937     50.826
     -7.605    106.586    230.890   -395.861    -15.908    -47.945     50.822
     -7.607    106.617    230.985   -395.962    -15.908    -47.953     50.818
     -7.609    106.649    231.081   -396.064    -15.908    -47.961     50.815
     -7.611    106.681    231.177   -396.165    -15.909    -47.969     50.811
     -7.613    106.713    231.273   -396.267    -15.909    -47.977     50.807
     -7.615    106.745    231.369   -396.369    -15.909    -47.985     50.803
     -7.617    106.776    231.465   -396.470    -15.909    -47.993     50.799
     -7.619    106.808    231.561   -396.572    -15.909    -48.001     50.795
     -7.621    106.840    231.657   -396.673    -15.909    -48.008     50.791
     -7.623    106.872    231.753   -396.775    -15.909    -48.016     50.787
     -7.625    106.904    231.849   -396.877    -15.910    -48.024     50.783
     -7.627    106.936    231.945   -396.978    -15.910    -48.032     50.779
     -7.629    106.967    232.041   -397.080    -15.910    -48.040     50.775
     -7.631    106.999    232.138   -397.181    -15.910    -48.048     50.771
     -7.633    107.031    232.234   -397.283    -15.910    -48.056     50.767
     -7.635    107.063    232.330   -397.384    -15.910    -48.064     50.763
     -7.637    107.095    232.426   -397.486    -15.910    -48.072     50.759
     -7.639    107.126    232.522   -397.587    -15.910    -48.080     50.755
     -7.641    107.158    232.618   -397.689    -15.911    -48.088     50.751
     -7.643    107.190    232.714   -397.790    -15.911    -48.096     50.747
     -7.645    107.222    232.811   -397.892    -15.911    -48.104     50.743
     -7.647    107.254    232.907   -397.993    -15.911    -48.112     50.739
     -7.649    107.286    233.003   -398.095    -15.911    -48.119     50.735
     -7.651    107.317    233.099   -398.196    -15.911    -48.127     50.731
     -7.653    107.349    233.196   -398.298    -15.911    -48.135     50.727
     -7.655    107.381    233.292   -398.399    -15.912    -48.143     50.723
     -7.657    107.413    233.388   -398.501    -15.912    -48.151     50.719
     -7.659    107.445    233.484   -398.602    -15.912    -48.159     50.715
     -7.661    107.476    233.581   -398.704    -15.912    -48.167     50.711
     -7.663    107.508    233.677   -398.805    -15.912    -48.175     50.707
     -7.665    107.540    233.773   -398.906    -15.912    -48.183     50.703
     -7.667    107.572    233.870   -399.008    -15.912    -48.191     50.699
     -7.669    107.604    233.966   -399.109    -15.912    -48.199     50.694
     -7.671    107.636    234.063   -399.211    -15.913    -48.207     50.690
     -7.673    107.667    234.159   -399.312    -15.913    -48.215     50.686
     -7.675    107.699    234.255   -399.413    -15.913    -48.223     50.682
     -7.677    107.731    234.352   -399.515    -15.913    -48.231     50.678
     -7.679    107.763    234.448   -399.616    -15.913    -48.239     50.674
     -7.681    107.795    234.545   -399.717    -15.913    -48.247     50.670
     -7.683    107.827    234.641   -399.819    -15.913    -48.255     50.666
     -7.685    107.858    234.738   -399.920    -15.913    -48.263     50.662
     -7.687    107.890    234.834   -400.021    -15.914    -48.271     50.658
     -7.689    107.922    234.931   -400.123    -15.914    -48.279     50.654
     -7.691    107.954    235.028   -400.224    -15.914    -48.287     50.650
     -7.693    107.986    235.124   -400.325    -15.914    -48.295     50.646
     -7.695    108.018    235.221   -400.427    -15.914    -48.303     50.641
     -7.697    108.049    235.317   -400.528    -15.914    -48.311     50.637
     -7.699    108.081    235.414   -400.629    -15.914    -48.319     50.633
     -7.701    108.113    235.511   -400.730    -15.914    -48.327     50.629
     -7.703    108.145    235.607   -400.832    -15.915    -48.335     50.625
     -7.705    108.177    235.704   -400.933    -15.915    -48.343     50.621
     -7.707    108.208    235.801   -401.034    -15.915    -48.351     50.617
     -7.709    108.240    235.897   -401.135    -15.915    -48.359     50.613
     -7.711    108.272    235.994   -401.237    -15.915    -48.367     50.609
     -7.713    108.304    236.091   -401.338    -15.915    -48.375     50.604
     -7.715    108.336    236.188   -401.439    -15.915    -48.383     50.600
     -7.717    108.368    236.284   -401.540    -15.915    -48.391     50.596
     -7.719    108.399    236.381   -401.641    -15.916    -48.400     50.592
     -7.721    108.431    236.478   -401.743    -15.916    -48.408     50.588
     -7.723    108.463    236.575   -401.844    -15.916    -48.416     50.584
     -7.725    108.495    236.672   -401.945    -15.916    -48.424     50.580
     -7.727    108.527    236.768   -402.046    -15.916    -48.432     50.575
     -7.729    108.559    236.865   -402.147    -15.916    -48.440     50.571
     -7.731    108.590    236.962   -402.248    -15.916    -48.448     50.567
     -7.733    108.622    237.059   -402.349    -15.916    -48.456     50.563
     -7.735    108.654    237.156   -402.451    -15.917    -48.464     50.559
     -7.737    108.686    237.253   -402.552    -15.917    -48.472     50.555
     -7.739    108.718    237.350   -402.653    -15.917    -48.480     50.550
     -7.741    108.750    237.447   -402.754    -15.917    -48.488     50.546
     -7.743    108.781    237.544   -402.855    -15.917    -48.496     50.542
     -7.745    108.813    237.641   -402.956    -15.917    -48.504     50.538
     -7.747    108.845    237.738   -403.057    -15.917    -48.513     50.534
     -7.749    108.877    237.835   -403.158    -15.917    -48.521     50.529
     -7.751    108.909    237.932   -403.259    -15.917    -48.529     50.525
     -7.753    108.941    238.029   -403.360    -15.918    -48.537     50.521
     -7.755    108.972    238.126   -403.461    -15.918    -48.545     50.517
     -7.757    109.004    238.223   -403.562    -15.918    -48.553     50.513
     -7.759    109.036    238.320   -403.663    -15.918    -48.561     50.508
     -7.761    109.068    238.417   -403.764    -15.918    -48.569     50.504
     -7.763    109.100    238.515   -403.865    -15.918    -48.577     50.500
     -7.765    109.132    238.612   -403.966    -15.918    -48.586     50.496
     -7.767    109.163    238.709   -404.067    -15.918    -48.594     50.492
     -7.769    109.195    238.806   -404.168    -15.918    -48.602     50.487
     -7.771    109.227    238.903   -404.269    -15.919    -48.610     50.483
     -7.773    109.259    239.001   -404.370    -15.919    -48.618     50.479
     -7.775    109.291    239.098   -404.471    -15.919    -48.626     50.475
     -7.777    109.323    239.195   -404.572    -15.919    -48.634     50.470
     -7.779    109.355    239.292   -404.673    -15.919    -48.642     50.466
     -7.781    109.386    239.390   -404.774    -15.919    -48.651     50.462
     -7.783    109.418    239.487   -404.875    -15.919    -48.659     50.458
     -7.785    109.450    239.584   -404.976    -15.919    -48.667     50.453
     -7.787    109.482    239.682   -405.077    -15.919    -48.675     50.449
     -7.789    109.514    239.779   -405.178    -15.920    -48.683     50.445
     -7.791    109.546    239.876   -405.279    -15.920    -48.691     50.440
     -7.793    109.577    239.974   -405.379    -15.920    -48.700     50.436
     -7.795    109.609    240.071   -405.480    -15.920    -48.708     50.432
     -7.797    109.641    240.169   -405.581    -15.920    -48.716     50.428
     -7.799    109.673    240.266   -405.682    -15.920    -48.724     50.423
     -7.801    109.705    240.364   -405.783    -15.920    -48.732     50.419
     -7.803    109.737    240.461   -405.884    -15.920    -48.740     50.415
     -7.805    109.768    240.558   -405.984    -15.920    -48.749     50.410
     -7.807    109.800    240.656   -406.085    -15.920    -48.757     50.406
     -7.809    109.832    240.754   -406.186    -15.921    -48.765     50.402
     -7.811    109.864    240.851   -406.287    -15.921    -48.773     50.397
     -7.813    109.896    240.949   -406.388    -15.921    -48.781     50.393
     -7.815    109.928    241.046   -406.488    -15.921    -48.790     50.389
     -7.817    109.959    241.144   -406.589    -15.921    -48.798     50.385
     -7.819    109.991    241.241   -406.690    -15.921    -48.806     50.380
     -7.821    110.023    241.339   -406.791    -15.921    -48.814     50.376
     -7.823    110.055    241.437   -406.892    -15.921    -48.822     50.372
     -7.825    110.087    241.534   -406.992    -15.921    -48.831     50.367
     -7.827    110.119    241.632   -407.093    -15.921    -48.839     50.363
     -7.829    110.151    241.730   -407.194    -15.922    -48.847     50.358
     -7.831    110.182    241.827   -407.294    -15.922    -48.855     50.354
     -7.833    110.214    241.925   -407.395    -15.922    -48.864     50.350
     -7.835    110.246    242.023   -407.496    -15.922    -48.872     50.345
     -7.837    110.278    242.121   -407.597    -15.922    -48.880     50.341
     -7.839    110.310    242.218   -407.697    -15.922    -48.888     50.337
     -7.841    110.342    242.316   -407.798    -15.922    -48.897     50.332
     -7.843    110.373    242.414   -407.899    -15.922    -48.905     50.328
     -7.845    110.405    242.512   -407.999    -15.922    -48.913     50.324
     -7.847    110.437    242.610   -408.100    -15.922    -48.921     50.319
     -7.849    110.469    242.707   -408.200    -15.922    -48.930     50.315
     -7.851    110.501    242.805   -408.301    -15.923    -48.938     50.310
     -7.853    110.533    242.903   -408.402    -15.923    -48.946     50.306
     -7.855    110.565    243.001   -408.502    -15.923    -48.954     50.302
     -7.857    110.596    243.099   -408.603    -15.923    -48.963     50.297
     -7.859    110.628    243.197   -408.703    -15.923    -48.971     50.293
     -7.861    110.660    243.295   -408.804    -15.923    -48.979     50.288
     -7.863    110.692    243.393   -408.905    -15.923    -48.987     50.284
     -7.865    110.724    243.491   -409.005    -15.923    -48.996     50.279
     -7.867    110.756    243.589   -409.106    -15.923    -49.004     50.275
     -7.869    110.787    243.687   -409.206    -15.923    -49.012     50.271
     -7.871    110.819    243.785   -409.307    -15.923    -49.021     50.266
     -7.873    110.851    243.883   -409.407    -15.924    -49.029     50.262
     -7.875    110.883    243.981   -409.508    -15.924    -49.037     50.257
     -7.877    110.915    244.079   -409.608    -15.924    -49.045     50.253
     -7.879    110.947    244.177   -409.709    -15.924    -49.054     50.248
     -7.881    110.979    244.275   -409.809    -15.924    -49.062     50.244
     -7.883    111.010    244.373   -409.910    -15.924    -49.070     50.239
     -7.885    111.042    244.472   -410.010    -15.924    -49.079     50.235
     -7.887    111.074    244.570   -410.111    -15.924    -49.087     50.231
     -7.889    111.106    244.668   -410.211    -15.924    -49.095     50.226
     -7.891    111.138    244.766   -410.312    -15.924    -49.104     50.222
     -7.893    111.170    244.864   -410.412    -15.924    -49.112     50.217
     -7.895    111.201    244.963   -410.513    -15.924    -49.120     50.213
     -7.897    111.233    245.061   -410.613    -15.925    -49.129     50.208
     -7.899    111.265    245.159   -410.713    -15.925    -49.137     50.204
     -7.901    111.297    245.257   -410.814    -15.925    -49.145     50.199
     -7.903    111.329    245.356   -410.914    -15.925    -49.154     50.195
     -7.905    111.361    245.454   -411.015    -15.925    -49.162     50.190
     -7.907    111.393    245.552   -411.115    -15.925    -49.170     50.186
     -7.909    111.424    245.651   -411.215    -15.925    -49.179     50.181
     -7.911    111.456    245.749   -411.316    -15.925    -49.187     50.177
     -7.913    111.488    245.847   -411.416    -15.925    -49.196     50.172
     -7.915    111.520    245.946   -411.516    -15.925    -49.204     50.168
     -7.917    111.552    246.044   -411.617    -15.925    -49.212     50.163
     -7.919    111.584    246.143   -411.717    -15.925    -49.221     50.158
     -7.921    111.615    246.241   -411.817    -15.926    -49.229     50.154
     -7.923    111.647    246.340   -411.918    -15.926    -49.237     50.149
     -7.925    111.679    246.438   -412.018    -15.926    -49.246     50.145
     -7.927    111.711    246.537   -412.118    -15.926    -49.254     50.140
     -7.929    111.743    246.635   -412.218    -15.926    -49.263     50.136
     -7.931    111.775    246.734   -412.319    -15.926    -49.271     50.131
     -7.933    111.807    246.832   -412.419    -15.926    -49.279     50.127
     -7.935    111.838    246.931   -412.519    -15.926    -49.288     50.122
     -7.937    111.870    247.029   -412.620    -15.926    -49.296     50.117
     -7.939    111.902    247.128   -412.720    -15.926    -49.305     50.113
     -7.941    111.934    247.227   -412.820    -15.926    -49.313     50.108
     -7.943    111.966    247.325   -412.920    -15.926    -49.322     50.104
     -7.945    111.998    247.424   -413.020    -15.926    -49.330     50.099
     -7.947    112.030    247.522   -413.121    -15.926    -49.338     50.095
     -7.949    112.061    247.621   -413.221    -15.927    -49.347     50.090
     -7.951    112.093    247.720   -413.321    -15.927    -49.355     50.085
     -7.953    112.125    247.819   -413.421    -15.927    -49.364     50.081
     -7.955    112.157    247.917   -413.521    -15.927    -49.372     50.076
     -7.957    112.189    248.016   -413.621    -15.927    -49.381     50.071
     -7.959    112.221    248.115   -413.722    -15.927    -49.389     50.067
     -7.961    112.253    248.214   -413.822    -15.927    -49.397     50.062
     -7.963    112.284    248.312   -413.922    -15.927    -49.406     50.058
     -7.965    112.316    248.411   -414.022    -15.927    -49.414     50.053
     -7.967    112.348    248.510   -414.122    -15.927    -49.423     50.048
     -7.969    112.380    248.609   -414.222    -15.927    -49.431     50.044
     -7.971    112.412    248.708   -414.322    -15.927    -49.440     50.039
     -7.973    112.444    248.807   -414.422    -15.927    -49.448     50.034
     -7.975    112.476    248.906   -414.522    -15.927    -49.457     50.030
     -7.977    112.507    249.005   -414.622    -15.927    -49.465     50.025
     -7.979    112.539    249.103   -414.722    -15.928    -49.474     50.020
     -7.981    112.571    249.202   -414.822    -15.928    -49.482     50.016
     -7.983    112.603    249.301   -414.922    -15.928    -49.491     50.011
     -7.985    112.635    249.400   -415.022    -15.928    -49.499     50.006
     -7.987    112.667    249.499   -415.123    -15.928    -49.508     50.002
     -7.989    112.699    249.598   -415.223    -15.928    -49.516     49.997
     -7.991    112.730    249.697   -415.322    -15.928    -49.525     49.992
     -7.993    112.762    249.796   -415.422    -15.928    -49.533     49.988
     -7.995    112.794    249.896   -415.522    -15.928    -49.542     49.983
     -7.997    112.826    249.995   -415.622    -15.928    -49.550     49.978
     -7.999    112.858    250.094   -415.722    -15.928    -49.559     49.973
     -8.001    112.890    250.193   -415.822    -15.928    -49.567     49.969
     -8.003    112.922    250.292   -415.922    -15.928    -49.576     49.964
     -8.005    112.953    250.391   -416.022    -15.928    -49.584     49.959
     -8.007    112.985    250.490   -416.122    -15.928    -49.593     49.955
     -8.009    113.017    250.590   -416.222    -15.928    -49.602     49.950
     -8.011    113.049    250.689   -416.322    -15.928    -49.610     49.945
     -8.013    113.081    250.788   -416.422    -15.929    -49.619     49.940
     -8.015    113.113    250.887   -416.522    -15.929    -49.627     49.936
     -8.017    113.145    250.987   -416.621    -15.929    -49.636     49.931
     -8.019    113.176    251.086   -416.721    -15.929    -49.644     49.926
     -8.021    113.208    251.185   -416.821    -15.929    -49.653     49.921
     -8.023    113.240    251.284   -416.921    -15.929    -49.661     49.917
     -8.025    113.272    251.384   -417.021    -15.929    -49.670     49.912
     -8.027    113.304    251.483   -417.121    -15.929    -49.679     49.907
     -8.029    113.336    251.582   -417.220    -15.929    -49.687     49.902
     -8.031    113.368    251.682   -417.320    -15.929    -49.696     49.897
     -8.033    113.399    251.781   -417.420    -15.929    -49.704     49.893
     -8.035    113.431    251.881   -417.520    -15.929    -49.713     49.888
     -8.037    113.463    251.980   -417.620    -15.929    -49.722     49.883
     -8.039    113.495    252.080   -417.719    -15.929    -49.730     49.878
     -8.041    113.527    252.179   -417.819    -15.929    -49.739     49.873
     -8.043    113.559    252.279   -417.919    -15.929    -49.747     49.869
     -8.045    113.591    252.378   -418.019    -15.929    -49.756     49.864
     -8.047    113.622    252.478   -418.118    -15.929    -49.765     49.859
     -8.049    113.654    252.577   -418.218    -15.929    -49.773     49.854
     -8.051    113.686    252.677   -418.318    -15.929    -49.782     49.849
     -8.053    113.718    252.776   -418.417    -15.929    -49.791     49.844
     -8.055    113.750    252.876   -418.517    -15.930    -49.799     49.840
     -8.057    113.782    252.975   -418.617    -15.930    -49.808     49.835
     -8.059    113.814    253.075   -418.716    -15.930    -49.816     49.830
     -8.061    113.845    253.175   -418.816    -15.930    -49.825     49.825
     -8.063    113.877    253.274   -418.916    -15.930    -49.834     49.820
     -8.065    113.909    253.374   -419.015    -15.930    -49.842     49.815
     -8.067    113.941    253.474   -419.115    -15.930    -49.851     49.810
     -8.069    113.973    253.573   -419.215    -15.930    -49.860     49.806
     -8.071    114.005    253.673   -419.314    -15.930    -49.868     49.801
     -8.073    114.037    253.773   -419.414    -15.930    -49.877     49.796
     -8.075    114.068    253.873   -419.513    -15.930    -49.886     49.791
     -8.077    114.100    253.972   -419.613    -15.930    -49.894     49.786
     -8.079    114.132    254.072   -419.713    -15.930    -49.903     49.781
     -8.081    114.164    254.172   -419.812    -15.930    -49.912     49.776
     -8.083    114.196    254.272   -419.912    -15.930    -49.921     49.771
     -8.085    114.228    254.372   -420.011    -15.930    -49.929     49.766
     -8.087    114.260    254.472   -420.111    -15.930    -49.938     49.761
     -8.089    114.291    254.571   -420.210    -15.930    -49.947     49.756
     -8.091    114.323    254.671   -420.310    -15.930    -49.955     49.752
     -8.093    114.355    254.771   -420.409    -15.930    -49.964     49.747
     -8.095    114.387    254.871   -420.509    -15.930    -49.973     49.742
     -8.097    114.419    254.971   -420.608    -15.930    -49.981     49.737
     -8.099    114.451    255.071   -420.708    -15.930    -49.990     49.732
     -8.101    114.483    255.171   -420.807    -15.930    -49.999     49.727
     -8.103    114.514    255.271   -420.907    -15.930    -50.008     49.722
     -8.105    114.546    255.371   -421.006    -15.930    -50.016     49.717
     -8.107    114.578    255.471   -421.105    -15.930    -50.025     49.712
     -8.109    114.610    255.571   -421.205    -15.931    -50.034     49.707
     -8.111    114.642    255.671   -421.304    -15.931    -50.043     49.702
     -8.113    114.674    255.771   -421.404    -15.931    -50.051     49.697
     -8.115    114.706    255.872   -421.503    -15.931    -50.060     49.692
     -8.117    114.737    255.972   -421.602    -15.931    -50.069     49.687
     -8.119    114.769    256.072   -421.702    -15.931    -50.078     49.682
     -8.121    114.801    256.172   -421.801    -15.931    -50.086     49.677
     -8.123    114.833    256.272   -421.901    -15.931    -50.095     49.672
     -8.125    114.865    256.372   -422.000    -15.931    -50.104     49.667
     -8.127    114.897    256.473   -422.099    -15.931    -50.113     49.662
     -8.129    114.929    256.573   -422.199    -15.931    -50.122     49.657
     -8.131    114.961    256.673   -422.298    -15.931    -50.130     49.652
     -8.133    114.992    256.773   -422.397    -15.931    -50.139     49.647
     -8.135    115.024    256.874   -422.496    -15.931    -50.148     49.642
     -8.137    115.056    256.974   -422.596    -15.931    -50.157     49.637
     -8.139    115.088    257.074   -422.695    -15.931    -50.166     49.632
     -8.141    115.120    257.175   -422.794    -15.931    -50.174     49.627
     -8.143    115.152    257.275   -422.893    -15.931    -50.183     49.622
     -8.145    115.184    257.375   -422.993    -15.931    -50.192     49.616
     -8.147    115.215    257.476   -423.092    -15.931    -50.201     49.611
     -8.149    115.247    257.576   -423.191    -15.931    -50.210     49.606
     -8.151    115.279    257.677   -423.290    -15.931    -50.219     49.601
     -8.153    115.311    257.777   -423.390    -15.931    -50.227     49.596
     -8.155    115.343    257.877   -423.489    -15.931    -50.236     49.591
     -8.157    115.375    257.978   -423.588    -15.931    -50.245     49.586
     -8.159    115.407    258.078   -423.687    -15.931    -50.254     49.581
     -8.161    115.438    258.179   -423.786    -15.931    -50.263     49.576
     -8.163    115.470    258.280   -423.885    -15.931    -50.272     49.571
     -8.165    115.502    258.380   -423.985    -15.931    -50.281     49.565
     -8.167    115.534    258.481   -424.084    -15.931    -50.289     49.560
     -8.169    115.566    258.581   -424.183    -15.931    -50.298     49.555
     -8.171    115.598    258.682   -424.282    -15.931    -50.307     49.550
     -8.173    115.630    258.782   -424.381    -15.931    -50.316     49.545
     -8.175    115.661    258.883   -424.480    -15.931    -50.325     49.540
     -8.177    115.693    258.984   -424.579    -15.931    -50.334     49.535
     -8.179    115.725    259.084   -424.678    -15.931    -50.343     49.529
     -8.181    115.757    259.185   -424.777    -15.931    -50.352     49.524
     -8.183    115.789    259.286   -424.876    -15.931    -50.361     49.519
     -8.185    115.821    259.387   -424.975    -15.931    -50.370     49.514
     -8.187    115.853    259.487   -425.074    -15.931    -50.378     49.509
     -8.189    115.885    259.588   -425.173    -15.931    -50.387     49.504
     -8.191    115.916    259.689   -425.272    -15.931    -50.396     49.498
     -8.193    115.948    259.790   -425.371    -15.931    -50.405     49.493
     -8.195    115.980    259.890   -425.470    -15.931    -50.414     49.488
     -8.197    116.012    259.991   -425.569    -15.931    -50.423     49.483
     -8.199    116.044    260.092   -425.668    -15.931    -50.432     49.478
     -8.201    116.076    260.193   -425.767    -15.931    -50.441     49.472
     -8.203    116.108    260.294   -425.866    -15.931    -50.450     49.467
     -8.205    116.139    260.395   -425.965    -15.931    -50.459     49.462
     -8.207    116.171    260.496   -426.064    -15.931    -50.468     49.457
     -8.209    116.203    260.597   -426.163    -15.931    -50.477     49.451
     -8.211    116.235    260.698   -426.262    -15.931    -50.486     49.446
     -8.213    116.267    260.799   -426.361    -15.931    -50.495     49.441
     -8.215    116.299    260.900   -426.460    -15.931    -50.504     49.436
     -8.217    116.331    261.001   -426.558    -15.931    -50.513     49.430
     -8.219    116.362    261.102   -426.657    -15.931    -50.522     49.425
     -8.221    116.394    261.203   -426.756    -15.931    -50.531     49.420
     -8.223    116.426    261.304   -426.855    -15.931    -50.540     49.415
     -8.225    116.458    261.405   -426.954    -15.931    -50.549     49.409
     -8.227    116.490    261.506   -427.053    -15.931    -50.558     49.404
     -8.229    116.522    261.607   -427.151    -15.931    -50.567     49.399
     -8.231    116.554    261.708   -427.250    -15.931    -50.576     49.393
     -8.233    116.585    261.809   -427.349    -15.931    -50.585     49.388
     -8.235    116.617    261.911   -427.448    -15.931    -50.594     49.383
     -8.237    116.649    262.012   -427.547    -15.931    -50.603     49.377
     -8.239    116.681    262.113   -427.645    -15.931    -50.612     49.372
     -8.241    116.713    262.214   -427.744    -15.931    -50.621     49.367
     -8.243    116.745    262.316   -427.843    -15.931    -50.630     49.361
     -8.245    116.777    262.417   -427.941    -15.931    -50.639     49.356
     -8.247    116.809    262.518   -428.040    -15.931    -50.648     49.351
     -8.249    116.840    262.619   -428.139    -15.931    -50.657     49.345
     -8.251    116.872    262.721   -428.238    -15.931    -50.666     49.340
     -8.253    116.904    262.822   -428.336    -15.931    -50.675     49.335
     -8.255    116.936    262.923   -428.435    -15.931    -50.684     49.329
     -8.257    116.968    263.025   -428.534    -15.931    -50.694     49.324
     -8.259    117.000    263.126   -428.632    -15.931    -50.703     49.318
     -8.261    117.032    263.228   -428.731    -15.931    -50.712     49.313
     -8.263    117.063    263.329   -428.829    -15.931    -50.721     49.308
     -8.265    117.095    263.430   -428.928    -15.931    -50.730     49.302
     -8.267    117.127    263.532   -429.027    -15.931    -50.739     49.297
     -8.269    117.159    263.633   -429.125    -15.931    -50.748     49.291
     -8.271    117.191    263.735   -429.224    -15.931    -50.757     49.286
     -8.273    117.223    263.836   -429.322    -15.931    -50.766     49.281
     -8.275    117.255    263.938   -429.421    -15.931    -50.775     49.275
     -8.277    117.286    264.040   -429.519    -15.931    -50.785     49.270
     -8.279    117.318    264.141   -429.618    -15.931    -50.794     49.264
     -8.281    117.350    264.243   -429.717    -15.931    -50.803     49.259
     -8.283    117.382    264.344   -429.815    -15.931    -50.812     49.253
     -8.285    117.414    264.446   -429.914    -15.931    -50.821     49.248
     -8.287    117.446    264.548   -430.012    -15.931    -50.830     49.242
     -8.289    117.478    264.649   -430.111    -15.931    -50.839     49.237
     -8.291    117.509    264.751   -430.209    -15.931    -50.849     49.232
     -8.293    117.541    264.853   -430.307    -15.931    -50.858     49.226
     -8.295    117.573    264.954   -430.406    -15.931    -50.867     49.221
     -8.297    117.605    265.056   -430.504    -15.931    -50.876     49.215
     -8.299    117.637    265.158   -430.603    -15.931    -50.885     49.210
     -8.301    117.669    265.260   -430.701    -15.931    -50.895     49.204
     -8.303    117.701    265.362   -430.800    -15.931    -50.904     49.199
     -8.305    117.733    265.463   -430.898    -15.931    -50.913     49.193
     -8.307    117.764    265.565   -430.996    -15.931    -50.922     49.187
     -8.309    117.796    265.667   -431.095    -15.930    -50.931     49.182
     -8.311    117.828    265.769   -431.193    -15.930    -50.941     49.176
     -8.313    117.860    265.871   -431.291    -15.930    -50.950     49.171
     -8.315    117.892    265.973   -431.390    -15.930    -50.959     49.165
     -8.317    117.924    266.075   -431.488    -15.930    -50.968     49.160
     -8.319    117.956    266.177   -431.586    -15.930    -50.977     49.154
     -8.321    117.987    266.279   -431.685    -15.930    -50.987     49.149
     -8.323    118.019    266.381   -431.783    -15.930    -50.996     49.143
     -8.325    118.051    266.483   -431.881    -15.930    -51.005     49.137
     -8.327    118.083    266.585   -431.980    -15.930    -51.014     49.132
     -8.329    118.115    266.687   -432.078    -15.930    -51.024     49.126
     -8.331    118.147    266.789   -432.176    -15.930    -51.033     49.121
     -8.333    118.179    266.891   -432.274    -15.930    -51.042     49.115
     -8.335    118.210    266.993   -432.373    -15.930    -51.052     49.109
     -8.337    118.242    267.095   -432.471    -15.930    -51.061     49.104
     -8.339    118.274    267.197   -432.569    -15.930    -51.070     49.098
     -8.341    118.306    267.299   -432.667    -15.930    -51.079     49.093
     -8.343    118.338    267.401   -432.765    -15.930    -51.089     49.087
     -8.345    118.370    267.504   -432.863    -15.930    -51.098     49.081
     -8.347    118.402    267.606   -432.962    -15.930    -51.107     49.076
     -8.349    118.433    267.708   -433.060    -15.930    -51.117     49.070
     -8.351    118.465    267.810   -433.158    -15.930    -51.126     49.064
     -8.353    118.497    267.912   -433.256    -15.930    -51.135     49.059
     -8.355    118.529    268.015   -433.354    -15.930    -51.145     49.053
     -8.357    118.561    268.117   -433.452    -15.930    -51.154     49.047
     -8.359    118.593    268.219   -433.550    -15.929    -51.163     49.042
     -8.361    118.625    268.322   -433.648    -15.929    -51.173     49.036
     -8.363    118.656    268.424   -433.746    -15.929    -51.182     49.030
     -8.365    118.688    268.526   -433.845    -15.929    -51.191     49.024
     -8.367    118.720    268.629   -433.943    -15.929    -51.201     49.019
     -8.369    118.752    268.731   -434.041    -15.929    -51.210     49.013
     -8.371    118.784    268.834   -434.139    -15.929    -51.219     49.007
     -8.373    118.816    268.936   -434.237    -15.929    -51.229     49.002
     -8.375    118.848    269.039   -434.335    -15.929    -51.238     48.996
     -8.377    118.879    269.141   -434.433    -15.929    -51.248     48.990
     -8.379    118.911    269.244   -434.531    -15.929    -51.257     48.984
     -8.381    118.943    269.346   -434.629    -15.929    -51.266     48.979
     -8.383    118.975    269.449   -434.726    -15.929    -51.276     48.973
     -8.385    119.007    269.551   -434.824    -15.929    -51.285     48.967
     -8.387    119.039    269.654   -434.922    -15.929    -51.295     48.961
     -8.389    119.071    269.756   -435.020    -15.929    -51.304     48.955
     -8.391    119.102    269.859   -435.118    -15.929    -51.313     48.950
     -8.393    119.134    269.962   -435.216    -15.929    -51.323     48.944
     -8.395    119.166    270.064   -435.314    -15.928    -51.332     48.938
     -8.397    119.198    270.167   -435.412    -15.928    -51.342     48.932
     -8.399    119.230    270.270   -435.510    -15.928    -51.351     48.926
     -8.401    119.262    270.372   -435.608    -15.928    -51.361     48.921
     -8.403    119.294    270.475   -435.705    -15.928    -51.370     48.915
     -8.405    119.325    270.578   -435.803    -15.928    -51.380     48.909
     -8.407    119.357    270.681   -435.901    -15.928    -51.389     48.903
     -8.409    119.389    270.783   -435.999    -15.928    -51.399     48.897
     -8.411    119.421    270.886   -436.097    -15.928    -51.408     48.891
     -8.413    119.453    270.989   -436.194    -15.928    -51.418     48.886
     -8.415    119.485    271.092   -436.292    -15.928    -51.427     48.880
     -8.417    119.517    271.195   -436.390    -15.928    -51.437     48.874
     -8.419    119.548    271.298   -436.488    -15.928    -51.446     48.868
     -8.421    119.580    271.401   -436.585    -15.928    -51.456     48.862
     -8.423    119.612    271.503   -436.683    -15.928    -51.465     48.856
     -8.425    119.644    271.606   -436.781    -15.927    -51.475     48.850
     -8.427    119.676    271.709   -436.878    -15.927    -51.484     48.844
     -8.429    119.708    271.812   -436.976    -15.927    -51.494     48.838
     -8.431    119.740    271.915   -437.074    -15.927    -51.503     48.832
     -8.433    119.771    272.018   -437.171    -15.927    -51.513     48.826
     -8.435    119.803    272.121   -437.269    -15.927    -51.522     48.821
     -8.437    119.835    272.224   -437.367    -15.927    -51.532     48.815
     -8.439    119.867    272.328   -437.464    -15.927    -51.541     48.809
     -8.441    119.899    272.431   -437.562    -15.927    -51.551     48.803
     -8.443    119.931    272.534   -437.660    -15.927    -51.560     48.797
     -8.445    119.963    272.637   -437.757    -15.927    -51.570     48.791
     -8.447    119.994    272.740   -437.855    -15.927    -51.580     48.785
     -8.449    120.026    272.843   -437.952    -15.927    -51.589     48.779
     -8.451    120.058    272.946   -438.050    -15.926    -51.599     48.773
     -8.453    120.090    273.050   -438.147    -15.926    -51.608     48.767
     -8.455    120.122    273.153   -438.245    -15.926    -51.618     48.761
     -8.457    120.154    273.256   -438.342    -15.926    -51.628     48.755
     -8.459    120.186    273.359   -438.440    -15.926    -51.637     48.749
     -8.461    120.217    273.463   -438.537    -15.926    -51.647     48.743
     -8.463    120.249    273.566   -438.635    -15.926    -51.657     48.737
     -8.465    120.281    273.669   -438.732    -15.926    -51.666     48.731
     -8.467    120.313    273.773   -438.830    -15.926    -51.676     48.724
     -8.469    120.345    273.876   -438.927    -15.926    -51.685     48.718
     -8.471    120.377    273.979   -439.025    -15.926    -51.695     48.712
     -8.473    120.408    274.083   -439.122    -15.926    -51.705     48.706
     -8.475    120.440    274.186   -439.220    -15.925    -51.714     48.700
     -8.477    120.472    274.290   -439.317    -15.925    -51.724     48.694
     -8.479    120.504    274.393   -439.414    -15.925    -51.734     48.688
     -8.481    120.536    274.496   -439.512    -15.925    -51.743     48.682
     -8.483    120.568    274.600   -439.609    -15.925    -51.753     48.676
     -8.485    120.600    274.703   -439.706    -15.925    -51.763     48.670
     -8.487    120.631    274.807   -439.804    -15.925    -51.773     48.664
     -8.489    120.663    274.911   -439.901    -15.925    -51.782     48.657
     -8.491    120.695    275.014   -439.998    -15.925    -51.792     48.651
     -8.493    120.727    275.118   -440.096    -15.925    -51.802     48.645
     -8.495    120.759    275.221   -440.193    -15.924    -51.811     48.639
     -8.497    120.791    275.325   -440.290    -15.924    -51.821     48.633
     -8.499    120.823    275.429   -440.387    -15.924    -51.831     48.627
     -8.501    120.854    275.532   -440.485    -15.924    -51.841     48.620
     -8.503    120.886    275.636   -440.582    -15.924    -51.850     48.614
     -8.505    120.918    275.740   -440.679    -15.924    -51.860     48.608
     -8.507    120.950    275.843   -440.776    -15.924    -51.870     48.602
     -8.509    120.982    275.947   -440.874    -15.924    -51.880     48.596
     -8.511    121.014    276.051   -440.971    -15.924    -51.889     48.589
     -8.513    121.045    276.155   -441.068    -15.924    -51.899     48.583
     -8.515    121.077    276.259   -441.165    -15.923    -51.909     48.577
     -8.517    121.109    276.362   -441.262    -15.923    -51.919     48.571
     -8.519    121.141    276.466   -441.359    -15.923    -51.929     48.564
     -8.521    121.173    276.570   -441.457    -15.923    -51.938     48.558
     -8.523    121.205    276.674   -441.554    -15.923    -51.948     48.552
     -8.525    121.237    276.778   -441.651    -15.923    -51.958     48.546
     -8.527    121.268    276.882   -441.748    -15.923    -51.968     48.539
     -8.529    121.300    276.986   -441.845    -15.923    -51.978     48.533
     -8.531    121.332    277.090   -441.942    -15.923    -51.987     48.527
     -8.533    121.364    277.194   -442.039    -15.922    -51.997     48.521
     -8.535    121.396    277.298   -442.136    -15.922    -52.007     48.514
     -8.537    121.428    277.402   -442.233    -15.922    -52.017     48.508
     -8.539    121.459    277.506   -442.330    -15.922    -52.027     48.502
     -8.541    121.491    277.610   -442.427    -15.922    -52.037     48.495
     -8.543    121.523    277.714   -442.524    -15.922    -52.047     48.489
     -8.545    121.555    277.818   -442.621    -15.922    -52.056     48.483
     -8.547    121.587    277.922   -442.718    -15.922    -52.066     48.476
     -8.549    121.619    278.026   -442.815    -15.921    -52.076     48.470
     -8.551    121.651    278.130   -442.912    -15.921    -52.086     48.464
     -8.553    121.682    278.235   -443.009    -15.921    -52.096     48.457
     -8.555    121.714    278.339   -443.106    -15.921    -52.106     48.451
     -8.557    121.746    278.443   -443.203    -15.921    -52.116     48.444
     -8.559    121.778    278.547   -443.299    -15.921    -52.126     48.438
     -8.561    121.810    278.652   -443.396    -15.921    -52.136     48.432
     -8.563    121.842    278.756   -443.493    -15.921    -52.146     48.425
     -8.565    121.873    278.860   -443.590    -15.920    -52.156     48.419
     -8.567    121.905    278.964   -443.687    -15.920    -52.166     48.412
     -8.569    121.937    279.069   -443.784    -15.920    -52.175     48.406
     -8.571    121.969    279.173   -443.880    -15.920    -52.185     48.399
     -8.573    122.001    279.278   -443.977    -15.920    -52.195     48.393
     -8.575    122.033    279.382   -444.074    -15.920    -52.205     48.386
     -8.577    122.064    279.486   -444.171    -15.920    -52.215     48.380
     -8.579    122.096    279.591   -444.268    -15.920    -52.225     48.374
     -8.581    122.128    279.695   -444.364    -15.919    -52.235     48.367
     -8.583    122.160    279.800   -444.461    -15.919    -52.245     48.361
     -8.585    122.192    279.904   -444.558    -15.919    -52.255     48.354
     -8.587    122.224    280.009   -444.654    -15.919    -52.265     48.348
     -8.589    122.255    280.113   -444.751    -15.919    -52.275     48.341
     -8.591    122.287    280.218   -444.848    -15.919    -52.285     48.334
     -8.593    122.319    280.322   -444.944    -15.919    -52.295     48.328
     -8.595    122.351    280.427   -445.041    -15.918    -52.305     48.321
     -8.597    122.383    280.532   -445.138    -15.918    -52.315     48.315
     -8.599    122.415    280.636   -445.234    -15.918    -52.326     48.308
     -8.601    122.447    280.741   -445.331    -15.918    -52.336     48.302
     -8.603    122.478    280.846   -445.428    -15.918    -52.346     48.295
     -8.605    122.510    280.950   -445.524    -15.918    -52.356     48.289
     -8.607    122.542    281.055   -445.621    -15.918    -52.366     48.282
     -8.609    122.574    281.160   -445.717    -15.917    -52.376     48.275
     -8.611    122.606    281.265   -445.814    -15.917    -52.386     48.269
     -8.613    122.638    281.369   -445.910    -15.917    -52.396     48.262
     -8.615    122.669    281.474   -446.007    -15.917    -52.406     48.255
     -8.617    122.701    281.579   -446.103    -15.917    -52.416     48.249
     -8.619    122.733    281.684   -446.200    -15.917    -52.426     48.242
     -8.621    122.765    281.789   -446.296    -15.917    -52.437     48.236
     -8.623    122.797    281.894   -446.393    -15.916    -52.447     48.229
     -8.625    122.829    281.998   -446.489    -15.916    -52.457     48.222
     -8.627    122.860    282.103   -446.586    -15.916    -52.467     48.216
     -8.629    122.892    282.208   -446.682    -15.916    -52.477     48.209
     -8.631    122.924    282.313   -446.779    -15.916    -52.487     48.202
     -8.633    122.956    282.418   -446.875    -15.916    -52.497     48.195
     -8.635    122.988    282.523   -446.971    -15.915    -52.508     48.189
     -8.637    123.020    282.628   -447.068    -15.915    -52.518     48.182
     -8.639    123.051    282.733   -447.164    -15.915    -52.528     48.175
     -8.641    123.083    282.838   -447.260    -15.915    -52.538     48.169
     -8.643    123.115    282.944   -447.357    -15.915    -52.548     48.162
     -8.645    123.147    283.049   -447.453    -15.915    -52.559     48.155
     -8.647    123.179    283.154   -447.549    -15.914    -52.569     48.148
     -8.649    123.210    283.259   -447.646    -15.914    -52.579     48.141
     -8.651    123.242    283.364   -447.742    -15.914    -52.589     48.135
     -8.653    123.274    283.469   -447.838    -15.914    -52.599     48.128
     -8.655    123.306    283.574   -447.934    -15.914    -52.610     48.121
     -8.657    123.338    283.680   -448.031    -15.914    -52.620     48.114
     -8.659    123.370    283.785   -448.127    -15.913    -52.630     48.107
     -8.661    123.401    283.890   -448.223    -15.913    -52.641     48.101
     -8.663    123.433    283.996   -448.319    -15.913    -52.651     48.094
     -8.665    123.465    284.101   -448.415    -15.913    -52.661     48.087
     -8.667    123.497    284.206   -448.512    -15.913    -52.671     48.080
     -8.669    123.529    284.312   -448.608    -15.913    -52.682     48.073
     -8.671    123.561    284.417   -448.704    -15.912    -52.692     48.066
     -8.673    123.592    284.522   -448.800    -15.912    -52.702     48.059
     -8.675    123.624    284.628   -448.896    -15.912    -52.713     48.053
     -8.677    123.656    284.733   -448.992    -15.912    -52.723     48.046
     -8.679    123.688    284.839   -449.088    -15.912    -52.733     48.039
     -8.681    123.720    284.944   -449.184    -15.911    -52.744     48.032
     -8.683    123.752    285.050   -449.281    -15.911    -52.754     48.025
     -8.685    123.783    285.155   -449.377    -15.911    -52.764     48.018
     -8.687    123.815    285.261   -449.473    -15.911    -52.775     48.011
     -8.689    123.847    285.366   -449.569    -15.911    -52.785     48.004
     -8.691    123.879    285.472   -449.665    -15.910    -52.795     47.997
     -8.693    123.911    285.577   -449.761    -15.910    -52.806     47.990
     -8.695    123.942    285.683   -449.857    -15.910    -52.816     47.983
     -8.697    123.974    285.789   -449.953    -15.910    -52.826     47.976
     -8.699    124.006    285.894   -450.048    -15.910    -52.837     47.969
     -8.701    124.038    286.000   -450.144    -15.910    -52.847     47.962
     -8.703    124.070    286.106   -450.240    -15.909    -52.858     47.955
     -8.705    124.102    286.211   -450.336    -15.909    -52.868     47.948
     -8.707    124.133    286.317   -450.432    -15.909    -52.879     47.941
     -8.709    124.165    286.423   -450.528    -15.909    -52.889     47.934
     -8.711    124.197    286.529   -450.624    -15.909    -52.899     47.927
     -8.713    124.229    286.635   -450.720    -15.908    -52.910     47.920
     -8.715    124.261    286.740   -450.816    -15.908    -52.920     47.913
     -8.717    124.292    286.846   -450.911    -15.908    -52.931     47.906
     -8.719    124.324    286.952   -451.007    -15.908    -52.941     47.899
     -8.721    124.356    287.058   -451.103    -15.908    -52.952     47.892
     -8.723    124.388    287.164   -451.199    -15.907    -52.962     47.885
     -8.725    124.420    287.270   -451.294    -15.907    -52.973     47.877
     -8.727    124.452    287.376   -451.390    -15.907    -52.983     47.870
     -8.729    124.483    287.482   -451.486    -15.907    -52.994     47.863
     -8.731    124.515    287.588   -451.582    -15.906    -53.004     47.856
     -8.733    124.547    287.694   -451.677    -15.906    -53.015     47.849
     -8.735    124.579    287.800   -451.773    -15.906    -53.025     47.842
     -8.737    124.611    287.906   -451.869    -15.906    -53.036     47.834
     -8.739    124.642    288.012   -451.964    -15.906    -53.046     47.827
     -8.741    124.674    288.118   -452.060    -15.905    -53.057     47.820
     -8.743    124.706    288.224   -452.156    -15.905    -53.068     47.813
     -8.745    124.738    288.330   -452.251    -15.905    -53.078     47.806
     -8.747    124.770    288.437   -452.347    -15.905    -53.089     47.798
     -8.749    124.801    288.543   -452.442    -15.905    -53.099     47.791
     -8.751    124.833    288.649   -452.538    -15.904    -53.110     47.784
     -8.753    124.865    288.755   -452.634    -15.904    -53.121     47.777
     -8.755    124.897    288.861   -452.729    -15.904    -53.131     47.769
     -8.757    124.929    288.968   -452.825    -15.904    -53.142     47.762
     -8.759    124.960    289.074   -452.920    -15.903    -53.152     47.755
     -8.761    124.992    289.180   -453.016    -15.903    -53.163     47.748
     -8.763    125.024    289.287   -453.111    -15.903    -53.174     47.740
     -8.765    125.056    289.393   -453.207    -15.903    -53.184     47.733
     -8.767    125.088    289.499   -453.302    -15.903    -53.195     47.726
     -8.769    125.120    289.606   -453.398    -15.902    -53.206     47.718
     -8.771    125.151    289.712   -453.493    -15.902    -53.216     47.711
     -8.773    125.183    289.819   -453.588    -15.902    -53.227     47.704
     -8.775    125.215    289.925   -453.684    -15.902    -53.238     47.696
     -8.777    125.247    290.032   -453.779    -15.901    -53.248     47.689
     -8.779    125.279    290.138   -453.875    -15.901    -53.259     47.681
     -8.781    125.310    290.245   -453.970    -15.901    -53.270     47.674
     -8.783    125.342    290.351   -454.065    -15.901    -53.280     47.667
     -8.785    125.374    290.458   -454.161    -15.900    -53.291     47.659
     -8.787    125.406    290.564   -454.256    -15.900    -53.302     47.652
     -8.789    125.438    290.671   -454.351    -15.900    -53.313     47.644
     -8.791    125.469    290.778   -454.446    -15.900    -53.323     47.637
     -8.793    125.501    290.884   -454.542    -15.899    -53.334     47.629
     -8.795    125.533    290.991   -454.637    -15.899    -53.345     47.622
     -8.797    125.565    291.098   -454.732    -15.899    -53.356     47.615
     -8.799    125.597    291.204   -454.827    -15.899    -53.367     47.607
     -8.801    125.628    291.311   -454.923    -15.898    -53.377     47.600
     -8.803    125.660    291.418   -455.018    -15.898    -53.388     47.592
     -8.805    125.692    291.525   -455.113    -15.898    -53.399     47.585
     -8.807    125.724    291.631   -455.208    -15.898    -53.410     47.577
     -8.809    125.756    291.738   -455.303    -15.897    -53.421     47.569
     -8.811    125.787    291.845   -455.398    -15.897    -53.431     47.562
     -8.813    125.819    291.952   -455.494    -15.897    -53.442     47.554
     -8.815    125.851    292.059   -455.589    -15.897    -53.453     47.547
     -8.817    125.883    292.166   -455.684    -15.896    -53.464     47.539
     -8.819    125.914    292.273   -455.779    -15.896    -53.475     47.532
     -8.821    125.946    292.380   -455.874    -15.896    -53.486     47.524
     -8.823    125.978    292.487   -455.969    -15.896    -53.497     47.516
     -8.825    126.010    292.594   -456.064    -15.895    -53.508     47.509
     -8.827    126.042    292.701   -456.159    -15.895    -53.518     47.501
     -8.829    126.073    292.808   -456.254    -15.895    -53.529     47.493
     -8.831    126.105    292.915   -456.349    -15.895    -53.540     47.486
     -8.833    126.137    293.022   -456.444    -15.894    -53.551     47.478
     -8.835    126.169    293.129   -456.539    -15.894    -53.562     47.470
     -8.837    126.201    293.236   -456.634    -15.894    -53.573     47.463
     -8.839    126.232    293.343   -456.729    -15.893    -53.584     47.455
     -8.841    126.264    293.450   -456.824    -15.893    -53.595     47.447
     -8.843    126.296    293.558   -456.919    -15.893    -53.606     47.440
     -8.845    126.328    293.665   -457.013    -15.893    -53.617     47.432
     -8.847    126.360    293.772   -457.108    -15.892    -53.628     47.424
     -8.849    126.391    293.879   -457.203    -15.892    -53.639     47.416
     -8.851    126.423    293.987   -457.298    -15.892    -53.650     47.409
     -8.853    126.455    294.094   -457.393    -15.891    -53.661     47.401
     -8.855    126.487    294.201   -457.488    -15.891    -53.672     47.393
     -8.857    126.518    294.309   -457.582    -15.891    -53.683     47.385
     -8.859    126.550    294.416   -457.677    -15.891    -53.694     47.377
     -8.861    126.582    294.523   -457.772    -15.890    -53.705     47.370
     -8.863    126.614    294.631   -457.867    -15.890    -53.716     47.362
     -8.865    126.646    294.738   -457.961    -15.890    -53.727     47.354
     -8.867    126.677    294.846   -458.056    -15.889    -53.738     47.346
     -8.869    126.709    294.953   -458.151    -15.889    -53.749     47.338
     -8.871    126.741    295.061   -458.245    -15.889    -53.760     47.330
     -8.873    126.773    295.168   -458.340    -15.889    -53.771     47.322
     -8.875    126.804    295.276   -458.435    -15.888    -53.783     47.315
     -8.877    126.836    295.383   -458.529    -15.888    -53.794     47.307
     -8.879    126.868    295.491   -458.624    -15.888    -53.805     47.299
     -8.881    126.900    295.599   -458.718    -15.887    -53.816     47.291
     -8.883    126.932    295.706   -458.813    -15.887    -53.827     47.283
     -8.885    126.963    295.814   -458.908    -15.887    -53.838     47.275
     -8.887    126.995    295.922   -459.002    -15.886    -53.849     47.267
     -8.889    127.027    296.029   -459.097    -15.886    -53.861     47.259
     -8.891    127.059    296.137   -459.191    -15.886    -53.872     47.251
     -8.893    127.090    296.245   -459.286    -15.886    -53.883     47.243
     -8.895    127.122    296.353   -459.380    -15.885    -53.894     47.235
     -8.897    127.154    296.460   -459.475    -15.885    -53.905     47.227
     -8.899    127.186    296.568   -459.569    -15.885    -53.917     47.219
     -8.901    127.217    296.676   -459.663    -15.884    -53.928     47.211
     -8.903    127.249    296.784   -459.758    -15.884    -53.939     47.203
     -8.905    127.281    296.892   -459.852    -15.884    -53.950     47.195
     -8.907    127.313    297.000   -459.947    -15.883    -53.961     47.187
     -8.909    127.345    297.108   -460.041    -15.883    -53.973     47.178
     -8.911    127.376    297.216   -460.135    -15.883    -53.984     47.170
     -8.913    127.408    297.324   -460.230    -15.882    -53.995     47.162
     -8.915    127.440    297.432   -460.324    -15.882    -54.007     47.154
     -8.917    127.472    297.540   -460.418    -15.882    -54.018     47.146
     -8.919    127.503    297.648   -460.513    -15.881    -54.029     47.138
     -8.921    127.535    297.756   -460.607    -15.881    -54.040     47.130
     -8.923    127.567    297.864   -460.701    -15.881    -54.052     47.121
     -8.925    127.599    297.972   -460.795    -15.880    -54.063     47.113
     -8.927    127.630    298.080   -460.890    -15.880    -54.074     47.105
     -8.929    127.662    298.188   -460.984    -15.880    -54.086     47.097
     -8.931    127.694    298.297   -461.078    -15.879    -54.097     47.088
     -8.933    127.726    298.405   -461.172    -15.879    -54.108     47.080
     -8.935    127.757    298.513   -461.266    -15.879    -54.120     47.072
     -8.937    127.789    298.621   -461.360    -15.878    -54.131     47.064
     -8.939    127.821    298.729   -461.454    -15.878    -54.143     47.055
     -8.941    127.853    298.838   -461.549    -15.878    -54.154     47.047
     -8.943    127.884    298.946   -461.643    -15.877    -54.165     47.039
     -8.945    127.916    299.054   -461.737    -15.877    -54.177     47.031
     -8.947    127.948    299.163   -461.831    -15.877    -54.188     47.022
     -8.949    127.980    299.271   -461.925    -15.876    -54.200     47.014
     -8.951    128.012    299.380   -462.019    -15.876    -54.211     47.005
     -8.953    128.043    299.488   -462.113    -15.876    -54.223     46.997
     -8.955    128.075    299.596   -462.207    -15.875    -54.234     46.989
     -8.957    128.107    299.705   -462.301    -15.875    -54.246     46.980
     -8.959    128.139    299.813   -462.395    -15.875    -54.257     46.972
     -8.961    128.170    299.922   -462.489    -15.874    -54.269     46.963
     -8.963    128.202    300.031   -462.583    -15.874    -54.280     46.955
     -8.965    128.234    300.139   -462.677    -15.873    -54.292     46.947
     -8.967    128.266    300.248   -462.770    -15.873    -54.303     46.938
     -8.969    128.297    300.356   -462.864    -15.873    -54.315     46.930
     -8.971    128.329    300.465   -462.958    -15.872    -54.326     46.921
     -8.973    128.361    300.574   -463.052    -15.872    -54.338     46.913
     -8.975    128.392    300.682   -463.146    -15.872    -54.349     46.904
     -8.977    128.424    300.791   -463.240    -15.871    -54.361     46.896
     -8.979    128.456    300.900   -463.333    -15.871    -54.373     46.887
     -8.981    128.488    301.009   -463.427    -15.871    -54.384     46.879
     -8.983    128.519    301.117   -463.521    -15.870    -54.396     46.870
     -8.985    128.551    301.226   -463.615    -15.870    -54.407     46.861
     -8.987    128.583    301.335   -463.708    -15.869    -54.419     46.853
     -8.989    128.615    301.444   -463.802    -15.869    -54.431     46.844
     -8.991    128.646    301.553   -463.896    -15.869    -54.442     46.836
     -8.993    128.678    301.662   -463.989    -15.868    -54.454     46.827
     -8.995    128.710    301.770   -464.083    -15.868    -54.466     46.818
     -8.997    128.742    301.879   -464.177    -15.867    -54.477     46.810
     -8.999    128.773    301.988   -464.270    -15.867    -54.489     46.801
     -9.001    128.805    302.097   -464.364    -15.867    -54.501     46.792
     -9.003    128.837    302.206   -464.457    -15.866    -54.512     46.784
     -9.005    128.869    302.315   -464.551    -15.866    -54.524     46.775
     -9.007    128.900    302.424   -464.645    -15.866    -54.536     46.766
     -9.009    128.932    302.534   -464.738    -15.865    -54.548     46.757
     -9.011    128.964    302.643   -464.832    -15.865    -54.559     46.749
     -9.013    128.995    302.752   -464.925    -15.864    -54.571     46.740
     -9.015    129.027    302.861   -465.019    -15.864    -54.583     46.731
     -9.017    129.059    302.970   -465.112    -15.864    -54.595     46.722
     -9.019    129.091    303.079   -465.205    -15.863    -54.606     46.714
     -9.021    129.122    303.189   -465.299    -15.863    -54.618     46.705
     -9.023    129.154    303.298   -465.392    -15.862    -54.630     46.696
     -9.025    129.186    303.407   -465.486    -15.862    -54.642     46.687
     -9.027    129.218    303.516   -465.579    -15.862    -54.654     46.678
     -9.029    129.249    303.626   -465.672    -15.861    -54.665     46.669
     -9.031    129.281    303.735   -465.766    -15.861    -54.677     46.660
     -9.033    129.313    303.844   -465.859    -15.860    -54.689     46.652
     -9.035    129.344    303.954   -465.952    -15.860    -54.701     46.643
     -9.037    129.376    304.063   -466.046    -15.859    -54.713     46.634
     -9.039    129.408    304.173   -466.139    -15.859    -54.725     46.625
     -9.041    129.440    304.282   -466.232    -15.859    -54.737     46.616
     -9.043    129.471    304.392   -466.325    -15.858    -54.749     46.607
     -9.045    129.503    304.501   -466.418    -15.858    -54.761     46.598
     -9.047    129.535    304.611   -466.512    -15.857    -54.772     46.589
     -9.049    129.566    304.720   -466.605    -15.857    -54.784     46.580
     -9.051    129.598    304.830   -466.698    -15.856    -54.796     46.571
     -9.053    129.630    304.939   -466.791    -15.856    -54.808     46.562
     -9.055    129.662    305.049   -466.884    -15.856    -54.820     46.553
     -9.057    129.693    305.159   -466.977    -15.855    -54.832     46.544
     -9.059    129.725    305.268   -467.070    -15.855    -54.844     46.534
     -9.061    129.757    305.378   -467.163    -15.854    -54.856     46.525
     -9.063    129.788    305.488   -467.256    -15.854    -54.868     46.516
     -9.065    129.820    305.597   -467.350    -15.853    -54.880     46.507
     -9.067    129.852    305.707   -467.443    -15.853    -54.892     46.498
     -9.069    129.884    305.817   -467.535    -15.853    -54.904     46.489
     -9.071    129.915    305.927   -467.628    -15.852    -54.917     46.480
     -9.073    129.947    306.037   -467.721    -15.852    -54.929     46.470
     -9.075    129.979    306.147   -467.814    -15.851    -54.941     46.461
     -9.077    130.010    306.256   -467.907    -15.851    -54.953     46.452
     -9.079    130.042    306.366   -468.000    -15.850    -54.965     46.443
     -9.081    130.074    306.476   -468.093    -15.850    -54.977     46.434
     -9.083    130.105    306.586   -468.186    -15.849    -54.989     46.424
     -9.085    130.137    306.696   -468.279    -15.849    -55.001     46.415
     -9.087    130.169    306.806   -468.372    -15.848    -55.013     46.406
     -9.089    130.201    306.916   -468.464    -15.848    -55.026     46.396
     -9.091    130.232    307.026   -468.557    -15.847    -55.038     46.387
     -9.093    130.264    307.137   -468.650    -15.847    -55.050     46.378
     -9.095    130.296    307.247   -468.743    -15.847    -55.062     46.368
     -9.097    130.327    307.357   -468.835    -15.846    -55.074     46.359
     -9.099    130.359    307.467   -468.928    -15.846    -55.087     46.350
     -9.101    130.391    307.577   -469.021    -15.845    -55.099     46.340
     -9.103    130.422    307.687   -469.113    -15.845    -55.111     46.331
     -9.105    130.454    307.798   -469.206    -15.844    -55.123     46.321
     -9.107    130.486    307.908   -469.299    -15.844    -55.135     46.312
     -9.109    130.517    308.018   -469.391    -15.843    -55.148     46.302
     -9.111    130.549    308.128   -469.484    -15.843    -55.160     46.293
     -9.113    130.581    308.239   -469.577    -15.842    -55.172     46.283
     -9.115    130.613    308.349   -469.669    -15.842    -55.185     46.274
     -9.117    130.644    308.459   -469.762    -15.841    -55.197     46.264
     -9.119    130.676    308.570   -469.854    -15.841    -55.209     46.255
     -9.121    130.708    308.680   -469.947    -15.840    -55.222     46.245
     -9.123    130.739    308.791   -470.039    -15.840    -55.234     46.236
     -9.125    130.771    308.901   -470.132    -15.839    -55.246     46.226
     -9.127    130.803    309.012   -470.224    -15.839    -55.259     46.216
     -9.129    130.834    309.122   -470.316    -15.838    -55.271     46.207
     -9.131    130.866    309.233   -470.409    -15.838    -55.283     46.197
     -9.133    130.898    309.343   -470.501    -15.837    -55.296     46.188
     -9.135    130.929    309.454   -470.594    -15.837    -55.308     46.178
     -9.137    130.961    309.565   -470.686    -15.836    -55.321     46.168
     -9.139    130.993    309.675   -470.778    -15.836    -55.333     46.158
     -9.141    131.024    309.786   -470.871    -15.835    -55.346     46.149
     -9.143    131.056    309.897   -470.963    -15.835    -55.358     46.139
     -9.145    131.088    310.007   -471.055    -15.834    -55.371     46.129
     -9.147    131.119    310.118   -471.147    -15.834    -55.383     46.119
     -9.149    131.151    310.229   -471.240    -15.833    -55.396     46.110
     -9.151    131.183    310.340   -471.332    -15.833    -55.408     46.100
     -9.153    131.214    310.451   -471.424    -15.832    -55.421     46.090
     -9.155    131.246    310.561   -471.516    -15.832    -55.433     46.080
     -9.157    131.278    310.672   -471.608    -15.831    -55.446     46.070
     -9.159    131.309    310.783   -471.700    -15.830    -55.458     46.060
     -9.161    131.341    310.894   -471.793    -15.830    -55.471     46.051
     -9.163    131.373    311.005   -471.885    -15.829    -55.483     46.041
     -9.165    131.404    311.116   -471.977    -15.829    -55.496     46.031
     -9.167    131.436    311.227   -472.069    -15.828    -55.509     46.021
     -9.169    131.468    311.338   -472.161    -15.828    -55.521     46.011
     -9.171    131.499    311.449   -472.253    -15.827    -55.534     46.001
     -9.173    131.531    311.560   -472.345    -15.827    -55.547     45.991
     -9.175    131.563    311.671   -472.437    -15.826    -55.559     45.981
     -9.177    131.594    311.782   -472.529    -15.826    -55.572     45.971
     -9.179    131.626    311.894   -472.621    -15.825    -55.585     45.961
     -9.181    131.658    312.005   -472.713    -15.824    -55.597     45.951
     -9.183    131.689    312.116   -472.804    -15.824    -55.610     45.941
     -9.185    131.721    312.227   -472.896    -15.823    -55.623     45.931
     -9.187    131.752    312.339   -472.988    -15.823    -55.635     45.920
     -9.189    131.784    312.450   -473.080    -15.822    -55.648     45.910
     -9.191    131.816    312.561   -473.172    -15.822    -55.661     45.900
     -9.193    131.847    312.672   -473.264    -15.821    -55.674     45.890
     -9.195    131.879    312.784   -473.355    -15.821    -55.686     45.880
     -9.197    131.911    312.895   -473.447    -15.820    -55.699     45.870
     -9.199    131.942    313.007   -473.539    -15.819    -55.712     45.859
     -9.201    131.974    313.118   -473.631    -15.819    -55.725     45.849
     -9.203    132.006    313.230   -473.722    -15.818    -55.738     45.839
     -9.205    132.037    313.341   -473.814    -15.818    -55.751     45.829
     -9.207    132.069    313.453   -473.906    -15.817    -55.763     45.818
     -9.209    132.100    313.564   -473.997    -15.816    -55.776     45.808
     -9.211    132.132    313.676   -474.089    -15.816    -55.789     45.798
     -9.213    132.164    313.787   -474.180    -15.815    -55.802     45.787
     -9.215    132.195    313.899   -474.272    -15.815    -55.815     45.777
     -9.217    132.227    314.010   -474.364    -15.814    -55.828     45.767
     -9.219    132.259    314.122   -474.455    -15.814    -55.841     45.756
     -9.221    132.290    314.234   -474.547    -15.813    -55.854     45.746
     -9.223    132.322    314.346   -474.638    -15.812    -55.867     45.735
     -9.225    132.354    314.457   -474.729    -15.812    -55.880     45.725
     -9.227    132.385    314.569   -474.821    -15.811    -55.893     45.714
     -9.229    132.417    314.681   -474.912    -15.810    -55.906     45.704
     -9.231    132.448    314.793   -475.004    -15.810    -55.919     45.693
     -9.233    132.480    314.905   -475.095    -15.809    -55.932     45.683
     -9.235    132.512    315.016   -475.186    -15.809    -55.945     45.672
     -9.237    132.543    315.128   -475.278    -15.808    -55.958     45.662
     -9.239    132.575    315.240   -475.369    -15.807    -55.971     45.651
     -9.241    132.606    315.352   -475.460    -15.807    -55.984     45.641
     -9.243    132.638    315.464   -475.552    -15.806    -55.997     45.630
     -9.245    132.670    315.576   -475.643    -15.806    -56.010     45.619
     -9.247    132.701    315.688   -475.734    -15.805    -56.023     45.609
     -9.249    132.733    315.800   -475.825    -15.804    -56.036     45.598
     -9.251    132.765    315.912   -475.917    -15.804    -56.050     45.587
     -9.253    132.796    316.024   -476.008    -15.803    -56.063     45.577
     -9.255    132.828    316.137   -476.099    -15.802    -56.076     45.566
     -9.257    132.859    316.249   -476.190    -15.802    -56.089     45.555
     -9.259    132.891    316.361   -476.281    -15.801    -56.102     45.544
     -9.261    132.923    316.473   -476.372    -15.800    -56.115     45.533
     -9.263    132.954    316.585   -476.463    -15.800    -56.129     45.523
     -9.265    132.986    316.698   -476.554    -15.799    -56.142     45.512
     -9.267    133.017    316.810   -476.645    -15.798    -56.155     45.501
     -9.269    133.049    316.922   -476.736    -15.798    -56.168     45.490
     -9.271    133.081    317.035   -476.827    -15.797    -56.182     45.479
     -9.273    133.112    317.147   -476.918    -15.796    -56.195     45.468
     -9.275    133.144    317.259   -477.009    -15.796    -56.208     45.457
     -9.277    133.175    317.372   -477.100    -15.795    -56.222     45.446
     -9.279    133.207    317.484   -477.191    -15.794    -56.235     45.435
     -9.281    133.238    317.597   -477.282    -15.794    -56.248     45.424
     -9.283    133.270    317.709   -477.373    -15.793    -56.262     45.413
     -9.285    133.302    317.822   -477.463    -15.792    -56.275     45.402
     -9.287    133.333    317.934   -477.554    -15.792    -56.288     45.391
     -9.289    133.365    318.047   -477.645    -15.791    -56.302     45.380
     -9.291    133.396    318.160   -477.736    -15.790    -56.315     45.369
     -9.293    133.428    318.272   -477.826    -15.790    -56.329     45.358
     -9.295    133.460    318.385   -477.917    -15.789    -56.342     45.347
     -9.297    133.491    318.498   -478.008    -15.788    -56.356     45.336
     -9.299    133.523    318.610   -478.098    -15.788    -56.369     45.324
     -9.301    133.554    318.723   -478.189    -15.787    -56.383     45.313
     -9.303    133.586    318.836   -478.280    -15.786    -56.396     45.302
     -9.305    133.617    318.949   -478.370    -15.786    -56.410     45.291
     -9.307    133.649    319.062   -478.461    -15.785    -56.423     45.280
     -9.309    133.681    319.174   -478.551    -15.784    -56.437     45.268
     -9.311    133.712    319.287   -478.642    -15.783    -56.450     45.257
     -9.313    133.744    319.400   -478.732    -15.783    -56.464     45.246
     -9.315    133.775    319.513   -478.823    -15.782    -56.477     45.234
     -9.317    133.807    319.626   -478.913    -15.781    -56.491     45.223
     -9.319    133.838    319.739   -479.004    -15.781    -56.505     45.211
     -9.321    133.870    319.852   -479.094    -15.780    -56.518     45.200
     -9.323    133.902    319.965   -479.185    -15.779    -56.532     45.189
     -9.325    133.933    320.078   -479.275    -15.778    -56.546     45.177
     -9.327    133.965    320.191   -479.365    -15.778    -56.559     45.166
     -9.329    133.996    320.305   -479.456    -15.777    -56.573     45.154
     -9.331    134.028    320.418   -479.546    -15.776    -56.587     45.143
     -9.333    134.059    320.531   -479.636    -15.775    -56.600     45.131
     -9.335    134.091    320.644   -479.726    -15.775    -56.614     45.120
     -9.337    134.122    320.757   -479.817    -15.774    -56.628     45.108
     -9.339    134.154    320.871   -479.907    -15.773    -56.642     45.096
     -9.341    134.185    320.984   -479.997    -15.772    -56.655     45.085
     -9.343    134.217    321.097   -480.087    -15.772    -56.669     45.073
     -9.345    134.249    321.211   -480.177    -15.771    -56.683     45.061
     -9.347    134.280    321.324   -480.267    -15.770    -56.697     45.050
     -9.349    134.312    321.437   -480.358    -15.769    -56.711     45.038
     -9.351    134.343    321.551   -480.448    -15.769    -56.725     45.026
     -9.353    134.375    321.664   -480.538    -15.768    -56.738     45.014
     -9.355    134.406    321.778   -480.628    -15.767    -56.752     45.003
     -9.357    134.438    321.891   -480.718    -15.766    -56.766     44.991
     -9.359    134.469    322.005   -480.808    -15.765    -56.780     44.979
     -9.361    134.501    322.118   -480.898    -15.765    -56.794     44.967
     -9.363    134.532    322.232   -480.988    -15.764    -56.808     44.955
     -9.365    134.564    322.346   -481.077    -15.763    -56.822     44.943
     -9.367    134.595    322.459   -481.167    -15.762    -56.836     44.931
     -9.369    134.627    322.573   -481.257    -15.761    -56.850     44.919
     -9.371    134.658    322.687   -481.347    -15.761    -56.864     44.907
     -9.373    134.690    322.800   -481.437    -15.760    -56.878     44.895
     -9.375    134.722    322.914   -481.527    -15.759    -56.892     44.883
     -9.377    134.753    323.028   -481.616    -15.758    -56.906     44.871
     -9.379    134.785    323.142   -481.706    -15.757    -56.920     44.859
     -9.381    134.816    323.256   -481.796    -15.757    -56.934     44.847
     -9.383    134.848    323.370   -481.885    -15.756    -56.948     44.835
     -9.385    134.879    323.483   -481.975    -15.755    -56.962     44.823
     -9.387    134.911    323.597   -482.065    -15.754    -56.977     44.811
     -9.389    134.942    323.711   -482.154    -15.753    -56.991     44.799
     -9.391    134.974    323.825   -482.244    -15.753    -57.005     44.786
     -9.393    135.005    323.939   -482.333    -15.752    -57.019     44.774
     -9.395    135.037    324.053   -482.423    -15.751    -57.033     44.762
     -9.397    135.068    324.167   -482.513    -15.750    -57.047     44.750
     -9.399    135.100    324.282   -482.602    -15.749    -57.062     44.737
     -9.401    135.131    324.396   -482.691    -15.748    -57.076     44.725
     -9.403    135.163    324.510   -482.781    -15.748    -57.090     44.713
     -9.405    135.194    324.624   -482.870    -15.747    -57.104     44.700
     -9.407    135.226    324.738   -482.960    -15.746    -57.119     44.688
     -9.409    135.257    324.853   -483.049    -15.745    -57.133     44.675
     -9.411    135.289    324.967   -483.138    -15.744    -57.147     44.663
     -9.413    135.320    325.081   -483.228    -15.743    -57.162     44.650
     -9.415    135.352    325.196   -483.317    -15.742    -57.176     44.638
     -9.417    135.383    325.310   -483.406    -15.741    -57.190     44.625
     -9.419    135.415    325.424   -483.496    -15.741    -57.205     44.613
     -9.421    135.446    325.539   -483.585    -15.740    -57.219     44.600
     -9.423    135.477    325.653   -483.674    -15.739    -57.234     44.587
     -9.425    135.509    325.768   -483.763    -15.738    -57.248     44.575
     -9.427    135.540    325.882   -483.852    -15.737    -57.263     44.562
     -9.429    135.572    325.997   -483.941    -15.736    -57.277     44.549
     -9.431    135.603    326.111   -484.030    -15.735    -57.291     44.537
     -9.433    135.635    326.226   -484.119    -15.734    -57.306     44.524
     -9.435    135.666    326.340   -484.209    -15.733    -57.321     44.511
     -9.437    135.698    326.455   -484.298    -15.733    -57.335     44.498
     -9.439    135.729    326.570   -484.387    -15.732    -57.350     44.486
     -9.441    135.761    326.685   -484.475    -15.731    -57.364     44.473
     -9.443    135.792    326.799   -484.564    -15.730    -57.379     44.460
     -9.445    135.824    326.914   -484.653    -15.729    -57.393     44.447
     -9.447    135.855    327.029   -484.742    -15.728    -57.408     44.434
     -9.449    135.887    327.144   -484.831    -15.727    -57.423     44.421
     -9.451    135.918    327.259   -484.920    -15.726    -57.437     44.408
     -9.453    135.949    327.373   -485.009    -15.725    -57.452     44.395
     -9.455    135.981    327.488   -485.097    -15.724    -57.467     44.382
     -9.457    136.012    327.603   -485.186    -15.723    -57.481     44.369
     -9.459    136.044    327.718   -485.275    -15.722    -57.496     44.356
     -9.461    136.075    327.833   -485.364    -15.721    -57.511     44.343
     -9.463    136.107    327.948   -485.452    -15.720    -57.526     44.330
     -9.465    136.138    328.063   -485.541    -15.720    -57.540     44.316
     -9.467    136.170    328.178   -485.630    -15.719    -57.555     44.303
     -9.469    136.201    328.294   -485.718    -15.718    -57.570     44.290
     -9.471    136.232    328.409   -485.807    -15.717    -57.585     44.277
     -9.473    136.264    328.524   -485.895    -15.716    -57.600     44.263
     -9.475    136.295    328.639   -485.984    -15.715    -57.615     44.250
     -9.477    136.327    328.754   -486.072    -15.714    -57.629     44.237
     -9.479    136.358    328.870   -486.161    -15.713    -57.644     44.223
     -9.481    136.390    328.985   -486.249    -15.712    -57.659     44.210
     -9.483    136.421    329.100   -486.338    -15.711    -57.674     44.197
     -9.485    136.452    329.216   -486.426    -15.710    -57.689     44.183
     -9.487    136.484    329.331   -486.514    -15.709    -57.704     44.170
     -9.489    136.515    329.446   -486.603    -15.708    -57.719     44.156
     -9.491    136.547    329.562   -486.691    -15.707    -57.734     44.143
     -9.493    136.578    329.677   -486.779    -15.706    -57.749     44.129
     -9.495    136.609    329.793   -486.867    -15.705    -57.764     44.115
     -9.497    136.641    329.908   -486.956    -15.704    -57.779     44.102
     -9.499    136.672    330.024   -487.044    -15.703    -57.794     44.088
     -9.501    136.704    330.140   -487.132    -15.702    -57.810     44.074
     -9.503    136.735    330.255   -487.220    -15.701    -57.825     44.061
     -9.505    136.766    330.371   -487.308    -15.700    -57.840     44.047
     -9.507    136.798    330.487   -487.396    -15.699    -57.855     44.033
     -9.509    136.829    330.602   -487.484    -15.698    -57.870     44.019
     -9.511    136.861    330.718   -487.572    -15.697    -57.885     44.006
     -9.513    136.892    330.834   -487.660    -15.695    -57.901     43.992
     -9.515    136.923    330.950   -487.748    -15.694    -57.916     43.978
     -9.517    136.955    331.066   -487.836    -15.693    -57.931     43.964
     -9.519    136.986    331.181   -487.924    -15.692    -57.946     43.950
     -9.521    137.018    331.297   -488.012    -15.691    -57.962     43.936
     -9.523    137.049    331.413   -488.100    -15.690    -57.977     43.922
     -9.525    137.080    331.529   -488.188    -15.689    -57.992     43.908
     -9.527    137.112    331.645   -488.276    -15.688    -58.008     43.894
     -9.529    137.143    331.761   -488.363    -15.687    -58.023     43.880
     -9.531    137.175    331.877   -488.451    -15.686    -58.038     43.866
     -9.533    137.206    331.993   -488.539    -15.685    -58.054     43.851
     -9.535    137.237    332.110   -488.627    -15.684    -58.069     43.837
     -9.537    137.269    332.226   -488.714    -15.683    -58.085     43.823
     -9.539    137.300    332.342   -488.802    -15.681    -58.100     43.809
     -9.541    137.331    332.458   -488.889    -15.680    -58.116     43.794
     -9.543    137.363    332.574   -488.977    -15.679    -58.131     43.780
     -9.545    137.394    332.691   -489.065    -15.678    -58.147     43.766
     -9.547    137.425    332.807   -489.152    -15.677    -58.162     43.751
     -9.549    137.457    332.923   -489.240    -15.676    -58.178     43.737
     -9.551    137.488    333.040   -489.327    -15.675    -58.193     43.722
     -9.553    137.519    333.156   -489.414    -15.674    -58.209     43.708
     -9.555    137.551    333.273   -489.502    -15.673    -58.224     43.693
     -9.557    137.582    333.389   -489.589    -15.671    -58.240     43.679
     -9.559    137.613    333.505   -489.677    -15.670    -58.256     43.664
     -9.561    137.645    333.622   -489.764    -15.669    -58.271     43.650
     -9.563    137.676    333.739   -489.851    -15.668    -58.287     43.635
     -9.565    137.707    333.855   -489.938    -15.667    -58.303     43.620
     -9.567    137.739    333.972   -490.026    -15.666    -58.319     43.606
     -9.569    137.770    334.088   -490.113    -15.664    -58.334     43.591
     -9.571    137.801    334.205   -490.200    -15.663    -58.350     43.576
     -9.573    137.833    334.322   -490.287    -15.662    -58.366     43.561
     -9.575    137.864    334.439   -490.374    -15.661    -58.382     43.546
     -9.577    137.895    334.555   -490.461    -15.660    -58.398     43.531
     -9.579    137.927    334.672   -490.548    -15.659    -58.413     43.517
     -9.581    137.958    334.789   -490.635    -15.657    -58.429     43.502
     -9.583    137.989    334.906   -490.722    -15.656    -58.445     43.487
     -9.585    138.021    335.023   -490.809    -15.655    -58.461     43.472
     -9.587    138.052    335.140   -490.896    -15.654    -58.477     43.456
     -9.589    138.083    335.257   -490.983    -15.653    -58.493     43.441
     -9.591    138.115    335.374   -491.070    -15.651    -58.509     43.426
     -9.593    138.146    335.491   -491.157    -15.650    -58.525     43.411
     -9.595    138.177    335.608   -491.244    -15.649    -58.541     43.396
     -9.597    138.209    335.725   -491.330    -15.648    -58.557     43.381
     -9.599    138.240    335.842   -491.417    -15.646    -58.573     43.365
     -9.601    138.271    335.959   -491.504    -15.645    -58.589     43.350
     -9.603    138.302    336.076   -491.591    -15.644    -58.605     43.335
     -9.605    138.334    336.194   -491.677    -15.643    -58.621     43.319
     -9.607    138.365    336.311   -491.764    -15.641    -58.638     43.304
     -9.609    138.396    336.428   -491.850    -15.640    -58.654     43.288
     -9.611    138.428    336.545   -491.937    -15.639    -58.670     43.273
     -9.613    138.459    336.663   -492.024    -15.638    -58.686     43.257
     -9.615    138.490    336.780   -492.110    -15.636    -58.702     43.242
     -9.617    138.521    336.898   -492.197    -15.635    -58.719     43.226
     -9.619    138.553    337.015   -492.283    -15.634    -58.735     43.211
     -9.621    138.584    337.133   -492.369    -15.632    -58.751     43.195
     -9.623    138.615    337.250   -492.456    -15.631    -58.768     43.179
     -9.625    138.646    337.368   -492.542    -15.630    -58.784     43.164
     -9.627    138.678    337.485   -492.628    -15.629    -58.800     43.148
     -9.629    138.709    337.603   -492.715    -15.627    -58.817     43.132
     -9.631    138.740    337.721   -492.801    -15.626    -58.833     43.116
     -9.633    138.771    337.838   -492.887    -15.625    -58.850     43.100
     -9.635    138.803    337.956   -492.973    -15.623    -58.866     43.084
     -9.637    138.834    338.074   -493.059    -15.622    -58.882     43.068
     -9.639    138.865    338.191   -493.146    -15.621    -58.899     43.052
     -9.641    138.896    338.309   -493.232    -15.619    -58.916     43.036
     -9.643    138.928    338.427   -493.318    -15.618    -58.932     43.020
     -9.645    138.959    338.545   -493.404    -15.616    -58.949     43.004
     -9.647    138.990    338.663   -493.490    -15.615    -58.965     42.988
     -9.649    139.021    338.781   -493.576    -15.614    -58.982     42.972
     -9.651    139.053    338.899   -493.662    -15.612    -58.998     42.955
     -9.653    139.084    339.017   -493.748    -15.611    -59.015     42.939
     -9.655    139.115    339.135   -493.833    -15.610    -59.032     42.923
     -9.657    139.146    339.253   -493.919    -15.608    -59.048     42.906
     -9.659    139.177    339.371   -494.005    -15.607    -59.065     42.890
     -9.661    139.209    339.489   -494.091    -15.605    -59.082     42.874
     -9.663    139.240    339.607   -494.177    -15.604    -59.099     42.857
     -9.665    139.271    339.726   -494.262    -15.603    -59.116     42.841
     -9.667    139.302    339.844   -494.348    -15.601    -59.132     42.824
     -9.669    139.333    339.962   -494.434    -15.600    -59.149     42.807
     -9.671    139.365    340.080   -494.519    -15.598    -59.166     42.791
     -9.673    139.396    340.199   -494.605    -15.597    -59.183     42.774
     -9.675    139.427    340.317   -494.690    -15.595    -59.200     42.757
     -9.677    139.458    340.436   -494.776    -15.594    -59.217     42.741
     -9.679    139.489    340.554   -494.861    -15.593    -59.234     42.724
     -9.681    139.521    340.673   -494.947    -15.591    -59.251     42.707
     -9.683    139.552    340.791   -495.032    -15.590    -59.268     42.690
     -9.685    139.583    340.910   -495.117    -15.588    -59.285     42.673
     -9.687    139.614    341.028   -495.203    -15.587    -59.302     42.656
     -9.689    139.645    341.147   -495.288    -15.585    -59.319     42.639
     -9.691    139.676    341.265   -495.373    -15.584    -59.336     42.622
     -9.693    139.708    341.384   -495.458    -15.582    -59.353     42.605
     -9.695    139.739    341.503   -495.544    -15.581    -59.370     42.588
     -9.697    139.770    341.622   -495.629    -15.579    -59.387     42.571
     -9.699    139.801    341.740   -495.714    -15.578    -59.405     42.553
     -9.701    139.832    341.859   -495.799    -15.576    -59.422     42.536
     -9.703    139.863    341.978   -495.884    -15.575    -59.439     42.519
     -9.705    139.895    342.097   -495.969    -15.573    -59.456     42.501
     -9.707    139.926    342.216   -496.054    -15.572    -59.474     42.484
     -9.709    139.957    342.335   -496.139    -15.570    -59.491     42.466
     -9.711    139.988    342.454   -496.224    -15.568    -59.508     42.449
     -9.713    140.019    342.573   -496.309    -15.567    -59.526     42.431
     -9.715    140.050    342.692   -496.394    -15.565    -59.543     42.414
     -9.717    140.081    342.811   -496.479    -15.564    -59.561     42.396
     -9.719    140.113    342.930   -496.563    -15.562    -59.578     42.378
     -9.721    140.144    343.049   -496.648    -15.561    -59.595     42.361
     -9.723    140.175    343.169   -496.733    -15.559    -59.613     42.343
     -9.725    140.206    343.288   -496.817    -15.557    -59.630     42.325
     -9.727    140.237    343.407   -496.902    -15.556    -59.648     42.307
     -9.729    140.268    343.526   -496.987    -15.554    -59.666     42.289
     -9.731    140.299    343.646   -497.071    -15.553    -59.683     42.271
     -9.733    140.330    343.765   -497.156    -15.551    -59.701     42.253
     -9.735    140.361    343.885   -497.240    -15.549    -59.718     42.235
     -9.737    140.393    344.004   -497.325    -15.548    -59.736     42.217
     -9.739    140.424    344.124   -497.409    -15.546    -59.754     42.199
     -9.741    140.455    344.243   -497.493    -15.544    -59.772     42.181
     -9.743    140.486    344.363   -497.578    -15.543    -59.789     42.163
     -9.745    140.517    344.482   -497.662    -15.541    -59.807     42.144
     -9.747    140.548    344.602   -497.746    -15.539    -59.825     42.126
     -9.749    140.579    344.722   -497.831    -15.538    -59.843     42.108
     -9.751    140.610    344.841   -497.915    -15.536    -59.861     42.089
     -9.753    140.641    344.961   -497.999    -15.534    -59.878     42.071
     -9.755    140.672    345.081   -498.083    -15.533    -59.896     42.052
     -9.757    140.703    345.201   -498.167    -15.531    -59.914     42.033
     -9.759    140.734    345.320   -498.251    -15.529    -59.932     42.015
     -9.761    140.765    345.440   -498.335    -15.528    -59.950     41.996
     -9.763    140.796    345.560   -498.419    -15.526    -59.968     41.977
     -9.765    140.828    345.680   -498.503    -15.524    -59.986     41.959
     -9.767    140.859    345.800   -498.587    -15.522    -60.004     41.940
     -9.769    140.890    345.920   -498.671    -15.521    -60.022     41.921
     -9.771    140.921    346.040   -498.755    -15.519    -60.041     41.902
     -9.773    140.952    346.160   -498.838    -15.517    -60.059     41.883
     -9.775    140.983    346.280   -498.922    -15.515    -60.077     41.864
     -9.777    141.014    346.401   -499.006    -15.514    -60.095     41.845
     -9.779    141.045    346.521   -499.090    -15.512    -60.113     41.826
     -9.781    141.076    346.641   -499.173    -15.510    -60.132     41.806
     -9.783    141.107    346.761   -499.257    -15.508    -60.150     41.787
     -9.785    141.138    346.882   -499.340    -15.506    -60.168     41.768
     -9.787    141.169    347.002   -499.424    -15.504    -60.187     41.748
     -9.789    141.200    347.122   -499.507    -15.503    -60.205     41.729
     -9.791    141.231    347.243   -499.591    -15.501    -60.223     41.710
     -9.793    141.262    347.363   -499.674    -15.499    -60.242     41.690
     -9.795    141.293    347.484   -499.758    -15.497    -60.260     41.670
     -9.797    141.324    347.604   -499.841    -15.495    -60.279     41.651
     -9.799    141.355    347.725   -499.924    -15.493    -60.297     41.631
     -9.801    141.386    347.846   -500.007    -15.492    -60.316     41.611
     -9.803    141.417    347.966   -500.091    -15.490    -60.334     41.592
     -9.805    141.448    348.087   -500.174    -15.488    -60.353     41.572
     -9.807    141.479    348.208   -500.257    -15.486    -60.372     41.552
     -9.809    141.510    348.328   -500.340    -15.484    -60.390     41.532
     -9.811    141.541    348.449   -500.423    -15.482    -60.409     41.512
     -9.813    141.572    348.570   -500.506    -15.480    -60.428     41.492
     -9.815    141.603    348.691   -500.589    -15.478    -60.446     41.472
     -9.817    141.634    348.812   -500.672    -15.476    -60.465     41.451
     -9.819    141.665    348.933   -500.755    -15.474    -60.484     41.431
     -9.821    141.695    349.054   -500.838    -15.472    -60.503     41.411
     -9.823    141.726    349.175   -500.920    -15.470    -60.522     41.390
     -9.825    141.757    349.296   -501.003    -15.468    -60.540     41.370
     -9.827    141.788    349.417   -501.086    -15.466    -60.559     41.350
     -9.829    141.819    349.538   -501.169    -15.464    -60.578     41.329
     -9.831    141.850    349.659   -501.251    -15.462    -60.597     41.308
     -9.833    141.881    349.780   -501.334    -15.460    -60.616     41.288
     -9.835    141.912    349.902   -501.416    -15.458    -60.635     41.267
     -9.837    141.943    350.023   -501.499    -15.456    -60.654     41.246
     -9.839    141.974    350.144   -501.581    -15.454    -60.674     41.225
     -9.841    142.005    350.266   -501.664    -15.452    -60.693     41.204
     -9.843    142.036    350.387   -501.746    -15.450    -60.712     41.184
     -9.845    142.067    350.509   -501.829    -15.448    -60.731     41.162
     -9.847    142.097    350.630   -501.911    -15.446    -60.750     41.141
     -9.849    142.128    350.752   -501.993    -15.444    -60.770     41.120
     -9.851    142.159    350.873   -502.075    -15.442    -60.789     41.099
     -9.853    142.190    350.995   -502.158    -15.440    -60.808     41.078
     -9.855    142.221    351.116   -502.240    -15.438    -60.827     41.056
     -9.857    142.252    351.238   -502.322    -15.436    -60.847     41.035
     -9.859    142.283    351.360   -502.404    -15.433    -60.866     41.014
     -9.861    142.314    351.482   -502.486    -15.431    -60.886     40.992
     -9.863    142.344    351.603   -502.568    -15.429    -60.905     40.970
     -9.865    142.375    351.725   -502.650    -15.427    -60.925     40.949
     -9.867    142.406    351.847   -502.732    -15.425    -60.944     40.927
     -9.869    142.437    351.969   -502.813    -15.423    -60.964     40.905
     -9.871    142.468    352.091   -502.895    -15.420    -60.983     40.883
     -9.873    142.499    352.213   -502.977    -15.418    -61.003     40.861
     -9.875    142.529    352.335   -503.059    -15.416    -61.023     40.840
     -9.877    142.560    352.457   -503.140    -15.414    -61.042     40.817
     -9.879    142.591    352.579   -503.222    -15.412    -61.062     40.795
     -9.881    142.622    352.701   -503.303    -15.409    -61.082     40.773
     -9.883    142.653    352.823   -503.385    -15.407    -61.102     40.751
     -9.885    142.684    352.946   -503.466    -15.405    -61.121     40.729
     -9.887    142.714    353.068   -503.548    -15.403    -61.141     40.706
     -9.889    142.745    353.190   -503.629    -15.400    -61.161     40.684
     -9.891    142.776    353.312   -503.711    -15.398    -61.181     40.661
     -9.893    142.807    353.435   -503.792    -15.396    -61.201     40.639
     -9.895    142.838    353.557   -503.873    -15.393    -61.221     40.616
     -9.897    142.868    353.680   -503.954    -15.391    -61.241     40.593
     -9.899    142.899    353.802   -504.036    -15.389    -61.261     40.570
     -9.901    142.930    353.925   -504.117    -15.386    -61.281     40.548
     -9.903    142.961    354.047   -504.198    -15.384    -61.301     40.525
     -9.905    142.991    354.170   -504.279    -15.382    -61.321     40.502
     -9.907    143.022    354.293   -504.360    -15.379    -61.342     40.478
     -9.909    143.053    354.415   -504.441    -15.377    -61.362     40.455
     -9.911    143.084    354.538   -504.522    -15.374    -61.382     40.432
     -9.913    143.114    354.661   -504.602    -15.372    -61.402     40.409
     -9.915    143.145    354.784   -504.683    -15.370    -61.423     40.385
     -9.917    143.176    354.907   -504.764    -15.367    -61.443     40.362
     -9.919    143.207    355.029   -504.845    -15.365    -61.463     40.338
     -9.921    143.237    355.152   -504.925    -15.362    -61.484     40.315
     -9.923    143.268    355.275   -505.006    -15.360    -61.504     40.291
     -9.925    143.299    355.398   -505.086    -15.357    -61.525     40.267
     -9.927    143.330    355.522   -505.167    -15.355    -61.545     40.244
     -9.929    143.360    355.645   -505.247    -15.352    -61.566     40.220
     -9.931    143.391    355.768   -505.328    -15.350    -61.587     40.196
     -9.933    143.422    355.891   -505.408    -15.347    -61.607     40.172
     -9.935    143.452    356.014   -505.489    -15.345    -61.628     40.147
     -9.937    143.483    356.137   -505.569    -15.342    -61.649     40.123
     -9.939    143.514    356.261   -505.649    -15.340    -61.669     40.099
     -9.941    143.544    356.384   -505.729    -15.337    -61.690     40.075
     -9.943    143.575    356.508   -505.809    -15.335    -61.711     40.050
     -9.945    143.606    356.631   -505.889    -15.332    -61.732     40.026
     -9.947    143.636    356.755   -505.969    -15.329    -61.753     40.001
     -9.949    143.667    356.878   -506.049    -15.327    -61.774     39.976
     -9.951    143.698    357.002   -506.129    -15.324    -61.795     39.952
     -9.953    143.728    357.125   -506.209    -15.321    -61.815     39.927
     -9.955    143.759    357.249   -506.289    -15.319    -61.837     39.902
     -9.957    143.790    357.373   -506.369    -15.316    -61.858     39.877
     -9.959    143.820    357.496   -506.449    -15.313    -61.879     39.852
     -9.961    143.851    357.620   -506.528    -15.311    -61.900     39.826
     -9.963    143.882    357.744   -506.608    -15.308    -61.921     39.801
     -9.965    143.912    357.868   -506.687    -15.305    -61.942     39.776
     -9.967    143.943    357.992   -506.767    -15.302    -61.963     39.750
     -9.969    143.973    358.116   -506.846    -15.300    -61.985     39.725
     -9.971    144.004    358.240   -506.926    -15.297    -62.006     39.699
     -9.973    144.035    358.364   -507.005    -15.294    -62.027     39.674
     -9.975    144.065    358.488   -507.085    -15.291    -62.049     39.648
     -9.977    144.096    358.612   -507.164    -15.289    -62.070     39.622
     -9.979    144.126    358.736   -507.243    -15.286    -62.092     39.596
     -9.981    144.157    358.860   -507.322    -15.283    -62.113     39.570
     -9.983    144.187    358.984   -507.401    -15.280    -62.135     39.544
     -9.985    144.218    359.109   -507.480    -15.277    -62.156     39.518
     -9.987    144.248    359.233   -507.559    -15.274    -62.178     39.491
     -9.989    144.279    359.357   -507.638    -15.271    -62.200     39.465
     -9.991    144.310    359.482   -507.717    -15.269    -62.221     39.438
     -9.993    144.340    359.606   -507.796    -15.266    -62.243     39.412
     -9.995    144.371    359.731   -507.875    -15.263    -62.265     39.385
     -9.997    144.401    359.855   -507.954    -15.260    -62.287     39.358
     -9.999    144.432    359.980   -508.032    -15.257    -62.309     39.332
    -10.001    144.462    360.105   -508.111    -15.254    -62.330     39.305
    -10.003    144.493    360.229   -508.190    -15.251    -62.352     39.278
    -10.005    144.523    360.354   -508.268    -15.248    -62.374     39.251
    -10.007    144.554    360.479   -508.347    -15.245    -62.396     39.223
    -10.009    144.584    360.604   -508.425    -15.242    -62.418     39.196
    -10.011    144.615    360.728   -508.503    -15.239    -62.440     39.169
    -10.013    144.645    360.853   -508.582    -15.236    -62.463     39.141
    -10.015    144.676    360.978   -508.660    -15.233    -62.485     39.113
    -10.017    144.706    361.103   -508.738    -15.229    -62.507     39.086
    -10.019    144.737    361.228   -508.816    -15.226    -62.529     39.058
    -10.021    144.767    361.353   -508.894    -15.223    -62.552     39.030
    -10.023    144.797    361.479   -508.972    -15.220    -62.574     39.002
    -10.025    144.828    361.604   -509.050    -15.217    -62.596     38.974
    -10.027    144.858    361.729   -509.128    -15.214    -62.619     38.946
    -10.029    144.889    361.854   -509.206    -15.211    -62.641     38.917
    -10.031    144.919    361.980   -509.284    -15.207    -62.664     38.889
    -10.033    144.950    362.105   -509.362    -15.204    -62.686     38.861
    -10.035    144.980    362.230   -509.439    -15.201    -62.709     38.832
    -10.037    145.010    362.356   -509.517    -15.198    -62.731     38.803
    -10.039    145.041    362.481   -509.595    -15.194    -62.754     38.774
    -10.041    145.071    362.607   -509.672    -15.191    -62.777     38.746
    -10.043    145.101    362.732   -509.750    -15.188    -62.799     38.717
    -10.045    145.132    362.858   -509.827    -15.184    -62.822     38.687
    -10.047    145.162    362.984   -509.904    -15.181    -62.845     38.658
    -10.049    145.193    363.109   -509.982    -15.178    -62.868     38.629
    -10.051    145.223    363.235   -510.059    -15.174    -62.891     38.599
    -10.053    145.253    363.361   -510.136    -15.171    -62.914     38.570
    -10.055    145.284    363.487   -510.213    -15.167    -62.937     38.540
    -10.057    145.314    363.613   -510.290    -15.164    -62.960     38.510
    -10.059    145.344    363.739   -510.367    -15.161    -62.983     38.481
    -10.061    145.375    363.865   -510.444    -15.157    -63.006     38.451
    -10.063    145.405    363.991   -510.521    -15.154    -63.029     38.420
    -10.065    145.435    364.117   -510.598    -15.150    -63.052     38.390
    -10.067    145.466    364.243   -510.675    -15.147    -63.076     38.360
    -10.069    145.496    364.369   -510.751    -15.143    -63.099     38.329
    -10.071    145.526    364.495   -510.828    -15.139    -63.122     38.299
    -10.073    145.556    364.621   -510.904    -15.136    -63.146     38.268
    -10.075    145.587    364.748   -510.981    -15.132    -63.169     38.237
    -10.077    145.617    364.874   -511.057    -15.129    -63.192     38.207
    -10.079    145.647    365.001   -511.134    -15.125    -63.216     38.176
    -10.081    145.677    365.127   -511.210    -15.121    -63.239     38.144
    -10.083    145.708    365.253   -511.286    -15.118    -63.263     38.113
    -10.085    145.738    365.380   -511.363    -15.114    -63.287     38.082
    -10.087    145.768    365.507   -511.439    -15.110    -63.310     38.050
    -10.089    145.798    365.633   -511.515    -15.107    -63.334     38.019
    -10.091    145.829    365.760   -511.591    -15.103    -63.358     37.987
    -10.093    145.859    365.887   -511.667    -15.099    -63.382     37.955
    -10.095    145.889    366.013   -511.743    -15.095    -63.406     37.923
    -10.097    145.919    366.140   -511.818    -15.091    -63.429     37.891
    -10.099    145.949    366.267   -511.894    -15.088    -63.453     37.859
    -10.101    145.979    366.394   -511.970    -15.084    -63.477     37.826
    -10.103    146.010    366.521   -512.045    -15.080    -63.501     37.794
    -10.105    146.040    366.648   -512.121    -15.076    -63.525     37.761
    -10.107    146.070    366.775   -512.196    -15.072    -63.550     37.729
    -10.109    146.100    366.902   -512.272    -15.068    -63.574     37.696
    -10.111    146.130    367.030   -512.347    -15.064    -63.598     37.663
    -10.113    146.160    367.157   -512.423    -15.060    -63.622     37.630
    -10.115    146.190    367.284   -512.498    -15.056    -63.647     37.596
    -10.117    146.221    367.411   -512.573    -15.052    -63.671     37.563
    -10.119    146.251    367.539   -512.648    -15.048    -63.695     37.529
    -10.121    146.281    367.666   -512.723    -15.044    -63.720     37.496
    -10.123    146.311    367.794   -512.798    -15.040    -63.744     37.462
    -10.125    146.341    367.921   -512.873    -15.036    -63.769     37.428
    -10.127    146.371    368.049   -512.948    -15.032    -63.793     37.394
    -10.129    146.401    368.176   -513.022    -15.027    -63.818     37.360
    -10.131    146.431    368.304   -513.097    -15.023    -63.843     37.325
    -10.133    146.461    368.432   -513.172    -15.019    -63.867     37.291
    -10.135    146.491    368.559   -513.246    -15.015    -63.892     37.256
    -10.137    146.521    368.687   -513.321    -15.011    -63.917     37.222
    -10.139    146.551    368.815   -513.395    -15.006    -63.942     37.187
    -10.141    146.581    368.943   -513.470    -15.002    -63.967     37.152
    -10.143    146.611    369.071   -513.544    -14.998    -63.992     37.117
    -10.145    146.641    369.199   -513.618    -14.993    -64.017     37.081
    -10.147    146.671    369.327   -513.692    -14.989    -64.042     37.046
    -10.149    146.701    369.455   -513.766    -14.984    -64.067     37.010
    -10.151    146.731    369.583   -513.840    -14.980    -64.092     36.974
    -10.153    146.761    369.711   -513.914    -14.976    -64.117     36.938
    -10.155    146.791    369.840   -513.988    -14.971    -64.143     36.902
    -10.157    146.821    369.968   -514.062    -14.967    -64.168     36.866
    -10.159    146.851    370.096   -514.135    -14.962    -64.193     36.830
    -10.161    146.881    370.225   -514.209    -14.957    -64.219     36.793
    -10.163    146.911    370.353   -514.283    -14.953    -64.244     36.757
    -10.165    146.941    370.482   -514.356    -14.948    -64.270     36.720
    -10.167    146.970    370.610   -514.429    -14.944    -64.295     36.683
    -10.169    147.000    370.739   -514.503    -14.939    -64.321     36.646
    -10.171    147.030    370.868   -514.576    -14.934    -64.346     36.608
    -10.173    147.060    370.996   -514.649    -14.930    -64.372     36.571
    -10.175    147.090    371.125   -514.722    -14.925    -64.398     36.533
    -10.177    147.120    371.254   -514.795    -14.920    -64.424     36.496
    -10.179    147.150    371.383   -514.868    -14.915    -64.449     36.458
    -10.181    147.179    371.512   -514.941    -14.910    -64.475     36.420
    -10.183    147.209    371.641   -515.014    -14.906    -64.501     36.381
    -10.185    147.239    371.770   -515.087    -14.901    -64.527     36.343
    -10.187    147.269    371.899   -515.159    -14.896    -64.553     36.304
    -10.189    147.299    372.028   -515.232    -14.891    -64.579     36.266
    -10.191    147.328    372.157   -515.304    -14.886    -64.606     36.227
    -10.193    147.358    372.286   -515.377    -14.881    -64.632     36.187
    -10.195    147.388    372.416   -515.449    -14.876    -64.658     36.148
    -10.197    147.418    372.545   -515.521    -14.871    -64.684     36.109
    -10.199    147.447    372.674   -515.594    -14.866    -64.711     36.069
    -10.201    147.477    372.804   -515.666    -14.860    -64.737     36.029
    -10.203    147.507    372.933   -515.738    -14.855    -64.763     35.989
    -10.205    147.537    373.063   -515.810    -14.850    -64.790     35.949
    -10.207    147.566    373.193   -515.882    -14.845    -64.816     35.909
    -10.209    147.596    373.322   -515.953    -14.840    -64.843     35.868
    -10.211    147.626    373.452   -516.025    -14.834    -64.870     35.828
    -10.213    147.655    373.582   -516.097    -14.829    -64.896     35.787
    -10.215    147.685    373.711   -516.168    -14.824    -64.923     35.746
    -10.217    147.715    373.841   -516.240    -14.818    -64.950     35.705
    -10.219    147.744    373.971   -516.311    -14.813    -64.977     35.663
    -10.221    147.774    374.101   -516.382    -14.807    -65.004     35.622
    -10.223    147.803    374.231   -516.453    -14.802    -65.031     35.580
    -10.225    147.833    374.361   -516.525    -14.796    -65.058     35.538
    -10.227    147.863    374.492   -516.596    -14.791    -65.085     35.496
    -10.229    147.892    374.622   -516.667    -14.785    -65.112     35.453
    -10.231    147.922    374.752   -516.737    -14.780    -65.139     35.411
    -10.233    147.951    374.882   -516.808    -14.774    -65.166     35.368
    -10.235    147.981    375.013   -516.879    -14.768    -65.193     35.325
    -10.237    148.010    375.143   -516.949    -14.763    -65.221     35.282
    -10.239    148.040    375.274   -517.020    -14.757    -65.248     35.238
    -10.241    148.069    375.404   -517.090    -14.751    -65.275     35.195
    -10.243    148.099    375.535   -517.161    -14.745    -65.303     35.151
    -10.245    148.128    375.665   -517.231    -14.739    -65.330     35.107
    -10.247    148.158    375.796   -517.301    -14.733    -65.358     35.063
    -10.249    148.187    375.927   -517.371    -14.728    -65.386     35.019
    -10.251    148.217    376.057   -517.441    -14.722    -65.413     34.974
    -10.253    148.246    376.188   -517.511    -14.716    -65.441     34.929
    -10.255    148.276    376.319   -517.581    -14.709    -65.469     34.884
    -10.257    148.305    376.450   -517.651    -14.703    -65.497     34.839
    -10.259    148.334    376.581   -517.720    -14.697    -65.525     34.794
    -10.261    148.364    376.712   -517.790    -14.691    -65.552     34.748
    -10.263    148.393    376.843   -517.859    -14.685    -65.580     34.702
    -10.265    148.423    376.975   -517.929    -14.679    -65.608     34.656
    -10.267    148.452    377.106   -517.998    -14.672    -65.637     34.610
    -10.269    148.481    377.237   -518.067    -14.666    -65.665     34.563
    -10.271    148.511    377.369   -518.136    -14.660    -65.693     34.516
    -10.273    148.540    377.500   -518.205    -14.653    -65.721     34.469
    -10.275    148.569    377.631   -518.274    -14.647    -65.749     34.422
    -10.277    148.599    377.763   -518.343    -14.640    -65.778     34.375
    -10.279    148.628    377.895   -518.412    -14.634    -65.806     34.327
    -10.281    148.657    378.026   -518.480    -14.627    -65.835     34.279
    -10.283    148.686    378.158   -518.549    -14.620    -65.863     34.231
    -10.285    148.716    378.290   -518.617    -14.614    -65.892     34.182
    -10.287    148.745    378.421   -518.685    -14.607    -65.920     34.134
    -10.289    148.774    378.553   -518.754    -14.600    -65.949     34.085
    -10.291    148.803    378.685   -518.822    -14.593    -65.978     34.036
    -10.293    148.832    378.817   -518.890    -14.587    -66.006     33.986
    -10.295    148.862    378.949   -518.958    -14.580    -66.035     33.937
    -10.297    148.891    379.081   -519.026    -14.573    -66.064     33.887
    -10.299    148.920    379.214   -519.093    -14.566    -66.093     33.837
    -10.301    148.949    379.346   -519.161    -14.559    -66.122     33.786
    -10.303    148.978    379.478   -519.228    -14.552    -66.151     33.736
    -10.305    149.007    379.610   -519.296    -14.545    -66.180     33.685
    -10.307    149.036    379.743   -519.363    -14.537    -66.209     33.634
    -10.309    149.065    379.875   -519.430    -14.530    -66.238     33.582
    -10.311    149.094    380.008   -519.497    -14.523    -66.268     33.531
    -10.313    149.123    380.140   -519.565    -14.516    -66.297     33.479
    -10.315    149.152    380.273   -519.631    -14.508    -66.326     33.427
    -10.317    149.181    380.406   -519.698    -14.501    -66.355     33.374
    -10.319    149.210    380.538   -519.765    -14.493    -66.385     33.321
    -10.321    149.239    380.671   -519.831    -14.486    -66.414     33.268
    -10.323    149.268    380.804   -519.898    -14.478    -66.444     33.215
    -10.325    149.297    380.937   -519.964    -14.470    -66.473     33.162
    -10.327    149.326    381.070   -520.031    -14.463    -66.503     33.108
    -10.329    149.355    381.203   -520.097    -14.455    -66.533     33.054
    -10.331    149.384    381.336   -520.163    -14.447    -66.562     32.999
    -10.333    149.413    381.469   -520.229    -14.439    -66.592     32.944
    -10.335    149.442    381.602   -520.295    -14.431    -66.622     32.889
    -10.337    149.471    381.736   -520.360    -14.424    -66.652     32.834
    -10.339    149.500    381.869   -520.426    -14.415    -66.682     32.779
    -10.341    149.528    382.002   -520.491    -14.407    -66.712     32.723
    -10.343    149.557    382.136   -520.557    -14.399    -66.742     32.666
    -10.345    149.586    382.269   -520.622    -14.391    -66.772     32.610
    -10.347    149.615    382.403   -520.687    -14.383    -66.802     32.553
    -10.349    149.643    382.537   -520.752    -14.375    -66.832     32.496
    -10.351    149.672    382.670   -520.817    -14.366    -66.862     32.439
    -10.353    149.701    382.804   -520.882    -14.358    -66.893     32.381
    -10.355    149.730    382.938   -520.947    -14.349    -66.923     32.323
    -10.357    149.758    383.072   -521.011    -14.341    -66.953     32.265
    -10.359    149.787    383.206   -521.076    -14.332    -66.984     32.206
    -10.361    149.816    383.340   -521.140    -14.323    -67.014     32.147
    -10.363    149.844    383.474   -521.204    -14.315    -67.045     32.088
    -10.365    149.873    383.608   -521.269    -14.306    -67.075     32.028
    -10.367    149.902    383.742   -521.333    -14.297    -67.106     31.968
    -10.369    149.930    383.876   -521.396    -14.288    -67.136     31.908
    -10.371    149.959    384.010   -521.460    -14.279    -67.167     31.847
    -10.373    149.987    384.145   -521.524    -14.270    -67.198     31.786
    -10.375    150.016    384.279   -521.587    -14.261    -67.228     31.725
    -10.377    150.044    384.414   -521.651    -14.252    -67.259     31.663
    -10.379    150.073    384.548   -521.714    -14.242    -67.290     31.601
    -10.381    150.101    384.683   -521.777    -14.233    -67.321     31.538
    -10.383    150.130    384.818   -521.840    -14.224    -67.352     31.476
    -10.385    150.158    384.952   -521.903    -14.214    -67.383     31.413
    -10.387    150.187    385.087   -521.966    -14.205    -67.414     31.349
    -10.389    150.215    385.222   -522.028    -14.195    -67.445     31.285
    -10.391    150.243    385.357   -522.091    -14.185    -67.476     31.221
    -10.393    150.272    385.492   -522.153    -14.176    -67.507     31.156
    -10.395    150.300    385.627   -522.216    -14.166    -67.538     31.092
    -10.397    150.328    385.762   -522.278    -14.156    -67.569     31.026
    -10.399    150.357    385.897   -522.340    -14.146    -67.600     30.961
    -10.401    150.385    386.032   -522.401    -14.136    -67.632     30.895
    -10.403    150.413    386.168   -522.463    -14.126    -67.663     30.829
    -10.405    150.441    386.303   -522.525    -14.116    -67.694     30.763
    -10.407    150.470    386.439   -522.586    -14.106    -67.725     30.696
    -10.409    150.498    386.574   -522.648    -14.095    -67.756     30.629
    -10.411    150.526    386.710   -522.709    -14.085    -67.787     30.562
    -10.413    150.554    386.845   -522.770    -14.075    -67.818     30.494
    -10.415    150.582    386.981   -522.831    -14.064    -67.849     30.426
    -10.417    150.610    387.117   -522.892    -14.054    -67.880     30.358
    -10.419    150.639    387.252   -522.952    -14.043    -67.911     30.289
    -10.421    150.667    387.388   -523.013    -14.032    -67.942     30.220
    -10.423    150.695    387.524   -523.073    -14.021    -67.973     30.151
    -10.425    150.723    387.660   -523.133    -14.011    -68.004     30.082
    -10.427    150.751    387.796   -523.193    -14.000    -68.035     30.012
    -10.429    150.779    387.932   -523.253    -13.989    -68.066     29.942
    -10.431    150.807    388.068   -523.313    -13.978    -68.097     29.871
    -10.433    150.835    388.205   -523.373    -13.967    -68.128     29.800
    -10.435    150.863    388.341   -523.432    -13.956    -68.159     29.729
    -10.437    150.890    388.477   -523.492    -13.944    -68.190     29.657
    -10.439    150.918    388.614   -523.551    -13.933    -68.221     29.586
    -10.441    150.946    388.750   -523.610    -13.922    -68.252     29.513
    -10.443    150.974    388.887   -523.669    -13.910    -68.283     29.441
    -10.445    151.002    389.023   -523.728    -13.899    -68.313     29.368
    -10.447    151.030    389.160   -523.787    -13.887    -68.344     29.295
    -10.449    151.057    389.297   -523.845    -13.875    -68.375     29.221
    -10.451    151.085    389.433   -523.903    -13.863    -68.406     29.147
    -10.453    151.113    389.570   -523.962    -13.852    -68.436     29.073
    -10.455    151.140    389.707   -524.020    -13.840    -68.467     28.998
    -10.457    151.168    389.844   -524.078    -13.828    -68.497     28.923
    -10.459    151.196    389.981   -524.135    -13.816    -68.528     28.848
    -10.461    151.223    390.118   -524.193    -13.803    -68.559     28.772
    -10.463    151.251    390.255   -524.250    -13.791    -68.589     28.696
    -10.465    151.279    390.393   -524.308    -13.779    -68.619     28.619
    -10.467    151.306    390.530   -524.365    -13.766    -68.650     28.542
    -10.469    151.334    390.667   -524.422    -13.754    -68.680     28.465
    -10.471    151.361    390.805   -524.479    -13.741    -68.711     28.387
    -10.473    151.389    390.942   -524.536    -13.728    -68.741     28.309
    -10.475    151.416    391.080   -524.592    -13.716    -68.771     28.231
    -10.477    151.443    391.217   -524.648    -13.703    -68.801     28.152
    -10.479    151.471    391.355   -524.705    -13.690    -68.831     28.073
    -10.481    151.498    391.492   -524.761    -13.677    -68.861     27.993
    -10.483    151.526    391.630   -524.817    -13.664    -68.891     27.913
    -10.485    151.553    391.768   -524.872    -13.650    -68.921     27.833
    -10.487    151.580    391.906   -524.928    -13.637    -68.951     27.752
    -10.489    151.607    392.044   -524.983    -13.624    -68.981     27.671
    -10.491    151.635    392.182   -525.039    -13.610    -69.011     27.589
    -10.493    151.662    392.320   -525.094    -13.597    -69.040     27.507
    -10.495    151.689    392.458   -525.149    -13.583    -69.070     27.425
    -10.497    151.716    392.596   -525.203    -13.569    -69.100     27.342
    -10.499    151.743    392.734   -525.258    -13.555    -69.129     27.258
    -10.501    151.770    392.873   -525.312    -13.541    -69.158     27.175
    -10.503    151.798    393.011   -525.367    -13.527    -69.188     27.090
    -10.505    151.825    393.149   -525.421    -13.513    -69.217     27.006
    -10.507    151.852    393.288   -525.475    -13.498    -69.246     26.921
    -10.509    151.879    393.426   -525.529    -13.484    -69.275     26.835
    -10.511    151.905    393.565   -525.582    -13.470    -69.304     26.749
    -10.513    151.932    393.704   -525.636    -13.455    -69.333     26.663
    -10.515    151.959    393.842   -525.689    -13.440    -69.362     26.576
    -10.517    151.986    393.981   -525.742    -13.425    -69.391     26.489
    -10.519    152.013    394.120   -525.795    -13.410    -69.419     26.401
    -10.521    152.040    394.259   -525.847    -13.395    -69.448     26.313
    -10.523    152.067    394.398   -525.900    -13.380    -69.476     26.224
    -10.525    152.093    394.537   -525.952    -13.365    -69.504     26.135
    -10.527    152.120    394.676   -526.004    -13.350    -69.533     26.045
    -10.529    152.147    394.815   -526.056    -13.334    -69.561     25.955
    -10.531    152.173    394.954   -526.108    -13.318    -69.589     25.864
    -10.533    152.200    395.093   -526.160    -13.303    -69.617     25.773
    -10.535    152.227    395.232   -526.211    -13.287    -69.644     25.682
    -10.537    152.253    395.372   -526.263    -13.271    -69.672     25.590
    -10.539    152.280    395.511   -526.314    -13.255    -69.700     25.497
    -10.541    152.306    395.651   -526.365    -13.239    -69.727     25.404
    -10.543    152.333    395.790   -526.415    -13.222    -69.754     25.310
    -10.545    152.359    395.930   -526.466    -13.206    -69.781     25.216
    -10.547    152.385    396.069   -526.516    -13.189    -69.808     25.122
    -10.549    152.412    396.209   -526.566    -13.172    -69.835     25.027
    -10.551    152.438    396.348   -526.616    -13.156    -69.862     24.931
    -10.553    152.464    396.488   -526.666    -13.139    -69.888     24.835
    -10.555    152.491    396.628   -526.716    -13.122    -69.915     24.738
    -10.557    152.517    396.768   -526.765    -13.104    -69.941     24.641
    -10.559    152.543    396.908   -526.814    -13.087    -69.967     24.543
    -10.561    152.569    397.048   -526.863    -13.070    -69.993     24.445
    -10.563    152.595    397.188   -526.912    -13.052    -70.018     24.346
    -10.565    152.621    397.328   -526.961    -13.034    -70.044     24.247
    -10.567    152.648    397.468   -527.009    -13.016    -70.069     24.147
    -10.569    152.674    397.608   -527.057    -12.998    -70.094     24.047
    -10.571    152.700    397.748   -527.105    -12.980    -70.119     23.946
    -10.573    152.725    397.889   -527.153    -12.962    -70.144     23.844
    -10.575    152.751    398.029   -527.201    -12.943    -70.169     23.742
    -10.577    152.777    398.169   -527.248    -12.925    -70.193     23.639
    -10.579    152.803    398.310   -527.295    -12.906    -70.217     23.536
    -10.581    152.829    398.450   -527.342    -12.887    -70.241     23.432
    -10.583    152.855    398.591   -527.389    -12.868    -70.265     23.327
    -10.585    152.880    398.731   -527.435    -12.849    -70.289     23.222
    -10.587    152.906    398.872   -527.482    -12.829    -70.312     23.117
    -10.589    152.932    399.012   -527.528    -12.810    -70.335     23.011
    -10.591    152.957    399.153   -527.574    -12.790    -70.358     22.904
    -10.593    152.983    399.294   -527.619    -12.770    -70.381     22.796
    -10.595    153.008    399.435   -527.665    -12.751    -70.403     22.688
    -10.597    153.034    399.575   -527.710    -12.730    -70.425     22.580
    -10.599    153.059    399.716   -527.755    -12.710    -70.447     22.470
    -10.601    153.085    399.857   -527.800    -12.690    -70.469     22.360
    -10.603    153.110    399.998   -527.845    -12.669    -70.490     22.250
    -10.605    153.135    400.139   -527.889    -12.648    -70.511     22.139
    -10.607    153.161    400.280   -527.933    -12.627    -70.532     22.027
    -10.609    153.186    400.421   -527.977    -12.606    -70.552     21.915
    -10.611    153.211    400.562   -528.021    -12.585    -70.572     21.801
    -10.613    153.236    400.704   -528.064    -12.563    -70.592     21.688
    -10.615    153.261    400.845   -528.108    -12.542    -70.612     21.573
    -10.617    153.286    400.986   -528.151    -12.520    -70.631     21.458
    -10.619    153.311    401.127   -528.194    -12.498    -70.650     21.343
    -10.621    153.336    401.269   -528.236    -12.476    -70.669     21.226
    -10.623    153.361    401.410   -528.278    -12.453    -70.687     21.109
    -10.625    153.386    401.551   -528.321    -12.431    -70.705     20.992
    -10.627    153.411    401.693   -528.362    -12.408    -70.723     20.873
    -10.629    153.436    401.834   -528.404    -12.385    -70.740     20.754
    -10.631    153.461    401.976   -528.445    -12.362    -70.757     20.634
    -10.633    153.485    402.117   -528.487    -12.339    -70.773     20.514
    -10.635    153.510    402.259   -528.527    -12.315    -70.789     20.393
    -10.637    153.534    402.400   -528.568    -12.291    -70.805     20.271
    -10.639    153.559    402.542   -528.609    -12.268    -70.820     20.148
    -10.641    153.584    402.684   -528.649    -12.244    -70.835     20.025
    -10.643    153.608    402.825   -528.689    -12.219    -70.850     19.901
    -10.645    153.632    402.967   -528.728    -12.195    -70.864     19.776
    -10.647    153.657    403.109   -528.768    -12.170    -70.877     19.651
    -10.649    153.681    403.251   -528.807    -12.145    -70.890     19.525
    -10.651    153.705    403.392   -528.846    -12.120    -70.903     19.398
    -10.653    153.730    403.534   -528.885    -12.095    -70.915     19.270
    -10.655    153.754    403.676   -528.923    -12.069    -70.927     19.142
    -10.657    153.778    403.818   -528.961    -12.043    -70.938     19.013
    -10.659    153.802    403.960   -528.999    -12.017    -70.949     18.883
    -10.661    153.826    404.102   -529.037    -11.991    -70.959     18.752
    -10.663    153.850    404.244   -529.074    -11.965    -70.969     18.621
    -10.665    153.874    404.386   -529.111    -11.938    -70.978     18.489
    -10.667    153.898    404.528   -529.148    -11.911    -70.987     18.356
    -10.669    153.921    404.670   -529.185    -11.884    -70.995     18.222
    -10.671    153.945    404.812   -529.221    -11.857    -71.003     18.088
    -10.673    153.969    404.954   -529.257    -11.829    -71.010     17.952
    -10.675    153.993    405.096   -529.293    -11.801    -71.016     17.816
    -10.677    154.016    405.238   -529.328    -11.773    -71.022     17.680
    -10.679    154.040    405.380   -529.363    -11.745    -71.027     17.542
    -10.681    154.063    405.522   -529.398    -11.716    -71.032     17.404
    -10.683    154.086    405.664   -529.433    -11.688    -71.036     17.265
    -10.685    154.110    405.806   -529.467    -11.659    -71.039     17.125
    -10.687    154.133    405.948   -529.501    -11.629    -71.042     16.984
    -10.689    154.156    406.090   -529.535    -11.600    -71.044     16.842
    -10.691    154.180    406.232   -529.569    -11.570    -71.045     16.700
    -10.693    154.203    406.374   -529.602    -11.540    -71.046     16.557
    -10.695    154.226    406.516   -529.635    -11.510    -71.046     16.413
    -10.697    154.249    406.658   -529.668    -11.479    -71.045     16.268
    -10.699    154.272    406.801   -529.700    -11.448    -71.043     16.123
    -10.701    154.294    406.943   -529.732    -11.417    -71.041     15.976
    -10.703    154.317    407.085   -529.764    -11.386    -71.038     15.829
    -10.705    154.340    407.227   -529.796    -11.354    -71.034     15.681
    -10.707    154.363    407.369   -529.827    -11.323    -71.029     15.532
    -10.709    154.385    407.511   -529.858    -11.290    -71.024     15.383
    -10.711    154.408    407.653   -529.888    -11.258    -71.017     15.232
    -10.713    154.430    407.795   -529.919    -11.225    -71.010     15.081
    -10.715    154.453    407.937   -529.949    -11.192    -71.002     14.929
    -10.717    154.475    408.079   -529.978    -11.159    -70.993     14.776
    -10.719    154.497    408.221   -530.008    -11.125    -70.983     14.622
    -10.721    154.520    408.363   -530.037    -11.092    -70.972     14.467
    -10.723    154.542    408.505   -530.066    -11.057    -70.960     14.312
    -10.725    154.564    408.647   -530.094    -11.023    -70.947     14.156
    -10.727    154.586    408.789   -530.122    -10.988    -70.934     13.999
    -10.729    154.608    408.930   -530.150    -10.953    -70.919     13.841
    -10.731    154.630    409.072   -530.178    -10.918    -70.903     13.682
    -10.733    154.651    409.214   -530.205    -10.882    -70.886     13.522
    -10.735    154.673    409.356   -530.232    -10.846    -70.868     13.362
    -10.737    154.695    409.498   -530.258    -10.810    -70.849     13.201
    -10.739    154.716    409.639   -530.284    -10.774    -70.829     13.039
    -10.741    154.738    409.781   -530.310    -10.737    -70.808     12.876
    -10.743    154.759    409.922   -530.336    -10.700    -70.786     12.713
    -10.745    154.781    410.064   -530.361    -10.662    -70.762     12.548
    -10.747    154.802    410.206   -530.386    -10.624    -70.738     12.383
    -10.749    154.823    410.347   -530.411    -10.586    -70.712     12.217
    -10.751    154.844    410.488   -530.435    -10.548    -70.685     12.050
    -10.753    154.865    410.630   -530.459    -10.509    -70.656     11.883
    -10.755    154.886    410.771   -530.483    -10.470    -70.627     11.714
    -10.757    154.907    410.912   -530.506    -10.431    -70.596     11.545
    -10.759    154.928    411.053   -530.529    -10.391    -70.564     11.375
    -10.761    154.949    411.194   -530.551    -10.351    -70.530     11.205
    -10.763    154.970    411.335   -530.574    -10.311    -70.495     11.033
    -10.765    154.990    411.476   -530.595    -10.270    -70.459     10.861
    -10.767    155.011    411.617   -530.617    -10.229    -70.421     10.689
    -10.769    155.031    411.758   -530.638    -10.188    -70.382     10.515
    -10.771    155.051    411.899   -530.659    -10.146    -70.342     10.341
    -10.773    155.072    412.039   -530.680    -10.104    -70.300     10.166
    -10.775    155.092    412.180   -530.700    -10.062    -70.256      9.990
    -10.777    155.112    412.321   -530.720    -10.019    -70.211      9.814
    -10.779    155.132    412.461   -530.739     -9.977    -70.164      9.637
    -10.781    155.152    412.601   -530.758     -9.933    -70.116      9.459
    -10.783    155.172    412.741   -530.777     -9.890    -70.066      9.281
    -10.785    155.191    412.881   -530.795     -9.846    -70.015      9.102
    -10.787    155.211    413.021   -530.813     -9.801    -69.961      8.923
    -10.789    155.231    413.161   -530.831     -9.757    -69.907      8.743
    -10.791    155.250    413.301   -530.848     -9.712    -69.850      8.562
    -10.793    155.269    413.441   -530.865     -9.667    -69.792      8.381
    -10.795    155.289    413.580   -530.882     -9.621    -69.732      8.199
    -10.797    155.308    413.720   -530.898     -9.575    -69.670      8.017
    -10.799    155.327    413.859   -530.914     -9.529    -69.606      7.834
    -10.801    155.346    413.998   -530.929     -9.482    -69.541      7.651
    -10.803    155.365    414.137   -530.944     -9.435    -69.474      7.467
    -10.805    155.384    414.276   -530.959     -9.388    -69.405      7.283
    -10.807    155.402    414.415   -530.974     -9.341    -69.333      7.098
    -10.809    155.421    414.553   -530.988     -9.293    -69.260      6.913
    -10.811    155.440    414.692   -531.001     -9.245    -69.185      6.728
    -10.813    155.458    414.830   -531.014     -9.196    -69.108      6.543
    -10.815    155.476    414.968   -531.027     -9.147    -69.029      6.357
    -10.817    155.495    415.106   -531.040     -9.098    -68.948      6.170
    -10.819    155.513    415.244   -531.052     -9.049    -68.865      5.984
    -10.821    155.531    415.382   -531.064     -8.999    -68.780      5.797
    -10.823    155.549    415.519   -531.075     -8.949    -68.693      5.610
    -10.825    155.567    415.656   -531.086     -8.899    -68.603      5.423
    -10.827    155.584    415.793   -531.097     -8.848    -68.512      5.236
    -10.829    155.602    415.930   -531.107     -8.797    -68.418      5.049
    -10.831    155.620    416.067   -531.117     -8.746    -68.322      4.862
    -10.833    155.637    416.204   -531.127     -8.694    -68.224      4.674
    -10.835    155.654    416.340   -531.136     -8.643    -68.124      4.487
    -10.837    155.672    416.476   -531.145     -8.591    -68.021      4.300
    -10.839    155.689    416.612   -531.153     -8.538    -67.916      4.112
    -10.841    155.706    416.748   -531.161     -8.486    -67.809      3.925
    -10.843    155.723    416.883   -531.169     -8.433    -67.699      3.738
    -10.845    155.739    417.019   -531.176     -8.380    -67.587      3.552
    -10.847    155.756    417.154   -531.183     -8.327    -67.473      3.365
    -10.849    155.773    417.289   -531.189     -8.273    -67.357      3.179
    -10.851    155.789    417.423   -531.196     -8.220    -67.238      2.993
    -10.853    155.806    417.557   -531.201     -8.166    -67.116      2.808
    -10.855    155.822    417.692   -531.207     -8.112    -66.993      2.623
    -10.857    155.838    417.825   -531.212     -8.057    -66.867      2.438
    -10.859    155.854    417.959   -531.217     -8.003    -66.738      2.254
    -10.861    155.870    418.092   -531.221     -7.948    -66.607      2.071
    -10.863    155.886    418.225   -531.225     -7.893    -66.474      1.888
    -10.865    155.902    418.358   -531.228     -7.838    -66.338      1.706
    -10.867    155.917    418.491   -531.232     -7.783    -66.200      1.524
    -10.869    155.933    418.623   -531.235     -7.728    -66.059      1.344
    -10.871    155.948    418.755   -531.237     -7.672    -65.916      1.164
    -10.873    155.963    418.887   -531.239     -7.617    -65.770      0.985
    -10.875    155.979    419.018   -531.241     -7.561    -65.622      0.806
    -10.877    155.994    419.149   -531.242     -7.505    -65.471      0.629
    -10.879    156.009    419.280   -531.244     -7.450    -65.318      0.453
    -10.881    156.024    419.410   -531.244     -7.394    -65.163      0.278
    -10.883    156.038    419.541   -531.245     -7.338    -65.005      0.104
    -10.885    156.053    419.670   -531.245     -7.282    -64.845     -0.068
    -10.887    156.067    419.800   -531.244     -7.226    -64.682     -0.240
    -10.889    156.082    419.929   -531.244     -7.170    -64.517     -0.410
    -10.891    156.096    420.058   -531.243     -7.113    -64.349     -0.579
    -10.893    156.110    420.187   -531.241     -7.057    -64.179     -0.746
    -10.895    156.124    420.315   -531.240     -7.001    -64.007     -0.912
    -10.897    156.138    420.443   -531.238     -6.945    -63.832     -1.077
    -10.899    156.152    420.570   -531.235     -6.889    -63.655     -1.240
    -10.901    156.166    420.697   -531.233     -6.833    -63.476     -1.401
    -10.903    156.179    420.824   -531.230     -6.777    -63.295     -1.560
    -10.905    156.193    420.950   -531.227     -6.722    -63.111     -1.718
    -10.907    156.206    421.076   -531.223     -6.666    -62.925     -1.874
    -10.909    156.220    421.202   -531.219     -6.610    -62.737     -2.029
    -10.911    156.233    421.327   -531.215     -6.555    -62.546     -2.181
    -10.913    156.246    421.452   -531.210     -6.499    -62.354     -2.331
    -10.915    156.259    421.577   -531.206     -6.444    -62.160     -2.480
    -10.917    156.272    421.701   -531.200     -6.389    -61.963     -2.626
    -10.919    156.284    421.825   -531.195     -6.335    -61.764     -2.771
    -10.921    156.297    421.948   -531.189     -6.280    -61.564     -2.913
    -10.923    156.309    422.071   -531.183     -6.226    -61.361     -3.053
    -10.925    156.322    422.193   -531.177     -6.171    -61.157     -3.191
    -10.927    156.334    422.316   -531.171     -6.118    -60.951     -3.326
    -10.929    156.346    422.437   -531.164     -6.064    -60.742     -3.460
    -10.931    156.358    422.559   -531.157     -6.011    -60.533     -3.591
    -10.933    156.370    422.679   -531.149     -5.958    -60.321     -3.719
    -10.935    156.382    422.800   -531.142     -5.905    -60.108     -3.845
    -10.937    156.394    422.920   -531.134     -5.852    -59.893     -3.969
    -10.939    156.406    423.039   -531.126     -5.800    -59.677     -4.090
    -10.941    156.417    423.159   -531.118     -5.749    -59.459     -4.209
    -10.943    156.429    423.277   -531.109     -5.697    -59.240     -4.325
    -10.945    156.440    423.395   -531.100     -5.646    -59.019     -4.439
    -10.947    156.451    423.513   -531.091     -5.595    -58.797     -4.550
    -10.949    156.462    423.631   -531.082     -5.545    -58.574     -4.658
    -10.951    156.473    423.748   -531.073     -5.495    -58.350     -4.764
    -10.953    156.484    423.864   -531.063     -5.446    -58.124     -4.867
    -10.955    156.495    423.980   -531.053     -5.397    -57.897     -4.967
    -10.957    156.506    424.096   -531.043     -5.348    -57.670     -5.064
    -10.959    156.517    424.211   -531.033     -5.300    -57.441     -5.159
    -10.961    156.527    424.325   -531.023     -5.253    -57.212     -5.251
    -10.963    156.538    424.440   -531.012     -5.206    -56.981     -5.341
    -10.965    156.548    424.553   -531.001     -5.159    -56.750     -5.427
    -10.967    156.558    424.667   -530.990     -5.113    -56.518     -5.511
    -10.969    156.568    424.779   -530.979     -5.067    -56.286     -5.592
    -10.971    156.578    424.892   -530.968     -5.022    -56.053     -5.670
    -10.973    156.588    425.004   -530.957     -4.977    -55.819     -5.745
    -10.975    156.598    425.115   -530.945     -4.933    -55.585     -5.818
    -10.977    156.608    425.226   -530.933     -4.890    -55.350     -5.888
    -10.979    156.618    425.336   -530.922     -4.847    -55.115     -5.955
    -10.981    156.628    425.446   -530.910     -4.804    -54.880     -6.019
    -10.983    156.637    425.556   -530.897     -4.763    -54.645     -6.080
    -10.985    156.647    425.665   -530.885     -4.721    -54.409     -6.139
    -10.987    156.656    425.774   -530.873     -4.680    -54.174     -6.195
    -10.989    156.665    425.882   -530.860     -4.640    -53.938     -6.248
    -10.991    156.675    425.989   -530.848     -4.601    -53.703     -6.298
    -10.993    156.684    426.097   -530.835     -4.562    -53.467     -6.346
    -10.995    156.693    426.203   -530.823     -4.523    -53.232     -6.391
    -10.997    156.702    426.309   -530.810     -4.485    -52.996     -6.433
    -10.999    156.711    426.415   -530.797     -4.448    -52.761     -6.472
    -11.001    156.720    426.520   -530.784     -4.411    -52.527     -6.509
    -11.003    156.728    426.625   -530.771     -4.375    -52.292     -6.544
    -11.005    156.737    426.730   -530.758     -4.340    -52.059     -6.575
    -11.007    156.746    426.834   -530.744     -4.305    -51.825     -6.604
    -11.009    156.754    426.937   -530.731     -4.271    -51.592     -6.631
    -11.011    156.763    427.040   -530.718     -4.237    -51.360     -6.655
    -11.013    156.771    427.142   -530.705     -4.204    -51.128     -6.676
    -11.015    156.780    427.244   -530.691     -4.172    -50.897     -6.695
    -11.017    156.788    427.346   -530.678     -4.140    -50.666     -6.712
    -11.019    156.796    427.447   -530.664     -4.108    -50.437     -6.726
    -11.021    156.804    427.548   -530.651     -4.078    -50.208     -6.738
    -11.023    156.813    427.648   -530.637     -4.048    -49.980     -6.747
    -11.025    156.821    427.748   -530.624     -4.018    -49.752     -6.754
    -11.027    156.829    427.847   -530.610     -3.989    -49.526     -6.759
    -11.029    156.837    427.946   -530.597     -3.961    -49.301     -6.762
    -11.031    156.844    428.044   -530.583     -3.933    -49.076     -6.762
    -11.033    156.852    428.142   -530.570     -3.906    -48.853     -6.760
    -11.035    156.860    428.240   -530.556     -3.879    -48.630     -6.755
    -11.037    156.868    428.337   -530.543     -3.853    -48.409     -6.749
    -11.039    156.876    428.433   -530.529     -3.828    -48.189     -6.740
    -11.041    156.883    428.529   -530.516     -3.803    -47.970     -6.730
    -11.043    156.891    428.625   -530.502     -3.779    -47.752     -6.717
    -11.045    156.898    428.720   -530.489     -3.755    -47.535     -6.702
    -11.047    156.906    428.815   -530.476     -3.732    -47.319     -6.686
    -11.049    156.913    428.910   -530.462     -3.709    -47.105     -6.668
    -11.051    156.921    429.004   -530.449     -3.687    -46.892     -6.647
    -11.053    156.928    429.097   -530.436     -3.666    -46.680     -6.625
    -11.055    156.935    429.190   -530.422     -3.645    -46.470     -6.602
    -11.057    156.943    429.283   -530.409     -3.624    -46.261     -6.576
    -11.059    156.950    429.375   -530.396     -3.604    -46.053     -6.549
    -11.061    156.957    429.467   -530.383     -3.585    -45.847     -6.520
    -11.063    156.964    429.559   -530.370     -3.566    -45.642     -6.490
    -11.065    156.971    429.650   -530.357     -3.547    -45.438     -6.458
    -11.067    156.978    429.741   -530.344     -3.529    -45.236     -6.425
    -11.069    156.985    429.831   -530.331     -3.512    -45.035     -6.390
    -11.071    156.992    429.921   -530.319     -3.495    -44.836     -6.353
    -11.073    156.999    430.010   -530.306     -3.478    -44.638     -6.315
    -11.075    157.006    430.099   -530.293     -3.462    -44.441     -6.276
    -11.077    157.013    430.188   -530.281     -3.446    -44.246     -6.235
    -11.079    157.020    430.276   -530.268     -3.431    -44.052     -6.193
    -11.081    157.027    430.364   -530.256     -3.417    -43.860     -6.150
    -11.083    157.034    430.452   -530.244     -3.402    -43.669     -6.106
    -11.085    157.040    430.539   -530.232     -3.389    -43.480     -6.060
    -11.087    157.047    430.626   -530.220     -3.375    -43.292     -6.013
    -11.089    157.054    430.712   -530.208     -3.362    -43.106     -5.965
    -11.091    157.061    430.798   -530.196     -3.350    -42.921     -5.916
    -11.093    157.067    430.884   -530.184     -3.338    -42.737     -5.865
    -11.095    157.074    430.969   -530.172     -3.326    -42.555     -5.814
    -11.097    157.081    431.054   -530.161     -3.315    -42.375     -5.762
    -11.099    157.087    431.138   -530.149     -3.304    -42.196     -5.708
    -11.101    157.094    431.223   -530.138     -3.293    -42.019     -5.654
    -11.103    157.100    431.307   -530.127     -3.283    -41.843     -5.599
    -11.105    157.107    431.390   -530.116     -3.273    -41.668     -5.543
    -11.107    157.114    431.473   -530.105     -3.264    -41.495     -5.486
    -11.109    157.120    431.556   -530.094     -3.255    -41.323     -5.428
    -11.111    157.127    431.638   -530.083     -3.246    -41.153     -5.369
    -11.113    157.133    431.721   -530.072     -3.238    -40.984     -5.310
    -11.115    157.140    431.802   -530.062     -3.230    -40.817     -5.249
    -11.117    157.146    431.884   -530.051     -3.222    -40.651     -5.188
    -11.119    157.152    431.965   -530.041     -3.215    -40.487     -5.127
    -11.121    157.159    432.046   -530.031     -3.208    -40.324     -5.064
    -11.123    157.165    432.126   -530.021     -3.201    -40.163     -5.001
    -11.125    157.172    432.206   -530.011     -3.195    -40.003     -4.937
    -11.127    157.178    432.286   -530.001     -3.188    -39.844     -4.873
    -11.129    157.184    432.366   -529.991     -3.183    -39.687     -4.808
    -11.131    157.191    432.445   -529.982     -3.177    -39.531     -4.743
    -11.133    157.197    432.524   -529.972     -3.172    -39.376     -4.677
    -11.135    157.203    432.603   -529.963     -3.167    -39.223     -4.610
    -11.137    157.210    432.681   -529.954     -3.162    -39.072     -4.543
    -11.139    157.216    432.759   -529.945     -3.158    -38.921     -4.475
    -11.141    157.222    432.837   -529.936     -3.154    -38.772     -4.407
    -11.143    157.229    432.914   -529.927     -3.150    -38.625     -4.339
    -11.145    157.235    432.991   -529.918     -3.146    -38.478     -4.270
    -11.147    157.241    433.068   -529.910     -3.143    -38.333     -4.200
    -11.149    157.248    433.144   -529.902     -3.140    -38.190     -4.130
    -11.151    157.254    433.221   -529.893     -3.137    -38.048     -4.060
    -11.153    157.260    433.297   -529.885     -3.135    -37.907     -3.990
    -11.155    157.266    433.372   -529.878     -3.132    -37.767     -3.919
    -11.157    157.273    433.448   -529.870     -3.130    -37.628     -3.848
    -11.159    157.279    433.523   -529.862     -3.128    -37.491     -3.776
    -11.161    157.285    433.598   -529.855     -3.126    -37.355     -3.705
    -11.163    157.291    433.672   -529.847     -3.125    -37.221     -3.632
    -11.165    157.298    433.747   -529.840     -3.124    -37.087     -3.560
    -11.167    157.304    433.821   -529.833     -3.122    -36.955     -3.488
    -11.169    157.310    433.894   -529.826     -3.122    -36.824     -3.415
    -11.171    157.316    433.968   -529.819     -3.121    -36.694     -3.342
    -11.173    157.323    434.041   -529.813     -3.120    -36.566     -3.268
    -11.175    157.329    434.114   -529.806     -3.120    -36.438     -3.195
    -11.177    157.335    434.187   -529.800     -3.120    -36.312     -3.121
    -11.179    157.341    434.259   -529.794     -3.120    -36.187     -3.048
    -11.181    157.348    434.332   -529.788     -3.120    -36.063     -2.974
    -11.183    157.354    434.404   -529.782     -3.121    -35.941     -2.900
    -11.185    157.360    434.475   -529.776     -3.121    -35.819     -2.825
    -11.187    157.366    434.547   -529.771     -3.122    -35.699     -2.751
    -11.189    157.373    434.618   -529.765     -3.123    -35.579     -2.677
    -11.191    157.379    434.689   -529.760     -3.124    -35.461     -2.602
    -11.193    157.385    434.760   -529.755     -3.125    -35.344     -2.527
    -11.195    157.391    434.831   -529.750     -3.127    -35.228     -2.453
    -11.197    157.398    434.901   -529.745     -3.128    -35.113     -2.378
    -11.199    157.404    434.971   -529.740     -3.130    -34.999     -2.303
    -11.201    157.410    435.041   -529.736     -3.132    -34.886     -2.228
    -11.203    157.416    435.111   -529.731     -3.133    -34.774     -2.153
    -11.205    157.423    435.180   -529.727     -3.136    -34.663     -2.078
    -11.207    157.429    435.249   -529.723     -3.138    -34.554     -2.003
    -11.209    157.435    435.318   -529.719     -3.140    -34.445     -1.928
    -11.211    157.441    435.387   -529.715     -3.143    -34.337     -1.853
    -11.213    157.448    435.456   -529.712     -3.145    -34.230     -1.778
    -11.215    157.454    435.524   -529.708     -3.148    -34.124     -1.703
    -11.217    157.460    435.592   -529.705     -3.151    -34.020     -1.628
    -11.219    157.467    435.660   -529.702     -3.154    -33.916     -1.553
    -11.221    157.473    435.728   -529.699     -3.157    -33.813     -1.478
    -11.223    157.479    435.795   -529.696     -3.160    -33.711     -1.403
    -11.225    157.486    435.863   -529.693     -3.163    -33.610     -1.328
    -11.227    157.492    435.930   -529.691     -3.166    -33.509     -1.253
    -11.229    157.498    435.997   -529.688     -3.170    -33.410     -1.178
    -11.231    157.505    436.063   -529.686     -3.173    -33.312     -1.103
    -11.233    157.511    436.130   -529.684     -3.177    -33.214     -1.028
    -11.235    157.517    436.196   -529.682     -3.181    -33.118     -0.954
    -11.237    157.524    436.262   -529.680     -3.185    -33.022     -0.879
    -11.239    157.530    436.328   -529.678     -3.189    -32.927     -0.805
    -11.241    157.536    436.394   -529.677     -3.193    -32.833     -0.730
    -11.243    157.543    436.460   -529.675     -3.197    -32.740     -0.656
    -11.245    157.549    436.525   -529.674     -3.201    -32.648     -0.581
    -11.247    157.556    436.590   -529.673     -3.205    -32.556     -0.507
    -11.249    157.562    436.655   -529.672     -3.210    -32.466     -0.433
    -11.251    157.568    436.720   -529.671     -3.214    -32.376     -0.359
    -11.253    157.575    436.785   -529.671     -3.219    -32.287     -0.285
    -11.255    157.581    436.849   -529.670     -3.223    -32.199     -0.212
    -11.257    157.588    436.914   -529.670     -3.228    -32.111     -0.138
    -11.259    157.594    436.978   -529.670     -3.233    -32.024     -0.064
    -11.261    157.601    437.042   -529.669     -3.238    -31.938      0.009
    -11.263    157.607    437.105   -529.670     -3.242    -31.853      0.082
    -11.265    157.614    437.169   -529.670     -3.247    -31.769      0.156
    -11.267    157.620    437.233   -529.670     -3.252    -31.685      0.229
    -11.269    157.627    437.296   -529.671     -3.258    -31.602      0.301
    -11.271    157.633    437.359   -529.671     -3.263    -31.520      0.374
    -11.273    157.640    437.422   -529.672     -3.268    -31.439      0.447
    -11.275    157.646    437.485   -529.673     -3.273    -31.358      0.519
    -11.277    157.653    437.547   -529.674     -3.278    -31.278      0.592
    -11.279    157.659    437.610   -529.676     -3.284    -31.198      0.664
    -11.281    157.666    437.672   -529.677     -3.289    -31.120      0.736
    -11.283    157.673    437.734   -529.678     -3.295    -31.042      0.808
    -11.285    157.679    437.796   -529.680     -3.300    -30.964      0.880
    -11.287    157.686    437.858   -529.682     -3.306    -30.888      0.951
    -11.289    157.692    437.920   -529.684     -3.311    -30.811      1.023
    -11.291    157.699    437.981   -529.686     -3.317    -30.736      1.094
    -11.293    157.706    438.043   -529.688     -3.323    -30.661      1.165
    -11.295    157.712    438.104   -529.691     -3.329    -30.587      1.236
    -11.297    157.719    438.165   -529.693     -3.334    -30.514      1.307
    -11.299    157.726    438.226   -529.696     -3.340    -30.441      1.377
    -11.301    157.732    438.287   -529.699     -3.346    -30.369      1.448
    -11.303    157.739    438.348   -529.702     -3.352    -30.297      1.518
    -11.305    157.746    438.408   -529.705     -3.358    -30.226      1.588
    -11.307    157.752    438.468   -529.708     -3.364    -30.156      1.658
    -11.309    157.759    438.529   -529.712     -3.370    -30.086      1.728
    -11.311    157.766    438.589   -529.715     -3.376    -30.017      1.797
    -11.313    157.773    438.649   -529.719     -3.382    -29.948      1.867
    -11.315    157.779    438.709   -529.722     -3.388    -29.880      1.936
    -11.317    157.786    438.768   -529.726     -3.395    -29.812      2.005
    -11.319    157.793    438.828   -529.731     -3.401    -29.745      2.074
    -11.321    157.800    438.887   -529.735     -3.407    -29.679      2.142
    -11.323    157.807    438.947   -529.739     -3.413    -29.613      2.211
    -11.325    157.814    439.006   -529.744     -3.420    -29.548      2.279
    -11.327    157.820    439.065   -529.748     -3.426    -29.483      2.347
    -11.329    157.827    439.124   -529.753     -3.432    -29.419      2.415
    -11.331    157.834    439.182   -529.758     -3.439    -29.355      2.483
    -11.333    157.841    439.241   -529.763     -3.445    -29.292      2.551
    -11.335    157.848    439.300   -529.768     -3.452    -29.229      2.618
    -11.337    157.855    439.358   -529.773     -3.458    -29.167      2.685
    -11.339    157.862    439.416   -529.779     -3.464    -29.105      2.752
    -11.341    157.869    439.474   -529.784     -3.471    -29.044      2.819
    -11.343    157.876    439.532   -529.790     -3.477    -28.984      2.886
    -11.345    157.883    439.590   -529.796     -3.484    -28.923      2.952
    -11.347    157.890    439.648   -529.802     -3.491    -28.864      3.019
    -11.349    157.897    439.706   -529.808     -3.497    -28.804      3.085
    -11.351    157.904    439.763   -529.814     -3.504    -28.746      3.151
    -11.353    157.911    439.821   -529.821     -3.510    -28.687      3.216
    -11.355    157.918    439.878   -529.827     -3.517    -28.630      3.282
    -11.357    157.925    439.935   -529.834     -3.524    -28.572      3.347
    -11.359    157.932    439.992   -529.840     -3.530    -28.515      3.412
    -11.361    157.939    440.049   -529.847     -3.537    -28.459      3.477
    -11.363    157.946    440.106   -529.854     -3.544    -28.403      3.542
    -11.365    157.953    440.163   -529.862     -3.550    -28.347      3.607
    -11.367    157.960    440.220   -529.869     -3.557    -28.292      3.671
    -11.369    157.967    440.276   -529.876     -3.564    -28.237      3.735
    -11.371    157.974    440.333   -529.884     -3.571    -28.183      3.799
    -11.373    157.981    440.389   -529.891     -3.577    -28.129      3.863
    -11.375    157.989    440.445   -529.899     -3.584    -28.076      3.927
    -11.377    157.996    440.501   -529.907     -3.591    -28.023      3.990
    -11.379    158.003    440.557   -529.915     -3.598    -27.970      4.053
    -11.381    158.010    440.613   -529.923     -3.605    -27.918      4.116
    -11.383    158.017    440.669   -529.932     -3.611    -27.866      4.179
    -11.385    158.025    440.725   -529.940     -3.618    -27.815      4.242
    -11.387    158.032    440.780   -529.949     -3.625    -27.764      4.304
    -11.389    158.039    440.836   -529.957     -3.632    -27.713      4.367
    -11.391    158.046    440.891   -529.966     -3.639    -27.663      4.429
    -11.393    158.054    440.946   -529.975     -3.646    -27.613      4.491
    -11.395    158.061    441.001   -529.984     -3.653    -27.563      4.552
    -11.397    158.068    441.057   -529.993     -3.659    -27.514      4.614
    -11.399    158.076    441.111   -530.002     -3.666    -27.465      4.675
    -11.401    158.083    441.166   -530.012     -3.673    -27.417      4.737
    -11.403    158.090    441.221   -530.021     -3.680    -27.369      4.798
    -11.405    158.098    441.276   -530.031     -3.687    -27.321      4.858
    -11.407    158.105    441.330   -530.041     -3.694    -27.274      4.919
    -11.409    158.112    441.385   -530.051     -3.701    -27.227      4.979
    -11.411    158.120    441.439   -530.061     -3.708    -27.180      5.040
    -11.413    158.127    441.494   -530.071     -3.715    -27.134      5.100
    -11.415    158.135    441.548   -530.081     -3.722    -27.088      5.160
    -11.417    158.142    441.602   -530.092     -3.729    -27.042      5.219
    -11.419    158.150    441.656   -530.102     -3.735    -26.997      5.279
    -11.421    158.157    441.710   -530.113     -3.742    -26.952      5.338
    -11.423    158.165    441.764   -530.123     -3.749    -26.908      5.397
    -11.425    158.172    441.818   -530.134     -3.756    -26.863      5.456
    -11.427    158.180    441.871   -530.145     -3.763    -26.819      5.515
    -11.429    158.187    441.925   -530.156     -3.770    -26.776      5.574
    -11.431    158.195    441.978   -530.168     -3.777    -26.732      5.632
    -11.433    158.202    442.032   -530.179     -3.784    -26.689      5.690
    -11.435    158.210    442.085   -530.190     -3.791    -26.647      5.748
    -11.437    158.217    442.138   -530.202     -3.798    -26.604      5.806
    -11.439    158.225    442.192   -530.214     -3.805    -26.562      5.863
    -11.441    158.233    442.245   -530.225     -3.812    -26.521      5.921
    -11.443    158.240    442.298   -530.237     -3.819    -26.479      5.978
    -11.445    158.248    442.351   -530.249     -3.825    -26.439      6.034
    -11.447    158.256    442.403   -530.261     -3.832    -26.398      6.091
    -11.449    158.263    442.456   -530.274     -3.839    -26.358      6.147
    -11.451    158.271    442.509   -530.286     -3.846    -26.318      6.203
    -11.453    158.279    442.561   -530.298     -3.853    -26.279      6.258
    -11.455    158.286    442.614   -530.311     -3.860    -26.239      6.314
    -11.457    158.294    442.666   -530.324     -3.867    -26.201      6.369
    -11.459    158.302    442.719   -530.336     -3.873    -26.162      6.424
    -11.461    158.310    442.771   -530.349     -3.880    -26.124      6.478
    -11.463    158.317    442.823   -530.362     -3.887    -26.086      6.533
    -11.465    158.325    442.875   -530.375     -3.894    -26.049      6.587
    -11.467    158.333    442.927   -530.389     -3.900    -26.011      6.641
    -11.469    158.341    442.979   -530.402     -3.907    -25.974      6.694
    -11.471    158.348    443.031   -530.415     -3.914    -25.938      6.748
    -11.473    158.356    443.083   -530.429     -3.920    -25.902      6.801
    -11.475    158.364    443.135   -530.443     -3.927    -25.866      6.854
    -11.477    158.372    443.187   -530.456     -3.934    -25.830      6.906
    -11.479    158.380    443.238   -530.470     -3.941    -25.794      6.959
    -11.481    158.388    443.290   -530.484     -3.947    -25.759      7.011
    -11.483    158.396    443.341   -530.498     -3.954    -25.724      7.063
    -11.485    158.404    443.393   -530.513     -3.960    -25.690      7.114
    -11.487    158.412    443.444   -530.527     -3.967    -25.656      7.166
    -11.489    158.419    443.495   -530.541     -3.974    -25.622      7.217
    -11.491    158.427    443.547   -530.556     -3.980    -25.588      7.268
    -11.493    158.435    443.598   -530.570     -3.987    -25.555      7.319
    -11.495    158.443    443.649   -530.585     -3.993    -25.521      7.370
    -11.497    158.451    443.700   -530.600     -4.000    -25.488      7.420
    -11.499    158.459    443.751   -530.615     -4.006    -25.456      7.470
    -11.501    158.467    443.802   -530.630     -4.013    -25.423      7.520
    -11.503    158.475    443.852   -530.645     -4.019    -25.391      7.570
    -11.505    158.483    443.903   -530.660     -4.026    -25.359      7.619
    -11.507    158.492    443.954   -530.675     -4.032    -25.328      7.668
    -11.509    158.500    444.005   -530.691     -4.039    -25.296      7.717
    -11.511    158.508    444.055   -530.706     -4.045    -25.265      7.766
    -11.513    158.516    444.106   -530.722     -4.052    -25.235      7.815
    -11.515    158.524    444.156   -530.737     -4.058    -25.204      7.863
    -11.517    158.532    444.206   -530.753     -4.064    -25.173      7.911
    -11.519    158.540    444.257   -530.769     -4.071    -25.143      7.959
    -11.521    158.548    444.307   -530.785     -4.077    -25.113      8.007
    -11.523    158.556    444.357   -530.801     -4.083    -25.084      8.054
    -11.525    158.565    444.407   -530.817     -4.090    -25.054      8.102
    -11.527    158.573    444.457   -530.833     -4.096    -25.025      8.149
    -11.529    158.581    444.507   -530.850     -4.102    -24.996      8.196
    -11.531    158.589    444.557   -530.866     -4.109    -24.967      8.242
    -11.533    158.597    444.607   -530.883     -4.115    -24.939      8.289
    -11.535    158.606    444.657   -530.899     -4.121    -24.910      8.335
    -11.537    158.614    444.707   -530.916     -4.127    -24.882      8.381
    -11.539    158.622    444.757   -530.933     -4.134    -24.854      8.427
    -11.541    158.630    444.806   -530.950     -4.140    -24.827      8.473
    -11.543    158.639    444.856   -530.967     -4.146    -24.799      8.518
    -11.545    158.647    444.906   -530.984     -4.152    -24.772      8.564
    -11.547    158.655    444.955   -531.001     -4.158    -24.745      8.609
    -11.549    158.664    445.005   -531.018     -4.164    -24.718      8.654
    -11.551    158.672    445.054   -531.036     -4.171    -24.691      8.699
    -11.553    158.680    445.103   -531.053     -4.177    -24.665      8.743
    -11.555    158.689    445.153   -531.071     -4.183    -24.638      8.787
    -11.557    158.697    445.202   -531.088     -4.189    -24.612      8.832
    -11.559    158.705    445.251   -531.106     -4.195    -24.586      8.876
    -11.561    158.714    445.300   -531.124     -4.201    -24.561      8.919
    -11.563    158.722    445.349   -531.142     -4.207    -24.535      8.963
    -11.565    158.731    445.398   -531.160     -4.213    -24.510      9.007
    -11.567    158.739    445.447   -531.178     -4.219    -24.485      9.050
    -11.569    158.748    445.496   -531.196     -4.225    -24.460      9.093
    -11.571    158.756    445.545   -531.214     -4.231    -24.435      9.136
    -11.573    158.765    445.594   -531.232     -4.237    -24.411      9.179
    -11.575    158.773    445.643   -531.251     -4.243    -24.386      9.221
    -11.577    158.781    445.692   -531.269     -4.249    -24.362      9.263
    -11.579    158.790    445.740   -531.288     -4.255    -24.338      9.306
    -11.581    158.799    445.789   -531.306     -4.261    -24.314      9.348
    -11.583    158.807    445.837   -531.325     -4.267    -24.290      9.390
    -11.585    158.816    445.886   -531.344     -4.272    -24.267      9.431
    -11.587    158.824    445.935   -531.363     -4.278    -24.243      9.473
    -11.589    158.833    445.983   -531.382     -4.284    -24.220      9.514
    -11.591    158.841    446.031   -531.401     -4.290    -24.197      9.555
    -11.593    158.850    446.080   -531.420     -4.296    -24.174      9.596
    -11.595    158.858    446.128   -531.439     -4.302    -24.151      9.637
    -11.597    158.867    446.176   -531.459     -4.307    -24.129      9.678
    -11.599    158.876    446.225   -531.478     -4.313    -24.106      9.718
    -11.601    158.884    446.273   -531.497     -4.319    -24.084      9.759
    -11.603    158.893    446.321   -531.517     -4.325    -24.062      9.799
    -11.605    158.902    446.369   -531.537     -4.330    -24.040      9.839
    -11.607    158.910    446.417   -531.556     -4.336    -24.018      9.879
    -11.609    158.919    446.465   -531.576     -4.342    -23.997      9.918
    -11.611    158.928    446.513   -531.596     -4.347    -23.975      9.958
    -11.613    158.936    446.561   -531.616     -4.353    -23.954      9.997
    -11.615    158.945    446.609   -531.636     -4.359    -23.933     10.037
    -11.617    158.954    446.657   -531.656     -4.364    -23.912     10.076
    -11.619    158.963    446.705   -531.676     -4.370    -23.891     10.114
    -11.621    158.971    446.752   -531.697     -4.376    -23.870     10.153
    -11.623    158.980    446.800   -531.717     -4.381    -23.850     10.192
    -11.625    158.989    446.848   -531.737     -4.387    -23.829     10.230
    -11.627    158.998    446.895   -531.758     -4.392    -23.809     10.269
    -11.629    159.006    446.943   -531.778     -4.398    -23.789     10.307
    -11.631    159.015    446.991   -531.799     -4.403    -23.769     10.345
    -11.633    159.024    447.038   -531.820     -4.409    -23.749     10.383
    -11.635    159.033    447.086   -531.841     -4.414    -23.729     10.420
    -11.637    159.042    447.133   -531.862     -4.420    -23.709     10.458
    -11.639    159.050    447.180   -531.882     -4.425    -23.690     10.495
    -11.641    159.059    447.228   -531.904     -4.431    -23.670     10.533
    -11.643    159.068    447.275   -531.925     -4.436    -23.651     10.570
    -11.645    159.077    447.322   -531.946     -4.442    -23.632     10.607
    -11.647    159.086    447.370   -531.967     -4.447    -23.613     10.644
    -11.649    159.095    447.417   -531.988     -4.452    -23.594     10.680
    -11.651    159.104    447.464   -532.010     -4.458    -23.575     10.717
    -11.653    159.113    447.511   -532.031     -4.463    -23.557     10.753
    -11.655    159.122    447.558   -532.053     -4.469    -23.538     10.790
    -11.657    159.131    447.605   -532.074     -4.474    -23.520     10.826
    -11.659    159.140    447.652   -532.096     -4.479    -23.502     10.862
    -11.661    159.148    447.699   -532.118     -4.485    -23.483     10.898
    -11.663    159.157    447.746   -532.140     -4.490    -23.465     10.933
    -11.665    159.166    447.793   -532.162     -4.495    -23.447     10.969
    -11.667    159.175    447.840   -532.184     -4.500    -23.430     11.004
    -11.669    159.184    447.887   -532.206     -4.506    -23.412     11.040
    -11.671    159.193    447.934   -532.228     -4.511    -23.394     11.075
    -11.673    159.202    447.980   -532.250     -4.516    -23.377     11.110
    -11.675    159.212    448.027   -532.272     -4.521    -23.360     11.145
    -11.677    159.221    448.074   -532.294     -4.527    -23.342     11.180
    -11.679    159.230    448.121   -532.317     -4.532    -23.325     11.214
    -11.681    159.239    448.167   -532.339     -4.537    -23.308     11.249
    -11.683    159.248    448.214   -532.362     -4.542    -23.292     11.283
    -11.685    159.257    448.260   -532.384     -4.547    -23.275     11.318
    -11.687    159.266    448.307   -532.407     -4.552    -23.258     11.352
    -11.689    159.275    448.353   -532.430     -4.557    -23.241     11.386
    -11.691    159.284    448.400   -532.453     -4.563    -23.225     11.420
    -11.693    159.293    448.446   -532.476     -4.568    -23.209     11.453
    -11.695    159.302    448.493   -532.498     -4.573    -23.192     11.487
    -11.697    159.312    448.539   -532.521     -4.578    -23.176     11.521
    -11.699    159.321    448.585   -532.545     -4.583    -23.160     11.554
    -11.701    159.330    448.632   -532.568     -4.588    -23.144     11.587
    -11.703    159.339    448.678   -532.591     -4.593    -23.128     11.620
    -11.705    159.348    448.724   -532.614     -4.598    -23.113     11.654
    -11.707    159.358    448.770   -532.638     -4.603    -23.097     11.686
    -11.709    159.367    448.817   -532.661     -4.608    -23.081     11.719
    -11.711    159.376    448.863   -532.684     -4.613    -23.066     11.752
    -11.713    159.385    448.909   -532.708     -4.618    -23.051     11.785
    -11.715    159.394    448.955   -532.732     -4.623    -23.035     11.817
    -11.717    159.404    449.001   -532.755     -4.628    -23.020     11.849
    -11.719    159.413    449.047   -532.779     -4.633    -23.005     11.882
    -11.721    159.422    449.093   -532.803     -4.638    -22.990     11.914
    -11.723    159.431    449.139   -532.827     -4.643    -22.975     11.946
    -11.725    159.441    449.185   -532.851     -4.647    -22.960     11.978
    -11.727    159.450    449.231   -532.874     -4.652    -22.946     12.009
    -11.729    159.459    449.277   -532.899     -4.657    -22.931     12.041
    -11.731    159.469    449.323   -532.923     -4.662    -22.917     12.072
    -11.733    159.478    449.368   -532.947     -4.667    -22.902     12.104
    -11.735    159.487    449.414   -532.971     -4.672    -22.888     12.135
    -11.737    159.497    449.460   -532.995     -4.677    -22.873     12.166
    -11.739    159.506    449.506   -533.020     -4.681    -22.859     12.198
    -11.741    159.515    449.551   -533.044     -4.686    -22.845     12.229
    -11.743    159.525    449.597   -533.069     -4.691    -22.831     12.259
    -11.745    159.534    449.643   -533.093     -4.696    -22.817     12.290
    -11.747    159.544    449.688   -533.118     -4.700    -22.803     12.321
    -11.749    159.553    449.734   -533.142     -4.705    -22.790     12.351
    -11.751    159.562    449.779   -533.167     -4.710    -22.776     12.382
    -11.753    159.572    449.825   -533.192     -4.715    -22.762     12.412
    -11.755    159.581    449.870   -533.217     -4.719    -22.749     12.442
    -11.757    159.591    449.916   -533.242     -4.724    -22.735     12.473
    -11.759    159.600    449.961   -533.267     -4.729    -22.722     12.503
    -11.761    159.610    450.007   -533.292     -4.733    -22.709     12.533
    -11.763    159.619    450.052   -533.317     -4.738    -22.696     12.562
    -11.765    159.629    450.098   -533.342     -4.743    -22.682     12.592
    -11.767    159.638    450.143   -533.367     -4.747    -22.669     12.622
    -11.769    159.648    450.188   -533.393     -4.752    -22.656     12.651
    -11.771    159.657    450.234   -533.418     -4.756    -22.643     12.681
    -11.773    159.667    450.279   -533.443     -4.761    -22.631     12.710
    -11.775    159.676    450.324   -533.469     -4.766    -22.618     12.739
    -11.777    159.686    450.369   -533.494     -4.770    -22.605     12.768
    -11.779    159.695    450.415   -533.520     -4.775    -22.593     12.797
    -11.781    159.705    450.460   -533.545     -4.779    -22.580     12.826
    -11.783    159.714    450.505   -533.571     -4.784    -22.568     12.855
    -11.785    159.724    450.550   -533.597     -4.788    -22.555     12.884
    -11.787    159.733    450.595   -533.623     -4.793    -22.543     12.912
    -11.789    159.743    450.640   -533.648     -4.797    -22.531     12.941
    -11.791    159.753    450.685   -533.674     -4.802    -22.518     12.969
    -11.793    159.762    450.730   -533.700     -4.806    -22.506     12.998
    -11.795    159.772    450.775   -533.726     -4.811    -22.494     13.026
    -11.797    159.782    450.820   -533.752     -4.815    -22.482     13.054
    -11.799    159.791    450.865   -533.779     -4.820    -22.470     13.082
    -11.801    159.801    450.910   -533.805     -4.824    -22.459     13.110
    -11.803    159.810    450.955   -533.831     -4.829    -22.447     13.138
    -11.805    159.820    451.000   -533.857     -4.833    -22.435     13.166
    -11.807    159.830    451.045   -533.884     -4.837    -22.424     13.194
    -11.809    159.839    451.090   -533.910     -4.842    -22.412     13.221
    -11.811    159.849    451.134   -533.937     -4.846    -22.400     13.249
    -11.813    159.859    451.179   -533.963     -4.851    -22.389     13.276
    -11.815    159.869    451.224   -533.990     -4.855    -22.378     13.304
    -11.817    159.878    451.269   -534.016     -4.859    -22.366     13.331
    -11.819    159.888    451.313   -534.043     -4.864    -22.355     13.358
    -11.821    159.898    451.358   -534.070     -4.868    -22.344     13.385
    -11.823    159.907    451.403   -534.097     -4.872    -22.333     13.412
    -11.825    159.917    451.447   -534.123     -4.877    -22.322     13.439
    -11.827    159.927    451.492   -534.150     -4.881    -22.311     13.466
    -11.829    159.937    451.537   -534.177     -4.885    -22.300     13.492
    -11.831    159.947    451.581   -534.204     -4.889    -22.289     13.519
    -11.833    159.956    451.626   -534.231     -4.894    -22.278     13.546
    -11.835    159.966    451.670   -534.258     -4.898    -22.267     13.572
    -11.837    159.976    451.715   -534.286     -4.902    -22.257     13.598
    -11.839    159.986    451.759   -534.313     -4.906    -22.246     13.625
    -11.841    159.996    451.804   -534.340     -4.911    -22.235     13.651
    -11.843    160.005    451.848   -534.367     -4.915    -22.225     13.677
    -11.845    160.015    451.893   -534.395     -4.919    -22.214     13.703
    -11.847    160.025    451.937   -534.422     -4.923    -22.204     13.729
    -11.849    160.035    451.982   -534.450     -4.927    -22.194     13.755
    -11.851    160.045    452.026   -534.477     -4.931    -22.183     13.781
    -11.853    160.055    452.070   -534.505     -4.936    -22.173     13.807
    -11.855    160.064    452.115   -534.533     -4.940    -22.163     13.832
    -11.857    160.074    452.159   -534.560     -4.944    -22.153     13.858
    -11.859    160.084    452.203   -534.588     -4.948    -22.143     13.883
    -11.861    160.094    452.248   -534.616     -4.952    -22.133     13.909
    -11.863    160.104    452.292   -534.644     -4.956    -22.123     13.934
    -11.865    160.114    452.336   -534.671     -4.960    -22.113     13.959
    -11.867    160.124    452.380   -534.699     -4.964    -22.103     13.984
    -11.869    160.134    452.424   -534.727     -4.969    -22.093     14.009
    -11.871    160.144    452.469   -534.755     -4.973    -22.083     14.034
    -11.873    160.154    452.513   -534.784     -4.977    -22.074     14.059
    -11.875    160.164    452.557   -534.812     -4.981    -22.064     14.084
    -11.877    160.174    452.601   -534.840     -4.985    -22.054     14.109
    -11.879    160.184    452.645   -534.868     -4.989    -22.045     14.134
    -11.881    160.194    452.689   -534.896     -4.993    -22.035     14.158
    -11.883    160.204    452.733   -534.925     -4.997    -22.026     14.183
    -11.885    160.214    452.777   -534.953     -5.001    -22.016     14.207
    -11.887    160.224    452.821   -534.982     -5.005    -22.007     14.232
    -11.889    160.234    452.865   -535.010     -5.009    -21.998     14.256
    -11.891    160.244    452.909   -535.039     -5.013    -21.989     14.280
    -11.893    160.254    452.953   -535.067     -5.017    -21.979     14.305
    -11.895    160.264    452.997   -535.096     -5.021    -21.970     14.329
    -11.897    160.274    453.041   -535.125     -5.025    -21.961     14.353
    -11.899    160.284    453.085   -535.153     -5.028    -21.952     14.377
    -11.901    160.294    453.129   -535.182     -5.032    -21.943     14.401
    -11.903    160.304    453.173   -535.211     -5.036    -21.934     14.424
    -11.905    160.314    453.217   -535.240     -5.040    -21.925     14.448
    -11.907    160.324    453.261   -535.269     -5.044    -21.916     14.472
    -11.909    160.334    453.304   -535.298     -5.048    -21.907     14.495
    -11.911    160.344    453.348   -535.327     -5.052    -21.898     14.519
    -11.913    160.354    453.392   -535.356     -5.056    -21.890     14.542
    -11.915    160.364    453.436   -535.385     -5.060    -21.881     14.566
    -11.917    160.375    453.480   -535.414     -5.063    -21.872     14.589
    -11.919    160.385    453.523   -535.443     -5.067    -21.864     14.612
    -11.921    160.395    453.567   -535.472     -5.071    -21.855     14.636
    -11.923    160.405    453.611   -535.502     -5.075    -21.847     14.659
    -11.925    160.415    453.654   -535.531     -5.079    -21.838     14.682
    -11.927    160.425    453.698   -535.560     -5.083    -21.830     14.705
    -11.929    160.436    453.742   -535.590     -5.086    -21.821     14.728
    -11.931    160.446    453.785   -535.619     -5.090    -21.813     14.751
    -11.933    160.456    453.829   -535.649     -5.094    -21.805     14.773
    -11.935    160.466    453.873   -535.678     -5.098    -21.796     14.796
    -11.937    160.476    453.916   -535.708     -5.101    -21.788     14.819
    -11.939    160.486    453.960   -535.738     -5.105    -21.780     14.841
    -11.941    160.497    454.003   -535.767     -5.109    -21.772     14.864
    -11.943    160.507    454.047   -535.797     -5.113    -21.764     14.886
    -11.945    160.517    454.090   -535.827     -5.116    -21.756     14.909
    -11.947    160.527    454.134   -535.857     -5.120    -21.748     14.931
    -11.949    160.538    454.177   -535.887     -5.124    -21.740     14.953
    -11.951    160.548    454.221   -535.917     -5.128    -21.732     14.975
    -11.953    160.558    454.264   -535.947     -5.131    -21.724     14.998
    -11.955    160.568    454.308   -535.977     -5.135    -21.716     15.020
    -11.957    160.579    454.351   -536.007     -5.139    -21.708     15.042
    -11.959    160.589    454.395   -536.037     -5.142    -21.700     15.064
    -11.961    160.599    454.438   -536.067     -5.146    -21.693     15.085
    -11.963    160.610    454.481   -536.097     -5.150    -21.685     15.107
    -11.965    160.620    454.525   -536.127     -5.153    -21.677     15.129
    -11.967    160.630    454.568   -536.158     -5.157    -21.670     15.151
    -11.969    160.640    454.611   -536.188     -5.160    -21.662     15.172
    -11.971    160.651    454.655   -536.218     -5.164    -21.654     15.194
    -11.973    160.661    454.698   -536.249     -5.168    -21.647     15.215
    -11.975    160.671    454.741   -536.279     -5.171    -21.639     15.237
    -11.977    160.682    454.784   -536.310     -5.175    -21.632     15.258
    -11.979    160.692    454.828   -536.340     -5.178    -21.624     15.280
    -11.981    160.703    454.871   -536.371     -5.182    -21.617     15.301
    -11.983    160.713    454.914   -536.401     -5.186    -21.610     15.322
    -11.985    160.723    454.957   -536.432     -5.189    -21.602     15.343
    -11.987    160.734    455.001   -536.463     -5.193    -21.595     15.364
    -11.989    160.744    455.044   -536.494     -5.196    -21.588     15.385
    -11.991    160.754    455.087   -536.524     -5.200    -21.581     15.406
    -11.993    160.765    455.130   -536.555     -5.203    -21.574     15.427
    -11.995    160.775    455.173   -536.586     -5.207    -21.566     15.448
    -11.997    160.786    455.216   -536.617     -5.210    -21.559     15.469
    -11.999    160.796    455.260   -536.648     -5.214    -21.552     15.490
    -12.001    160.806    455.303   -536.679     -5.217    -21.545     15.510
    -12.003    160.817    455.346   -536.710     -5.221    -21.538     15.531
    -12.005    160.827    455.389   -536.741     -5.224    -21.531     15.552
    -12.007    160.838    455.432   -536.772     -5.228    -21.524     15.572
    -12.009    160.848    455.475   -536.803     -5.231    -21.517     15.592
    -12.011    160.859    455.518   -536.835     -5.235    -21.511     15.613
    -12.013    160.869    455.561   -536.866     -5.238    -21.504     15.633
    -12.015    160.880    455.604   -536.897     -5.241    -21.497     15.654
    -12.017    160.890    455.647   -536.928     -5.245    -21.490     15.674
    -12.019    160.901    455.690   -536.960     -5.248    -21.483     15.694
    -12.021    160.911    455.733   -536.991     -5.252    -21.477     15.714
    -12.023    160.922    455.776   -537.023     -5.255    -21.470     15.734
    -12.025    160.932    455.819   -537.054     -5.259    -21.463     15.754
    -12.027    160.943    455.862   -537.086     -5.262    -21.457     15.774
    -12.029    160.953    455.905   -537.117     -5.265    -21.450     15.794
    -12.031    160.964    455.947   -537.149     -5.269    -21.444     15.814
    -12.033    160.974    455.990   -537.180     -5.272    -21.437     15.834
    -12.035    160.985    456.033   -537.212     -5.275    -21.431     15.853
    -12.037    160.995    456.076   -537.244     -5.279    -21.424     15.873
    -12.039    161.006    456.119   -537.276     -5.282    -21.418     15.893
    -12.041    161.017    456.162   -537.307     -5.286    -21.411     15.912
    -12.043    161.027    456.205   -537.339     -5.289    -21.405     15.932
    -12.045    161.038    456.247   -537.371     -5.292    -21.399     15.951
    -12.047    161.048    456.290   -537.403     -5.295    -21.392     15.971
    -12.049    161.059    456.333   -537.435     -5.299    -21.386     15.990
    -12.051    161.070    456.376   -537.467     -5.302    -21.380     16.010
    -12.053    161.080    456.418   -537.499     -5.305    -21.373     16.029
    -12.055    161.091    456.461   -537.531     -5.309    -21.367     16.048
    -12.057    161.101    456.504   -537.563     -5.312    -21.361     16.067
    -12.059    161.112    456.547   -537.595     -5.315    -21.355     16.086
    -12.061    161.123    456.589   -537.628     -5.319    -21.349     16.106
    -12.063    161.133    456.632   -537.660     -5.322    -21.343     16.125
    -12.065    161.144    456.675   -537.692     -5.325    -21.337     16.144
    -12.067    161.155    456.717   -537.724     -5.328    -21.331     16.163
    -12.069    161.165    456.760   -537.757     -5.332    -21.325     16.181
    -12.071    161.176    456.803   -537.789     -5.335    -21.319     16.200
    -12.073    161.187    456.845   -537.822     -5.338    -21.313     16.219
    -12.075    161.197    456.888   -537.854     -5.341    -21.307     16.238
    -12.077    161.208    456.930   -537.887     -5.344    -21.301     16.256
    -12.079    161.219    456.973   -537.919     -5.348    -21.295     16.275
    -12.081    161.229    457.016   -537.952     -5.351    -21.289     16.294
    -12.083    161.240    457.058   -537.984     -5.354    -21.283     16.312
    -12.085    161.251    457.101   -538.017     -5.357    -21.278     16.331
    -12.087    161.261    457.143   -538.050     -5.360    -21.272     16.349
    -12.089    161.272    457.186   -538.082     -5.364    -21.266     16.368
    -12.091    161.283    457.228   -538.115     -5.367    -21.260     16.386
    -12.093    161.294    457.271   -538.148     -5.370    -21.255     16.404
    -12.095    161.304    457.313   -538.181     -5.373    -21.249     16.423
    -12.097    161.315    457.356   -538.213     -5.376    -21.243     16.441
    -12.099    161.326    457.398   -538.246     -5.379    -21.238     16.459
    -12.101    161.337    457.441   -538.279     -5.382    -21.232     16.477
    -12.103    161.347    457.483   -538.312     -5.386    -21.227     16.495
    -12.105    161.358    457.526   -538.345     -5.389    -21.221     16.513
    -12.107    161.369    457.568   -538.378     -5.392    -21.215     16.531
    -12.109    161.380    457.611   -538.411     -5.395    -21.210     16.549
    -12.111    161.391    457.653   -538.445     -5.398    -21.205     16.567
    -12.113    161.401    457.695   -538.478     -5.401    -21.199     16.585
    -12.115    161.412    457.738   -538.511     -5.404    -21.194     16.603
    -12.117    161.423    457.780   -538.544     -5.407    -21.188     16.621
    -12.119    161.434    457.823   -538.577     -5.410    -21.183     16.638
    -12.121    161.445    457.865   -538.611     -5.413    -21.178     16.656
    -12.123    161.455    457.907   -538.644     -5.417    -21.172     16.674
    -12.125    161.466    457.950   -538.677     -5.420    -21.167     16.691
    -12.127    161.477    457.992   -538.711     -5.423    -21.162     16.709
    -12.129    161.488    458.034   -538.744     -5.426    -21.156     16.726
    -12.131    161.499    458.077   -538.778     -5.429    -21.151     16.744
    -12.133    161.510    458.119   -538.811     -5.432    -21.146     16.761
    -12.135    161.521    458.161   -538.845     -5.435    -21.141     16.779
    -12.137    161.531    458.203   -538.878     -5.438    -21.136     16.796
    -12.139    161.542    458.246   -538.912     -5.441    -21.130     16.813
    -12.141    161.553    458.288   -538.946     -5.444    -21.125     16.830
    -12.143    161.564    458.330   -538.979     -5.447    -21.120     16.848
    -12.145    161.575    458.372   -539.013     -5.450    -21.115     16.865
    -12.147    161.586    458.415   -539.047     -5.453    -21.110     16.882
    -12.149    161.597    458.457   -539.080     -5.456    -21.105     16.899
    -12.151    161.608    458.499   -539.114     -5.459    -21.100     16.916
    -12.153    161.619    458.541   -539.148     -5.462    -21.095     16.933
    -12.155    161.630    458.583   -539.182     -5.465    -21.090     16.950
    -12.157    161.640    458.626   -539.216     -5.468    -21.085     16.967
    -12.159    161.651    458.668   -539.250     -5.471    -21.080     16.984
    -12.161    161.662    458.710   -539.284     -5.474    -21.075     17.001
    -12.163    161.673    458.752   -539.318     -5.476    -21.070     17.017
    -12.165    161.684    458.794   -539.352     -5.479    -21.066     17.034
    -12.167    161.695    458.836   -539.386     -5.482    -21.061     17.051
    -12.169    161.706    458.879   -539.420     -5.485    -21.056     17.068
    -12.171    161.717    458.921   -539.454     -5.488    -21.051     17.084
    -12.173    161.728    458.963   -539.488     -5.491    -21.046     17.101
    -12.175    161.739    459.005   -539.523     -5.494    -21.042     17.117
    -12.177    161.750    459.047   -539.557     -5.497    -21.037     17.134
    -12.179    161.761    459.089   -539.591     -5.500    -21.032     17.150
    -12.181    161.772    459.131   -539.626     -5.503    -21.027     17.167
    -12.183    161.783    459.173   -539.660     -5.506    -21.023     17.183
    -12.185    161.794    459.215   -539.694     -5.508    -21.018     17.200
    -12.187    161.805    459.257   -539.729     -5.511    -21.013     17.216
    -12.189    161.816    459.299   -539.763     -5.514    -21.009     17.232
    -12.191    161.827    459.341   -539.798     -5.517    -21.004     17.248
    -12.193    161.838    459.383   -539.832     -5.520    -21.000     17.265
    -12.195    161.849    459.425   -539.867     -5.523    -20.995     17.281
    -12.197    161.860    459.467   -539.901     -5.526    -20.990     17.297
    -12.199    161.871    459.509   -539.936     -5.528    -20.986     17.313
    -12.201    161.882    459.551   -539.970     -5.531    -20.981     17.329
    -12.203    161.894    459.593   -540.005     -5.534    -20.977     17.345
    -12.205    161.905    459.635   -540.040     -5.537    -20.972     17.361
    -12.207    161.916    459.677   -540.075     -5.540    -20.968     17.377
    -12.209    161.927    459.719   -540.109     -5.542    -20.964     17.393
    -12.211    161.938    459.761   -540.144     -5.545    -20.959     17.409
    -12.213    161.949    459.803   -540.179     -5.548    -20.955     17.425
    -12.215    161.960    459.845   -540.214     -5.551    -20.950     17.440
    -12.217    161.971    459.887   -540.249     -5.554    -20.946     17.456
    -12.219    161.982    459.928   -540.284     -5.556    -20.942     17.472
    -12.221    161.993    459.970   -540.319     -5.559    -20.937     17.488
    -12.223    162.004    460.012   -540.354     -5.562    -20.933     17.503
    -12.225    162.016    460.054   -540.389     -5.565    -20.929     17.519
    -12.227    162.027    460.096   -540.424     -5.568    -20.924     17.534
    -12.229    162.038    460.138   -540.459     -5.570    -20.920     17.550
    -12.231    162.049    460.180   -540.494     -5.573    -20.916     17.565
    -12.233    162.060    460.221   -540.529     -5.576    -20.912     17.581
    -12.235    162.071    460.263   -540.564     -5.579    -20.907     17.596
    -12.237    162.082    460.305   -540.599     -5.581    -20.903     17.612
    -12.239    162.094    460.347   -540.635     -5.584    -20.899     17.627
    -12.241    162.105    460.389   -540.670     -5.587    -20.895     17.642
    -12.243    162.116    460.430   -540.705     -5.589    -20.891     17.658
    -12.245    162.127    460.472   -540.741     -5.592    -20.887     17.673
    -12.247    162.138    460.514   -540.776     -5.595    -20.883     17.688
    -12.249    162.150    460.556   -540.811     -5.598    -20.879     17.703
    -12.251    162.161    460.597   -540.847     -5.600    -20.874     17.719
    -12.253    162.172    460.639   -540.882     -5.603    -20.870     17.734
    -12.255    162.183    460.681   -540.918     -5.606    -20.866     17.749
    -12.257    162.194    460.723   -540.953     -5.608    -20.862     17.764
    -12.259    162.206    460.764   -540.989     -5.611    -20.858     17.779
    -12.261    162.217    460.806   -541.024     -5.614    -20.854     17.794
    -12.263    162.228    460.848   -541.060     -5.616    -20.850     17.809
    -12.265    162.239    460.889   -541.096     -5.619    -20.846     17.824
    -12.267    162.251    460.931   -541.131     -5.622    -20.842     17.839
    -12.269    162.262    460.973   -541.167     -5.624    -20.839     17.854
    -12.271    162.273    461.015   -541.203     -5.627    -20.835     17.868
    -12.273    162.284    461.056   -541.238     -5.630    -20.831     17.883
    -12.275    162.296    461.098   -541.274     -5.632    -20.827     17.898
    -12.277    162.307    461.140   -541.310     -5.635    -20.823     17.913
    -12.279    162.318    461.181   -541.346     -5.637    -20.819     17.927
    -12.281    162.329    461.223   -541.382     -5.640    -20.815     17.942
    -12.283    162.341    461.264   -541.418     -5.643    -20.811     17.957
    -12.285    162.352    461.306   -541.454     -5.645    -20.808     17.971
    -12.287    162.363    461.348   -541.489     -5.648    -20.804     17.986
    -12.289    162.375    461.389   -541.525     -5.650    -20.800     18.000
    -12.291    162.386    461.431   -541.561     -5.653    -20.796     18.015
    -12.293    162.397    461.472   -541.598     -5.656    -20.793     18.029
    -12.295    162.408    461.514   -541.634     -5.658    -20.789     18.044
    -12.297    162.420    461.556   -541.670     -5.661    -20.785     18.058
    -12.299    162.431    461.597   -541.706     -5.663    -20.781     18.073
    -12.301    162.442    461.639   -541.742     -5.666    -20.778     18.087
    -12.303    162.454    461.680   -541.778     -5.669    -20.774     18.101
    -12.305    162.465    461.722   -541.814     -5.671    -20.770     18.115
    -12.307    162.476    461.763   -541.851     -5.674    -20.767     18.130
    -12.309    162.488    461.805   -541.887     -5.676    -20.763     18.144
    -12.311    162.499    461.846   -541.923     -5.679    -20.760     18.158
    -12.313    162.510    461.888   -541.960     -5.681    -20.756     18.172
    -12.315    162.522    461.929   -541.996     -5.684    -20.752     18.186
    -12.317    162.533    461.971   -542.032     -5.686    -20.749     18.201
    -12.319    162.545    462.012   -542.069     -5.689    -20.745     18.215
    -12.321    162.556    462.054   -542.105     -5.691    -20.742     18.229
    -12.323    162.567    462.095   -542.142     -5.694    -20.738     18.243
    -12.325    162.579    462.137   -542.178     -5.696    -20.735     18.257
    -12.327    162.590    462.178   -542.215     -5.699    -20.731     18.271
    -12.329    162.602    462.220   -542.251     -5.701    -20.728     18.284
    -12.331    162.613    462.261   -542.288     -5.704    -20.724     18.298
    -12.333    162.624    462.303   -542.324     -5.706    -20.721     18.312
    -12.335    162.636    462.344   -542.361     -5.709    -20.717     18.326
    -12.337    162.647    462.386   -542.398     -5.711    -20.714     18.340
    -12.339    162.659    462.427   -542.434     -5.714    -20.710     18.354
    -12.341    162.670    462.468   -542.471     -5.716    -20.707     18.367
    -12.343    162.682    462.510   -542.508     -5.719    -20.704     18.381
    -12.345    162.693    462.551   -542.545     -5.721    -20.700     18.395
    -12.347    162.704    462.593   -542.581     -5.724    -20.697     18.408
    -12.349    162.716    462.634   -542.618     -5.726    -20.693     18.422
    -12.351    162.727    462.675   -542.655     -5.729    -20.690     18.436
    -12.353    162.739    462.717   -542.692     -5.731    -20.687     18.449
    -12.355    162.750    462.758   -542.729     -5.734    -20.683     18.463
    -12.357    162.762    462.799   -542.766     -5.736    -20.680     18.476
    -12.359    162.773    462.841   -542.803     -5.739    -20.677     18.490
    -12.361    162.785    462.882   -542.840     -5.741    -20.673     18.503
    -12.363    162.796    462.924   -542.877     -5.743    -20.670     18.517
    -12.365    162.808    462.965   -542.914     -5.746    -20.667     18.530
    -12.367    162.819    463.006   -542.951     -5.748    -20.664     18.543
    -12.369    162.831    463.048   -542.988     -5.751    -20.660     18.557
    -12.371    162.842    463.089   -543.025     -5.753    -20.657     18.570
    -12.373    162.854    463.130   -543.062     -5.756    -20.654     18.583
    -12.375    162.865    463.171   -543.100     -5.758    -20.651     18.597
    -12.377    162.877    463.213   -543.137     -5.760    -20.648     18.610
    -12.379    162.888    463.254   -543.174     -5.763    -20.644     18.623
    -12.381    162.900    463.295   -543.211     -5.765    -20.641     18.636
    -12.383    162.911    463.337   -543.249     -5.767    -20.638     18.649
    -12.385    162.923    463.378   -543.286     -5.770    -20.635     18.663
    -12.387    162.934    463.419   -543.323     -5.772    -20.632     18.676
    -12.389    162.946    463.460   -543.361     -5.775    -20.629     18.689
    -12.391    162.957    463.502   -543.398     -5.777    -20.626     18.702
    -12.393    162.969    463.543   -543.435     -5.779    -20.623     18.715
    -12.395    162.981    463.584   -543.473     -5.782    -20.619     18.728
    -12.397    162.992    463.625   -543.510     -5.784    -20.616     18.741
    -12.399    163.004    463.667   -543.548     -5.786    -20.613     18.754
    -12.401    163.015    463.708   -543.585     -5.789    -20.610     18.767
    -12.403    163.027    463.749   -543.623     -5.791    -20.607     18.780
    -12.405    163.038    463.790   -543.660     -5.793    -20.604     18.792
    -12.407    163.050    463.831   -543.698     -5.796    -20.601     18.805
    -12.409    163.062    463.873   -543.736     -5.798    -20.598     18.818
    -12.411    163.073    463.914   -543.773     -5.800    -20.595     18.831
    -12.413    163.085    463.955   -543.811     -5.803    -20.592     18.844
    -12.415    163.096    463.996   -543.849     -5.805    -20.589     18.856
    -12.417    163.108    464.037   -543.886     -5.807    -20.586     18.869
    -12.419    163.120    464.079   -543.924     -5.810    -20.583     18.882
    -12.421    163.131    464.120   -543.962     -5.812    -20.580     18.894
    -12.423    163.143    464.161   -544.000     -5.814    -20.578     18.907
    -12.425    163.155    464.202   -544.038     -5.817    -20.575     18.920
    -12.427    163.166    464.243   -544.075     -5.819    -20.572     18.932
    -12.429    163.178    464.284   -544.113     -5.821    -20.569     18.945
    -12.431    163.189    464.325   -544.151     -5.824    -20.566     18.957
    -12.433    163.201    464.367   -544.189     -5.826    -20.563     18.970
    -12.435    163.213    464.408   -544.227     -5.828    -20.560     18.982
    -12.437    163.224    464.449   -544.265     -5.830    -20.557     18.995
    -12.439    163.236    464.490   -544.303     -5.833    -20.555     19.007
    -12.441    163.248    464.531   -544.341     -5.835    -20.552     19.020
    -12.443    163.259    464.572   -544.379     -5.837    -20.549     19.032
    -12.445    163.271    464.613   -544.417     -5.839    -20.546     19.044
    -12.447    163.283    464.654   -544.455     -5.842    -20.543     19.057
    -12.449    163.294    464.695   -544.493     -5.844    -20.540     19.069
    -12.451    163.306    464.737   -544.532     -5.846    -20.538     19.081
    -12.453    163.318    464.778   -544.570     -5.848    -20.535     19.094
    -12.455    163.330    464.819   -544.608     -5.851    -20.532     19.106
    -12.457    163.341    464.860   -544.646     -5.853    -20.529     19.118
    -12.459    163.353    464.901   -544.684     -5.855    -20.527     19.130
    -12.461    163.365    464.942   -544.723     -5.857    -20.524     19.142
    -12.463    163.376    464.983   -544.761     -5.860    -20.521     19.155
    -12.465    163.388    465.024   -544.799     -5.862    -20.518     19.167
    -12.467    163.400    465.065   -544.838     -5.864    -20.516     19.179
    -12.469    163.412    465.106   -544.876     -5.866    -20.513     19.191
    -12.471    163.423    465.147   -544.914     -5.869    -20.510     19.203
    -12.473    163.435    465.188   -544.953     -5.871    -20.508     19.215
    -12.475    163.447    465.229   -544.991     -5.873    -20.505     19.227
    -12.477    163.459    465.270   -545.030     -5.875    -20.502     19.239
    -12.479    163.470    465.311   -545.068     -5.877    -20.500     19.251
    -12.481    163.482    465.352   -545.107     -5.880    -20.497     19.263
    -12.483    163.494    465.393   -545.145     -5.882    -20.495     19.275
    -12.485    163.506    465.434   -545.184     -5.884    -20.492     19.287
    -12.487    163.517    465.475   -545.222     -5.886    -20.489     19.299
    -12.489    163.529    465.516   -545.261     -5.888    -20.487     19.310
    -12.491    163.541    465.557   -545.300     -5.890    -20.484     19.322
    -12.493    163.553    465.598   -545.338     -5.893    -20.482     19.334
    -12.495    163.564    465.639   -545.377     -5.895    -20.479     19.346
    -12.497    163.576    465.680   -545.416     -5.897    -20.476     19.358
    -12.499    163.588    465.721   -545.454     -5.899    -20.474     19.369
    -12.501    163.600    465.762   -545.493     -5.901    -20.471     19.381
    -12.503    163.612    465.803   -545.532     -5.903    -20.469     19.393
    -12.505    163.623    465.844   -545.571     -5.906    -20.466     19.404
    -12.507    163.635    465.885   -545.610     -5.908    -20.464     19.416
    -12.509    163.647    465.925   -545.648     -5.910    -20.461     19.428
    -12.511    163.659    465.966   -545.687     -5.912    -20.459     19.439
    -12.513    163.671    466.007   -545.726     -5.914    -20.456     19.451
    -12.515    163.683    466.048   -545.765     -5.916    -20.454     19.462
    -12.517    163.694    466.089   -545.804     -5.918    -20.451     19.474
    -12.519    163.706    466.130   -545.843     -5.921    -20.449     19.485
    -12.521    163.718    466.171   -545.882     -5.923    -20.446     19.497
    -12.523    163.730    466.212   -545.921     -5.925    -20.444     19.508
    -12.525    163.742    466.253   -545.960     -5.927    -20.441     19.520
    -12.527    163.754    466.294   -545.999     -5.929    -20.439     19.531
    -12.529    163.765    466.334   -546.038     -5.931    -20.437     19.543
    -12.531    163.777    466.375   -546.077     -5.933    -20.434     19.554
    -12.533    163.789    466.416   -546.116     -5.935    -20.432     19.565
    -12.535    163.801    466.457   -546.155     -5.937    -20.429     19.577
    -12.537    163.813    466.498   -546.195     -5.940    -20.427     19.588
    -12.539    163.825    466.539   -546.234     -5.942    -20.425     19.599
    -12.541    163.837    466.580   -546.273     -5.944    -20.422     19.611
    -12.543    163.849    466.620   -546.312     -5.946    -20.420     19.622
    -12.545    163.861    466.661   -546.352     -5.948    -20.418     19.633
    -12.547    163.872    466.702   -546.391     -5.950    -20.415     19.644
    -12.549    163.884    466.743   -546.430     -5.952    -20.413     19.656
    -12.551    163.896    466.784   -546.469     -5.954    -20.411     19.667
    -12.553    163.908    466.825   -546.509     -5.956    -20.408     19.678
    -12.555    163.920    466.865   -546.548     -5.958    -20.406     19.689
    -12.557    163.932    466.906   -546.588     -5.960    -20.404     19.700
    -12.559    163.944    466.947   -546.627     -5.962    -20.401     19.711
    -12.561    163.956    466.988   -546.666     -5.964    -20.399     19.722
    -12.563    163.968    467.029   -546.706     -5.966    -20.397     19.733
    -12.565    163.980    467.069   -546.745     -5.969    -20.395     19.744
    -12.567    163.992    467.110   -546.785     -5.971    -20.392     19.755
    -12.569    164.004    467.151   -546.824     -5.973    -20.390     19.766
    -12.571    164.016    467.192   -546.864     -5.975    -20.388     19.777
    -12.573    164.027    467.233   -546.903     -5.977    -20.385     19.788
    -12.575    164.039    467.273   -546.943     -5.979    -20.383     19.799
    -12.577    164.051    467.314   -546.983     -5.981    -20.381     19.810
    -12.579    164.063    467.355   -547.022     -5.983    -20.379     19.821
    -12.581    164.075    467.396   -547.062     -5.985    -20.377     19.832
    -12.583    164.087    467.436   -547.102     -5.987    -20.374     19.843
    -12.585    164.099    467.477   -547.141     -5.989    -20.372     19.854
    -12.587    164.111    467.518   -547.181     -5.991    -20.370     19.864
    -12.589    164.123    467.559   -547.221     -5.993    -20.368     19.875
    -12.591    164.135    467.599   -547.260     -5.995    -20.366     19.886
    -12.593    164.147    467.640   -547.300     -5.997    -20.363     19.897
    -12.595    164.159    467.681   -547.340     -5.999    -20.361     19.907
    -12.597    164.171    467.721   -547.380     -6.001    -20.359     19.918
    -12.599    164.183    467.762   -547.420     -6.003    -20.357     19.929
    -12.601    164.195    467.803   -547.460     -6.005    -20.355     19.940
    -12.603    164.207    467.844   -547.500     -6.007    -20.353     19.950
    -12.605    164.219    467.884   -547.539     -6.009    -20.351     19.961
    -12.607    164.231    467.925   -547.579     -6.011    -20.349     19.972
    -12.609    164.243    467.966   -547.619     -6.013    -20.346     19.982
    -12.611    164.255    468.006   -547.659     -6.015    -20.344     19.993
    -12.613    164.267    468.047   -547.699     -6.017    -20.342     20.003
    -12.615    164.279    468.088   -547.739     -6.019    -20.340     20.014
    -12.617    164.291    468.128   -547.779     -6.021    -20.338     20.024
    -12.619    164.303    468.169   -547.819     -6.023    -20.336     20.035
    -12.621    164.316    468.210   -547.859     -6.025    -20.334     20.045
    -12.623    164.328    468.250   -547.900     -6.027    -20.332     20.056
    -12.625    164.340    468.291   -547.940     -6.029    -20.330     20.066
    -12.627    164.352    468.332   -547.980     -6.030    -20.328     20.077
    -12.629    164.364    468.372   -548.020     -6.032    -20.326     20.087
    -12.631    164.376    468.413   -548.060     -6.034    -20.324     20.098
    -12.633    164.388    468.454   -548.100     -6.036    -20.322     20.108
    -12.635    164.400    468.494   -548.141     -6.038    -20.320     20.118
    -12.637    164.412    468.535   -548.181     -6.040    -20.318     20.129
    -12.639    164.424    468.576   -548.221     -6.042    -20.316     20.139
    -12.641    164.436    468.616   -548.261     -6.044    -20.314     20.149
    -12.643    164.448    468.657   -548.302     -6.046    -20.312     20.160
    -12.645    164.460    468.697   -548.342     -6.048    -20.310     20.170
    -12.647    164.472    468.738   -548.382     -6.050    -20.308     20.180
    -12.649    164.485    468.779   -548.423     -6.052    -20.306     20.190
    -12.651    164.497    468.819   -548.463     -6.054    -20.304     20.201
    -12.653    164.509    468.860   -548.504     -6.056    -20.302     20.211
    -12.655    164.521    468.901   -548.544     -6.057    -20.300     20.221
    -12.657    164.533    468.941   -548.584     -6.059    -20.298     20.231
    -12.659    164.545    468.982   -548.625     -6.061    -20.296     20.241
    -12.661    164.557    469.022   -548.665     -6.063    -20.294     20.251
    -12.663    164.569    469.063   -548.706     -6.065    -20.292     20.261
    -12.665    164.582    469.103   -548.746     -6.067    -20.290     20.272
    -12.667    164.594    469.144   -548.787     -6.069    -20.288     20.282
    -12.669    164.606    469.185   -548.828     -6.071    -20.286     20.292
    -12.671    164.618    469.225   -548.868     -6.073    -20.284     20.302
    -12.673    164.630    469.266   -548.909     -6.075    -20.283     20.312
    -12.675    164.642    469.306   -548.949     -6.076    -20.281     20.322
    -12.677    164.654    469.347   -548.990     -6.078    -20.279     20.332
    -12.679    164.667    469.387   -549.031     -6.080    -20.277     20.342
    -12.681    164.679    469.428   -549.071     -6.082    -20.275     20.352
    -12.683    164.691    469.469   -549.112     -6.084    -20.273     20.362
    -12.685    164.703    469.509   -549.153     -6.086    -20.271     20.372
    -12.687    164.715    469.550   -549.194     -6.088    -20.269     20.382
    -12.689    164.727    469.590   -549.234     -6.090    -20.268     20.391
    -12.691    164.740    469.631   -549.275     -6.091    -20.266     20.401
    -12.693    164.752    469.671   -549.316     -6.093    -20.264     20.411
    -12.695    164.764    469.712   -549.357     -6.095    -20.262     20.421
    -12.697    164.776    469.752   -549.398     -6.097    -20.260     20.431
    -12.699    164.788    469.793   -549.439     -6.099    -20.259     20.441
    -12.701    164.801    469.833   -549.479     -6.101    -20.257     20.450
    -12.703    164.813    469.874   -549.520     -6.102    -20.255     20.460
    -12.705    164.825    469.914   -549.561     -6.104    -20.253     20.470
    -12.707    164.837    469.955   -549.602     -6.106    -20.251     20.480
    -12.709    164.849    469.995   -549.643     -6.108    -20.250     20.489
    -12.711    164.862    470.036   -549.684     -6.110    -20.248     20.499
    -12.713    164.874    470.076   -549.725     -6.112    -20.246     20.509
    -12.715    164.886    470.117   -549.766     -6.113    -20.244     20.518
    -12.717    164.898    470.157   -549.807     -6.115    -20.242     20.528
    -12.719    164.911    470.198   -549.848     -6.117    -20.241     20.538
    -12.721    164.923    470.238   -549.889     -6.119    -20.239     20.547
    -12.723    164.935    470.279   -549.931     -6.121    -20.237     20.557
    -12.725    164.947    470.319   -549.972     -6.123    -20.235     20.567
    -12.727    164.959    470.360   -550.013     -6.124    -20.234     20.576
    -12.729    164.972    470.400   -550.054     -6.126    -20.232     20.586
    -12.731    164.984    470.441   -550.095     -6.128    -20.230     20.595
    -12.733    164.996    470.481   -550.136     -6.130    -20.229     20.605
    -12.735    165.008    470.522   -550.178     -6.132    -20.227     20.614
    -12.737    165.021    470.562   -550.219     -6.133    -20.225     20.624
    -12.739    165.033    470.602   -550.260     -6.135    -20.223     20.633
    -12.741    165.045    470.643   -550.301     -6.137    -20.222     20.643
    -12.743    165.058    470.683   -550.343     -6.139    -20.220     20.652
    -12.745    165.070    470.724   -550.384     -6.141    -20.218     20.662
    -12.747    165.082    470.764   -550.425     -6.142    -20.217     20.671
    -12.749    165.094    470.805   -550.467     -6.144    -20.215     20.681
    -12.751    165.107    470.845   -550.508     -6.146    -20.213     20.690
    -12.753    165.119    470.885   -550.549     -6.148    -20.212     20.699
    -12.755    165.131    470.926   -550.591     -6.149    -20.210     20.709
    -12.757    165.144    470.966   -550.632     -6.151    -20.208     20.718
    -12.759    165.156    471.007   -550.674     -6.153    -20.207     20.727
    -12.761    165.168    471.047   -550.715     -6.155    -20.205     20.737
    -12.763    165.181    471.088   -550.757     -6.156    -20.203     20.746
    -12.765    165.193    471.128   -550.798     -6.158    -20.202     20.755
    -12.767    165.205    471.168   -550.840     -6.160    -20.200     20.765
    -12.769    165.217    471.209   -550.881     -6.162    -20.199     20.774
    -12.771    165.230    471.249   -550.923     -6.164    -20.197     20.783
    -12.773    165.242    471.290   -550.964     -6.165    -20.195     20.792
    -12.775    165.254    471.330   -551.006     -6.167    -20.194     20.801
    -12.777    165.267    471.370   -551.048     -6.169    -20.192     20.811
    -12.779    165.279    471.411   -551.089     -6.171    -20.191     20.820
    -12.781    165.291    471.451   -551.131     -6.172    -20.189     20.829
    -12.783    165.304    471.491   -551.172     -6.174    -20.187     20.838
    -12.785    165.316    471.532   -551.214     -6.176    -20.186     20.847
    -12.787    165.329    471.572   -551.256     -6.177    -20.184     20.856
    -12.789    165.341    471.613   -551.298     -6.179    -20.183     20.866
    -12.791    165.353    471.653   -551.339     -6.181    -20.181     20.875
    -12.793    165.366    471.693   -551.381     -6.183    -20.180     20.884
    -12.795    165.378    471.734   -551.423     -6.184    -20.178     20.893
    -12.797    165.390    471.774   -551.465     -6.186    -20.176     20.902
    -12.799    165.403    471.814   -551.506     -6.188    -20.175     20.911
    -12.801    165.415    471.855   -551.548     -6.190    -20.173     20.920
    -12.803    165.427    471.895   -551.590     -6.191    -20.172     20.929
    -12.805    165.440    471.935   -551.632     -6.193    -20.170     20.938
    -12.807    165.452    471.976   -551.674     -6.195    -20.169     20.947
    -12.809    165.465    472.016   -551.716     -6.196    -20.167     20.956
    -12.811    165.477    472.056   -551.758     -6.198    -20.166     20.965
    -12.813    165.489    472.097   -551.800     -6.200    -20.164     20.974
    -12.815    165.502    472.137   -551.842     -6.201    -20.163     20.983
    -12.817    165.514    472.177   -551.884     -6.203    -20.161     20.992
    -12.819    165.527    472.218   -551.926     -6.205    -20.160     21.000
    -12.821    165.539    472.258   -551.968     -6.207    -20.158     21.009
    -12.823    165.551    472.298   -552.010     -6.208    -20.157     21.018
    -12.825    165.564    472.339   -552.052     -6.210    -20.155     21.027
    -12.827    165.576    472.379   -552.094     -6.212    -20.154     21.036
    -12.829    165.589    472.419   -552.136     -6.213    -20.152     21.045
    -12.831    165.601    472.460   -552.178     -6.215    -20.151     21.053
    -12.833    165.614    472.500   -552.220     -6.217    -20.149     21.062
    -12.835    165.626    472.540   -552.262     -6.218    -20.148     21.071
    -12.837    165.638    472.580   -552.304     -6.220    -20.146     21.080
    -12.839    165.651    472.621   -552.346     -6.222    -20.145     21.089
    -12.841    165.663    472.661   -552.389     -6.223    -20.144     21.097
    -12.843    165.676    472.701   -552.431     -6.225    -20.142     21.106
    -12.845    165.688    472.742   -552.473     -6.227    -20.141     21.115
    -12.847    165.701    472.782   -552.515     -6.228    -20.139     21.123
    -12.849    165.713    472.822   -552.558     -6.230    -20.138     21.132
    -12.851    165.726    472.862   -552.600     -6.232    -20.136     21.141
    -12.853    165.738    472.903   -552.642     -6.233    -20.135     21.149
    -12.855    165.751    472.943   -552.684     -6.235    -20.134     21.158
    -12.857    165.763    472.983   -552.727     -6.237    -20.132     21.167
    -12.859    165.776    473.024   -552.769     -6.238    -20.131     21.175
    -12.861    165.788    473.064   -552.811     -6.240    -20.129     21.184
    -12.863    165.800    473.104   -552.854     -6.242    -20.128     21.193
    -12.865    165.813    473.144   -552.896     -6.243    -20.127     21.201
    -12.867    165.825    473.185   -552.939     -6.245    -20.125     21.210
    -12.869    165.838    473.225   -552.981     -6.246    -20.124     21.218
    -12.871    165.850    473.265   -553.024     -6.248    -20.122     21.227
    -12.873    165.863    473.305   -553.066     -6.250    -20.121     21.235
    -12.875    165.875    473.346   -553.108     -6.251    -20.120     21.244
    -12.877    165.888    473.386   -553.151     -6.253    -20.118     21.252
    -12.879    165.900    473.426   -553.193     -6.255    -20.117     21.261
    -12.881    165.913    473.466   -553.236     -6.256    -20.116     21.269
    -12.883    165.925    473.506   -553.279     -6.258    -20.114     21.278
    -12.885    165.938    473.547   -553.321     -6.259    -20.113     21.286
    -12.887    165.951    473.587   -553.364     -6.261    -20.112     21.295
    -12.889    165.963    473.627   -553.406     -6.263    -20.110     21.303
    -12.891    165.976    473.667   -553.449     -6.264    -20.109     21.311
    -12.893    165.988    473.708   -553.492     -6.266    -20.108     21.320
    -12.895    166.001    473.748   -553.534     -6.267    -20.106     21.328
    -12.897    166.013    473.788   -553.577     -6.269    -20.105     21.337
    -12.899    166.026    473.828   -553.620     -6.271    -20.104     21.345
    -12.901    166.038    473.868   -553.662     -6.272    -20.102     21.353
    -12.903    166.051    473.909   -553.705     -6.274    -20.101     21.362
    -12.905    166.063    473.949   -553.748     -6.275    -20.100     21.370
    -12.907    166.076    473.989   -553.790     -6.277    -20.098     21.378
    -12.909    166.088    474.029   -553.833     -6.279    -20.097     21.387
    -12.911    166.101    474.069   -553.876     -6.280    -20.096     21.395
    -12.913    166.114    474.110   -553.919     -6.282    -20.094     21.403
    -12.915    166.126    474.150   -553.962     -6.283    -20.093     21.411
    -12.917    166.139    474.190   -554.004     -6.285    -20.092     21.420
    -12.919    166.151    474.230   -554.047     -6.287    -20.091     21.428
    -12.921    166.164    474.270   -554.090     -6.288    -20.089     21.436
    -12.923    166.176    474.310   -554.133     -6.290    -20.088     21.444
    -12.925    166.189    474.351   -554.176     -6.291    -20.087     21.452
    -12.927    166.202    474.391   -554.219     -6.293    -20.086     21.461
    -12.929    166.214    474.431   -554.262     -6.294    -20.084     21.469
    -12.931    166.227    474.471   -554.305     -6.296    -20.083     21.477
    -12.933    166.239    474.511   -554.348     -6.298    -20.082     21.485
    -12.935    166.252    474.551   -554.391     -6.299    -20.080     21.493
    -12.937    166.265    474.592   -554.434     -6.301    -20.079     21.501
    -12.939    166.277    474.632   -554.477     -6.302    -20.078     21.509
    -12.941    166.290    474.672   -554.520     -6.304    -20.077     21.518
    -12.943    166.302    474.712   -554.563     -6.305    -20.076     21.526
    -12.945    166.315    474.752   -554.606     -6.307    -20.074     21.534
    -12.947    166.328    474.792   -554.649     -6.309    -20.073     21.542
    -12.949    166.340    474.833   -554.692     -6.310    -20.072     21.550
    -12.951    166.353    474.873   -554.735     -6.312    -20.071     21.558
    -12.953    166.365    474.913   -554.778     -6.313    -20.069     21.566
    -12.955    166.378    474.953   -554.821     -6.315    -20.068     21.574
    -12.957    166.391    474.993   -554.864     -6.316    -20.067     21.582
    -12.959    166.403    475.033   -554.908     -6.318    -20.066     21.590
    -12.961    166.416    475.073   -554.951     -6.319    -20.065     21.598
    -12.963    166.429    475.114   -554.994     -6.321    -20.063     21.606
    -12.965    166.441    475.154   -555.037     -6.322    -20.062     21.614
    -12.967    166.454    475.194   -555.081     -6.324    -20.061     21.622
    -12.969    166.467    475.234   -555.124     -6.325    -20.060     21.630
    -12.971    166.479    475.274   -555.167     -6.327    -20.059     21.638
    -12.973    166.492    475.314   -555.210     -6.329    -20.057     21.645
    -12.975    166.505    475.354   -555.254     -6.330    -20.056     21.653
    -12.977    166.517    475.394   -555.297     -6.332    -20.055     21.661
    -12.979    166.530    475.434   -555.340     -6.333    -20.054     21.669
    -12.981    166.543    475.475   -555.384     -6.335    -20.053     21.677
    -12.983    166.555    475.515   -555.427     -6.336    -20.052     21.685
    -12.985    166.568    475.555   -555.470     -6.338    -20.050     21.693
    -12.987    166.581    475.595   -555.514     -6.339    -20.049     21.701
    -12.989    166.593    475.635   -555.557     -6.341    -20.048     21.708
    -12.991    166.606    475.675   -555.601     -6.342    -20.047     21.716
    -12.993    166.619    475.715   -555.644     -6.344    -20.046     21.724
    -12.995    166.631    475.755   -555.687     -6.345    -20.045     21.732
    -12.997    166.644    475.795   -555.731     -6.347    -20.044     21.740
    -12.999    166.657    475.835   -555.774     -6.348    -20.042     21.747
    -13.001    166.669    475.875   -555.818     -6.350    -20.041     21.755
    -13.003    166.682    475.916   -555.861     -6.351    -20.040     21.763
    -13.005    166.695    475.956   -555.905     -6.353    -20.039     21.770
    -13.007    166.707    475.996   -555.949     -6.354    -20.038     21.778
    -13.009    166.720    476.036   -555.992     -6.356    -20.037     21.786
    -13.011    166.733    476.076   -556.036     -6.357    -20.036     21.794
    -13.013    166.746    476.116   -556.079     -6.359    -20.035     21.801
    -13.015    166.758    476.156   -556.123     -6.360    -20.034     21.809
    -13.017    166.771    476.196   -556.166     -6.362    -20.032     21.817
    -13.019    166.784    476.236   -556.210     -6.363    -20.031     21.824
    -13.021    166.797    476.276   -556.254     -6.365    -20.030     21.832
    -13.023    166.809    476.316   -556.297     -6.366    -20.029     21.840
    -13.025    166.822    476.356   -556.341     -6.367    -20.028     21.847
    -13.027    166.835    476.396   -556.385     -6.369    -20.027     21.855
    -13.029    166.847    476.436   -556.429     -6.370    -20.026     21.862
    -13.031    166.860    476.476   -556.472     -6.372    -20.025     21.870
    -13.033    166.873    476.517   -556.516     -6.373    -20.024     21.877
    -13.035    166.886    476.557   -556.560     -6.375    -20.023     21.885
    -13.037    166.898    476.597   -556.604     -6.376    -20.022     21.893
    -13.039    166.911    476.637   -556.647     -6.378    -20.020     21.900
    -13.041    166.924    476.677   -556.691     -6.379    -20.019     21.908
    -13.043    166.937    476.717   -556.735     -6.381    -20.018     21.915
    -13.045    166.949    476.757   -556.779     -6.382    -20.017     21.923
    -13.047    166.962    476.797   -556.823     -6.384    -20.016     21.930
    -13.049    166.975    476.837   -556.867     -6.385    -20.015     21.938
    -13.051    166.988    476.877   -556.910     -6.386    -20.014     21.945
    -13.053    167.001    476.917   -556.954     -6.388    -20.013     21.953
    -13.055    167.013    476.957   -556.998     -6.389    -20.012     21.960
    -13.057    167.026    476.997   -557.042     -6.391    -20.011     21.968
    -13.059    167.039    477.037   -557.086     -6.392    -20.010     21.975
    -13.061    167.052    477.077   -557.130     -6.394    -20.009     21.982
    -13.063    167.064    477.117   -557.174     -6.395    -20.008     21.990
    -13.065    167.077    477.157   -557.218     -6.397    -20.007     21.997
    -13.067    167.090    477.197   -557.262     -6.398    -20.006     22.005
    -13.069    167.103    477.237   -557.306     -6.399    -20.005     22.012
    -13.071    167.116    477.277   -557.350     -6.401    -20.004     22.019
    -13.073    167.128    477.317   -557.394     -6.402    -20.003     22.027
    -13.075    167.141    477.357   -557.438     -6.404    -20.002     22.034
    -13.077    167.154    477.397   -557.482     -6.405    -20.001     22.041
    -13.079    167.167    477.437   -557.526     -6.407    -20.000     22.049
    -13.081    167.180    477.477   -557.570     -6.408    -19.999     22.056
    -13.083    167.193    477.517   -557.615     -6.409    -19.998     22.063
    -13.085    167.205    477.557   -557.659     -6.411    -19.997     22.071
    -13.087    167.218    477.597   -557.703     -6.412    -19.996     22.078
    -13.089    167.231    477.637   -557.747     -6.414    -19.995     22.085
    -13.091    167.244    477.677   -557.791     -6.415    -19.994     22.093
    -13.093    167.257    477.717   -557.835     -6.417    -19.993     22.100
    -13.095    167.269    477.757   -557.880     -6.418    -19.992     22.107
    -13.097    167.282    477.797   -557.924     -6.419    -19.991     22.114
    -13.099    167.295    477.837   -557.968     -6.421    -19.990     22.122
    -13.101    167.308    477.877   -558.012     -6.422    -19.989     22.129
    -13.103    167.321    477.917   -558.057     -6.424    -19.988     22.136
    -13.105    167.334    477.957   -558.101     -6.425    -19.987     22.143
    -13.107    167.347    477.997   -558.145     -6.426    -19.986     22.150
    -13.109    167.359    478.037   -558.189     -6.428    -19.985     22.158
    -13.111    167.372    478.077   -558.234     -6.429    -19.984     22.165
    -13.113    167.385    478.117   -558.278     -6.431    -19.983     22.172
    -13.115    167.398    478.157   -558.322     -6.432    -19.982     22.179
    -13.117    167.411    478.197   -558.367     -6.433    -19.981     22.186
    -13.119    167.424    478.237   -558.411     -6.435    -19.980     22.193
    -13.121    167.437    478.277   -558.456     -6.436    -19.979     22.200
    -13.123    167.449    478.317   -558.500     -6.438    -19.978     22.208
    -13.125    167.462    478.357   -558.544     -6.439    -19.977     22.215
    -13.127    167.475    478.396   -558.589     -6.440    -19.977     22.222
    -13.129    167.488    478.436   -558.633     -6.442    -19.976     22.229
    -13.131    167.501    478.476   -558.678     -6.443    -19.975     22.236
    -13.133    167.514    478.516   -558.722     -6.444    -19.974     22.243
    -13.135    167.527    478.556   -558.767     -6.446    -19.973     22.250
    -13.137    167.540    478.596   -558.811     -6.447    -19.972     22.257
    -13.139    167.553    478.636   -558.856     -6.449    -19.971     22.264
    -13.141    167.565    478.676   -558.900     -6.450    -19.970     22.271
    -13.143    167.578    478.716   -558.945     -6.451    -19.969     22.278
    -13.145    167.591    478.756   -558.989     -6.453    -19.968     22.285
    -13.147    167.604    478.796   -559.034     -6.454    -19.967     22.292
    -13.149    167.617    478.836   -559.079     -6.455    -19.966     22.299
    -13.151    167.630    478.876   -559.123     -6.457    -19.965     22.306
    -13.153    167.643    478.916   -559.168     -6.458    -19.965     22.313
    -13.155    167.656    478.956   -559.212     -6.459    -19.964     22.320
    -13.157    167.669    478.996   -559.257     -6.461    -19.963     22.327
    -13.159    167.682    479.036   -559.302     -6.462    -19.962     22.334
    -13.161    167.695    479.075   -559.346     -6.464    -19.961     22.341
    -13.163    167.708    479.115   -559.391     -6.465    -19.960     22.348
    -13.165    167.720    479.155   -559.436     -6.466    -19.959     22.355
    -13.167    167.733    479.195   -559.481     -6.468    -19.958     22.362
    -13.169    167.746    479.235   -559.525     -6.469    -19.957     22.368
    -13.171    167.759    479.275   -559.570     -6.470    -19.957     22.375
    -13.173    167.772    479.315   -559.615     -6.472    -19.956     22.382
    -13.175    167.785    479.355   -559.660     -6.473    -19.955     22.389
    -13.177    167.798    479.395   -559.704     -6.474    -19.954     22.396
    -13.179    167.811    479.435   -559.749     -6.476    -19.953     22.403
    -13.181    167.824    479.475   -559.794     -6.477    -19.952     22.410
    -13.183    167.837    479.514   -559.839     -6.478    -19.951     22.416
    -13.185    167.850    479.554   -559.884     -6.480    -19.951     22.423
    -13.187    167.863    479.594   -559.928     -6.481    -19.950     22.430
    -13.189    167.876    479.634   -559.973     -6.482    -19.949     22.437
    -13.191    167.889    479.674   -560.018     -6.484    -19.948     22.444
    -13.193    167.902    479.714   -560.063     -6.485    -19.947     22.451
    -13.195    167.915    479.754   -560.108     -6.486    -19.946     22.457
    -13.197    167.928    479.794   -560.153     -6.488    -19.945     22.464
    -13.199    167.941    479.834   -560.198     -6.489    -19.945     22.471
    -13.201    167.954    479.874   -560.243     -6.490    -19.944     22.478
    -13.203    167.967    479.913   -560.288     -6.492    -19.943     22.484
    -13.205    167.980    479.953   -560.333     -6.493    -19.942     22.491
    -13.207    167.993    479.993   -560.378     -6.494    -19.941     22.498
    -13.209    168.006    480.033   -560.423     -6.496    -19.940     22.504
    -13.211    168.019    480.073   -560.468     -6.497    -19.940     22.511
    -13.213    168.032    480.113   -560.513     -6.498    -19.939     22.518
    -13.215    168.045    480.153   -560.558     -6.500    -19.938     22.525
    -13.217    168.058    480.193   -560.603     -6.501    -19.937     22.531
    -13.219    168.071    480.232   -560.648     -6.502    -19.936     22.538
    -13.221    168.084    480.272   -560.693     -6.503    -19.935     22.545
    -13.223    168.097    480.312   -560.738     -6.505    -19.935     22.551
    -13.225    168.110    480.352   -560.783     -6.506    -19.934     22.558
    -13.227    168.123    480.392   -560.828     -6.507    -19.933     22.565
    -13.229    168.136    480.432   -560.874     -6.509    -19.932     22.571
    -13.231    168.149    480.472   -560.919     -6.510    -19.931     22.578
    -13.233    168.162    480.512   -560.964     -6.511    -19.931     22.584
    -13.235    168.175    480.551   -561.009     -6.513    -19.930     22.591
    -13.237    168.188    480.591   -561.054     -6.514    -19.929     22.598
    -13.239    168.201    480.631   -561.099     -6.515    -19.928     22.604
    -13.241    168.214    480.671   -561.145     -6.516    -19.927     22.611
    -13.243    168.227    480.711   -561.190     -6.518    -19.927     22.617
    -13.245    168.240    480.751   -561.235     -6.519    -19.926     22.624
    -13.247    168.253    480.790   -561.280     -6.520    -19.925     22.630
    -13.249    168.266    480.830   -561.326     -6.522    -19.924     22.637
    -13.251    168.279    480.870   -561.371     -6.523    -19.923     22.643
    -13.253    168.292    480.910   -561.416     -6.524    -19.923     22.650
    -13.255    168.305    480.950   -561.461     -6.525    -19.922     22.657
    -13.257    168.318    480.990   -561.507     -6.527    -19.921     22.663
    -13.259    168.331    481.030   -561.552     -6.528    -19.920     22.670
    -13.261    168.344    481.069   -561.597     -6.529    -19.920     22.676
    -13.263    168.357    481.109   -561.643     -6.531    -19.919     22.683
    -13.265    168.370    481.149   -561.688     -6.532    -19.918     22.689
    -13.267    168.383    481.189   -561.734     -6.533    -19.917     22.695
    -13.269    168.397    481.229   -561.779     -6.534    -19.917     22.702
    -13.271    168.410    481.269   -561.824     -6.536    -19.916     22.708
    -13.273    168.423    481.308   -561.870     -6.537    -19.915     22.715
    -13.275    168.436    481.348   -561.915     -6.538    -19.914     22.721
    -13.277    168.449    481.388   -561.961     -6.539    -19.914     22.728
    -13.279    168.462    481.428   -562.006     -6.541    -19.913     22.734
    -13.281    168.475    481.468   -562.052     -6.542    -19.912     22.741
    -13.283    168.488    481.508   -562.097     -6.543    -19.911     22.747
    -13.285    168.501    481.547   -562.143     -6.545    -19.911     22.753
    -13.287    168.514    481.587   -562.188     -6.546    -19.910     22.760
    -13.289    168.527    481.627   -562.234     -6.547    -19.909     22.766
    -13.291    168.540    481.667   -562.279     -6.548    -19.908     22.772
    -13.293    168.554    481.707   -562.325     -6.550    -19.908     22.779
    -13.295    168.567    481.746   -562.370     -6.551    -19.907     22.785
    -13.297    168.580    481.786   -562.416     -6.552    -19.906     22.791
    -13.299    168.593    481.826   -562.461     -6.553    -19.905     22.798
    -13.301    168.606    481.866   -562.507     -6.555    -19.905     22.804
    -13.303    168.619    481.906   -562.553     -6.556    -19.904     22.810
    -13.305    168.632    481.946   -562.598     -6.557    -19.903     22.817
    -13.307    168.645    481.985   -562.644     -6.558    -19.902     22.823
    -13.309    168.658    482.025   -562.690     -6.560    -19.902     22.829
    -13.311    168.672    482.065   -562.735     -6.561    -19.901     22.836
    -13.313    168.685    482.105   -562.781     -6.562    -19.900     22.842
    -13.315    168.698    482.145   -562.827     -6.563    -19.900     22.848
    -13.317    168.711    482.184   -562.872     -6.564    -19.899     22.855
    -13.319    168.724    482.224   -562.918     -6.566    -19.898     22.861
    -13.321    168.737    482.264   -562.964     -6.567    -19.897     22.867
    -13.323    168.750    482.304   -563.010     -6.568    -19.897     22.873
    -13.325    168.763    482.343   -563.055     -6.569    -19.896     22.879
    -13.327    168.777    482.383   -563.101     -6.571    -19.895     22.886
    -13.329    168.790    482.423   -563.147     -6.572    -19.895     22.892
    -13.331    168.803    482.463   -563.193     -6.573    -19.894     22.898
    -13.333    168.816    482.503   -563.238     -6.574    -19.893     22.904
    -13.335    168.829    482.542   -563.284     -6.576    -19.893     22.911
    -13.337    168.842    482.582   -563.330     -6.577    -19.892     22.917
    -13.339    168.855    482.622   -563.376     -6.578    -19.891     22.923
    -13.341    168.869    482.662   -563.422     -6.579    -19.891     22.929
    -13.343    168.882    482.702   -563.468     -6.580    -19.890     22.935
    -13.345    168.895    482.741   -563.514     -6.582    -19.889     22.941
    -13.347    168.908    482.781   -563.559     -6.583    -19.888     22.948
    -13.349    168.921    482.821   -563.605     -6.584    -19.888     22.954
    -13.351    168.934    482.861   -563.651     -6.585    -19.887     22.960
    -13.353    168.948    482.900   -563.697     -6.587    -19.886     22.966
    -13.355    168.961    482.940   -563.743     -6.588    -19.886     22.972
    -13.357    168.974    482.980   -563.789     -6.589    -19.885     22.978
    -13.359    168.987    483.020   -563.835     -6.590    -19.884     22.984
    -13.361    169.000    483.060   -563.881     -6.591    -19.884     22.990
    -13.363    169.014    483.099   -563.927     -6.593    -19.883     22.996
    -13.365    169.027    483.139   -563.973     -6.594    -19.882     23.003
    -13.367    169.040    483.179   -564.019     -6.595    -19.882     23.009
    -13.369    169.053    483.219   -564.065     -6.596    -19.881     23.015
    -13.371    169.066    483.258   -564.111     -6.597    -19.880     23.021
    -13.373    169.079    483.298   -564.157     -6.599    -19.880     23.027
    -13.375    169.093    483.338   -564.203     -6.600    -19.879     23.033
    -13.377    169.106    483.378   -564.249     -6.601    -19.878     23.039
    -13.379    169.119    483.417   -564.295     -6.602    -19.878     23.045
    -13.381    169.132    483.457   -564.341     -6.603    -19.877     23.051
    -13.383    169.145    483.497   -564.387     -6.605    -19.877     23.057
    -13.385    169.159    483.537   -564.434     -6.606    -19.876     23.063
    -13.387    169.172    483.576   -564.480     -6.607    -19.875     23.069
    -13.389    169.185    483.616   -564.526     -6.608    -19.875     23.075
    -13.391    169.198    483.656   -564.572     -6.609    -19.874     23.081
    -13.393    169.212    483.696   -564.618     -6.610    -19.873     23.087
    -13.395    169.225    483.735   -564.664     -6.612    -19.873     23.093
    -13.397    169.238    483.775   -564.711     -6.613    -19.872     23.099
    -13.399    169.251    483.815   -564.757     -6.614    -19.871     23.105
    -13.401    169.264    483.855   -564.803     -6.615    -19.871     23.111
    -13.403    169.278    483.894   -564.849     -6.616    -19.870     23.117
    -13.405    169.291    483.934   -564.895     -6.618    -19.870     23.123
    -13.407    169.304    483.974   -564.942     -6.619    -19.869     23.129
    -13.409    169.317    484.014   -564.988     -6.620    -19.868     23.134
    -13.411    169.331    484.053   -565.034     -6.621    -19.868     23.140
    -13.413    169.344    484.093   -565.081     -6.622    -19.867     23.146
    -13.415    169.357    484.133   -565.127     -6.623    -19.866     23.152
    -13.417    169.370    484.173   -565.173     -6.625    -19.866     23.158
    -13.419    169.384    484.212   -565.219     -6.626    -19.865     23.164
    -13.421    169.397    484.252   -565.266     -6.627    -19.865     23.170
    -13.423    169.410    484.292   -565.312     -6.628    -19.864     23.176
    -13.425    169.423    484.331   -565.359     -6.629    -19.863     23.182
    -13.427    169.437    484.371   -565.405     -6.630    -19.863     23.187
    -13.429    169.450    484.411   -565.451     -6.632    -19.862     23.193
    -13.431    169.463    484.451   -565.498     -6.633    -19.862     23.199
    -13.433    169.476    484.490   -565.544     -6.634    -19.861     23.205
    -13.435    169.490    484.530   -565.590     -6.635    -19.860     23.211
    -13.437    169.503    484.570   -565.637     -6.636    -19.860     23.217
    -13.439    169.516    484.609   -565.683     -6.637    -19.859     23.222
    -13.441    169.530    484.649   -565.730     -6.639    -19.859     23.228
    -13.443    169.543    484.689   -565.776     -6.640    -19.858     23.234
    -13.445    169.556    484.729   -565.823     -6.641    -19.857     23.240
    -13.447    169.569    484.768   -565.869     -6.642    -19.857     23.246
    -13.449    169.583    484.808   -565.916     -6.643    -19.856     23.251
    -13.451    169.596    484.848   -565.962     -6.644    -19.856     23.257
    -13.453    169.609    484.887   -566.009     -6.645    -19.855     23.263
    -13.455    169.623    484.927   -566.055     -6.647    -19.854     23.269
    -13.457    169.636    484.967   -566.102     -6.648    -19.854     23.274
    -13.459    169.649    485.007   -566.148     -6.649    -19.853     23.280
    -13.461    169.662    485.046   -566.195     -6.650    -19.853     23.286
    -13.463    169.676    485.086   -566.242     -6.651    -19.852     23.292
    -13.465    169.689    485.126   -566.288     -6.652    -19.852     23.297
    -13.467    169.702    485.165   -566.335     -6.653    -19.851     23.303
    -13.469    169.716    485.205   -566.381     -6.655    -19.850     23.309
    -13.471    169.729    485.245   -566.428     -6.656    -19.850     23.315
    -13.473    169.742    485.285   -566.475     -6.657    -19.849     23.320
    -13.475    169.756    485.324   -566.521     -6.658    -19.849     23.326
    -13.477    169.769    485.364   -566.568     -6.659    -19.848     23.332
    -13.479    169.782    485.404   -566.615     -6.660    -19.848     23.337
    -13.481    169.796    485.443   -566.661     -6.661    -19.847     23.343
    -13.483    169.809    485.483   -566.708     -6.662    -19.846     23.349
    -13.485    169.822    485.523   -566.755     -6.664    -19.846     23.354
    -13.487    169.836    485.562   -566.801     -6.665    -19.845     23.360
    -13.489    169.849    485.602   -566.848     -6.666    -19.845     23.366
    -13.491    169.862    485.642   -566.895     -6.667    -19.844     23.371
    -13.493    169.876    485.681   -566.942     -6.668    -19.844     23.377
    -13.495    169.889    485.721   -566.988     -6.669    -19.843     23.382
    -13.497    169.902    485.761   -567.035     -6.670    -19.843     23.388
    -13.499    169.916    485.801   -567.082     -6.671    -19.842     23.394
    -13.501    169.929    485.840   -567.129     -6.673    -19.841     23.399
    -13.503    169.942    485.880   -567.175     -6.674    -19.841     23.405
    -13.505    169.956    485.920   -567.222     -6.675    -19.840     23.411
    -13.507    169.969    485.959   -567.269     -6.676    -19.840     23.416
    -13.509    169.982    485.999   -567.316     -6.677    -19.839     23.422
    -13.511    169.996    486.039   -567.363     -6.678    -19.839     23.427
    -13.513    170.009    486.078   -567.410     -6.679    -19.838     23.433
    -13.515    170.022    486.118   -567.457     -6.680    -19.838     23.438
    -13.517    170.036    486.158   -567.503     -6.681    -19.837     23.444
    -13.519    170.049    486.197   -567.550     -6.683    -19.837     23.450
    -13.521    170.062    486.237   -567.597     -6.684    -19.836     23.455
    -13.523    170.076    486.277   -567.644     -6.685    -19.836     23.461
    -13.525    170.089    486.316   -567.691     -6.686    -19.835     23.466
    -13.527    170.103    486.356   -567.738     -6.687    -19.834     23.472
    -13.529    170.116    486.396   -567.785     -6.688    -19.834     23.477
    -13.531    170.129    486.435   -567.832     -6.689    -19.833     23.483
    -13.533    170.143    486.475   -567.879     -6.690    -19.833     23.488
    -13.535    170.156    486.515   -567.926     -6.691    -19.832     23.494
    -13.537    170.169    486.554   -567.973     -6.693    -19.832     23.499
    -13.539    170.183    486.594   -568.020     -6.694    -19.831     23.505
    -13.541    170.196    486.634   -568.067     -6.695    -19.831     23.510
    -13.543    170.210    486.673   -568.114     -6.696    -19.830     23.516
    -13.545    170.223    486.713   -568.161     -6.697    -19.830     23.521
    -13.547    170.236    486.753   -568.208     -6.698    -19.829     23.527
    -13.549    170.250    486.792   -568.255     -6.699    -19.829     23.532
    -13.551    170.263    486.832   -568.302     -6.700    -19.828     23.537
    -13.553    170.277    486.872   -568.349     -6.701    -19.828     23.543
    -13.555    170.290    486.911   -568.396     -6.702    -19.827     23.548
    -13.557    170.303    486.951   -568.443     -6.703    -19.827     23.554
    -13.559    170.317    486.991   -568.490     -6.705    -19.826     23.559
    -13.561    170.330    487.030   -568.538     -6.706    -19.826     23.565
    -13.563    170.344    487.070   -568.585     -6.707    -19.825     23.570
    -13.565    170.357    487.110   -568.632     -6.708    -19.825     23.575
    -13.567    170.370    487.149   -568.679     -6.709    -19.824     23.581
    -13.569    170.384    487.189   -568.726     -6.710    -19.824     23.586
    -13.571    170.397    487.228   -568.773     -6.711    -19.823     23.592
    -13.573    170.411    487.268   -568.821     -6.712    -19.823     23.597
    -13.575    170.424    487.308   -568.868     -6.713    -19.822     23.602
    -13.577    170.438    487.347   -568.915     -6.714    -19.822     23.608
    -13.579    170.451    487.387   -568.962     -6.715    -19.821     23.613
    -13.581    170.464    487.427   -569.009     -6.716    -19.821     23.618
    -13.583    170.478    487.466   -569.057     -6.717    -19.820     23.624
    -13.585    170.491    487.506   -569.104     -6.719    -19.820     23.629
    -13.587    170.505    487.546   -569.151     -6.720    -19.819     23.634
    -13.589    170.518    487.585   -569.198     -6.721    -19.819     23.640
    -13.591    170.532    487.625   -569.246     -6.722    -19.818     23.645
    -13.593    170.545    487.665   -569.293     -6.723    -19.818     23.650
    -13.595    170.559    487.704   -569.340     -6.724    -19.817     23.656
    -13.597    170.572    487.744   -569.388     -6.725    -19.817     23.661
    -13.599    170.585    487.783   -569.435     -6.726    -19.816     23.666
    -13.601    170.599    487.823   -569.482     -6.727    -19.816     23.672
    -13.603    170.612    487.863   -569.530     -6.728    -19.815     23.677
    -13.605    170.626    487.902   -569.577     -6.729    -19.815     23.682
    -13.607    170.639    487.942   -569.624     -6.730    -19.815     23.687
    -13.609    170.653    487.982   -569.672     -6.731    -19.814     23.693
    -13.611    170.666    488.021   -569.719     -6.732    -19.814     23.698
    -13.613    170.680    488.061   -569.767     -6.733    -19.813     23.703
    -13.615    170.693    488.100   -569.814     -6.734    -19.813     23.708
    -13.617    170.707    488.140   -569.861     -6.735    -19.812     23.714
    -13.619    170.720    488.180   -569.909     -6.737    -19.812     23.719
    -13.621    170.734    488.219   -569.956     -6.738    -19.811     23.724
    -13.623    170.747    488.259   -570.004     -6.739    -19.811     23.729
    -13.625    170.760    488.299   -570.051     -6.740    -19.810     23.735
    -13.627    170.774    488.338   -570.099     -6.741    -19.810     23.740
    -13.629    170.787    488.378   -570.146     -6.742    -19.809     23.745
    -13.631    170.801    488.417   -570.194     -6.743    -19.809     23.750
    -13.633    170.814    488.457   -570.241     -6.744    -19.809     23.756
    -13.635    170.828    488.497   -570.289     -6.745    -19.808     23.761
    -13.637    170.841    488.536   -570.336     -6.746    -19.808     23.766
    -13.639    170.855    488.576   -570.384     -6.747    -19.807     23.771
    -13.641    170.868    488.615   -570.431     -6.748    -19.807     23.776
    -13.643    170.882    488.655   -570.479     -6.749    -19.806     23.781
    -13.645    170.895    488.695   -570.526     -6.750    -19.806     23.787
    -13.647    170.909    488.734   -570.574     -6.751    -19.805     23.792
    -13.649    170.922    488.774   -570.622     -6.752    -19.805     23.797
    -13.651    170.936    488.814   -570.669     -6.753    -19.805     23.802
    -13.653    170.949    488.853   -570.717     -6.754    -19.804     23.807
    -13.655    170.963    488.893   -570.764     -6.755    -19.804     23.812
    -13.657    170.976    488.932   -570.812     -6.756    -19.803     23.817
    -13.659    170.990    488.972   -570.860     -6.757    -19.803     23.823
    -13.661    171.003    489.012   -570.907     -6.758    -19.802     23.828
    -13.663    171.017    489.051   -570.955     -6.759    -19.802     23.833
    -13.665    171.030    489.091   -571.003     -6.760    -19.801     23.838
    -13.667    171.044    489.130   -571.050     -6.761    -19.801     23.843
    -13.669    171.058    489.170   -571.098     -6.762    -19.801     23.848
    -13.671    171.071    489.210   -571.146     -6.763    -19.800     23.853
    -13.673    171.085    489.249   -571.193     -6.765    -19.800     23.858
    -13.675    171.098    489.289   -571.241     -6.766    -19.799     23.863
    -13.677    171.112    489.328   -571.289     -6.767    -19.799     23.868
    -13.679    171.125    489.368   -571.337     -6.768    -19.798     23.874
    -13.681    171.139    489.408   -571.384     -6.769    -19.798     23.879
    -13.683    171.152    489.447   -571.432     -6.770    -19.798     23.884
    -13.685    171.166    489.487   -571.480     -6.771    -19.797     23.889
    -13.687    171.179    489.526   -571.528     -6.772    -19.797     23.894
    -13.689    171.193    489.566   -571.576     -6.773    -19.796     23.899
    -13.691    171.206    489.606   -571.623     -6.774    -19.796     23.904
    -13.693    171.220    489.645   -571.671     -6.775    -19.796     23.909
    -13.695    171.234    489.685   -571.719     -6.776    -19.795     23.914
    -13.697    171.247    489.724   -571.767     -6.777    -19.795     23.919
    -13.699    171.261    489.764   -571.815     -6.778    -19.794     23.924
    -13.701    171.274    489.804   -571.862     -6.779    -19.794     23.929
    -13.703    171.288    489.843   -571.910     -6.780    -19.793     23.934
    -13.705    171.301    489.883   -571.958     -6.781    -19.793     23.939
    -13.707    171.315    489.922   -572.006     -6.782    -19.793     23.944
    -13.709    171.328    489.962   -572.054     -6.783    -19.792     23.949
    -13.711    171.342    490.001   -572.102     -6.784    -19.792     23.954
    -13.713    171.356    490.041   -572.150     -6.785    -19.791     23.959
    -13.715    171.369    490.081   -572.198     -6.786    -19.791     23.964
    -13.717    171.383    490.120   -572.246     -6.787    -19.791     23.969
    -13.719    171.396    490.160   -572.294     -6.788    -19.790     23.974
    -13.721    171.410    490.199   -572.342     -6.789    -19.790     23.979
    -13.723    171.423    490.239   -572.390     -6.790    -19.789     23.984
    -13.725    171.437    490.278   -572.437     -6.791    -19.789     23.989
    -13.727    171.451    490.318   -572.485     -6.792    -19.789     23.994
    -13.729    171.464    490.358   -572.533     -6.793    -19.788     23.999
    -13.731    171.478    490.397   -572.581     -6.794    -19.788     24.004
    -13.733    171.491    490.437   -572.629     -6.795    -19.787     24.008
    -13.735    171.505    490.476   -572.677     -6.796    -19.787     24.013
    -13.737    171.519    490.516   -572.726     -6.797    -19.787     24.018
    -13.739    171.532    490.556   -572.774     -6.798    -19.786     24.023
    -13.741    171.546    490.595   -572.822     -6.799    -19.786     24.028
    -13.743    171.559    490.635   -572.870     -6.800    -19.785     24.033
    -13.745    171.573    490.674   -572.918     -6.801    -19.785     24.038
    -13.747    171.587    490.714   -572.966     -6.802    -19.785     24.043
    -13.749    171.600    490.753   -573.014     -6.803    -19.784     24.048
    -13.751    171.614    490.793   -573.062     -6.804    -19.784     24.053
    -13.753    171.627    490.833   -573.110     -6.805    -19.784     24.057
    -13.755    171.641    490.872   -573.158     -6.806    -19.783     24.062
    -13.757    171.655    490.912   -573.206     -6.807    -19.783     24.067
    -13.759    171.668    490.951   -573.255     -6.808    -19.782     24.072
    -13.761    171.682    490.991   -573.303     -6.809    -19.782     24.077
    -13.763    171.695    491.030   -573.351     -6.810    -19.782     24.082
    -13.765    171.709    491.070   -573.399     -6.811    -19.781     24.087
    -13.767    171.723    491.109   -573.447     -6.811    -19.781     24.091
    -13.769    171.736    491.149   -573.495     -6.812    -19.781     24.096
    -13.771    171.750    491.189   -573.544     -6.813    -19.780     24.101
    -13.773    171.764    491.228   -573.592     -6.814    -19.780     24.106
    -13.775    171.777    491.268   -573.640     -6.815    -19.779     24.111
    -13.777    171.791    491.307   -573.688     -6.816    -19.779     24.115
    -13.779    171.804    491.347   -573.736     -6.817    -19.779     24.120
    -13.781    171.818    491.386   -573.785     -6.818    -19.778     24.125
    -13.783    171.832    491.426   -573.833     -6.819    -19.778     24.130
    -13.785    171.845    491.465   -573.881     -6.820    -19.778     24.135
    -13.787    171.859    491.505   -573.929     -6.821    -19.777     24.139
    -13.789    171.873    491.545   -573.978     -6.822    -19.777     24.144
    -13.791    171.886    491.584   -574.026     -6.823    -19.777     24.149
    -13.793    171.900    491.624   -574.074     -6.824    -19.776     24.154
    -13.795    171.914    491.663   -574.123     -6.825    -19.776     24.159
    -13.797    171.927    491.703   -574.171     -6.826    -19.775     24.163
    -13.799    171.941    491.742   -574.219     -6.827    -19.775     24.168
    -13.801    171.955    491.782   -574.268     -6.828    -19.775     24.173
    -13.803    171.968    491.821   -574.316     -6.829    -19.774     24.178
    -13.805    171.982    491.861   -574.364     -6.830    -19.774     24.182
    -13.807    171.996    491.901   -574.413     -6.831    -19.774     24.187
    -13.809    172.009    491.940   -574.461     -6.832    -19.773     24.192
    -13.811    172.023    491.980   -574.510     -6.833    -19.773     24.197
    -13.813    172.037    492.019   -574.558     -6.834    -19.773     24.201
    -13.815    172.050    492.059   -574.606     -6.835    -19.772     24.206
    -13.817    172.064    492.098   -574.655     -6.836    -19.772     24.211
    -13.819    172.078    492.138   -574.703     -6.837    -19.772     24.215
    -13.821    172.091    492.177   -574.752     -6.838    -19.771     24.220
    -13.823    172.105    492.217   -574.800     -6.838    -19.771     24.225
    -13.825    172.119    492.256   -574.849     -6.839    -19.771     24.229
    -13.827    172.132    492.296   -574.897     -6.840    -19.770     24.234
    -13.829    172.146    492.336   -574.945     -6.841    -19.770     24.239
    -13.831    172.160    492.375   -574.994     -6.842    -19.769     24.244
    -13.833    172.173    492.415   -575.042     -6.843    -19.769     24.248
    -13.835    172.187    492.454   -575.091     -6.844    -19.769     24.253
    -13.837    172.201    492.494   -575.139     -6.845    -19.768     24.258
    -13.839    172.214    492.533   -575.188     -6.846    -19.768     24.262
    -13.841    172.228    492.573   -575.236     -6.847    -19.768     24.267
    -13.843    172.242    492.612   -575.285     -6.848    -19.767     24.272
    -13.845    172.255    492.652   -575.334     -6.849    -19.767     24.276
    -13.847    172.269    492.691   -575.382     -6.850    -19.767     24.281
    -13.849    172.283    492.731   -575.431     -6.851    -19.766     24.285
    -13.851    172.297    492.770   -575.479     -6.852    -19.766     24.290
    -13.853    172.310    492.810   -575.528     -6.853    -19.766     24.295
    -13.855    172.324    492.849   -575.576     -6.854    -19.765     24.299
    -13.857    172.338    492.889   -575.625     -6.855    -19.765     24.304
    -13.859    172.351    492.929   -575.674     -6.855    -19.765     24.309
    -13.861    172.365    492.968   -575.722     -6.856    -19.764     24.313
    -13.863    172.379    493.008   -575.771     -6.857    -19.764     24.318
    -13.865    172.393    493.047   -575.820     -6.858    -19.764     24.322
    -13.867    172.406    493.087   -575.868     -6.859    -19.763     24.327
    -13.869    172.420    493.126   -575.917     -6.860    -19.763     24.332
    -13.871    172.434    493.166   -575.966     -6.861    -19.763     24.336
    -13.873    172.447    493.205   -576.014     -6.862    -19.763     24.341
    -13.875    172.461    493.245   -576.063     -6.863    -19.762     24.345
    -13.877    172.475    493.284   -576.112     -6.864    -19.762     24.350
    -13.879    172.489    493.324   -576.160     -6.865    -19.762     24.354
    -13.881    172.502    493.363   -576.209     -6.866    -19.761     24.359
    -13.883    172.516    493.403   -576.258     -6.867    -19.761     24.364
    -13.885    172.530    493.442   -576.306     -6.868    -19.761     24.368
    -13.887    172.544    493.482   -576.355     -6.868    -19.760     24.373
    -13.889    172.557    493.521   -576.404     -6.869    -19.760     24.377
    -13.891    172.571    493.561   -576.453     -6.870    -19.760     24.382
    -13.893    172.585    493.600   -576.501     -6.871    -19.759     24.386
    -13.895    172.598    493.640   -576.550     -6.872    -19.759     24.391
    -13.897    172.612    493.679   -576.599     -6.873    -19.759     24.395
    -13.899    172.626    493.719   -576.648     -6.874    -19.758     24.400
    -13.901    172.640    493.759   -576.697     -6.875    -19.758     24.404
    -13.903    172.653    493.798   -576.745     -6.876    -19.758     24.409
    -13.905    172.667    493.838   -576.794     -6.877    -19.758     24.413
    -13.907    172.681    493.877   -576.843     -6.878    -19.757     24.418
    -13.909    172.695    493.917   -576.892     -6.879    -19.757     24.422
    -13.911    172.708    493.956   -576.941     -6.879    -19.757     24.427
    -13.913    172.722    493.996   -576.990     -6.880    -19.756     24.431
    -13.915    172.736    494.035   -577.039     -6.881    -19.756     24.436
    -13.917    172.750    494.075   -577.087     -6.882    -19.756     24.440
    -13.919    172.764    494.114   -577.136     -6.883    -19.755     24.445
    -13.921    172.777    494.154   -577.185     -6.884    -19.755     24.449
    -13.923    172.791    494.193   -577.234     -6.885    -19.755     24.454
    -13.925    172.805    494.233   -577.283     -6.886    -19.754     24.458
    -13.927    172.819    494.272   -577.332     -6.887    -19.754     24.463
    -13.929    172.832    494.312   -577.381     -6.888    -19.754     24.467
    -13.931    172.846    494.351   -577.430     -6.889    -19.754     24.471
    -13.933    172.860    494.391   -577.479     -6.889    -19.753     24.476
    -13.935    172.874    494.430   -577.528     -6.890    -19.753     24.480
    -13.937    172.888    494.470   -577.577     -6.891    -19.753     24.485
    -13.939    172.901    494.509   -577.626     -6.892    -19.752     24.489
    -13.941    172.915    494.549   -577.675     -6.893    -19.752     24.494
    -13.943    172.929    494.588   -577.724     -6.894    -19.752     24.498
    -13.945    172.943    494.628   -577.773     -6.895    -19.752     24.502
    -13.947    172.956    494.667   -577.822     -6.896    -19.751     24.507
    -13.949    172.970    494.707   -577.871     -6.897    -19.751     24.511
    -13.951    172.984    494.746   -577.920     -6.898    -19.751     24.516
    -13.953    172.998    494.786   -577.969     -6.898    -19.750     24.520
    -13.955    173.012    494.825   -578.018     -6.899    -19.750     24.525
    -13.957    173.025    494.865   -578.067     -6.900    -19.750     24.529
    -13.959    173.039    494.904   -578.116     -6.901    -19.750     24.533
    -13.961    173.053    494.944   -578.165     -6.902    -19.749     24.538
    -13.963    173.067    494.983   -578.214     -6.903    -19.749     24.542
    -13.965    173.081    495.023   -578.263     -6.904    -19.749     24.546
    -13.967    173.094    495.062   -578.312     -6.905    -19.748     24.551
    -13.969    173.108    495.102   -578.361     -6.906    -19.748     24.555
    -13.971    173.122    495.141   -578.410     -6.906    -19.748     24.560
    -13.973    173.136    495.181   -578.460     -6.907    -19.748     24.564
    -13.975    173.150    495.220   -578.509     -6.908    -19.747     24.568
    -13.977    173.164    495.260   -578.558     -6.909    -19.747     24.573
    -13.979    173.177    495.299   -578.607     -6.910    -19.747     24.577
    -13.981    173.191    495.339   -578.656     -6.911    -19.746     24.581
    -13.983    173.205    495.378   -578.705     -6.912    -19.746     24.586
    -13.985    173.219    495.418   -578.754     -6.913    -19.746     24.590
    -13.987    173.233    495.457   -578.804     -6.914    -19.746     24.594
    -13.989    173.246    495.497   -578.853     -6.914    -19.745     24.599
    -13.991    173.260    495.536   -578.902     -6.915    -19.745     24.603
    -13.993    173.274    495.576   -578.951     -6.916    -19.745     24.607
    -13.995    173.288    495.615   -579.000     -6.917    -19.745     24.611
    -13.997    173.302    495.655   -579.050     -6.918    -19.744     24.616
    -13.999    173.316    495.694   -579.099     -6.919    -19.744     24.620
    -14.001    173.329    495.734   -579.148     -6.920    -19.744     24.624
    -14.003    173.343    495.773   -579.197     -6.921    -19.744     24.629
    -14.005    173.357    495.813   -579.247     -6.921    -19.743     24.633
    -14.007    173.371    495.852   -579.296     -6.922    -19.743     24.637
    -14.009    173.385    495.892   -579.345     -6.923    -19.743     24.642
    -14.011    173.399    495.931   -579.395     -6.924    -19.742     24.646
    -14.013    173.413    495.971   -579.444     -6.925    -19.742     24.650
    -14.015    173.426    496.010   -579.493     -6.926    -19.742     24.654
    -14.017    173.440    496.049   -579.542     -6.927    -19.742     24.659
    -14.019    173.454    496.089   -579.592     -6.928    -19.741     24.663
    -14.021    173.468    496.128   -579.641     -6.928    -19.741     24.667
    -14.023    173.482    496.168   -579.690     -6.929    -19.741     24.671
    -14.025    173.496    496.207   -579.740     -6.930    -19.741     24.676
    -14.027    173.510    496.247   -579.789     -6.931    -19.740     24.680
    -14.029    173.523    496.286   -579.838     -6.932    -19.740     24.684
    -14.031    173.537    496.326   -579.888     -6.933    -19.740     24.688
    -14.033    173.551    496.365   -579.937     -6.934    -19.740     24.693
    -14.035    173.565    496.405   -579.987     -6.934    -19.739     24.697
    -14.037    173.579    496.444   -580.036     -6.935    -19.739     24.701
    -14.039    173.593    496.484   -580.085     -6.936    -19.739     24.705
    -14.041    173.607    496.523   -580.135     -6.937    -19.739     24.709
    -14.043    173.620    496.563   -580.184     -6.938    -19.738     24.714
    -14.045    173.634    496.602   -580.234     -6.939    -19.738     24.718
    -14.047    173.648    496.642   -580.283     -6.940    -19.738     24.722
    -14.049    173.662    496.681   -580.333     -6.940    -19.738     24.726
    -14.051    173.676    496.721   -580.382     -6.941    -19.737     24.730
    -14.053    173.690    496.760   -580.432     -6.942    -19.737     24.735
    -14.055    173.704    496.800   -580.481     -6.943    -19.737     24.739
    -14.057    173.718    496.839   -580.530     -6.944    -19.737     24.743
    -14.059    173.732    496.879   -580.580     -6.945    -19.736     24.747
    -14.061    173.745    496.918   -580.629     -6.946    -19.736     24.751
    -14.063    173.759    496.957   -580.679     -6.946    -19.736     24.756
    -14.065    173.773    496.997   -580.728     -6.947    -19.736     24.760
    -14.067    173.787    497.036   -580.778     -6.948    -19.735     24.764
    -14.069    173.801    497.076   -580.828     -6.949    -19.735     24.768
    -14.071    173.815    497.115   -580.877     -6.950    -19.735     24.772
    -14.073    173.829    497.155   -580.927     -6.951    -19.735     24.776
    -14.075    173.843    497.194   -580.976     -6.952    -19.734     24.780
    -14.077    173.857    497.234   -581.026     -6.952    -19.734     24.785
    -14.079    173.871    497.273   -581.075     -6.953    -19.734     24.789
    -14.081    173.884    497.313   -581.125     -6.954    -19.734     24.793
    -14.083    173.898    497.352   -581.174     -6.955    -19.734     24.797
    -14.085    173.912    497.392   -581.224     -6.956    -19.733     24.801
    -14.087    173.926    497.431   -581.274     -6.957    -19.733     24.805
    -14.089    173.940    497.471   -581.323     -6.957    -19.733     24.809
    -14.091    173.954    497.510   -581.373     -6.958    -19.733     24.813
    -14.093    173.968    497.549   -581.423     -6.959    -19.732     24.818
    -14.095    173.982    497.589   -581.472     -6.960    -19.732     24.822
    -14.097    173.996    497.628   -581.522     -6.961    -19.732     24.826
    -14.099    174.010    497.668   -581.571     -6.962    -19.732     24.830
    -14.101    174.024    497.707   -581.621     -6.963    -19.731     24.834
    -14.103    174.038    497.747   -581.671     -6.963    -19.731     24.838
    -14.105    174.051    497.786   -581.721     -6.964    -19.731     24.842
    -14.107    174.065    497.826   -581.770     -6.965    -19.731     24.846
    -14.109    174.079    497.865   -581.820     -6.966    -19.731     24.850
    -14.111    174.093    497.905   -581.870     -6.967    -19.730     24.854
    -14.113    174.107    497.944   -581.919     -6.968    -19.730     24.858
    -14.115    174.121    497.984   -581.969     -6.968    -19.730     24.863
    -14.117    174.135    498.023   -582.019     -6.969    -19.730     24.867
    -14.119    174.149    498.063   -582.069     -6.970    -19.729     24.871
    -14.121    174.163    498.102   -582.118     -6.971    -19.729     24.875
    -14.123    174.177    498.141   -582.168     -6.972    -19.729     24.879
    -14.125    174.191    498.181   -582.218     -6.973    -19.729     24.883
    -14.127    174.205    498.220   -582.268     -6.973    -19.729     24.887
    -14.129    174.219    498.260   -582.317     -6.974    -19.728     24.891
    -14.131    174.233    498.299   -582.367     -6.975    -19.728     24.895
    -14.133    174.247    498.339   -582.417     -6.976    -19.728     24.899
    -14.135    174.261    498.378   -582.467     -6.977    -19.728     24.903
    -14.137    174.275    498.418   -582.517     -6.977    -19.727     24.907
    -14.139    174.288    498.457   -582.566     -6.978    -19.727     24.911
    -14.141    174.302    498.497   -582.616     -6.979    -19.727     24.915
    -14.143    174.316    498.536   -582.666     -6.980    -19.727     24.919
    -14.145    174.330    498.575   -582.716     -6.981    -19.727     24.923
    -14.147    174.344    498.615   -582.766     -6.982    -19.726     24.927
    -14.149    174.358    498.654   -582.816     -6.982    -19.726     24.931
    -14.151    174.372    498.694   -582.865     -6.983    -19.726     24.935
    -14.153    174.386    498.733   -582.915     -6.984    -19.726     24.939
    -14.155    174.400    498.773   -582.965     -6.985    -19.726     24.943
    -14.157    174.414    498.812   -583.015     -6.986    -19.725     24.947
    -14.159    174.428    498.852   -583.065     -6.986    -19.725     24.951
    -14.161    174.442    498.891   -583.115     -6.987    -19.725     24.955
    -14.163    174.456    498.930   -583.165     -6.988    -19.725     24.959
    -14.165    174.470    498.970   -583.215     -6.989    -19.724     24.963
    -14.167    174.484    499.009   -583.265     -6.990    -19.724     24.967
    -14.169    174.498    499.049   -583.315     -6.991    -19.724     24.971
    -14.171    174.512    499.088   -583.365     -6.991    -19.724     24.975
    -14.173    174.526    499.128   -583.414     -6.992    -19.724     24.979
    -14.175    174.540    499.167   -583.464     -6.993    -19.723     24.983
    -14.177    174.554    499.207   -583.514     -6.994    -19.723     24.987
    -14.179    174.568    499.246   -583.564     -6.995    -19.723     24.991
    -14.181    174.582    499.286   -583.614     -6.995    -19.723     24.995
    -14.183    174.596    499.325   -583.664     -6.996    -19.723     24.999
    -14.185    174.610    499.364   -583.714     -6.997    -19.722     25.003
    -14.187    174.624    499.404   -583.764     -6.998    -19.722     25.006
    -14.189    174.638    499.443   -583.814     -6.999    -19.722     25.010
    -14.191    174.652    499.483   -583.864     -6.999    -19.722     25.014
    -14.193    174.666    499.522   -583.914     -7.000    -19.722     25.018
    -14.195    174.680    499.562   -583.964     -7.001    -19.721     25.022
    -14.197    174.694    499.601   -584.015     -7.002    -19.721     25.026
    -14.199    174.708    499.641   -584.065     -7.003    -19.721     25.030
    -14.201    174.722    499.680   -584.115     -7.003    -19.721     25.034
    -14.203    174.736    499.719   -584.165     -7.004    -19.721     25.038
    -14.205    174.750    499.759   -584.215     -7.005    -19.720     25.042
    -14.207    174.764    499.798   -584.265     -7.006    -19.720     25.046
    -14.209    174.778    499.838   -584.315     -7.007    -19.720     25.050
    -14.211    174.792    499.877   -584.365     -7.008    -19.720     25.053
    -14.213    174.806    499.917   -584.415     -7.008    -19.720     25.057
    -14.215    174.820    499.956   -584.465     -7.009    -19.720     25.061
    -14.217    174.834    499.995   -584.515     -7.010    -19.719     25.065
    -14.219    174.848    500.035   -584.566     -7.011    -19.719     25.069
    -14.221    174.862    500.074   -584.616     -7.011    -19.719     25.073
    -14.223    174.876    500.114   -584.666     -7.012    -19.719     25.077
    -14.225    174.890    500.153   -584.716     -7.013    -19.719     25.081
    -14.227    174.904    500.193   -584.766     -7.014    -19.718     25.084
    -14.229    174.918    500.232   -584.816     -7.015    -19.718     25.088
    -14.231    174.932    500.272   -584.867     -7.015    -19.718     25.092
    -14.233    174.946    500.311   -584.917     -7.016    -19.718     25.096
    -14.235    174.960    500.350   -584.967     -7.017    -19.718     25.100
    -14.237    174.974    500.390   -585.017     -7.018    -19.717     25.104
    -14.239    174.988    500.429   -585.067     -7.019    -19.717     25.108
    -14.241    175.002    500.469   -585.118     -7.019    -19.717     25.111
    -14.243    175.016    500.508   -585.168     -7.020    -19.717     25.115
    -14.245    175.030    500.548   -585.218     -7.021    -19.717     25.119
    -14.247    175.044    500.587   -585.268     -7.022    -19.717     25.123
    -14.249    175.059    500.626   -585.318     -7.023    -19.716     25.127
    -14.251    175.073    500.666   -585.369     -7.023    -19.716     25.130
    -14.253    175.087    500.705   -585.419     -7.024    -19.716     25.134
    -14.255    175.101    500.745   -585.469     -7.025    -19.716     25.138
    -14.257    175.115    500.784   -585.520     -7.026    -19.716     25.142
    -14.259    175.129    500.824   -585.570     -7.026    -19.715     25.146
    -14.261    175.143    500.863   -585.620     -7.027    -19.715     25.150
    -14.263    175.157    500.902   -585.670     -7.028    -19.715     25.153
    -14.265    175.171    500.942   -585.721     -7.029    -19.715     25.157
    -14.267    175.185    500.981   -585.771     -7.030    -19.715     25.161
    -14.269    175.199    501.021   -585.821     -7.030    -19.715     25.165
    -14.271    175.213    501.060   -585.872     -7.031    -19.714     25.169
    -14.273    175.227    501.100   -585.922     -7.032    -19.714     25.172
    -14.275    175.241    501.139   -585.972     -7.033    -19.714     25.176
    -14.277    175.255    501.178   -586.023     -7.034    -19.714     25.180
    -14.279    175.269    501.218   -586.073     -7.034    -19.714     25.184
    -14.281    175.283    501.257   -586.124     -7.035    -19.714     25.187
    -14.283    175.298    501.297   -586.174     -7.036    -19.713     25.191
    -14.285    175.312    501.336   -586.224     -7.037    -19.713     25.195
    -14.287    175.326    501.376   -586.275     -7.037    -19.713     25.199
    -14.289    175.340    501.415   -586.325     -7.038    -19.713     25.202
    -14.291    175.354    501.454   -586.375     -7.039    -19.713     25.206
    -14.293    175.368    501.494   -586.426     -7.040    -19.712     25.210
    -14.295    175.382    501.533   -586.476     -7.040    -19.712     25.214
    -14.297    175.396    501.573   -586.527     -7.041    -19.712     25.217
    -14.299    175.410    501.612   -586.577     -7.042    -19.712     25.221
    -14.301    175.424    501.652   -586.628     -7.043    -19.712     25.225
    -14.303    175.438    501.691   -586.678     -7.044    -19.712     25.229
    -14.305    175.452    501.730   -586.729     -7.044    -19.711     25.232
    -14.307    175.466    501.770   -586.779     -7.045    -19.711     25.236
    -14.309    175.481    501.809   -586.830     -7.046    -19.711     25.240
    -14.311    175.495    501.849   -586.880     -7.047    -19.711     25.244
    -14.313    175.509    501.888   -586.930     -7.047    -19.711     25.247
    -14.315    175.523    501.928   -586.981     -7.048    -19.711     25.251
    -14.317    175.537    501.967   -587.031     -7.049    -19.711     25.255
    -14.319    175.551    502.006   -587.082     -7.050    -19.710     25.258
    -14.321    175.565    502.046   -587.133     -7.050    -19.710     25.262
    -14.323    175.579    502.085   -587.183     -7.051    -19.710     25.266
    -14.325    175.593    502.125   -587.234     -7.052    -19.710     25.269
    -14.327    175.607    502.164   -587.284     -7.053    -19.710     25.273
    -14.329    175.622    502.203   -587.335     -7.054    -19.710     25.277
    -14.331    175.636    502.243   -587.385     -7.054    -19.709     25.281
    -14.333    175.650    502.282   -587.436     -7.055    -19.709     25.284
    -14.335    175.664    502.322   -587.486     -7.056    -19.709     25.288
    -14.337    175.678    502.361   -587.537     -7.057    -19.709     25.292
    -14.339    175.692    502.401   -587.588     -7.057    -19.709     25.295
    -14.341    175.706    502.440   -587.638     -7.058    -19.709     25.299
    -14.343    175.720    502.479   -587.689     -7.059    -19.708     25.303
    -14.345    175.734    502.519   -587.739     -7.060    -19.708     25.306
    -14.347    175.749    502.558   -587.790     -7.060    -19.708     25.310
    -14.349    175.763    502.598   -587.841     -7.061    -19.708     25.314
    -14.351    175.777    502.637   -587.891     -7.062    -19.708     25.317
    -14.353    175.791    502.676   -587.942     -7.063    -19.708     25.321
    -14.355    175.805    502.716   -587.992     -7.063    -19.708     25.325
    -14.357    175.819    502.755   -588.043     -7.064    -19.707     25.328
    -14.359    175.833    502.795   -588.094     -7.065    -19.707     25.332
    -14.361    175.847    502.834   -588.144     -7.066    -19.707     25.335
    -14.363    175.862    502.874   -588.195     -7.066    -19.707     25.339
    -14.365    175.876    502.913   -588.246     -7.067    -19.707     25.343
    -14.367    175.890    502.952   -588.297     -7.068    -19.707     25.346
    -14.369    175.904    502.992   -588.347     -7.069    -19.706     25.350
    -14.371    175.918    503.031   -588.398     -7.069    -19.706     25.354
    -14.373    175.932    503.071   -588.449     -7.070    -19.706     25.357
    -14.375    175.946    503.110   -588.499     -7.071    -19.706     25.361
    -14.377    175.961    503.149   -588.550     -7.072    -19.706     25.364
    -14.379    175.975    503.189   -588.601     -7.072    -19.706     25.368
    -14.381    175.989    503.228   -588.652     -7.073    -19.706     25.372
    -14.383    176.003    503.268   -588.702     -7.074    -19.705     25.375
    -14.385    176.017    503.307   -588.753     -7.075    -19.705     25.379
    -14.387    176.031    503.347   -588.804     -7.075    -19.705     25.382
    -14.389    176.045    503.386   -588.855     -7.076    -19.705     25.386
    -14.391    176.060    503.425   -588.905     -7.077    -19.705     25.390
    -14.393    176.074    503.465   -588.956     -7.078    -19.705     25.393
    -14.395    176.088    503.504   -589.007     -7.078    -19.705     25.397
    -14.397    176.102    503.544   -589.058     -7.079    -19.704     25.400
    -14.399    176.116    503.583   -589.109     -7.080    -19.704     25.404
    -14.401    176.130    503.622   -589.159     -7.081    -19.704     25.408
    -14.403    176.145    503.662   -589.210     -7.081    -19.704     25.411
    -14.405    176.159    503.701   -589.261     -7.082    -19.704     25.415
    -14.407    176.173    503.741   -589.312     -7.083    -19.704     25.418
    -14.409    176.187    503.780   -589.363     -7.083    -19.704     25.422
    -14.411    176.201    503.819   -589.414     -7.084    -19.703     25.425
    -14.413    176.215    503.859   -589.464     -7.085    -19.703     25.429
    -14.415    176.230    503.898   -589.515     -7.086    -19.703     25.433
    -14.417    176.244    503.938   -589.566     -7.086    -19.703     25.436
    -14.419    176.258    503.977   -589.617     -7.087    -19.703     25.440
    -14.421    176.272    504.016   -589.668     -7.088    -19.703     25.443
    -14.423    176.286    504.056   -589.719     -7.089    -19.703     25.447
    -14.425    176.300    504.095   -589.770     -7.089    -19.703     25.450
    -14.427    176.315    504.135   -589.821     -7.090    -19.702     25.454
    -14.429    176.329    504.174   -589.871     -7.091    -19.702     25.457
    -14.431    176.343    504.213   -589.922     -7.092    -19.702     25.461
    -14.433    176.357    504.253   -589.973     -7.092    -19.702     25.464
    -14.435    176.371    504.292   -590.024     -7.093    -19.702     25.468
    -14.437    176.386    504.332   -590.075     -7.094    -19.702     25.471
    -14.439    176.400    504.371   -590.126     -7.094    -19.702     25.475
    -14.441    176.414    504.410   -590.177     -7.095    -19.701     25.478
    -14.443    176.428    504.450   -590.228     -7.096    -19.701     25.482
    -14.445    176.442    504.489   -590.279     -7.097    -19.701     25.485
    -14.447    176.456    504.529   -590.330     -7.097    -19.701     25.489
    -14.449    176.471    504.568   -590.381     -7.098    -19.701     25.492
    -14.451    176.485    504.607   -590.432     -7.099    -19.701     25.496
    -14.453    176.499    504.647   -590.483     -7.100    -19.701     25.499
    -14.455    176.513    504.686   -590.534     -7.100    -19.701     25.503
    -14.457    176.527    504.726   -590.585     -7.101    -19.700     25.506
    -14.459    176.542    504.765   -590.636     -7.102    -19.700     25.510
    -14.461    176.556    504.804   -590.687     -7.102    -19.700     25.513
    -14.463    176.570    504.844   -590.738     -7.103    -19.700     25.517
    -14.465    176.584    504.883   -590.789     -7.104    -19.700     25.520
    -14.467    176.599    504.923   -590.840     -7.105    -19.700     25.524
    -14.469    176.613    504.962   -590.891     -7.105    -19.700     25.527
    -14.471    176.627    505.001   -590.942     -7.106    -19.700     25.531
    -14.473    176.641    505.041   -590.993     -7.107    -19.699     25.534
    -14.475    176.655    505.080   -591.044     -7.107    -19.699     25.538
    -14.477    176.670    505.120   -591.095     -7.108    -19.699     25.541
    -14.479    176.684    505.159   -591.147     -7.109    -19.699     25.545
    -14.481    176.698    505.198   -591.198     -7.110    -19.699     25.548
    -14.483    176.712    505.238   -591.249     -7.110    -19.699     25.552
    -14.485    176.726    505.277   -591.300     -7.111    -19.699     25.555
    -14.487    176.741    505.317   -591.351     -7.112    -19.699     25.558
    -14.489    176.755    505.356   -591.402     -7.112    -19.698     25.562
    -14.491    176.769    505.395   -591.453     -7.113    -19.698     25.565
    -14.493    176.783    505.435   -591.504     -7.114    -19.698     25.569
    -14.495    176.798    505.474   -591.555     -7.115    -19.698     25.572
    -14.497    176.812    505.514   -591.607     -7.115    -19.698     25.576
    -14.499    176.826    505.553   -591.658     -7.116    -19.698     25.579
    -14.501    176.840    505.592   -591.709     -7.117    -19.698     25.582
    -14.503    176.855    505.632   -591.760     -7.117    -19.698     25.586
    -14.505    176.869    505.671   -591.811     -7.118    -19.698     25.589
    -14.507    176.883    505.711   -591.862     -7.119    -19.697     25.593
    -14.509    176.897    505.750   -591.914     -7.120    -19.697     25.596
    -14.511    176.911    505.789   -591.965     -7.120    -19.697     25.600
    -14.513    176.926    505.829   -592.016     -7.121    -19.697     25.603
    -14.515    176.940    505.868   -592.067     -7.122    -19.697     25.606
    -14.517    176.954    505.908   -592.118     -7.122    -19.697     25.610
    -14.519    176.968    505.947   -592.170     -7.123    -19.697     25.613
    -14.521    176.983    505.986   -592.221     -7.124    -19.697     25.617
    -14.523    176.997    506.026   -592.272     -7.125    -19.696     25.620
    -14.525    177.011    506.065   -592.323     -7.125    -19.696     25.623
    -14.527    177.025    506.105   -592.375     -7.126    -19.696     25.627
    -14.529    177.040    506.144   -592.426     -7.127    -19.696     25.630
    -14.531    177.054    506.183   -592.477     -7.127    -19.696     25.634
    -14.533    177.068    506.223   -592.528     -7.128    -19.696     25.637
    -14.535    177.082    506.262   -592.580     -7.129    -19.696     25.640
    -14.537    177.097    506.302   -592.631     -7.129    -19.696     25.644
    -14.539    177.111    506.341   -592.682     -7.130    -19.696     25.647
    -14.541    177.125    506.380   -592.734     -7.131    -19.695     25.650
    -14.543    177.139    506.420   -592.785     -7.132    -19.695     25.654
    -14.545    177.154    506.459   -592.836     -7.132    -19.695     25.657
    -14.547    177.168    506.498   -592.887     -7.133    -19.695     25.661
    -14.549    177.182    506.538   -592.939     -7.134    -19.695     25.664
    -14.551    177.197    506.577   -592.990     -7.134    -19.695     25.667
    -14.553    177.211    506.617   -593.041     -7.135    -19.695     25.671
    -14.555    177.225    506.656   -593.093     -7.136    -19.695     25.674
    -14.557    177.239    506.695   -593.144     -7.136    -19.695     25.677
    -14.559    177.254    506.735   -593.196     -7.137    -19.695     25.681
    -14.561    177.268    506.774   -593.247     -7.138    -19.694     25.684
    -14.563    177.282    506.814   -593.298     -7.139    -19.694     25.687
    -14.565    177.296    506.853   -593.350     -7.139    -19.694     25.691
    -14.567    177.311    506.892   -593.401     -7.140    -19.694     25.694
    -14.569    177.325    506.932   -593.452     -7.141    -19.694     25.697
    -14.571    177.339    506.971   -593.504     -7.141    -19.694     25.701
    -14.573    177.354    507.011   -593.555     -7.142    -19.694     25.704
    -14.575    177.368    507.050   -593.607     -7.143    -19.694     25.707
    -14.577    177.382    507.089   -593.658     -7.143    -19.694     25.711
    -14.579    177.396    507.129   -593.709     -7.144    -19.694     25.714
    -14.581    177.411    507.168   -593.761     -7.145    -19.693     25.717
    -14.583    177.425    507.207   -593.812     -7.145    -19.693     25.721
    -14.585    177.439    507.247   -593.864     -7.146    -19.693     25.724
    -14.587    177.454    507.286   -593.915     -7.147    -19.693     25.727
    -14.589    177.468    507.326   -593.967     -7.147    -19.693     25.730
    -14.591    177.482    507.365   -594.018     -7.148    -19.693     25.734
    -14.593    177.497    507.404   -594.070     -7.149    -19.693     25.737
    -14.595    177.511    507.444   -594.121     -7.150    -19.693     25.740
    -14.597    177.525    507.483   -594.173     -7.150    -19.693     25.744
    -14.599    177.539    507.523   -594.224     -7.151    -19.693     25.747
    -14.601    177.554    507.562   -594.276     -7.152    -19.692     25.750
    -14.603    177.568    507.601   -594.327     -7.152    -19.692     25.754
    -14.605    177.582    507.641   -594.379     -7.153    -19.692     25.757
    -14.607    177.597    507.680   -594.430     -7.154    -19.692     25.760
    -14.609    177.611    507.719   -594.482     -7.154    -19.692     25.763
    -14.611    177.625    507.759   -594.533     -7.155    -19.692     25.767
    -14.613    177.640    507.798   -594.585     -7.156    -19.692     25.770
    -14.615    177.654    507.838   -594.636     -7.156    -19.692     25.773
    -14.617    177.668    507.877   -594.688     -7.157    -19.692     25.776
    -14.619    177.682    507.916   -594.739     -7.158    -19.692     25.780
    -14.621    177.697    507.956   -594.791     -7.158    -19.691     25.783
    -14.623    177.711    507.995   -594.842     -7.159    -19.691     25.786
    -14.625    177.725    508.035   -594.894     -7.160    -19.691     25.789
    -14.627    177.740    508.074   -594.946     -7.160    -19.691     25.793
    -14.629    177.754    508.113   -594.997     -7.161    -19.691     25.796
    -14.631    177.768    508.153   -595.049     -7.162    -19.691     25.799
    -14.633    177.783    508.192   -595.100     -7.162    -19.691     25.802
    -14.635    177.797    508.231   -595.152     -7.163    -19.691     25.806
    -14.637    177.811    508.271   -595.204     -7.164    -19.691     25.809
    -14.639    177.826    508.310   -595.255     -7.164    -19.691     25.812
    -14.641    177.840    508.350   -595.307     -7.165    -19.691     25.815
    -14.643    177.854    508.389   -595.359     -7.166    -19.690     25.819
    -14.645    177.869    508.428   -595.410     -7.167    -19.690     25.822
    -14.647    177.883    508.468   -595.462     -7.167    -19.690     25.825
    -14.649    177.897    508.507   -595.513     -7.168    -19.690     25.828
    -14.651    177.912    508.547   -595.565     -7.169    -19.690     25.832
    -14.653    177.926    508.586   -595.617     -7.169    -19.690     25.835
    -14.655    177.940    508.625   -595.668     -7.170    -19.690     25.838
    -14.657    177.955    508.665   -595.720     -7.171    -19.690     25.841
    -14.659    177.969    508.704   -595.772     -7.171    -19.690     25.844
    -14.661    177.983    508.743   -595.824     -7.172    -19.690     25.848
    -14.663    177.998    508.783   -595.875     -7.173    -19.690     25.851
    -14.665    178.012    508.822   -595.927     -7.173    -19.690     25.854
    -14.667    178.026    508.862   -595.979     -7.174    -19.689     25.857
    -14.669    178.041    508.901   -596.030     -7.175    -19.689     25.860
    -14.671    178.055    508.940   -596.082     -7.175    -19.689     25.864
    -14.673    178.070    508.980   -596.134     -7.176    -19.689     25.867
    -14.675    178.084    509.019   -596.186     -7.177    -19.689     25.870
    -14.677    178.098    509.058   -596.237     -7.177    -19.689     25.873
    -14.679    178.113    509.098   -596.289     -7.178    -19.689     25.876
    -14.681    178.127    509.137   -596.341     -7.179    -19.689     25.880
    -14.683    178.141    509.177   -596.393     -7.179    -19.689     25.883
    -14.685    178.156    509.216   -596.444     -7.180    -19.689     25.886
    -14.687    178.170    509.255   -596.496     -7.181    -19.689     25.889
    -14.689    178.184    509.295   -596.548     -7.181    -19.689     25.892
    -14.691    178.199    509.334   -596.600     -7.182    -19.688     25.895
    -14.693    178.213    509.373   -596.651     -7.183    -19.688     25.899
    -14.695    178.227    509.413   -596.703     -7.183    -19.688     25.902
    -14.697    178.242    509.452   -596.755     -7.184    -19.688     25.905
    -14.699    178.256    509.492   -596.807     -7.184    -19.688     25.908
    -14.701    178.271    509.531   -596.859     -7.185    -19.688     25.911
    -14.703    178.285    509.570   -596.911     -7.186    -19.688     25.914
    -14.705    178.299    509.610   -596.962     -7.186    -19.688     25.918
    -14.707    178.314    509.649   -597.014     -7.187    -19.688     25.921
    -14.709    178.328    509.688   -597.066     -7.188    -19.688     25.924
    -14.711    178.342    509.728   -597.118     -7.188    -19.688     25.927
    -14.713    178.357    509.767   -597.170     -7.189    -19.688     25.930
    -14.715    178.371    509.807   -597.222     -7.190    -19.688     25.933
    -14.717    178.386    509.846   -597.274     -7.190    -19.687     25.936
    -14.719    178.400    509.885   -597.325     -7.191    -19.687     25.940
    -14.721    178.414    509.925   -597.377     -7.192    -19.687     25.943
    -14.723    178.429    509.964   -597.429     -7.192    -19.687     25.946
    -14.725    178.443    510.003   -597.481     -7.193    -19.687     25.949
    -14.727    178.457    510.043   -597.533     -7.194    -19.687     25.952
    -14.729    178.472    510.082   -597.585     -7.194    -19.687     25.955
    -14.731    178.486    510.122   -597.637     -7.195    -19.687     25.958
    -14.733    178.501    510.161   -597.689     -7.196    -19.687     25.961
    -14.735    178.515    510.200   -597.741     -7.196    -19.687     25.965
    -14.737    178.529    510.240   -597.793     -7.197    -19.687     25.968
    -14.739    178.544    510.279   -597.844     -7.198    -19.687     25.971
    -14.741    178.558    510.318   -597.896     -7.198    -19.687     25.974
    -14.743    178.573    510.358   -597.948     -7.199    -19.687     25.977
    -14.745    178.587    510.397   -598.000     -7.200    -19.686     25.980
    -14.747    178.601    510.437   -598.052     -7.200    -19.686     25.983
    -14.749    178.616    510.476   -598.104     -7.201    -19.686     25.986
    -14.751    178.630    510.515   -598.156     -7.201    -19.686     25.989
    -14.753    178.645    510.555   -598.208     -7.202    -19.686     25.993
    -14.755    178.659    510.594   -598.260     -7.203    -19.686     25.996
    -14.757    178.673    510.633   -598.312     -7.203    -19.686     25.999
    -14.759    178.688    510.673   -598.364     -7.204    -19.686     26.002
    -14.761    178.702    510.712   -598.416     -7.205    -19.686     26.005
    -14.763    178.717    510.752   -598.468     -7.205    -19.686     26.008
    -14.765    178.731    510.791   -598.520     -7.206    -19.686     26.011
    -14.767    178.745    510.830   -598.572     -7.207    -19.686     26.014
    -14.769    178.760    510.870   -598.624     -7.207    -19.686     26.017
    -14.771    178.774    510.909   -598.676     -7.208    -19.686     26.020
    -14.773    178.789    510.948   -598.728     -7.209    -19.685     26.023
    -14.775    178.803    510.988   -598.780     -7.209    -19.685     26.026
    -14.777    178.818    511.027   -598.832     -7.210    -19.685     26.029
    -14.779    178.832    511.067   -598.885     -7.210    -19.685     26.033
    -14.781    178.846    511.106   -598.937     -7.211    -19.685     26.036
    -14.783    178.861    511.145   -598.989     -7.212    -19.685     26.039
    -14.785    178.875    511.185   -599.041     -7.212    -19.685     26.042
    -14.787    178.890    511.224   -599.093     -7.213    -19.685     26.045
    -14.789    178.904    511.263   -599.145     -7.214    -19.685     26.048
    -14.791    178.919    511.303   -599.197     -7.214    -19.685     26.051
    -14.793    178.933    511.342   -599.249     -7.215    -19.685     26.054
    -14.795    178.947    511.381   -599.301     -7.216    -19.685     26.057
    -14.797    178.962    511.421   -599.353     -7.216    -19.685     26.060
    -14.799    178.976    511.460   -599.406     -7.217    -19.685     26.063
    -14.801    178.991    511.500   -599.458     -7.217    -19.685     26.066
    -14.803    179.005    511.539   -599.510     -7.218    -19.685     26.069
    -14.805    179.020    511.578   -599.562     -7.219    -19.684     26.072
    -14.807    179.034    511.618   -599.614     -7.219    -19.684     26.075
    -14.809    179.048    511.657   -599.666     -7.220    -19.684     26.078
    -14.811    179.063    511.696   -599.718     -7.221    -19.684     26.081
    -14.813    179.077    511.736   -599.771     -7.221    -19.684     26.084
    -14.815    179.092    511.775   -599.823     -7.222    -19.684     26.087
    -14.817    179.106    511.815   -599.875     -7.223    -19.684     26.090
    -14.819    179.121    511.854   -599.927     -7.223    -19.684     26.093
    -14.821    179.135    511.893   -599.979     -7.224    -19.684     26.096
    -14.823    179.150    511.933   -600.031     -7.224    -19.684     26.099
    -14.825    179.164    511.972   -600.084     -7.225    -19.684     26.102
    -14.827    179.178    512.011   -600.136     -7.226    -19.684     26.105
    -14.829    179.193    512.051   -600.188     -7.226    -19.684     26.108
    -14.831    179.207    512.090   -600.240     -7.227    -19.684     26.111
    -14.833    179.222    512.129   -600.293     -7.228    -19.684     26.114
    -14.835    179.236    512.169   -600.345     -7.228    -19.684     26.117
    -14.837    179.251    512.208   -600.397     -7.229    -19.684     26.120
    -14.839    179.265    512.248   -600.449     -7.229    -19.683     26.123
    -14.841    179.280    512.287   -600.501     -7.230    -19.683     26.126
    -14.843    179.294    512.326   -600.554     -7.231    -19.683     26.129
    -14.845    179.309    512.366   -600.606     -7.231    -19.683     26.132
    -14.847    179.323    512.405   -600.658     -7.232    -19.683     26.135
    -14.849    179.337    512.444   -600.711     -7.233    -19.683     26.138
    -14.851    179.352    512.484   -600.763     -7.233    -19.683     26.141
    -14.853    179.366    512.523   -600.815     -7.234    -19.683     26.144
    -14.855    179.381    512.563   -600.867     -7.234    -19.683     26.147
    -14.857    179.395    512.602   -600.920     -7.235    -19.683     26.150
    -14.859    179.410    512.641   -600.972     -7.236    -19.683     26.153
    -14.861    179.424    512.681   -601.024     -7.236    -19.683     26.156
    -14.863    179.439    512.720   -601.077     -7.237    -19.683     26.159
    -14.865    179.453    512.759   -601.129     -7.238    -19.683     26.162
    -14.867    179.468    512.799   -601.181     -7.238    -19.683     26.165
    -14.869    179.482    512.838   -601.234     -7.239    -19.683     26.168
    -14.871    179.497    512.877   -601.286     -7.239    -19.683     26.171
    -14.873    179.511    512.917   -601.338     -7.240    -19.683     26.174
    -14.875    179.526    512.956   -601.391     -7.241    -19.683     26.177
    -14.877    179.540    512.996   -601.443     -7.241    -19.682     26.180
    -14.879    179.555    513.035   -601.495     -7.242    -19.682     26.183
    -14.881    179.569    513.074   -601.548     -7.243    -19.682     26.186
    -14.883    179.584    513.114   -601.600     -7.243    -19.682     26.189
    -14.885    179.598    513.153   -601.652     -7.244    -19.682     26.191
    -14.887    179.613    513.192   -601.705     -7.244    -19.682     26.194
    -14.889    179.627    513.232   -601.757     -7.245    -19.682     26.197
    -14.891    179.642    513.271   -601.810     -7.246    -19.682     26.200
    -14.893    179.656    513.310   -601.862     -7.246    -19.682     26.203
    -14.895    179.671    513.350   -601.914     -7.247    -19.682     26.206
    -14.897    179.685    513.389   -601.967     -7.247    -19.682     26.209
    -14.899    179.700    513.429   -602.019     -7.248    -19.682     26.212
    -14.901    179.714    513.468   -602.072     -7.249    -19.682     26.215
    -14.903    179.729    513.507   -602.124     -7.249    -19.682     26.218
    -14.905    179.743    513.547   -602.177     -7.250    -19.682     26.221
    -14.907    179.758    513.586   -602.229     -7.251    -19.682     26.224
    -14.909    179.772    513.625   -602.282     -7.251    -19.682     26.227
    -14.911    179.787    513.665   -602.334     -7.252    -19.682     26.229
    -14.913    179.801    513.704   -602.386     -7.252    -19.682     26.232
    -14.915    179.816    513.743   -602.439     -7.253    -19.682     26.235
    -14.917    179.830    513.783   -602.491     -7.254    -19.682     26.238
    -14.919    179.845    513.822   -602.544     -7.254    -19.682     26.241
    -14.921    179.859    513.862   -602.596     -7.255    -19.681     26.244
    -14.923    179.874    513.901   -602.649     -7.255    -19.681     26.247
    -14.925    179.888    513.940   -602.701     -7.256    -19.681     26.250
    -14.927    179.903    513.980   -602.754     -7.257    -19.681     26.253
    -14.929    179.917    514.019   -602.806     -7.257    -19.681     26.256
    -14.931    179.932    514.058   -602.859     -7.258    -19.681     26.258
    -14.933    179.946    514.098   -602.911     -7.258    -19.681     26.261
    -14.935    179.961    514.137   -602.964     -7.259    -19.681     26.264
    -14.937    179.975    514.176   -603.016     -7.260    -19.681     26.267
    -14.939    179.990    514.216   -603.069     -7.260    -19.681     26.270
    -14.941    180.004    514.255   -603.121     -7.261    -19.681     26.273
    -14.943    180.019    514.295   -603.174     -7.261    -19.681     26.276
    -14.945    180.033    514.334   -603.227     -7.262    -19.681     26.279
    -14.947    180.048    514.373   -603.279     -7.263    -19.681     26.282
    -14.949    180.062    514.413   -603.332     -7.263    -19.681     26.284
    -14.951    180.077    514.452   -603.384     -7.264    -19.681     26.287
    -14.953    180.091    514.491   -603.437     -7.264    -19.681     26.290
    -14.955    180.106    514.531   -603.489     -7.265    -19.681     26.293
    -14.957    180.120    514.570   -603.542     -7.266    -19.681     26.296
    -14.959    180.135    514.609   -603.595     -7.266    -19.681     26.299
    -14.961    180.149    514.649   -603.647     -7.267    -19.681     26.302
    -14.963    180.164    514.688   -603.700     -7.267    -19.681     26.304
    -14.965    180.179    514.728   -603.752     -7.268    -19.681     26.307
    -14.967    180.193    514.767   -603.805     -7.269    -19.681     26.310
    -14.969    180.208    514.806   -603.858     -7.269    -19.681     26.313
    -14.971    180.222    514.846   -603.910     -7.270    -19.680     26.316
    -14.973    180.237    514.885   -603.963     -7.270    -19.680     26.319
    -14.975    180.251    514.924   -604.016     -7.271    -19.680     26.321
    -14.977    180.266    514.964   -604.068     -7.272    -19.680     26.324
    -14.979    180.280    515.003   -604.121     -7.272    -19.680     26.327
    -14.981    180.295    515.042   -604.174     -7.273    -19.680     26.330
    -14.983    180.309    515.082   -604.226     -7.273    -19.680     26.333
    -14.985    180.324    515.121   -604.279     -7.274    -19.680     26.336
    -14.987    180.339    515.160   -604.332     -7.275    -19.680     26.338
    -14.989    180.353    515.200   -604.384     -7.275    -19.680     26.341
    -14.991    180.368    515.239   -604.437     -7.276    -19.680     26.344
    -14.993    180.382    515.279   -604.490     -7.276    -19.680     26.347
    -14.995    180.397    515.318   -604.542     -7.277    -19.680     26.350
    -14.997    180.411    515.357   -604.595     -7.278    -19.680     26.353
    -14.999    180.426    515.397   -604.648     -7.278    -19.680     26.355
    -15.001    180.440    515.436   -604.700     -7.279    -19.680     26.358
