#         t          x          y          z         vx         vy         vz
      0.001     15.050    -38.100    -44.180     18.000   -179.000    174.000
     -0.001     15.013    -37.741    -44.527     18.767   -179.512    172.761
     -0.003     14.975    -37.382    -44.871     19.536   -180.020    171.511
     -0.005     14.935    -37.021    -45.213     20.308   -180.523    170.251
     -0.007     14.894    -36.660    -45.552     21.083   -181.022    168.980
     -0.009     14.851    -36.297    -45.889     21.861   -181.516    167.698
     -0.011     14.806    -35.934    -46.223     22.641   -182.006    166.406
     -0.013     14.760    -35.569    -46.554     23.425   -182.492    165.102
     -0.015     14.713    -35.204    -46.883     24.212   -182.974    163.788
     -0.017     14.663    -34.837    -47.209     25.002   -183.452    162.462
     -0.019     14.613    -34.470    -47.533     25.795   -183.925    161.125
     -0.021     14.560    -34.102    -47.854     26.591   -184.395    159.777
     -0.023     14.506    -33.732    -48.172     27.390   -184.862    158.417
     -0.025     14.451    -33.362    -48.488     28.192   -185.324    157.045
     -0.027     14.393    -32.991    -48.800     28.998   -185.784    155.662
     -0.029     14.335    -32.619    -49.110     29.807   -186.240    154.266
     -0.031     14.274    -32.246    -49.417     30.620   -186.693    152.858
     -0.033     14.212    -31.872    -49.722     31.436   -187.144    151.438
     -0.035     14.148    -31.498    -50.023     32.255   -187.592    150.006
     -0.037     14.083    -31.122    -50.322     33.078   -188.037    148.560
     -0.039     14.016    -30.745    -50.617     33.904   -188.480    147.102
     -0.041     13.947    -30.368    -50.910     34.734   -188.921    145.631
     -0.043     13.877    -29.990    -51.200     35.568   -189.361    144.146
     -0.045     13.805    -29.611    -51.487     36.405   -189.799    142.648
     -0.047     13.732    -29.231    -51.770     37.245   -190.236    141.136
     -0.049     13.656    -28.850    -52.051     38.090   -190.672    139.610
     -0.051     13.579    -28.468    -52.329     38.938   -191.107    138.069
     -0.053     13.500    -28.085    -52.603     39.789   -191.543    136.514
     -0.055     13.420    -27.702    -52.875     40.645   -191.978    134.944
     -0.057     13.338    -27.317    -53.143     41.503   -192.414    133.359
     -0.059     13.254    -26.932    -53.408     42.366   -192.851    131.759
     -0.061     13.168    -26.546    -53.670     43.232   -193.290    130.143
     -0.063     13.081    -26.159    -53.929     44.101   -193.730    128.511
     -0.065     12.992    -25.771    -54.184     44.974   -194.173    126.862
     -0.067     12.901    -25.382    -54.436     45.850   -194.619    125.197
     -0.069     12.809    -24.993    -54.685     46.730   -195.068    123.514
     -0.071     12.714    -24.602    -54.930     47.612   -195.521    121.815
     -0.073     12.618    -24.210    -55.172     48.498   -195.979    120.097
     -0.075     12.520    -23.818    -55.411     49.387   -196.442    118.361
     -0.077     12.421    -23.425    -55.646     50.278   -196.912    116.607
     -0.079     12.319    -23.030    -55.877     51.171   -197.388    114.834
     -0.081     12.216    -22.635    -56.105     52.067   -197.871    113.041
     -0.083     12.111    -22.239    -56.329     52.965   -198.363    111.229
     -0.085     12.004    -21.842    -56.550     53.864   -198.865    109.396
     -0.087     11.895    -21.443    -56.767     54.765   -199.377    107.543
     -0.089     11.785    -21.044    -56.980     55.666   -199.900    105.669
     -0.091     11.673    -20.644    -57.189     56.568   -200.435    103.774
     -0.093     11.559    -20.242    -57.395     57.469   -200.984    101.857
     -0.095     11.443    -19.840    -57.597     58.370   -201.548     99.918
     -0.097     11.325    -19.436    -57.795     59.269   -202.127     97.957
     -0.099     11.206    -19.031    -57.989     60.166   -202.724     95.973
     -0.101     11.085    -18.625    -58.179     61.060   -203.339     93.966
     -0.103     10.962    -18.218    -58.365     61.950   -203.975     91.936
     -0.105     10.837    -17.809    -58.546     62.835   -204.632     89.882
     -0.107     10.710    -17.399    -58.724     63.714   -205.313     87.805
     -0.109     10.582    -16.988    -58.898     64.585   -206.018     85.705
     -0.111     10.452    -16.575    -59.067     65.447   -206.751     83.581
     -0.113     10.320    -16.161    -59.232     66.299   -207.511     81.434
     -0.115     10.187    -15.745    -59.393     67.139   -208.303     79.264
     -0.117     10.052    -15.328    -59.549     67.965   -209.127     77.071
     -0.119      9.915    -14.909    -59.701     68.775   -209.985     74.856
     -0.121      9.777    -14.488    -59.848     69.566   -210.880     72.620
     -0.123      9.637    -14.065    -59.991     70.337   -211.813     70.364
     -0.125      9.495    -13.641    -60.130     71.084   -212.786     68.089
     -0.127      9.352    -13.214    -60.264     71.805   -213.802     65.797
     -0.129      9.208    -12.785    -60.393     72.496   -214.861     63.489
     -0.131      9.062    -12.354    -60.518     73.155   -215.967     61.167
     -0.133      8.915    -11.921    -60.638     73.778   -217.120     58.835
     -0.135      8.767    -11.486    -60.753     74.361   -218.322     56.495
     -0.137      8.618    -11.048    -60.864     74.902   -219.574     54.150
     -0.139      8.468    -10.608    -60.969     75.395   -220.876     51.804
     -0.141      8.316    -10.164    -61.071     75.837   -222.228     49.461
     -0.143      8.164     -9.719    -61.167     76.224   -223.632     47.125
     -0.145      8.012     -9.270    -61.259     76.553   -225.085     44.802
     -0.147      7.858     -8.818    -61.347     76.820   -226.587     42.496
     -0.149      7.704     -8.364    -61.429     77.021   -228.135     40.213
     -0.151      7.550     -7.906    -61.507     77.154   -229.728     37.959
     -0.153      7.396     -7.445    -61.581     77.217   -231.362     35.739
     -0.155      7.241     -6.980    -61.650     77.206   -233.033     33.560
     -0.157      7.087     -6.512    -61.715     77.121   -234.736     31.426
     -0.159      6.933     -6.041    -61.776     76.961   -236.467     29.343
     -0.161      6.779     -5.567    -61.833     76.726   -238.220     27.317
     -0.163      6.626     -5.088    -61.886     76.416   -239.989     25.352
     -0.165      6.474     -4.607    -61.934     76.034   -241.767     23.452
     -0.167      6.322     -4.121    -61.979     75.580   -243.549     21.621
     -0.169      6.172     -3.632    -62.021     75.058   -245.327     19.861
     -0.171      6.022     -3.140    -62.059     74.471   -247.095     18.175
     -0.173      5.874     -2.644    -62.094     73.824   -248.847     16.564
     -0.175      5.727     -2.145    -62.125     73.119   -250.577     15.029
     -0.177      5.581     -1.642    -62.154     72.363   -252.279     13.570
     -0.179      5.437     -1.135    -62.180     71.560   -253.949     12.187
     -0.181      5.295     -0.626    -62.203     70.715   -255.581     10.881
     -0.183      5.155     -0.113    -62.223     69.833   -257.172      9.655
     -0.185      5.016      0.403    -62.241     68.920   -258.716      8.522
     -0.187      4.879      0.922    -62.257     67.982   -260.208      7.509
     -0.189      4.744      1.443    -62.272     67.027   -261.643      6.609
     -0.191      4.611      1.968    -62.284     66.061   -263.018      5.781
     -0.193      4.480      2.495    -62.295     65.087   -264.333      5.007
     -0.195      4.350      3.025    -62.304     64.108   -265.588      4.275
     -0.197      4.223      3.558    -62.312     63.127   -266.784      3.583
     -0.199      4.098      4.092    -62.318     62.146   -267.923      2.925
     -0.201      3.975      4.629    -62.324     61.167   -269.006      2.299
     -0.203      3.853      5.168    -62.328     60.191   -270.035      1.701
     -0.205      3.734      5.709    -62.330     59.220   -271.011      1.129
     -0.207      3.616      6.252    -62.332     58.254   -271.936      0.581
     -0.209      3.501      6.797    -62.333     57.295   -272.813      0.055
     -0.211      3.387      7.344    -62.332     56.344   -273.641     -0.452
     -0.213      3.275      7.892    -62.331     55.401   -274.424     -0.940
     -0.215      3.166      8.441    -62.329     54.466   -275.162     -1.412
     -0.217      3.058      8.992    -62.325     53.542   -275.857     -1.868
     -0.219      2.951      9.545    -62.321     52.626   -276.511     -2.311
     -0.221      2.847     10.098    -62.316     51.721   -277.125     -2.741
     -0.223      2.745     10.653    -62.310     50.826   -277.700     -3.160
     -0.225      2.644     11.209    -62.303     49.942   -278.238     -3.568
     -0.227      2.545     11.766    -62.296     49.068   -278.740     -3.965
     -0.229      2.447     12.324    -62.288     48.205   -279.208     -4.354
     -0.231      2.352     12.883    -62.279     47.352   -279.642     -4.734
     -0.233      2.258     13.443    -62.269     46.510   -280.044     -5.107
     -0.235      2.166     14.003    -62.258     45.679   -280.415     -5.472
     -0.237      2.075     14.564    -62.247     44.858   -280.756     -5.831
     -0.239      1.986     15.126    -62.235     44.047   -281.068     -6.183
     -0.241      1.899     15.688    -62.222     43.247   -281.352     -6.529
     -0.243      1.813     16.251    -62.209     42.458   -281.608     -6.869
     -0.245      1.729     16.815    -62.195     41.678   -281.839     -7.204
     -0.247      1.647     17.379    -62.180     40.909   -282.044     -7.534
     -0.249      1.566     17.943    -62.164     40.149   -282.225     -7.859
     -0.251      1.486     18.508    -62.148     39.399   -282.382     -8.179
     -0.253      1.408     19.072    -62.132     38.659   -282.516     -8.495
     -0.255      1.331     19.638    -62.114     37.929   -282.629     -8.806
     -0.257      1.256     20.203    -62.097     37.207   -282.719     -9.114
     -0.259      1.183     20.768    -62.078     36.495   -282.789     -9.417
     -0.261      1.110     21.334    -62.059     35.792   -282.840     -9.716
     -0.263      1.039     21.900    -62.039     35.098   -282.870    -10.011
     -0.265      0.970     22.466    -62.019     34.412   -282.882    -10.302
     -0.267      0.902     23.031    -61.998     33.735   -282.876    -10.589
     -0.269      0.835     23.597    -61.976     33.067   -282.852    -10.873
     -0.271      0.769     24.163    -61.954     32.406   -282.812    -11.153
     -0.273      0.705     24.728    -61.932     31.754   -282.755    -11.429
     -0.275      0.642     25.294    -61.909     31.110   -282.681    -11.701
     -0.277      0.581     25.859    -61.885     30.473   -282.593    -11.970
     -0.279      0.521     26.424    -61.861     29.844   -282.490    -12.234
     -0.281      0.461     26.989    -61.836     29.223   -282.372    -12.496
     -0.283      0.404     27.554    -61.811     28.609   -282.240    -12.753
     -0.285      0.347     28.118    -61.785     28.002   -282.095    -13.007
     -0.287      0.292     28.682    -61.759     27.403   -281.936    -13.257
     -0.289      0.237     29.246    -61.732     26.810   -281.765    -13.503
     -0.291      0.184     29.809    -61.705     26.225   -281.582    -13.745
     -0.293      0.133     30.372    -61.677     25.646   -281.386    -13.984
     -0.295      0.082     30.935    -61.649     25.073   -281.180    -14.219
     -0.297      0.032     31.497    -61.620     24.507   -280.962    -14.450
     -0.299     -0.016     32.058    -61.591     23.948   -280.734    -14.677
     -0.301     -0.064     32.620    -61.562     23.395   -280.495    -14.901
     -0.303     -0.110     33.180    -61.532     22.847   -280.246    -15.121
     -0.305     -0.155     33.741    -61.501     22.306   -279.987    -15.336
     -0.307     -0.199     34.300    -61.470     21.771   -279.720    -15.548
     -0.309     -0.242     34.859    -61.439     21.242   -279.443    -15.756
     -0.311     -0.284     35.418    -61.407     20.718   -279.157    -15.960
     -0.313     -0.325     35.976    -61.375     20.201   -278.863    -16.161
     -0.315     -0.365     36.533    -61.343     19.688   -278.561    -16.357
     -0.317     -0.404     37.090    -61.310     19.181   -278.251    -16.549
     -0.319     -0.442     37.646    -61.276     18.680   -277.933    -16.738
     -0.321     -0.478     38.202    -61.243     18.183   -277.608    -16.922
     -0.323     -0.514     38.757    -61.209     17.692   -277.276    -17.103
     -0.325     -0.549     39.311    -61.174     17.206   -276.937    -17.280
     -0.327     -0.583     39.865    -61.140     16.725   -276.592    -17.452
     -0.329     -0.616     40.417    -61.104     16.249   -276.241    -17.621
     -0.331     -0.648     40.970    -61.069     15.778   -275.883    -17.786
     -0.333     -0.679     41.521    -61.033     15.311   -275.519    -17.947
     -0.335     -0.709     42.072    -60.997     14.849   -275.150    -18.104
     -0.337     -0.739     42.622    -60.961     14.392   -274.776    -18.257
     -0.339     -0.767     43.171    -60.924     13.939   -274.396    -18.406
     -0.341     -0.794     43.719    -60.887     13.491   -274.012    -18.552
     -0.343     -0.821     44.267    -60.850     13.047   -273.622    -18.693
     -0.345     -0.847     44.814    -60.813     12.608   -273.228    -18.831
     -0.347     -0.871     45.360    -60.775     12.173   -272.830    -18.964
     -0.349     -0.895     45.905    -60.737     11.742   -272.427    -19.094
     -0.351     -0.918     46.449    -60.698     11.315   -272.021    -19.220
     -0.353     -0.941     46.993    -60.660     10.892   -271.610    -19.342
     -0.355     -0.962     47.536    -60.621     10.473   -271.196    -19.461
     -0.357     -0.982     48.078    -60.582     10.058   -270.779    -19.575
     -0.359     -1.002     48.619    -60.543      9.647   -270.357    -19.686
     -0.361     -1.021     49.159    -60.503      9.240   -269.933    -19.793
     -0.363     -1.039     49.699    -60.464      8.837   -269.506    -19.897
     -0.365     -1.056     50.237    -60.424      8.437   -269.076    -19.996
     -0.367     -1.073     50.775    -60.384      8.042   -268.643    -20.093
     -0.369     -1.089     51.312    -60.343      7.649   -268.207    -20.185
     -0.371     -1.103     51.848    -60.303      7.261   -267.769    -20.274
     -0.373     -1.118     52.383    -60.262      6.875   -267.329    -20.359
     -0.375     -1.131     52.917    -60.221      6.494   -266.886    -20.441
     -0.377     -1.144     53.450    -60.180      6.115   -266.441    -20.519
     -0.379     -1.155     53.983    -60.139      5.740   -265.994    -20.593
     -0.381     -1.167     54.514    -60.098      5.369   -265.545    -20.665
     -0.383     -1.177     55.045    -60.057      5.000   -265.095    -20.732
     -0.385     -1.187     55.575    -60.015      4.635   -264.643    -20.797
     -0.387     -1.195     56.104    -59.973      4.273   -264.189    -20.858
     -0.389     -1.204     56.632    -59.932      3.915   -263.734    -20.915
     -0.391     -1.211     57.159    -59.890      3.559   -263.277    -20.969
     -0.393     -1.218     57.685    -59.848      3.206   -262.820    -21.020
     -0.395     -1.224     58.210    -59.806      2.857   -262.361    -21.068
     -0.397     -1.229     58.734    -59.764      2.510   -261.901    -21.113
     -0.399     -1.234     59.257    -59.721      2.166   -261.440    -21.154
     -0.401     -1.238     59.780    -59.679      1.826   -260.978    -21.192
     -0.403     -1.241     60.301    -59.637      1.488   -260.515    -21.227
     -0.405     -1.244     60.822    -59.594      1.153   -260.051    -21.259
     -0.407     -1.246     61.342    -59.551      0.820   -259.587    -21.288
     -0.409     -1.247     61.860    -59.509      0.491   -259.123    -21.314
     -0.411     -1.248     62.378    -59.466      0.164   -258.657    -21.336
     -0.413     -1.248     62.895    -59.424     -0.160   -258.192    -21.356
     -0.415     -1.247     63.411    -59.381     -0.482   -257.726    -21.373
     -0.417     -1.246     63.926    -59.338     -0.801   -257.259    -21.387
     -0.419     -1.244     64.440    -59.295     -1.117   -256.793    -21.398
     -0.421     -1.241     64.953    -59.252     -1.431   -256.326    -21.407
     -0.423     -1.238     65.465    -59.210     -1.742   -255.859    -21.412
     -0.425     -1.235     65.976    -59.167     -2.051   -255.392    -21.415
     -0.427     -1.230     66.487    -59.124     -2.357   -254.925    -21.415
     -0.429     -1.225     66.996    -59.081     -2.661   -254.458    -21.412
     -0.431     -1.219     67.505    -59.038     -2.963   -253.991    -21.407
     -0.433     -1.213     68.012    -58.996     -3.262   -253.525    -21.399
     -0.435     -1.206     68.519    -58.953     -3.559   -253.058    -21.389
     -0.437     -1.199     69.024    -58.910     -3.853   -252.592    -21.375
     -0.439     -1.191     69.529    -58.867     -4.146   -252.126    -21.360
     -0.441     -1.182     70.033    -58.825     -4.436   -251.660    -21.342
     -0.443     -1.173     70.536    -58.782     -4.724   -251.195    -21.321
     -0.445     -1.164     71.038    -58.739     -5.009   -250.730    -21.298
     -0.447     -1.153     71.539    -58.697     -5.293   -250.266    -21.272
     -0.449     -1.142     72.039    -58.654     -5.574   -249.802    -21.245
     -0.451     -1.131     72.538    -58.612     -5.853   -249.339    -21.214
     -0.453     -1.119     73.036    -58.569     -6.130   -248.876    -21.182
     -0.455     -1.106     73.533    -58.527     -6.406   -248.414    -21.147
     -0.457     -1.093     74.030    -58.485     -6.679   -247.952    -21.110
     -0.459     -1.080     74.525    -58.443     -6.950   -247.492    -21.071
     -0.461     -1.066     75.020    -58.400     -7.219   -247.031    -21.029
     -0.463     -1.051     75.513    -58.358     -7.486   -246.572    -20.986
     -0.465     -1.036     76.006    -58.317     -7.751   -246.113    -20.940
     -0.467     -1.020     76.498    -58.275     -8.014   -245.655    -20.892
     -0.469     -1.004     76.989    -58.233     -8.275   -245.198    -20.842
     -0.471     -0.987     77.478    -58.191     -8.535   -244.742    -20.790
     -0.473     -0.969     77.968    -58.150     -8.792   -244.287    -20.736
     -0.475     -0.952     78.456    -58.108     -9.048   -243.832    -20.680
     -0.477     -0.933     78.943    -58.067     -9.302   -243.379    -20.622
     -0.479     -0.914     79.429    -58.026     -9.554   -242.926    -20.562
     -0.481     -0.895     79.915    -57.985     -9.805   -242.474    -20.500
     -0.483     -0.875     80.399    -57.944    -10.053   -242.024    -20.436
     -0.485     -0.855     80.883    -57.903    -10.300   -241.574    -20.371
     -0.487     -0.834     81.365    -57.862    -10.546   -241.125    -20.303
     -0.489     -0.813     81.847    -57.822    -10.789   -240.677    -20.234
     -0.491     -0.791     82.328    -57.781    -11.031   -240.231    -20.163
     -0.493     -0.768     82.808    -57.741    -11.271   -239.785    -20.090
     -0.495     -0.746     83.287    -57.701    -11.510   -239.340    -20.015
     -0.497     -0.722     83.765    -57.661    -11.747   -238.897    -19.939
     -0.499     -0.699     84.243    -57.621    -11.982   -238.455    -19.861
     -0.501     -0.675     84.719    -57.582    -12.216   -238.013    -19.781
     -0.503     -0.650     85.195    -57.542    -12.448   -237.573    -19.700
     -0.505     -0.625     85.670    -57.503    -12.679   -237.134    -19.617
     -0.507     -0.599     86.143    -57.464    -12.908   -236.696    -19.533
     -0.509     -0.573     86.616    -57.425    -13.136   -236.260    -19.447
     -0.511     -0.547     87.088    -57.386    -13.362   -235.824    -19.359
     -0.513     -0.520     87.560    -57.347    -13.586   -235.390    -19.270
     -0.515     -0.492     88.030    -57.309    -13.810   -234.957    -19.179
     -0.517     -0.464     88.499    -57.271    -14.031   -234.525    -19.087
     -0.519     -0.436     88.968    -57.233    -14.252   -234.094    -18.993
     -0.521     -0.407     89.436    -57.195    -14.471   -233.665    -18.898
     -0.523     -0.378     89.903    -57.157    -14.688   -233.236    -18.802
     -0.525     -0.349     90.369    -57.119    -14.904   -232.809    -18.704
     -0.527     -0.319     90.834    -57.082    -15.119   -232.383    -18.604
     -0.529     -0.288     91.298    -57.045    -15.333   -231.959    -18.504
     -0.531     -0.257     91.762    -57.008    -15.545   -231.536    -18.402
     -0.533     -0.226     92.224    -56.971    -15.755   -231.113    -18.298
     -0.535     -0.194     92.686    -56.935    -15.965   -230.693    -18.194
     -0.537     -0.162     93.147    -56.899    -16.173   -230.273    -18.088
     -0.539     -0.130     93.607    -56.863    -16.380   -229.855    -17.980
     -0.541     -0.097     94.067    -56.827    -16.585   -229.438    -17.872
     -0.543     -0.063     94.525    -56.791    -16.790   -229.022    -17.762
     -0.545     -0.029     94.983    -56.756    -16.993   -228.608    -17.651
     -0.547      0.005     95.440    -56.721    -17.195   -228.195    -17.539
     -0.549      0.039     95.896    -56.686    -17.395   -227.783    -17.426
     -0.551      0.074     96.351    -56.651    -17.595   -227.372    -17.311
     -0.553      0.110     96.805    -56.616    -17.793   -226.963    -17.196
     -0.555      0.145     97.259    -56.582    -17.990   -226.555    -17.079
     -0.557      0.182     97.711    -56.548    -18.186   -226.148    -16.961
     -0.559      0.218     98.163    -56.514    -18.380   -225.743    -16.842
     -0.561      0.255     98.614    -56.481    -18.574   -225.339    -16.722
     -0.563      0.293     99.064    -56.447    -18.766   -224.936    -16.600
     -0.565      0.330     99.514    -56.414    -18.958   -224.534    -16.478
     -0.567      0.368     99.963    -56.381    -19.148   -224.134    -16.355
     -0.569      0.407    100.410    -56.349    -19.337   -223.735    -16.230
     -0.571      0.446    100.858    -56.316    -19.525   -223.338    -16.105
     -0.573      0.485    101.304    -56.284    -19.712   -222.942    -15.979
     -0.575      0.525    101.749    -56.253    -19.898   -222.547    -15.851
     -0.577      0.565    102.194    -56.221    -20.083   -222.153    -15.723
     -0.579      0.605    102.638    -56.190    -20.266   -221.761    -15.594
     -0.581      0.646    103.081    -56.159    -20.449   -221.370    -15.463
     -0.583      0.687    103.523    -56.128    -20.631   -220.980    -15.332
     -0.585      0.728    103.965    -56.097    -20.811   -220.591    -15.200
     -0.587      0.770    104.406    -56.067    -20.991   -220.204    -15.067
     -0.589      0.812    104.846    -56.037    -21.170   -219.818    -14.933
     -0.591      0.855    105.285    -56.007    -21.347   -219.434    -14.798
     -0.593      0.897    105.724    -55.978    -21.524   -219.050    -14.663
     -0.595      0.941    106.161    -55.949    -21.700   -218.668    -14.526
     -0.597      0.984    106.598    -55.920    -21.874   -218.288    -14.389
     -0.599      1.028    107.034    -55.891    -22.048   -217.908    -14.250
     -0.601      1.072    107.470    -55.863    -22.221   -217.530    -14.111
     -0.603      1.117    107.905    -55.835    -22.393   -217.153    -13.971
     -0.605      1.162    108.338    -55.807    -22.564   -216.778    -13.831
     -0.607      1.207    108.772    -55.779    -22.734   -216.404    -13.689
     -0.609      1.253    109.204    -55.752    -22.903   -216.031    -13.547
     -0.611      1.299    109.636    -55.725    -23.072   -215.659    -13.404
     -0.613      1.345    110.067    -55.698    -23.239   -215.288    -13.260
     -0.615      1.392    110.497    -55.672    -23.406   -214.919    -13.115
     -0.617      1.439    110.926    -55.646    -23.571   -214.551    -12.970
     -0.619      1.486    111.355    -55.620    -23.736   -214.185    -12.824
     -0.621      1.534    111.783    -55.595    -23.900   -213.819    -12.677
     -0.623      1.582    112.210    -55.570    -24.063   -213.455    -12.530
     -0.625      1.630    112.637    -55.545    -24.225   -213.092    -12.381
     -0.627      1.679    113.063    -55.520    -24.387   -212.731    -12.233
     -0.629      1.728    113.488    -55.496    -24.547   -212.370    -12.083
     -0.631      1.777    113.912    -55.472    -24.707   -212.011    -11.933
     -0.633      1.826    114.336    -55.448    -24.866   -211.653    -11.782
     -0.635      1.876    114.759    -55.425    -25.024   -211.297    -11.630
     -0.637      1.927    115.181    -55.401    -25.182   -210.941    -11.478
     -0.639      1.977    115.603    -55.379    -25.338   -210.587    -11.325
     -0.641      2.028    116.023    -55.356    -25.494   -210.234    -11.171
     -0.643      2.079    116.444    -55.334    -25.649   -209.883    -11.017
     -0.645      2.130    116.863    -55.312    -25.803   -209.532    -10.862
     -0.647      2.182    117.282    -55.290    -25.957   -209.183    -10.707
     -0.649      2.234    117.700    -55.269    -26.109   -208.835    -10.551
     -0.651      2.287    118.117    -55.248    -26.261   -208.488    -10.394
     -0.653      2.339    118.534    -55.228    -26.413   -208.142    -10.237
     -0.655      2.392    118.950    -55.207    -26.563   -207.798    -10.079
     -0.657      2.446    119.365    -55.187    -26.713   -207.455     -9.921
     -0.659      2.499    119.779    -55.168    -26.862   -207.113     -9.762
     -0.661      2.553    120.193    -55.148    -27.010   -206.772     -9.602
     -0.663      2.607    120.607    -55.129    -27.158   -206.432     -9.442
     -0.665      2.662    121.019    -55.111    -27.305   -206.094     -9.282
     -0.667      2.716    121.431    -55.092    -27.451   -205.756     -9.120
     -0.669      2.771    121.842    -55.074    -27.597   -205.420     -8.959
     -0.671      2.827    122.253    -55.056    -27.742   -205.085     -8.797
     -0.673      2.882    122.662    -55.039    -27.886   -204.752     -8.634
     -0.675      2.938    123.072    -55.022    -28.029   -204.419     -8.471
     -0.677      2.995    123.480    -55.005    -28.172   -204.088     -8.307
     -0.679      3.051    123.888    -54.989    -28.315   -203.757     -8.142
     -0.681      3.108    124.295    -54.972    -28.456   -203.428     -7.978
     -0.683      3.165    124.702    -54.957    -28.597   -203.100     -7.812
     -0.685      3.222    125.108    -54.941    -28.737   -202.773     -7.647
     -0.687      3.280    125.513    -54.926    -28.877   -202.448     -7.480
     -0.689      3.338    125.917    -54.911    -29.016   -202.123     -7.313
     -0.691      3.396    126.321    -54.897    -29.154   -201.800     -7.146
     -0.693      3.454    126.725    -54.883    -29.292   -201.477     -6.979
     -0.695      3.513    127.127    -54.869    -29.429   -201.156     -6.810
     -0.697      3.572    127.529    -54.855    -29.566   -200.836     -6.642
     -0.699      3.631    127.931    -54.842    -29.701   -200.517     -6.473
     -0.701      3.691    128.331    -54.830    -29.837   -200.200     -6.303
     -0.703      3.751    128.731    -54.817    -29.971   -199.883     -6.133
     -0.705      3.811    129.131    -54.805    -30.106   -199.567     -5.963
     -0.707      3.871    129.530    -54.793    -30.239   -199.253     -5.792
     -0.709      3.932    129.928    -54.782    -30.372   -198.939     -5.621
     -0.711      3.993    130.325    -54.771    -30.504   -198.627     -5.449
     -0.713      4.054    130.722    -54.760    -30.636   -198.316     -5.277
     -0.715      4.115    131.119    -54.750    -30.767   -198.006     -5.104
     -0.717      4.177    131.514    -54.740    -30.898   -197.697     -4.931
     -0.719      4.239    131.909    -54.730    -31.028   -197.389     -4.758
     -0.721      4.301    132.304    -54.721    -31.158   -197.082     -4.584
     -0.723      4.363    132.698    -54.712    -31.287   -196.776     -4.410
     -0.725      4.426    133.091    -54.703    -31.415   -196.471     -4.236
     -0.727      4.489    133.484    -54.695    -31.543   -196.167     -4.061
     -0.729      4.552    133.876    -54.687    -31.671   -195.865     -3.885
     -0.731      4.616    134.267    -54.679    -31.797   -195.563     -3.709
     -0.733      4.679    134.658    -54.672    -31.924   -195.263     -3.533
     -0.735      4.743    135.048    -54.665    -32.050   -194.963     -3.357
     -0.737      4.808    135.438    -54.658    -32.175   -194.665     -3.180
     -0.739      4.872    135.827    -54.652    -32.300   -194.367     -3.003
     -0.741      4.937    136.215    -54.646    -32.424   -194.071     -2.825
     -0.743      5.002    136.603    -54.641    -32.548   -193.775     -2.647
     -0.745      5.067    136.990    -54.636    -32.671   -193.481     -2.469
     -0.747      5.132    137.377    -54.631    -32.794   -193.188     -2.290
     -0.749      5.198    137.763    -54.627    -32.916   -192.895     -2.111
     -0.751      5.264    138.149    -54.623    -33.038   -192.604     -1.932
     -0.753      5.330    138.533    -54.619    -33.159   -192.314     -1.752
     -0.755      5.397    138.918    -54.616    -33.280   -192.025     -1.572
     -0.757      5.463    139.302    -54.613    -33.400   -191.736     -1.391
     -0.759      5.530    139.685    -54.610    -33.520   -191.449     -1.211
     -0.761      5.598    140.067    -54.608    -33.639   -191.163     -1.030
     -0.763      5.665    140.449    -54.606    -33.758   -190.877     -0.848
     -0.765      5.733    140.831    -54.604    -33.876   -190.593     -0.666
     -0.767      5.800    141.212    -54.603    -33.994   -190.310     -0.484
     -0.769      5.869    141.592    -54.602    -34.112   -190.027     -0.302
     -0.771      5.937    141.972    -54.602    -34.229   -189.746     -0.119
     -0.773      6.005    142.351    -54.602    -34.346   -189.466      0.064
     -0.775      6.074    142.730    -54.602    -34.462   -189.186      0.248
     -0.777      6.143    143.108    -54.603    -34.577   -188.908      0.431
     -0.779      6.213    143.485    -54.604    -34.693   -188.630      0.615
     -0.781      6.282    143.862    -54.605    -34.808   -188.354      0.800
     -0.783      6.352    144.239    -54.607    -34.922   -188.078      0.984
     -0.785      6.422    144.615    -54.609    -35.036   -187.804      1.169
     -0.787      6.492    144.990    -54.612    -35.149   -187.530      1.355
     -0.789      6.562    145.365    -54.615    -35.263   -187.257      1.540
     -0.791      6.633    145.739    -54.618    -35.375   -186.986      1.726
     -0.793      6.704    146.113    -54.622    -35.488   -186.715      1.913
     -0.795      6.775    146.486    -54.626    -35.599   -186.445      2.099
     -0.797      6.846    146.859    -54.630    -35.711   -186.176      2.286
     -0.799      6.918    147.231    -54.635    -35.822   -185.908      2.473
     -0.801      6.990    147.602    -54.640    -35.932   -185.641      2.660
     -0.803      7.061    147.973    -54.646    -36.043   -185.374      2.848
     -0.805      7.134    148.344    -54.651    -36.153   -185.109      3.036
     -0.807      7.206    148.714    -54.658    -36.262   -184.845      3.224
     -0.809      7.279    149.083    -54.664    -36.371   -184.581      3.413
     -0.811      7.352    149.452    -54.671    -36.480   -184.319      3.602
     -0.813      7.425    149.820    -54.679    -36.588   -184.057      3.791
     -0.815      7.498    150.188    -54.686    -36.696   -183.796      3.980
     -0.817      7.571    150.556    -54.695    -36.803   -183.537      4.170
     -0.819      7.645    150.922    -54.703    -36.910   -183.278      4.360
     -0.821      7.719    151.289    -54.712    -37.017   -183.020      4.550
     -0.823      7.793    151.654    -54.721    -37.123   -182.762      4.741
     -0.825      7.868    152.020    -54.731    -37.229   -182.506      4.932
     -0.827      7.942    152.384    -54.741    -37.335   -182.251      5.123
     -0.829      8.017    152.749    -54.752    -37.440   -181.996      5.314
     -0.831      8.092    153.112    -54.762    -37.545   -181.743      5.506
     -0.833      8.167    153.476    -54.774    -37.650   -181.490      5.698
     -0.835      8.242    153.838    -54.785    -37.754   -181.238      5.890
     -0.837      8.318    154.201    -54.797    -37.857   -180.987      6.082
     -0.839      8.394    154.562    -54.809    -37.961   -180.737      6.275
     -0.841      8.470    154.924    -54.822    -38.064   -180.488      6.468
     -0.843      8.546    155.284    -54.835    -38.167   -180.239      6.661
     -0.845      8.623    155.645    -54.849    -38.269   -179.992      6.855
     -0.847      8.699    156.004    -54.863    -38.371   -179.745      7.049
     -0.849      8.776    156.364    -54.877    -38.473   -179.499      7.243
     -0.851      8.853    156.722    -54.892    -38.574   -179.254      7.437
     -0.853      8.930    157.081    -54.907    -38.675   -179.010      7.632
     -0.855      9.008    157.438    -54.922    -38.776   -178.767      7.827
     -0.857      9.085    157.796    -54.938    -38.876   -178.524      8.022
     -0.859      9.163    158.152    -54.954    -38.976   -178.283      8.217
     -0.861      9.241    158.509    -54.971    -39.076   -178.042      8.413
     -0.863      9.320    158.865    -54.988    -39.175   -177.802      8.609
     -0.865      9.398    159.220    -55.005    -39.274   -177.563      8.805
     -0.867      9.477    159.575    -55.023    -39.373   -177.324      9.001
     -0.869      9.556    159.929    -55.041    -39.471   -177.087      9.198
     -0.871      9.635    160.283    -55.060    -39.569   -176.850      9.395
     -0.873      9.714    160.637    -55.079    -39.667   -176.614      9.592
     -0.875      9.793    160.990    -55.098    -39.764   -176.379      9.790
     -0.877      9.873    161.342    -55.118    -39.862   -176.145      9.987
     -0.879      9.953    161.694    -55.138    -39.958   -175.912     10.185
     -0.881     10.033    162.046    -55.159    -40.055   -175.679     10.384
     -0.883     10.113    162.397    -55.180    -40.151   -175.448     10.582
     -0.885     10.193    162.748    -55.201    -40.247   -175.217     10.781
     -0.887     10.274    163.098    -55.223    -40.342   -174.987     10.980
     -0.889     10.355    163.448    -55.245    -40.438   -174.757     11.179
     -0.891     10.436    163.797    -55.268    -40.533   -174.529     11.379
     -0.893     10.517    164.146    -55.291    -40.627   -174.301     11.578
     -0.895     10.598    164.494    -55.314    -40.722   -174.074     11.778
     -0.897     10.680    164.842    -55.338    -40.816   -173.848     11.979
     -0.899     10.761    165.189    -55.362    -40.910   -173.622     12.179
     -0.901     10.843    165.536    -55.386    -41.003   -173.398     12.380
     -0.903     10.925    165.883    -55.411    -41.096   -173.174     12.581
     -0.905     11.008    166.229    -55.437    -41.189   -172.951     12.782
     -0.907     11.090    166.575    -55.463    -41.282   -172.729     12.984
     -0.909     11.173    166.920    -55.489    -41.374   -172.508     13.186
     -0.911     11.256    167.265    -55.515    -41.466   -172.287     13.388
     -0.913     11.339    167.609    -55.542    -41.558   -172.067     13.590
     -0.915     11.422    167.953    -55.570    -41.649   -171.848     13.793
     -0.917     11.505    168.297    -55.597    -41.741   -171.630     13.995
     -0.919     11.589    168.640    -55.626    -41.831   -171.412     14.198
     -0.921     11.673    168.982    -55.654    -41.922   -171.195     14.402
     -0.923     11.757    169.324    -55.683    -42.013   -170.979     14.605
     -0.925     11.841    169.666    -55.713    -42.103   -170.764     14.809
     -0.927     11.925    170.007    -55.743    -42.192   -170.550     15.013
     -0.929     12.009    170.348    -55.773    -42.282   -170.336     15.217
     -0.931     12.094    170.689    -55.803    -42.371   -170.123     15.422
     -0.933     12.179    171.029    -55.834    -42.460   -169.911     15.627
     -0.935     12.264    171.368    -55.866    -42.549   -169.699     15.832
     -0.937     12.349    171.708    -55.898    -42.638   -169.489     16.037
     -0.939     12.435    172.046    -55.930    -42.726   -169.279     16.243
     -0.941     12.520    172.385    -55.963    -42.814   -169.070     16.449
     -0.943     12.606    172.723    -55.996    -42.902   -168.861     16.655
     -0.945     12.692    173.060    -56.029    -42.989   -168.653     16.861
     -0.947     12.778    173.397    -56.063    -43.076   -168.447     17.068
     -0.949     12.864    173.734    -56.098    -43.163   -168.240     17.275
     -0.951     12.950    174.070    -56.132    -43.250   -168.035     17.482
     -0.953     13.037    174.406    -56.168    -43.336   -167.830     17.689
     -0.955     13.124    174.742    -56.203    -43.422   -167.626     17.897
     -0.957     13.211    175.077    -56.239    -43.508   -167.423     18.105
     -0.959     13.298    175.411    -56.276    -43.594   -167.221     18.313
     -0.961     13.385    175.746    -56.312    -43.680   -167.019     18.521
     -0.963     13.473    176.079    -56.350    -43.765   -166.818     18.730
     -0.965     13.560    176.413    -56.387    -43.850   -166.618     18.939
     -0.967     13.648    176.746    -56.425    -43.934   -166.418     19.148
     -0.969     13.736    177.078    -56.464    -44.019   -166.219     19.357
     -0.971     13.824    177.411    -56.503    -44.103   -166.021     19.567
     -0.973     13.912    177.743    -56.542    -44.187   -165.824     19.777
     -0.975     14.001    178.074    -56.582    -44.271   -165.627     19.987
     -0.977     14.089    178.405    -56.622    -44.354   -165.432     20.198
     -0.979     14.178    178.736    -56.663    -44.438   -165.236     20.409
     -0.981     14.267    179.066    -56.704    -44.521   -165.042     20.620
     -0.983     14.356    179.396    -56.745    -44.603   -164.848     20.831
     -0.985     14.446    179.725    -56.787    -44.686   -164.655     21.042
     -0.987     14.535    180.055    -56.829    -44.768   -164.463     21.254
     -0.989     14.625    180.383    -56.872    -44.850   -164.272     21.466
     -0.991     14.714    180.712    -56.915    -44.932   -164.081     21.678
     -0.993     14.804    181.040    -56.959    -45.014   -163.891     21.891
     -0.995     14.894    181.367    -57.003    -45.095   -163.701     22.104
     -0.997     14.985    181.694    -57.047    -45.176   -163.513     22.317
     -0.999     15.075    182.021    -57.092    -45.257   -163.325     22.530
     -1.001     15.166    182.348    -57.137    -45.338   -163.137     22.744
     -1.003     15.256    182.674    -57.183    -45.418   -162.951     22.958
     -1.005     15.347    182.999    -57.229    -45.499   -162.765     23.172
     -1.007     15.438    183.325    -57.276    -45.579   -162.580     23.387
     -1.009     15.530    183.650    -57.323    -45.658   -162.396     23.601
     -1.011     15.621    183.974    -57.370    -45.738   -162.212     23.816
     -1.013     15.713    184.299    -57.418    -45.817   -162.029     24.032
     -1.015     15.804    184.623    -57.466    -45.896   -161.847     24.247
     -1.017     15.896    184.946    -57.515    -45.975   -161.665     24.463
     -1.019     15.988    185.269    -57.564    -46.054   -161.484     24.679
     -1.021     16.080    185.592    -57.614    -46.133   -161.304     24.895
     -1.023     16.173    185.914    -57.664    -46.211   -161.125     25.112
     -1.025     16.265    186.236    -57.714    -46.289   -160.946     25.329
     -1.027     16.358    186.558    -57.765    -46.367   -160.768     25.546
     -1.029     16.451    186.880    -57.816    -46.444   -160.591     25.764
     -1.031     16.544    187.201    -57.868    -46.522   -160.414     25.981
     -1.033     16.637    187.521    -57.920    -46.599   -160.238     26.199
     -1.035     16.730    187.842    -57.973    -46.676   -160.063     26.418
     -1.037     16.824    188.161    -58.026    -46.753   -159.888     26.636
     -1.039     16.917    188.481    -58.079    -46.829   -159.715     26.855
     -1.041     17.011    188.800    -58.133    -46.906   -159.541     27.074
     -1.043     17.105    189.119    -58.188    -46.982   -159.369     27.294
     -1.045     17.199    189.438    -58.243    -47.058   -159.197     27.514
     -1.047     17.293    189.756    -58.298    -47.133   -159.026     27.734
     -1.049     17.387    190.074    -58.353    -47.209   -158.856     27.954
     -1.051     17.482    190.391    -58.410    -47.284   -158.686     28.174
     -1.053     17.576    190.709    -58.466    -47.359   -158.517     28.395
     -1.055     17.671    191.026    -58.523    -47.434   -158.349     28.617
     -1.057     17.766    191.342    -58.581    -47.509   -158.182     28.838
     -1.059     17.861    191.658    -58.639    -47.583   -158.015     29.060
     -1.061     17.957    191.974    -58.697    -47.658   -157.849     29.282
     -1.063     18.052    192.290    -58.756    -47.732   -157.683     29.504
     -1.065     18.147    192.605    -58.815    -47.806   -157.518     29.727
     -1.067     18.243    192.920    -58.875    -47.879   -157.354     29.950
     -1.069     18.339    193.234    -58.935    -47.953   -157.191     30.173
     -1.071     18.435    193.548    -58.995    -48.026   -157.028     30.397
     -1.073     18.531    193.862    -59.056    -48.099   -156.866     30.620
     -1.075     18.627    194.176    -59.118    -48.172   -156.705     30.845
     -1.077     18.724    194.489    -59.180    -48.245   -156.544     31.069
     -1.079     18.820    194.802    -59.242    -48.317   -156.384     31.294
     -1.081     18.917    195.115    -59.305    -48.390   -156.225     31.519
     -1.083     19.014    195.427    -59.368    -48.462   -156.066     31.744
     -1.085     19.111    195.739    -59.432    -48.533   -155.909     31.970
     -1.087     19.208    196.051    -59.496    -48.605   -155.751     32.196
     -1.089     19.305    196.362    -59.561    -48.677   -155.595     32.422
     -1.091     19.403    196.673    -59.626    -48.748   -155.439     32.649
     -1.093     19.500    196.984    -59.691    -48.819   -155.284     32.876
     -1.095     19.598    197.294    -59.757    -48.890   -155.130     33.103
     -1.097     19.696    197.604    -59.824    -48.961   -154.976     33.331
     -1.099     19.794    197.914    -59.890    -49.031   -154.823     33.558
     -1.101     19.892    198.224    -59.958    -49.102   -154.671     33.787
     -1.103     19.990    198.533    -60.026    -49.172   -154.519     34.015
     -1.105     20.089    198.842    -60.094    -49.242   -154.368     34.244
     -1.107     20.187    199.150    -60.163    -49.312   -154.218     34.473
     -1.109     20.286    199.459    -60.232    -49.381   -154.068     34.703
     -1.111     20.385    199.767    -60.301    -49.451   -153.920     34.933
     -1.113     20.484    200.074    -60.372    -49.520   -153.771     35.163
     -1.115     20.583    200.382    -60.442    -49.589   -153.624     35.393
     -1.117     20.682    200.689    -60.513    -49.658   -153.477     35.624
     -1.119     20.781    200.996    -60.585    -49.726   -153.331     35.855
     -1.121     20.881    201.302    -60.656    -49.795   -153.186     36.087
     -1.123     20.981    201.608    -60.729    -49.863   -153.041     36.319
     -1.125     21.080    201.914    -60.802    -49.931   -152.897     36.551
     -1.127     21.180    202.220    -60.875    -49.999   -152.754     36.783
     -1.129     21.280    202.525    -60.949    -50.067   -152.611     37.016
     -1.131     21.381    202.830    -61.023    -50.134   -152.469     37.249
     -1.133     21.481    203.135    -61.098    -50.201   -152.328     37.483
     -1.135     21.581    203.440    -61.173    -50.269   -152.188     37.717
     -1.137     21.682    203.744    -61.249    -50.335   -152.048     37.951
     -1.139     21.783    204.048    -61.325    -50.402   -151.909     38.185
     -1.141     21.884    204.351    -61.402    -50.469   -151.770     38.420
     -1.143     21.985    204.655    -61.479    -50.535   -151.633     38.656
     -1.145     22.086    204.958    -61.556    -50.601   -151.496     38.891
     -1.147     22.187    205.261    -61.634    -50.667   -151.359     39.127
     -1.149     22.288    205.563    -61.713    -50.733   -151.224     39.364
     -1.151     22.390    205.866    -61.792    -50.799   -151.089     39.600
     -1.153     22.492    206.168    -61.871    -50.864   -150.955     39.837
     -1.155     22.593    206.470    -61.951    -50.930   -150.821     40.075
     -1.157     22.695    206.771    -62.031    -50.995   -150.689     40.313
     -1.159     22.797    207.072    -62.112    -51.060   -150.557     40.551
     -1.161     22.900    207.373    -62.194    -51.124   -150.425     40.790
     -1.163     23.002    207.674    -62.275    -51.189   -150.295     41.028
     -1.165     23.104    207.974    -62.358    -51.253   -150.165     41.268
     -1.167     23.207    208.275    -62.440    -51.318   -150.036     41.507
     -1.169     23.310    208.575    -62.524    -51.382   -149.907     41.748
     -1.171     23.412    208.874    -62.607    -51.445   -149.779     41.988
     -1.173     23.515    209.174    -62.692    -51.509   -149.652     42.229
     -1.175     23.619    209.473    -62.776    -51.572   -149.526     42.470
     -1.177     23.722    209.772    -62.862    -51.636   -149.400     42.712
     -1.179     23.825    210.071    -62.947    -51.699   -149.275     42.954
     -1.181     23.929    210.369    -63.033    -51.762   -149.151     43.196
     -1.183     24.032    210.667    -63.120    -51.824   -149.028     43.439
     -1.185     24.136    210.965    -63.207    -51.887   -148.905     43.682
     -1.187     24.240    211.263    -63.295    -51.949   -148.783     43.926
     -1.189     24.344    211.560    -63.383    -52.011   -148.662     44.169
     -1.191     24.448    211.857    -63.471    -52.073   -148.541     44.414
     -1.193     24.552    212.154    -63.560    -52.135   -148.421     44.659
     -1.195     24.656    212.451    -63.650    -52.197   -148.302     44.904
     -1.197     24.761    212.748    -63.740    -52.258   -148.184     45.149
     -1.199     24.865    213.044    -63.831    -52.319   -148.066     45.395
     -1.201     24.970    213.340    -63.922    -52.380   -147.949     45.642
     -1.203     25.075    213.636    -64.013    -52.441   -147.833     45.889
     -1.205     25.180    213.931    -64.105    -52.502   -147.718     46.136
     -1.207     25.285    214.227    -64.198    -52.562   -147.603     46.384
     -1.209     25.390    214.522    -64.291    -52.623   -147.489     46.632
     -1.211     25.495    214.816    -64.384    -52.683   -147.376     46.880
     -1.213     25.601    215.111    -64.478    -52.743   -147.264     47.129
     -1.215     25.706    215.406    -64.573    -52.803   -147.152     47.379
     -1.217     25.812    215.700    -64.668    -52.862   -147.041     47.628
     -1.219     25.918    215.994    -64.763    -52.922   -146.931     47.879
     -1.221     26.024    216.287    -64.859    -52.981   -146.821     48.129
     -1.223     26.130    216.581    -64.956    -53.040   -146.713     48.381
     -1.225     26.236    216.874    -65.053    -53.099   -146.605     48.632
     -1.227     26.342    217.167    -65.150    -53.157   -146.498     48.884
     -1.229     26.448    217.460    -65.248    -53.216   -146.391     49.137
     -1.231     26.555    217.753    -65.347    -53.274   -146.286     49.390
     -1.233     26.661    218.045    -65.446    -53.332   -146.181     49.643
     -1.235     26.768    218.338    -65.545    -53.390   -146.077     49.897
     -1.237     26.875    218.630    -65.646    -53.447   -145.974     50.151
     -1.239     26.982    218.922    -65.746    -53.505   -145.871     50.406
     -1.241     27.089    219.213    -65.847    -53.562   -145.769     50.661
     -1.243     27.196    219.505    -65.949    -53.619   -145.668     50.917
     -1.245     27.304    219.796    -66.051    -53.676   -145.568     51.173
     -1.247     27.411    220.087    -66.153    -53.733   -145.469     51.430
     -1.249     27.518    220.378    -66.257    -53.789   -145.370     51.687
     -1.251     27.626    220.668    -66.360    -53.846   -145.272     51.944
     -1.253     27.734    220.959    -66.464    -53.902   -145.175     52.202
     -1.255     27.842    221.249    -66.569    -53.958   -145.079     52.461
     -1.257     27.950    221.539    -66.674    -54.013   -144.984     52.720
     -1.259     28.058    221.829    -66.780    -54.069   -144.889     52.979
     -1.261     28.166    222.119    -66.886    -54.124   -144.795     53.239
     -1.263     28.274    222.408    -66.993    -54.179   -144.702     53.500
     -1.265     28.383    222.698    -67.100    -54.234   -144.610     53.761
     -1.267     28.491    222.987    -67.208    -54.289   -144.519     54.023
     -1.269     28.600    223.276    -67.316    -54.344   -144.428     54.285
     -1.271     28.709    223.564    -67.425    -54.398   -144.338     54.547
     -1.273     28.817    223.853    -67.534    -54.452   -144.249     54.810
     -1.275     28.926    224.141    -67.644    -54.506   -144.161     55.074
     -1.277     29.035    224.430    -67.755    -54.560   -144.074     55.338
     -1.279     29.145    224.718    -67.866    -54.613   -143.988     55.602
     -1.281     29.254    225.006    -67.977    -54.666   -143.902     55.867
     -1.283     29.363    225.293    -68.089    -54.719   -143.817     56.133
     -1.285     29.473    225.581    -68.202    -54.772   -143.733     56.399
     -1.287     29.582    225.868    -68.315    -54.825   -143.650     56.666
     -1.289     29.692    226.155    -68.428    -54.877   -143.568     56.933
     -1.291     29.802    226.442    -68.542    -54.930   -143.487     57.201
     -1.293     29.912    226.729    -68.657    -54.982   -143.406     57.469
     -1.295     30.022    227.016    -68.772    -55.033   -143.327     57.738
     -1.297     30.132    227.303    -68.888    -55.085   -143.248     58.008
     -1.299     30.242    227.589    -69.004    -55.136   -143.170     58.278
     -1.301     30.352    227.875    -69.121    -55.188   -143.093     58.548
     -1.303     30.463    228.161    -69.238    -55.238   -143.017     58.819
     -1.305     30.573    228.447    -69.356    -55.289   -142.942     59.091
     -1.307     30.684    228.733    -69.475    -55.340   -142.867     59.363
     -1.309     30.795    229.019    -69.594    -55.390   -142.794     59.636
     -1.311     30.906    229.304    -69.713    -55.440   -142.721     59.909
     -1.313     31.017    229.590    -69.833    -55.490   -142.650     60.183
     -1.315     31.128    229.875    -69.954    -55.539   -142.579     60.458
     -1.317     31.239    230.160    -70.075    -55.589   -142.509     60.733
     -1.319     31.350    230.445    -70.197    -55.638   -142.440     61.009
     -1.321     31.461    230.730    -70.319    -55.687   -142.372     61.285
     -1.323     31.573    231.015    -70.442    -55.735   -142.305     61.562
     -1.325     31.684    231.299    -70.566    -55.784   -142.239     61.839
     -1.327     31.796    231.584    -70.690    -55.832   -142.174     62.118
     -1.329     31.908    231.868    -70.814    -55.880   -142.109     62.396
     -1.331     32.019    232.152    -70.939    -55.928   -142.046     62.676
     -1.333     32.131    232.436    -71.065    -55.975   -141.984     62.955
     -1.335     32.243    232.720    -71.191    -56.022   -141.922     63.236
     -1.337     32.355    233.004    -71.318    -56.069   -141.862     63.517
     -1.339     32.468    233.287    -71.445    -56.116   -141.802     63.799
     -1.341     32.580    233.571    -71.573    -56.162   -141.744     64.081
     -1.343     32.692    233.854    -71.701    -56.209   -141.686     64.364
     -1.345     32.805    234.138    -71.830    -56.255   -141.630     64.648
     -1.347     32.917    234.421    -71.960    -56.300   -141.574     64.932
     -1.349     33.030    234.704    -72.090    -56.346   -141.520     65.217
     -1.351     33.143    234.987    -72.221    -56.391   -141.466     65.503
     -1.353     33.255    235.270    -72.352    -56.436   -141.413     65.789
     -1.355     33.368    235.553    -72.484    -56.480   -141.362     66.076
     -1.357     33.481    235.835    -72.616    -56.525   -141.311     66.364
     -1.359     33.594    236.118    -72.749    -56.569   -141.262     66.652
     -1.361     33.708    236.400    -72.883    -56.613   -141.213     66.941
     -1.363     33.821    236.683    -73.017    -56.656   -141.166     67.231
     -1.365     33.934    236.965    -73.152    -56.699   -141.120     67.521
     -1.367     34.048    237.247    -73.287    -56.742   -141.074     67.812
     -1.369     34.161    237.529    -73.423    -56.785   -141.030     68.104
     -1.371     34.275    237.811    -73.560    -56.828   -140.987     68.396
     -1.373     34.388    238.093    -73.697    -56.870   -140.945     68.689
     -1.375     34.502    238.375    -73.834    -56.912   -140.904     68.983
     -1.377     34.616    238.657    -73.973    -56.953   -140.864     69.277
     -1.379     34.730    238.938    -74.112    -56.994   -140.825     69.572
     -1.381     34.844    239.220    -74.251    -57.035   -140.787     69.868
     -1.383     34.958    239.502    -74.391    -57.076   -140.751     70.165
     -1.385     35.072    239.783    -74.532    -57.116   -140.715     70.462
     -1.387     35.187    240.065    -74.673    -57.156   -140.681     70.760
     -1.389     35.301    240.346    -74.815    -57.196   -140.647     71.059
     -1.391     35.415    240.627    -74.957    -57.235   -140.615     71.358
     -1.393     35.530    240.908    -75.100    -57.275   -140.584     71.659
     -1.395     35.645    241.189    -75.244    -57.313   -140.554     71.959
     -1.397     35.759    241.471    -75.388    -57.352   -140.526     72.261
     -1.399     35.874    241.752    -75.533    -57.390   -140.498     72.564
     -1.401     35.989    242.033    -75.678    -57.428   -140.472     72.867
     -1.403     36.104    242.313    -75.824    -57.465   -140.447     73.171
     -1.405     36.219    242.594    -75.971    -57.502   -140.423     73.476
     -1.407     36.334    242.875    -76.118    -57.539   -140.400     73.781
     -1.409     36.449    243.156    -76.266    -57.575   -140.379     74.087
     -1.411     36.564    243.437    -76.415    -57.611   -140.359     74.394
     -1.413     36.679    243.717    -76.564    -57.647   -140.340     74.702
     -1.415     36.795    243.998    -76.713    -57.682   -140.322     75.011
     -1.417     36.910    244.279    -76.864    -57.717   -140.306     75.320
     -1.419     37.025    244.559    -77.015    -57.752   -140.290     75.631
     -1.421     37.141    244.840    -77.166    -57.786   -140.276     75.942
     -1.423     37.257    245.120    -77.318    -57.820   -140.264     76.254
     -1.425     37.372    245.401    -77.471    -57.854   -140.253     76.566
     -1.427     37.488    245.681    -77.625    -57.887   -140.242     76.880
     -1.429     37.604    245.962    -77.779    -57.919   -140.234     77.194
     -1.431     37.720    246.242    -77.933    -57.952   -140.226     77.509
     -1.433     37.836    246.523    -78.089    -57.984   -140.220     77.825
     -1.435     37.952    246.803    -78.245    -58.015   -140.216     78.142
     -1.437     38.068    247.084    -78.401    -58.046   -140.212     78.460
     -1.439     38.184    247.364    -78.559    -58.077   -140.210     78.778
     -1.441     38.300    247.644    -78.716    -58.107   -140.210     79.098
     -1.443     38.416    247.925    -78.875    -58.137   -140.211     79.418
     -1.445     38.533    248.205    -79.034    -58.166   -140.213     79.739
     -1.447     38.649    248.486    -79.194    -58.195   -140.216     80.061
     -1.449     38.765    248.766    -79.354    -58.224   -140.221     80.384
     -1.451     38.882    249.047    -79.515    -58.252   -140.228     80.707
     -1.453     38.998    249.327    -79.677    -58.279   -140.236     81.032
     -1.455     39.115    249.608    -79.840    -58.306   -140.245     81.357
     -1.457     39.232    249.888    -80.003    -58.333   -140.256     81.684
     -1.459     39.348    250.169    -80.166    -58.359   -140.269     82.011
     -1.461     39.465    250.449    -80.331    -58.385   -140.283     82.339
     -1.463     39.582    250.730    -80.496    -58.410   -140.298     82.668
     -1.465     39.699    251.010    -80.661    -58.435   -140.315     82.998
     -1.467     39.816    251.291    -80.828    -58.459   -140.334     83.329
     -1.469     39.932    251.572    -80.995    -58.483   -140.354     83.661
     -1.471     40.049    251.852    -81.162    -58.506   -140.375     83.994
     -1.473     40.166    252.133    -81.331    -58.529   -140.399     84.328
     -1.475     40.284    252.414    -81.500    -58.551   -140.424     84.662
     -1.477     40.401    252.695    -81.669    -58.572   -140.450     84.998
     -1.479     40.518    252.976    -81.840    -58.594   -140.478     85.335
     -1.481     40.635    253.257    -82.011    -58.614   -140.508     85.672
     -1.483     40.752    253.538    -82.182    -58.634   -140.539     86.011
     -1.485     40.870    253.819    -82.355    -58.653   -140.573     86.350
     -1.487     40.987    254.100    -82.528    -58.672   -140.607     86.691
     -1.489     41.104    254.381    -82.701    -58.690   -140.644     87.032
     -1.491     41.222    254.663    -82.876    -58.708   -140.682     87.374
     -1.493     41.339    254.944    -83.051    -58.725   -140.722     87.718
     -1.495     41.457    255.226    -83.227    -58.741   -140.764     88.062
     -1.497     41.574    255.507    -83.403    -58.757   -140.808     88.407
     -1.499     41.692    255.789    -83.580    -58.772   -140.853     88.754
     -1.501     41.809    256.071    -83.758    -58.787   -140.900     89.101
     -1.503     41.927    256.352    -83.937    -58.801   -140.949     89.450
     -1.505     42.044    256.634    -84.116    -58.814   -141.000     89.799
     -1.507     42.162    256.916    -84.296    -58.826   -141.053     90.149
     -1.509     42.280    257.199    -84.477    -58.838   -141.108     90.501
     -1.511     42.397    257.481    -84.658    -58.849   -141.164     90.853
     -1.513     42.515    257.763    -84.840    -58.860   -141.223     91.207
     -1.515     42.633    258.046    -85.023    -58.869   -141.283     91.562
     -1.517     42.751    258.328    -85.206    -58.878   -141.346     91.917
     -1.519     42.868    258.611    -85.390    -58.887   -141.410     92.274
     -1.521     42.986    258.894    -85.575    -58.894   -141.477     92.632
     -1.523     43.104    259.177    -85.761    -58.901   -141.545     92.990
     -1.525     43.222    259.460    -85.947    -58.907   -141.616     93.350
     -1.527     43.340    259.743    -86.134    -58.912   -141.689     93.711
     -1.529     43.457    260.027    -86.322    -58.916   -141.763     94.073
     -1.531     43.575    260.311    -86.511    -58.920   -141.840     94.436
     -1.533     43.693    260.594    -86.700    -58.922   -141.919     94.800
     -1.535     43.811    260.878    -86.890    -58.924   -142.001     95.165
     -1.537     43.929    261.162    -87.081    -58.925   -142.084     95.532
     -1.539     44.047    261.447    -87.272    -58.925   -142.170     95.899
     -1.541     44.164    261.731    -87.464    -58.925   -142.258     96.268
     -1.543     44.282    262.016    -87.657    -58.923   -142.348     96.637
     -1.545     44.400    262.300    -87.851    -58.920   -142.441     97.008
     -1.547     44.518    262.585    -88.045    -58.917   -142.535     97.380
     -1.549     44.636    262.871    -88.240    -58.912   -142.633     97.753
     -1.551     44.754    263.156    -88.436    -58.907   -142.732     98.127
     -1.553     44.871    263.441    -88.633    -58.901   -142.834     98.502
     -1.555     44.989    263.727    -88.830    -58.893   -142.939     98.878
     -1.557     45.107    264.013    -89.028    -58.885   -143.046     99.255
     -1.559     45.225    264.299    -89.227    -58.875   -143.155     99.634
     -1.561     45.342    264.586    -89.427    -58.865   -143.267    100.013
     -1.563     45.460    264.872    -89.627    -58.853   -143.382    100.394
     -1.565     45.578    265.159    -89.828    -58.841   -143.499    100.776
     -1.567     45.696    265.446    -90.030    -58.827   -143.618    101.158
     -1.569     45.813    265.734    -90.233    -58.812   -143.741    101.542
     -1.571     45.931    266.021    -90.436    -58.796   -143.866    101.928
     -1.573     46.048    266.309    -90.641    -58.779   -143.993    102.314
     -1.575     46.166    266.597    -90.846    -58.760   -144.124    102.701
     -1.577     46.283    266.886    -91.052    -58.740   -144.257    103.090
     -1.579     46.401    267.174    -91.258    -58.720   -144.393    103.479
     -1.581     46.518    267.463    -91.465    -58.697   -144.532    103.870
     -1.583     46.636    267.753    -91.674    -58.674   -144.674    104.262
     -1.585     46.753    268.042    -91.882    -58.649   -144.819    104.655
     -1.587     46.870    268.332    -92.092    -58.623   -144.966    105.049
     -1.589     46.987    268.622    -92.303    -58.596   -145.117    105.444
     -1.591     47.105    268.912    -92.514    -58.567   -145.271    105.840
     -1.593     47.222    269.203    -92.726    -58.537   -145.428    106.238
     -1.595     47.339    269.494    -92.939    -58.505   -145.588    106.636
     -1.597     47.456    269.785    -93.153    -58.471   -145.749    107.036
     -1.599     47.573    270.077    -93.367    -58.436   -145.915    107.436
     -1.601     47.689    270.369    -93.582    -58.400   -146.083    107.837
     -1.603     47.806    270.661    -93.798    -58.362   -146.255    108.240
     -1.605     47.923    270.954    -94.015    -58.322   -146.431    108.644
     -1.607     48.040    271.247    -94.233    -58.281   -146.609    109.048
     -1.609     48.156    271.541    -94.451    -58.238   -146.791    109.454
     -1.611     48.272    271.834    -94.671    -58.193   -146.977    109.861
     -1.613     48.389    272.128    -94.891    -58.147   -147.166    110.269
     -1.615     48.505    272.423    -95.112    -58.099   -147.359    110.678
     -1.617     48.621    272.718    -95.334    -58.050   -147.556    111.087
     -1.619     48.737    273.013    -95.556    -57.998   -147.756    111.498
     -1.621     48.853    273.309    -95.780    -57.945   -147.960    111.910
     -1.623     48.969    273.605    -96.004    -57.889   -148.168    112.323
     -1.625     49.085    273.902    -96.229    -57.832   -148.379    112.737
     -1.627     49.200    274.199    -96.455    -57.773   -148.595    113.152
     -1.629     49.316    274.496    -96.682    -57.712   -148.814    113.567
     -1.631     49.431    274.794    -96.909    -57.649   -149.038    113.984
     -1.633     49.546    275.092    -97.137    -57.584   -149.265    114.401
     -1.635     49.662    275.391    -97.367    -57.516   -149.497    114.820
     -1.637     49.777    275.690    -97.597    -57.447   -149.732    115.239
     -1.639     49.891    275.990    -97.828    -57.375   -149.972    115.659
     -1.641     50.006    276.290    -98.059    -57.301   -150.216    116.080
     -1.643     50.121    276.591    -98.292    -57.225   -150.465    116.502
     -1.645     50.235    276.892    -98.525    -57.147   -150.718    116.924
     -1.647     50.349    277.194    -98.760    -57.066   -150.975    117.347
     -1.649     50.463    277.496    -98.995    -56.982   -151.237    117.771
     -1.651     50.577    277.799    -99.231    -56.896   -151.503    118.196
     -1.653     50.691    278.102    -99.468    -56.808   -151.774    118.621
     -1.655     50.804    278.406    -99.705    -56.717   -152.050    119.047
     -1.657     50.918    278.710    -99.944    -56.623   -152.330    119.473
     -1.659     51.031    279.015   -100.183    -56.527   -152.615    119.900
     -1.661     51.144    279.320   -100.423    -56.428   -152.905    120.328
     -1.663     51.256    279.627   -100.664    -56.326   -153.200    120.755
     -1.665     51.369    279.933   -100.906    -56.221   -153.499    121.184
     -1.667     51.481    280.241   -101.149    -56.113   -153.804    121.612
     -1.669     51.593    280.548   -101.393    -56.002   -154.114    122.041
     -1.671     51.705    280.857   -101.637    -55.888   -154.429    122.471
     -1.673     51.817    281.166   -101.883    -55.771   -154.750    122.900
     -1.675     51.928    281.476   -102.129    -55.651   -155.075    123.330
     -1.677     52.040    281.787   -102.376    -55.528   -155.406    123.759
     -1.679     52.151    282.098   -102.624    -55.401   -155.743    124.189
     -1.681     52.261    282.409   -102.873    -55.270   -156.085    124.619
     -1.683     52.372    282.722   -103.122    -55.137   -156.432    125.049
     -1.685     52.482    283.035   -103.373    -54.999   -156.786    125.478
     -1.687     52.592    283.349   -103.624    -54.858   -157.144    125.907
     -1.689     52.701    283.664   -103.877    -54.714   -157.509    126.336
     -1.691     52.810    283.979   -104.130    -54.565   -157.880    126.765
     -1.693     52.919    284.295   -104.384    -54.413   -158.256    127.193
     -1.695     53.028    284.612   -104.638    -54.257   -158.639    127.621
     -1.697     53.136    284.930   -104.894    -54.096   -159.027    128.048
     -1.699     53.245    285.248   -105.151    -53.932   -159.422    128.474
     -1.701     53.352    285.568   -105.408    -53.763   -159.823    128.900
     -1.703     53.460    285.888   -105.666    -53.590   -160.230    129.324
     -1.705     53.567    286.209   -105.925    -53.413   -160.643    129.748
     -1.707     53.673    286.530   -106.185    -53.231   -161.063    130.170
     -1.709     53.779    286.853   -106.446    -53.044   -161.490    130.591
     -1.711     53.885    287.176   -106.708    -52.853   -161.923    131.011
     -1.713     53.991    287.500   -106.970    -52.657   -162.362    131.429
     -1.715     54.096    287.826   -107.233    -52.456   -162.808    131.845
     -1.717     54.201    288.152   -107.497    -52.250   -163.261    132.260
     -1.719     54.305    288.479   -107.762    -52.040   -163.721    132.673
     -1.721     54.409    288.807   -108.028    -51.823   -164.188    133.084
     -1.723     54.512    289.135   -108.295    -51.602   -164.662    133.492
     -1.725     54.615    289.465   -108.562    -51.375   -165.142    133.898
     -1.727     54.718    289.796   -108.830    -51.143   -165.630    134.302
     -1.729     54.820    290.128   -109.099    -50.905   -166.125    134.703
     -1.731     54.921    290.461   -109.369    -50.662   -166.627    135.101
     -1.733     55.022    290.794   -109.640    -50.412   -167.136    135.496
     -1.735     55.123    291.129   -109.911    -50.157   -167.652    135.888
     -1.737     55.223    291.465   -110.183    -49.895   -168.176    136.276
     -1.739     55.323    291.802   -110.456    -49.628   -168.707    136.660
     -1.741     55.422    292.140   -110.730    -49.354   -169.246    137.041
     -1.743     55.520    292.479   -111.004    -49.073   -169.792    137.418
     -1.745     55.618    292.819   -111.280    -48.786   -170.345    137.790
     -1.747     55.715    293.160   -111.556    -48.493   -170.906    138.157
     -1.749     55.812    293.503   -111.832    -48.192   -171.474    138.520
     -1.751     55.908    293.846   -112.110    -47.885   -172.050    138.878
     -1.753     56.003    294.191   -112.388    -47.571   -172.634    139.230
     -1.755     56.098    294.537   -112.666    -47.250   -173.224    139.577
     -1.757     56.192    294.884   -112.946    -46.921   -173.823    139.917
     -1.759     56.286    295.232   -113.226    -46.585   -174.428    140.252
     -1.761     56.379    295.581   -113.507    -46.242   -175.042    140.580
     -1.763     56.471    295.932   -113.788    -45.891   -175.662    140.901
     -1.765     56.562    296.284   -114.071    -45.532   -176.290    141.216
     -1.767     56.653    296.637   -114.353    -45.166   -176.926    141.522
     -1.769     56.743    296.992   -114.637    -44.792   -177.569    141.821
     -1.771     56.832    297.348   -114.921    -44.409   -178.218    142.112
     -1.773     56.921    297.705   -115.205    -44.019   -178.875    142.395
     -1.775     57.008    298.063   -115.490    -43.621   -179.540    142.668
     -1.777     57.095    298.423   -115.776    -43.214   -180.211    142.933
     -1.779     57.181    298.784   -116.062    -42.799   -180.888    143.188
     -1.781     57.266    299.146   -116.349    -42.375   -181.573    143.433
     -1.783     57.351    299.510   -116.636    -41.943   -182.264    143.667
     -1.785     57.434    299.875   -116.923    -41.502   -182.961    143.891
     -1.787     57.517    300.242   -117.211    -41.053   -183.665    144.104
     -1.789     57.598    300.610   -117.500    -40.595   -184.374    144.306
     -1.791     57.679    300.980   -117.788    -40.129   -185.090    144.495
     -1.793     57.759    301.350   -118.078    -39.653   -185.811    144.672
     -1.795     57.838    301.723   -118.367    -39.169   -186.537    144.837
     -1.797     57.915    302.097   -118.657    -38.676   -187.269    144.988
     -1.799     57.992    302.472   -118.947    -38.175   -188.005    145.125
     -1.801     58.068    302.849   -119.237    -37.664   -188.746    145.249
     -1.803     58.143    303.227   -119.528    -37.145   -189.490    145.358
     -1.805     58.217    303.607   -119.819    -36.617   -190.239    145.452
     -1.807     58.289    303.988   -120.110    -36.081   -190.992    145.531
     -1.809     58.361    304.371   -120.401    -35.536   -191.747    145.593
     -1.811     58.431    304.755   -120.692    -34.982   -192.505    145.638
     -1.813     58.501    305.141   -120.983    -34.421   -193.266    145.662
     -1.815     58.569    305.528   -121.275    -33.851   -194.027    145.660
     -1.817     58.636    305.917   -121.566    -33.274   -194.790    145.633
     -1.819     58.702    306.307   -121.857    -32.689   -195.552    145.585
     -1.821     58.767    306.699   -122.148    -32.098   -196.314    145.519
     -1.823     58.831    307.092   -122.439    -31.500   -197.074    145.433
     -1.825     58.893    307.487   -122.730    -30.895   -197.833    145.328
     -1.827     58.954    307.884   -123.021    -30.284   -198.589    145.205
     -1.829     59.014    308.282   -123.311    -29.667   -199.342    145.062
     -1.831     59.073    308.681   -123.601    -29.044   -200.092    144.900
     -1.833     59.130    309.082   -123.890    -28.416   -200.838    144.719
     -1.835     59.186    309.484   -124.180    -27.783   -201.579    144.518
     -1.837     59.241    309.888   -124.469    -27.146   -202.316    144.298
     -1.839     59.295    310.294   -124.757    -26.504   -203.046    144.058
     -1.841     59.347    310.700   -125.045    -25.858   -203.770    143.798
     -1.843     59.398    311.109   -125.332    -25.208   -204.488    143.519
     -1.845     59.448    311.518   -125.619    -24.555   -205.197    143.220
     -1.847     59.497    311.929   -125.905    -23.899   -205.899    142.902
     -1.849     59.544    312.342   -126.190    -23.241   -206.593    142.564
     -1.851     59.590    312.756   -126.475    -22.580   -207.277    142.208
     -1.853     59.634    313.171   -126.759    -21.918   -207.951    141.832
     -1.855     59.677    313.588   -127.042    -21.255   -208.616    141.437
     -1.857     59.719    314.005   -127.325    -20.591   -209.270    141.024
     -1.859     59.760    314.425   -127.607    -19.926   -209.912    140.593
     -1.861     59.799    314.845   -127.887    -19.262   -210.543    140.143
     -1.863     59.837    315.267   -128.167    -18.597   -211.163    139.676
     -1.865     59.873    315.690   -128.446    -17.934   -211.769    139.191
     -1.867     59.908    316.114   -128.724    -17.272   -212.363    138.689
     -1.869     59.942    316.539   -129.001    -16.612   -212.944    138.171
     -1.871     59.975    316.966   -129.276    -15.953   -213.511    137.637
     -1.873     60.006    317.393   -129.551    -15.297   -214.065    137.087
     -1.875     60.036    317.822   -129.825    -14.644   -214.604    136.521
     -1.877     60.065    318.252   -130.097    -13.994   -215.129    135.941
     -1.879     60.092    318.682   -130.369    -13.347   -215.639    135.346
     -1.881     60.118    319.114   -130.639    -12.705   -216.134    134.738
     -1.883     60.143    319.547   -130.908    -12.066   -216.615    134.117
     -1.885     60.166    319.981   -131.175    -11.432   -217.080    133.482
     -1.887     60.189    320.415   -131.441    -10.803   -217.530    132.836
     -1.889     60.210    320.851   -131.706    -10.180   -217.964    132.178
     -1.891     60.229    321.287   -131.970     -9.561   -218.383    131.509
     -1.893     60.248    321.724   -132.232     -8.948   -218.786    130.829
     -1.895     60.265    322.162   -132.493     -8.342   -219.174    130.140
     -1.897     60.281    322.601   -132.753     -7.741   -219.547    129.440
     -1.899     60.296    323.040   -133.011     -7.147   -219.903    128.732
     -1.901     60.310    323.481   -133.268     -6.559   -220.244    128.016
     -1.903     60.322    323.921   -133.523     -5.978   -220.570    127.292
     -1.905     60.334    324.363   -133.777     -5.404   -220.881    126.561
     -1.907     60.344    324.805   -134.029     -4.838   -221.176    125.823
     -1.909     60.353    325.247   -134.280     -4.278   -221.456    125.078
     -1.911     60.361    325.691   -134.530     -3.726   -221.721    124.328
     -1.913     60.368    326.134   -134.778     -3.181   -221.971    123.573
     -1.915     60.374    326.579   -135.024     -2.644   -222.207    122.813
     -1.917     60.379    327.023   -135.269     -2.115   -222.428    122.049
     -1.919     60.382    327.468   -135.512     -1.593   -222.634    121.281
     -1.921     60.385    327.914   -135.754     -1.079   -222.827    120.510
     -1.923     60.387    328.360   -135.994     -0.573   -223.006    119.736
     -1.925     60.387    328.806   -136.233     -0.075   -223.171    118.959
     -1.927     60.387    329.252   -136.470      0.416   -223.323    118.180
     -1.929     60.386    329.699   -136.706      0.898   -223.462    117.400
     -1.931     60.383    330.146   -136.940      1.373   -223.587    116.618
     -1.933     60.380    330.593   -137.172      1.839   -223.700    115.836
     -1.935     60.376    331.041   -137.403      2.298   -223.801    115.052
     -1.937     60.371    331.488   -137.632      2.749   -223.889    114.269
     -1.939     60.365    331.936   -137.860      3.192   -223.966    113.485
     -1.941     60.358    332.384   -138.086      3.627   -224.030    112.702
     -1.943     60.351    332.832   -138.311      4.054   -224.084    111.920
     -1.945     60.342    333.281   -138.534      4.474   -224.126    111.138
     -1.947     60.333    333.729   -138.756      4.886   -224.158    110.358
     -1.949     60.322    334.177   -138.975      5.291   -224.179    109.579
     -1.951     60.312    334.626   -139.194      5.688   -224.189    108.802
     -1.953     60.300    335.074   -139.411      6.078   -224.190    108.027
     -1.955     60.287    335.522   -139.626      6.460   -224.180    107.254
     -1.957     60.274    335.971   -139.840      6.835   -224.161    106.483
     -1.959     60.260    336.419   -140.052      7.203   -224.133    105.714
     -1.961     60.245    336.867   -140.263      7.564   -224.096    104.949
     -1.963     60.230    337.315   -140.472      7.918   -224.050    104.186
     -1.965     60.213    337.763   -140.679      8.265   -223.995    103.426
     -1.967     60.197    338.211   -140.885      8.605   -223.932    102.669
     -1.969     60.179    338.659   -141.090      8.938   -223.861    101.916
     -1.971     60.161    339.107   -141.293      9.265   -223.782    101.166
     -1.973     60.142    339.554   -141.495      9.585   -223.695    100.419
     -1.975     60.122    340.002   -141.695      9.899   -223.601     99.676
     -1.977     60.102    340.449   -141.893     10.206   -223.500     98.937
     -1.979     60.082    340.896   -142.090     10.507   -223.392     98.201
     -1.981     60.060    341.342   -142.286     10.802   -223.277     97.470
     -1.983     60.038    341.789   -142.480     11.091   -223.156     96.742
     -1.985     60.016    342.235   -142.673     11.374   -223.028     96.019
     -1.987     59.993    342.681   -142.864     11.651   -222.894     95.300
     -1.989     59.969    343.126   -143.054     11.923   -222.754     94.584
     -1.991     59.945    343.572   -143.243     12.189   -222.608     93.874
     -1.993     59.921    344.017   -143.430     12.449   -222.457     93.167
     -1.995     59.896    344.462   -143.615     12.704   -222.300     92.464
     -1.997     59.870    344.906   -143.800     12.953   -222.138     91.766
     -1.999     59.844    345.350   -143.983     13.197   -221.971     91.073
     -2.001     59.817    345.794   -144.164     13.436   -221.799     90.384
     -2.003     59.790    346.237   -144.344     13.670   -221.622     89.699
     -2.005     59.762    346.680   -144.523     13.899   -221.441     89.018
     -2.007     59.734    347.123   -144.700     14.123   -221.255     88.343
     -2.009     59.706    347.565   -144.876     14.343   -221.065     87.671
     -2.011     59.677    348.007   -145.051     14.557   -220.870     87.004
     -2.013     59.648    348.449   -145.224     14.767   -220.672     86.342
     -2.015     59.618    348.890   -145.396     14.973   -220.470     85.684
     -2.017     59.588    349.331   -145.567     15.174   -220.264     85.030
     -2.019     59.557    349.771   -145.736     15.370   -220.054     84.381
     -2.021     59.526    350.211   -145.904     15.563   -219.841     83.737
     -2.023     59.495    350.650   -146.071     15.751   -219.625     83.097
     -2.025     59.463    351.090   -146.237     15.935   -219.405     82.461
     -2.027     59.431    351.528   -146.401     16.115   -219.182     81.830
     -2.029     59.399    351.966   -146.564     16.291   -218.956     81.204
     -2.031     59.366    352.404   -146.726     16.463   -218.728     80.581
     -2.033     59.333    352.841   -146.887     16.632   -218.496     79.964
     -2.035     59.300    353.278   -147.046     16.796   -218.262     79.350
     -2.037     59.266    353.714   -147.204     16.957   -218.025     78.741
     -2.039     59.232    354.150   -147.361     17.115   -217.785     78.136
     -2.041     59.197    354.585   -147.516     17.268   -217.543     77.536
     -2.043     59.163    355.020   -147.671     17.419   -217.299     76.940
     -2.045     59.128    355.455   -147.824     17.566   -217.052     76.348
     -2.047     59.092    355.888   -147.976     17.709   -216.803     75.760
     -2.049     59.057    356.322   -148.127     17.850   -216.552     75.177
     -2.051     59.021    356.755   -148.277     17.987   -216.299     74.598
     -2.053     58.985    357.187   -148.426     18.121   -216.044     74.023
     -2.055     58.949    357.619   -148.573     18.252   -215.788     73.452
     -2.057     58.912    358.050   -148.719     18.380   -215.529     72.885
     -2.059     58.875    358.481   -148.865     18.505   -215.269     72.322
     -2.061     58.838    358.911   -149.009     18.627   -215.007     71.763
     -2.063     58.801    359.341   -149.152     18.747   -214.743     71.209
     -2.065     58.763    359.770   -149.294     18.863   -214.478     70.658
     -2.067     58.725    360.199   -149.434     18.977   -214.211     70.111
     -2.069     58.687    360.627   -149.574     19.088   -213.943     69.568
     -2.071     58.649    361.055   -149.713     19.196   -213.674     69.029
     -2.073     58.610    361.482   -149.850     19.302   -213.403     68.494
     -2.075     58.572    361.908   -149.987     19.406   -213.131     67.963
     -2.077     58.533    362.334   -150.122     19.506   -212.858     67.435
     -2.079     58.493    362.760   -150.256     19.605   -212.584     66.912
     -2.081     58.454    363.185   -150.390     19.701   -212.309     66.391
     -2.083     58.415    363.609   -150.522     19.794   -212.032     65.875
     -2.085     58.375    364.033   -150.653     19.886   -211.755     65.362
     -2.087     58.335    364.456   -150.783     19.975   -211.476     64.853
     -2.089     58.295    364.879   -150.913     20.062   -211.197     64.348
     -2.091     58.255    365.301   -151.041     20.146   -210.917     63.846
     -2.093     58.215    365.722   -151.168     20.229   -210.635     63.347
     -2.095     58.174    366.143   -151.294     20.309   -210.354     62.852
     -2.097     58.133    366.564   -151.419     20.388   -210.071     62.361
     -2.099     58.092    366.983   -151.544     20.464   -209.788     61.873
     -2.101     58.051    367.403   -151.667     20.539   -209.503     61.388
     -2.103     58.010    367.821   -151.789     20.611   -209.219     60.907
     -2.105     57.969    368.240   -151.911     20.681   -208.933     60.429
     -2.107     57.928    368.657   -152.031     20.750   -208.647     59.954
     -2.109     57.886    369.074   -152.150     20.817   -208.361     59.482
     -2.111     57.844    369.491   -152.269     20.882   -208.074     59.014
     -2.113     57.802    369.907   -152.386     20.945   -207.786     58.549
     -2.115     57.761    370.322   -152.503     21.007   -207.498     58.087
     -2.117     57.718    370.737   -152.619     21.066   -207.210     57.628
     -2.119     57.676    371.151   -152.734     21.124   -206.921     57.173
     -2.121     57.634    371.564   -152.847     21.181   -206.632     56.720
     -2.123     57.592    371.977   -152.960     21.235   -206.342     56.271
     -2.125     57.549    372.390   -153.073     21.289   -206.052     55.824
     -2.127     57.506    372.801   -153.184     21.340   -205.762     55.381
     -2.129     57.464    373.213   -153.294     21.390   -205.471     54.940
     -2.131     57.421    373.623   -153.404     21.439   -205.180     54.502
     -2.133     57.378    374.033   -153.512     21.486   -204.889     54.068
     -2.135     57.335    374.443   -153.620     21.531   -204.598     53.636
     -2.137     57.292    374.852   -153.727     21.576   -204.306     53.207
     -2.139     57.249    375.260   -153.833     21.618   -204.014     52.780
     -2.141     57.205    375.668   -153.938     21.660   -203.722     52.357
     -2.143     57.162    376.075   -154.042     21.700   -203.430     51.936
     -2.145     57.119    376.482   -154.145     21.738   -203.138     51.518
     -2.147     57.075    376.887   -154.248     21.776   -202.845     51.103
     -2.149     57.031    377.293   -154.350     21.812   -202.553     50.690
     -2.151     56.988    377.698   -154.451     21.847   -202.260     50.280
     -2.153     56.944    378.102   -154.551     21.880   -201.967     49.873
     -2.155     56.900    378.506   -154.650     21.912   -201.675     49.468
     -2.157     56.856    378.909   -154.749     21.943   -201.382     49.066
     -2.159     56.812    379.311   -154.847     21.973   -201.089     48.667
     -2.161     56.768    379.713   -154.944     22.002   -200.796     48.269
     -2.163     56.724    380.114   -155.040     22.030   -200.503     47.875
     -2.165     56.680    380.515   -155.135     22.056   -200.210     47.483
     -2.167     56.636    380.915   -155.230     22.081   -199.917     47.093
     -2.169     56.592    381.315   -155.323     22.106   -199.625     46.706
     -2.171     56.548    381.714   -155.416     22.129   -199.332     46.321
     -2.173     56.504    382.112   -155.509     22.151   -199.039     45.938
     -2.175     56.459    382.510   -155.600     22.172   -198.746     45.558
     -2.177     56.415    382.907   -155.691     22.192   -198.454     45.180
     -2.179     56.370    383.304   -155.781     22.211   -198.161     44.805
     -2.181     56.326    383.700   -155.870     22.229   -197.868     44.432
     -2.183     56.282    384.095   -155.959     22.246   -197.576     44.061
     -2.185     56.237    384.490   -156.046     22.262   -197.284     43.692
     -2.187     56.192    384.884   -156.133     22.277   -196.991     43.325
     -2.189     56.148    385.278   -156.220     22.291   -196.699     42.961
     -2.191     56.103    385.671   -156.305     22.304   -196.407     42.599
     -2.193     56.059    386.064   -156.390     22.317   -196.116     42.239
     -2.195     56.014    386.455   -156.474     22.328   -195.824     41.881
     -2.197     55.969    386.847   -156.558     22.339   -195.532     41.525
     -2.199     55.925    387.238   -156.640     22.348   -195.241     41.171
     -2.201     55.880    387.628   -156.722     22.357   -194.950     40.820
     -2.203     55.835    388.017   -156.804     22.365   -194.659     40.470
     -2.205     55.791    388.406   -156.884     22.373   -194.368     40.123
     -2.207     55.746    388.795   -156.964     22.379   -194.077     39.777
     -2.209     55.701    389.183   -157.043     22.385   -193.787     39.434
     -2.211     55.656    389.570   -157.122     22.389   -193.497     39.092
     -2.213     55.611    389.957   -157.200     22.393   -193.206     38.752
     -2.215     55.567    390.343   -157.277     22.397   -192.917     38.415
     -2.217     55.522    390.728   -157.353     22.399   -192.627     38.079
     -2.219     55.477    391.113   -157.429     22.401   -192.337     37.745
     -2.221     55.432    391.498   -157.504     22.402   -192.048     37.413
     -2.223     55.387    391.882   -157.579     22.402   -191.759     37.083
     -2.225     55.343    392.265   -157.653     22.402   -191.470     36.755
     -2.227     55.298    392.647   -157.726     22.401   -191.182     36.428
     -2.229     55.253    393.029   -157.798     22.399   -190.893     36.104
     -2.231     55.208    393.411   -157.870     22.397   -190.605     35.781
     -2.233     55.163    393.792   -157.942     22.394   -190.318     35.460
     -2.235     55.119    394.172   -158.012     22.390   -190.030     35.141
     -2.237     55.074    394.552   -158.082     22.385   -189.743     34.823
     -2.239     55.029    394.931   -158.151     22.380   -189.455     34.507
     -2.241     54.984    395.310   -158.220     22.375   -189.169     34.193
     -2.243     54.940    395.688   -158.288     22.368   -188.882     33.881
     -2.245     54.895    396.065   -158.356     22.361   -188.596     33.570
     -2.247     54.850    396.442   -158.422     22.354   -188.310     33.261
     -2.249     54.805    396.819   -158.489     22.346   -188.024     32.954
     -2.251     54.761    397.194   -158.554     22.337   -187.738     32.648
     -2.253     54.716    397.570   -158.619     22.328   -187.453     32.344
     -2.255     54.672    397.944   -158.684     22.318   -187.168     32.042
     -2.257     54.627    398.318   -158.747     22.307   -186.883     31.741
     -2.259     54.582    398.692   -158.811     22.296   -186.599     31.441
     -2.261     54.538    399.065   -158.873     22.285   -186.315     31.144
     -2.263     54.493    399.437   -158.935     22.273   -186.031     30.847
     -2.265     54.449    399.809   -158.997     22.260   -185.747     30.553
     -2.267     54.404    400.180   -159.057     22.247   -185.464     30.260
     -2.269     54.360    400.551   -159.118     22.233   -185.181     29.968
     -2.271     54.315    400.921   -159.177     22.219   -184.898     29.678
     -2.273     54.271    401.290   -159.236     22.204   -184.616     29.389
     -2.275     54.226    401.659   -159.295     22.189   -184.333     29.102
     -2.277     54.182    402.028   -159.353     22.173   -184.052     28.816
     -2.279     54.138    402.395   -159.410     22.157   -183.770     28.532
     -2.281     54.093    402.763   -159.467     22.141   -183.489     28.249
     -2.283     54.049    403.129   -159.523     22.123   -183.208     27.968
     -2.285     54.005    403.495   -159.579     22.106   -182.927     27.688
     -2.287     53.961    403.861   -159.634     22.088   -182.647     27.409
     -2.289     53.917    404.226   -159.688     22.069   -182.366     27.132
     -2.291     53.872    404.591   -159.742     22.050   -182.087     26.856
     -2.293     53.828    404.954   -159.796     22.031   -181.807     26.582
     -2.295     53.784    405.318   -159.849     22.011   -181.528     26.309
     -2.297     53.740    405.681   -159.901     21.991   -181.249     26.037
     -2.299     53.696    406.043   -159.953     21.970   -180.970     25.767
     -2.301     53.652    406.404   -160.004     21.949   -180.692     25.498
     -2.303     53.609    406.766   -160.055     21.927   -180.414     25.230
     -2.305     53.565    407.126   -160.105     21.905   -180.136     24.963
     -2.307     53.521    407.486   -160.155     21.883   -179.859     24.698
     -2.309     53.477    407.845   -160.204     21.860   -179.582     24.434
     -2.311     53.433    408.204   -160.252     21.837   -179.305     24.171
     -2.313     53.390    408.563   -160.301     21.813   -179.028     23.910
     -2.315     53.346    408.920   -160.348     21.789   -178.752     23.650
     -2.317     53.303    409.278   -160.395     21.765   -178.476     23.391
     -2.319     53.259    409.634   -160.442     21.740   -178.200     23.133
     -2.321     53.216    409.991   -160.488     21.715   -177.925     22.877
     -2.323     53.172    410.346   -160.533     21.689   -177.650     22.621
     -2.325     53.129    410.701   -160.578     21.664   -177.375     22.367
     -2.327     53.086    411.056   -160.623     21.637   -177.101     22.114
     -2.329     53.042    411.410   -160.667     21.611   -176.827     21.863
     -2.331     52.999    411.763   -160.710     21.584   -176.553     21.612
     -2.333     52.956    412.116   -160.753     21.557   -176.279     21.362
     -2.335     52.913    412.468   -160.796     21.529   -176.006     21.114
     -2.337     52.870    412.820   -160.838     21.501   -175.733     20.867
     -2.339     52.827    413.171   -160.879     21.473   -175.461     20.621
     -2.341     52.784    413.522   -160.920     21.444   -175.188     20.376
     -2.343     52.741    413.872   -160.961     21.415   -174.916     20.132
     -2.345     52.698    414.221   -161.001     21.386   -174.645     19.890
     -2.347     52.656    414.570   -161.040     21.356   -174.373     19.648
     -2.349     52.613    414.919   -161.079     21.326   -174.102     19.408
     -2.351     52.570    415.267   -161.118     21.296   -173.831     19.168
     -2.353     52.528    415.614   -161.156     21.265   -173.560     18.930
     -2.355     52.485    415.961   -161.193     21.235   -173.290     18.693
     -2.357     52.443    416.307   -161.231     21.203   -173.020     18.456
     -2.359     52.400    416.653   -161.267     21.172   -172.751     18.221
     -2.361     52.358    416.998   -161.303     21.140   -172.481     17.987
     -2.363     52.316    417.343   -161.339     21.108   -172.212     17.754
     -2.365     52.274    417.687   -161.375     21.076   -171.943     17.522
     -2.367     52.232    418.031   -161.409     21.043   -171.675     17.291
     -2.369     52.190    418.374   -161.444     21.010   -171.407     17.061
     -2.371     52.148    418.716   -161.478     20.977   -171.139     16.832
     -2.373     52.106    419.058   -161.511     20.943   -170.871     16.603
     -2.375     52.064    419.400   -161.544     20.910   -170.604     16.376
     -2.377     52.022    419.741   -161.577     20.876   -170.336     16.150
     -2.379     51.980    420.081   -161.609     20.841   -170.070     15.925
     -2.381     51.939    420.421   -161.640     20.807   -169.803     15.701
     -2.383     51.897    420.760   -161.671     20.772   -169.537     15.478
     -2.385     51.856    421.099   -161.702     20.737   -169.271     15.255
     -2.387     51.814    421.437   -161.732     20.701   -169.005     15.034
     -2.389     51.773    421.775   -161.762     20.666   -168.740     14.814
     -2.391     51.731    422.112   -161.792     20.630   -168.475     14.594
     -2.393     51.690    422.449   -161.821     20.594   -168.210     14.375
     -2.395     51.649    422.785   -161.849     20.557   -167.946     14.158
     -2.397     51.608    423.121   -161.877     20.520   -167.681     13.941
     -2.399     51.567    423.456   -161.905     20.484   -167.417     13.725
     -2.401     51.526    423.791   -161.932     20.446   -167.154     13.510
     -2.403     51.485    424.125   -161.959     20.409   -166.890     13.296
     -2.405     51.444    424.458   -161.985     20.371   -166.627     13.083
     -2.407     51.404    424.791   -162.011     20.334   -166.364     12.871
     -2.409     51.363    425.124   -162.037     20.295   -166.101     12.659
     -2.411     51.323    425.456   -162.062     20.257   -165.839     12.449
     -2.413     51.282    425.787   -162.087     20.219   -165.577     12.239
     -2.415     51.242    426.118   -162.111     20.180   -165.315     12.030
     -2.417     51.201    426.448   -162.135     20.141   -165.054     11.822
     -2.419     51.161    426.778   -162.158     20.102   -164.792     11.615
     -2.421     51.121    427.107   -162.181     20.062   -164.531     11.409
     -2.423     51.081    427.436   -162.204     20.022   -164.271     11.203
     -2.425     51.041    427.764   -162.226     19.983   -164.010     10.998
     -2.427     51.001    428.092   -162.248     19.942   -163.750     10.794
     -2.429     50.961    428.419   -162.269     19.902   -163.490     10.591
     -2.431     50.921    428.746   -162.290     19.862   -163.230     10.389
     -2.433     50.882    429.072   -162.311     19.821   -162.971     10.188
     -2.435     50.842    429.398   -162.331     19.780   -162.712      9.987
     -2.437     50.803    429.723   -162.351     19.739   -162.453      9.787
     -2.439     50.763    430.048   -162.370     19.697   -162.194      9.588
     -2.441     50.724    430.372   -162.389     19.656   -161.936      9.390
     -2.443     50.684    430.696   -162.408     19.614   -161.677      9.192
     -2.445     50.645    431.019   -162.426     19.572   -161.420      8.995
     -2.447     50.606    431.341   -162.444     19.530   -161.162      8.799
     -2.449     50.567    431.663   -162.461     19.488   -160.904      8.604
     -2.451     50.528    431.985   -162.478     19.445   -160.647      8.410
     -2.453     50.489    432.306   -162.495     19.402   -160.390      8.216
     -2.455     50.451    432.626   -162.511     19.359   -160.134      8.023
     -2.457     50.412    432.946   -162.527     19.316   -159.877      7.831
     -2.459     50.373    433.266   -162.542     19.273   -159.621      7.639
     -2.461     50.335    433.585   -162.557     19.229   -159.365      7.448
     -2.463     50.296    433.903   -162.572     19.186   -159.109      7.258
     -2.465     50.258    434.221   -162.586     19.142   -158.854      7.069
     -2.467     50.220    434.539   -162.600     19.098   -158.599      6.880
     -2.469     50.182    434.856   -162.614     19.054   -158.344      6.692
     -2.471     50.144    435.172   -162.627     19.009   -158.089      6.505
     -2.473     50.106    435.488   -162.640     18.965   -157.835      6.319
     -2.475     50.068    435.804   -162.652     18.920   -157.580      6.133
     -2.477     50.030    436.118   -162.664     18.875   -157.326      5.948
     -2.479     49.992    436.433   -162.676     18.830   -157.072      5.763
     -2.481     49.955    436.747   -162.687     18.785   -156.819      5.579
     -2.483     49.917    437.060   -162.698     18.739   -156.566      5.396
     -2.485     49.880    437.373   -162.709     18.693   -156.312      5.214
     -2.487     49.842    437.685   -162.719     18.648   -156.060      5.032
     -2.489     49.805    437.997   -162.729     18.602   -155.807      4.851
     -2.491     49.768    438.309   -162.739     18.556   -155.554      4.671
     -2.493     49.731    438.619   -162.748     18.509   -155.302      4.491
     -2.495     49.694    438.930   -162.757     18.463   -155.050      4.312
     -2.497     49.657    439.240   -162.765     18.416   -154.798      4.133
     -2.499     49.620    439.549   -162.773     18.370   -154.547      3.956
     -2.501     49.584    439.858   -162.781     18.323   -154.296      3.778
     -2.503     49.547    440.166   -162.788     18.275   -154.044      3.602
     -2.505     49.510    440.474   -162.795     18.228   -153.794      3.426
     -2.507     49.474    440.781   -162.802     18.181   -153.543      3.251
     -2.509     49.438    441.088   -162.808     18.133   -153.292      3.076
     -2.511     49.402    441.395   -162.814     18.086   -153.042      2.902
     -2.513     49.365    441.700   -162.820     18.038   -152.792      2.729
     -2.515     49.329    442.006   -162.825     17.990   -152.542      2.556
     -2.517     49.293    442.311   -162.830     17.941   -152.293      2.384
     -2.519     49.258    442.615   -162.835     17.893   -152.043      2.212
     -2.521     49.222    442.919   -162.839     17.845   -151.794      2.041
     -2.523     49.186    443.222   -162.843     17.796   -151.545      1.871
     -2.525     49.151    443.525   -162.847     17.747   -151.296      1.701
     -2.527     49.115    443.827   -162.850     17.698   -151.048      1.532
     -2.529     49.080    444.129   -162.853     17.649   -150.799      1.363
     -2.531     49.045    444.430   -162.855     17.600   -150.551      1.196
     -2.533     49.009    444.731   -162.857     17.551   -150.303      1.028
     -2.535     48.974    445.032   -162.859     17.501   -150.055      0.861
     -2.537     48.939    445.332   -162.861     17.452   -149.808      0.695
     -2.539     48.905    445.631   -162.862     17.402   -149.560      0.529
     -2.541     48.870    445.930   -162.863     17.352   -149.313      0.364
     -2.543     48.835    446.228   -162.864     17.302   -149.066      0.200
     -2.545     48.801    446.526   -162.864     17.252   -148.819      0.036
     -2.547     48.766    446.823   -162.864     17.201   -148.573     -0.127
     -2.549     48.732    447.120   -162.863     17.151   -148.326     -0.290
     -2.551     48.698    447.417   -162.863     17.100   -148.080     -0.453
     -2.553     48.663    447.713   -162.861     17.049   -147.834     -0.614
     -2.555     48.629    448.008   -162.860     16.999   -147.588     -0.775
     -2.557     48.595    448.303   -162.858     16.948   -147.342     -0.936
     -2.559     48.562    448.597   -162.856     16.896   -147.097     -1.096
     -2.561     48.528    448.891   -162.854     16.845   -146.851     -1.256
     -2.563     48.494    449.185   -162.851     16.794   -146.606     -1.415
     -2.565     48.461    449.478   -162.848     16.742   -146.361     -1.573
     -2.567     48.427    449.770   -162.845     16.690   -146.117     -1.731
     -2.569     48.394    450.062   -162.841     16.639   -145.872     -1.889
     -2.571     48.361    450.354   -162.837     16.587   -145.628     -2.045
     -2.573     48.328    450.645   -162.833     16.535   -145.383     -2.202
     -2.575     48.295    450.935   -162.829     16.482   -145.139     -2.358
     -2.577     48.262    451.225   -162.824     16.430   -144.895     -2.513
     -2.579     48.229    451.515   -162.819     16.378   -144.652     -2.668
     -2.581     48.196    451.804   -162.813     16.325   -144.408     -2.822
     -2.583     48.164    452.093   -162.807     16.272   -144.165     -2.976
     -2.585     48.131    452.381   -162.801     16.219   -143.921     -3.129
     -2.587     48.099    452.668   -162.795     16.167   -143.678     -3.282
     -2.589     48.066    452.955   -162.788     16.113   -143.436     -3.434
     -2.591     48.034    453.242   -162.781     16.060   -143.193     -3.586
     -2.593     48.002    453.528   -162.774     16.007   -142.950     -3.737
     -2.595     47.970    453.814   -162.766     15.953   -142.708     -3.888
     -2.597     47.938    454.099   -162.758     15.900   -142.466     -4.038
     -2.599     47.907    454.384   -162.750     15.846   -142.224     -4.188
     -2.601     47.875    454.668   -162.741     15.792   -141.982     -4.338
     -2.603     47.843    454.952   -162.733     15.738   -141.740     -4.486
     -2.605     47.812    455.235   -162.724     15.684   -141.498     -4.635
     -2.607     47.781    455.518   -162.714     15.630   -141.257     -4.783
     -2.609     47.750    455.800   -162.704     15.576   -141.016     -4.930
     -2.611     47.718    456.082   -162.694     15.521   -140.775     -5.077
     -2.613     47.687    456.363   -162.684     15.467   -140.534     -5.224
     -2.615     47.657    456.644   -162.673     15.412   -140.293     -5.370
     -2.617     47.626    456.924   -162.663     15.357   -140.052     -5.515
     -2.619     47.595    457.204   -162.651     15.303   -139.812     -5.660
     -2.621     47.565    457.483   -162.640     15.248   -139.571     -5.805
     -2.623     47.534    457.762   -162.628     15.192   -139.331     -5.949
     -2.625     47.504    458.041   -162.616     15.137   -139.091     -6.093
     -2.627     47.474    458.319   -162.604     15.082   -138.851     -6.236
     -2.629     47.443    458.596   -162.591     15.026   -138.611     -6.379
     -2.631     47.413    458.873   -162.578     14.971   -138.371     -6.521
     -2.633     47.384    459.150   -162.565     14.915   -138.132     -6.663
     -2.635     47.354    459.426   -162.552     14.859   -137.893     -6.804
     -2.637     47.324    459.701   -162.538     14.803   -137.653     -6.945
     -2.639     47.295    459.976   -162.524     14.747   -137.414     -7.086
     -2.641     47.265    460.251   -162.510     14.691   -137.175     -7.226
     -2.643     47.236    460.525   -162.495     14.635   -136.936     -7.366
     -2.645     47.207    460.799   -162.480     14.579   -136.698     -7.505
     -2.647     47.178    461.072   -162.465     14.522   -136.459     -7.644
     -2.649     47.149    461.344   -162.450     14.466   -136.221     -7.782
     -2.651     47.120    461.617   -162.434     14.409   -135.982     -7.920
     -2.653     47.091    461.888   -162.418     14.352   -135.744     -8.058
     -2.655     47.062    462.160   -162.402     14.295   -135.506     -8.195
     -2.657     47.034    462.430   -162.385     14.238   -135.268     -8.332
     -2.659     47.005    462.701   -162.368     14.181   -135.031     -8.468
     -2.661     46.977    462.970   -162.351     14.124   -134.793     -8.604
     -2.663     46.949    463.240   -162.334     14.066   -134.555     -8.739
     -2.665     46.921    463.509   -162.316     14.009   -134.318     -8.874
     -2.667     46.893    463.777   -162.298     13.951   -134.081     -9.009
     -2.669     46.865    464.045   -162.280     13.894   -133.844     -9.143
     -2.671     46.837    464.312   -162.262     13.836   -133.606     -9.277
     -2.673     46.810    464.579   -162.243     13.778   -133.370     -9.410
     -2.675     46.782    464.846   -162.224     13.720   -133.133     -9.543
     -2.677     46.755    465.112   -162.205     13.662   -132.896     -9.676
     -2.679     46.727    465.377   -162.185     13.604   -132.659     -9.808
     -2.681     46.700    465.643   -162.166     13.545   -132.423     -9.940
     -2.683     46.673    465.907   -162.146     13.487   -132.187    -10.071
     -2.685     46.646    466.171   -162.125     13.428   -131.950    -10.202
     -2.687     46.620    466.435   -162.105     13.370   -131.714    -10.333
     -2.689     46.593    466.698   -162.084     13.311   -131.478    -10.463
     -2.691     46.566    466.961   -162.063     13.252   -131.242    -10.593
     -2.693     46.540    467.223   -162.042     13.193   -131.007    -10.722
     -2.695     46.514    467.485   -162.020     13.134   -130.771    -10.851
     -2.697     46.487    467.746   -161.998     13.075   -130.535    -10.980
     -2.699     46.461    468.007   -161.976     13.016   -130.300    -11.108
     -2.701     46.435    468.267   -161.954     12.956   -130.064    -11.236
     -2.703     46.409    468.527   -161.931     12.897   -129.829    -11.363
     -2.705     46.384    468.787   -161.908     12.837   -129.594    -11.490
     -2.707     46.358    469.046   -161.885     12.778   -129.359    -11.617
     -2.709     46.333    469.304   -161.862     12.718   -129.124    -11.743
     -2.711     46.307    469.562   -161.838     12.658   -128.889    -11.869
     -2.713     46.282    469.820   -161.814     12.598   -128.654    -11.995
     -2.715     46.257    470.077   -161.790     12.538   -128.419    -12.120
     -2.717     46.232    470.333   -161.766     12.478   -128.185    -12.245
     -2.719     46.207    470.590   -161.741     12.417   -127.950    -12.370
     -2.721     46.182    470.845   -161.717     12.357   -127.716    -12.494
     -2.723     46.157    471.100   -161.691     12.296   -127.482    -12.617
     -2.725     46.133    471.355   -161.666     12.236   -127.247    -12.741
     -2.727     46.108    471.609   -161.640     12.175   -127.013    -12.864
     -2.729     46.084    471.863   -161.615     12.114   -126.779    -12.986
     -2.731     46.060    472.117   -161.589     12.053   -126.545    -13.109
     -2.733     46.036    472.369   -161.562     11.992   -126.311    -13.231
     -2.735     46.012    472.622   -161.536     11.931   -126.078    -13.352
     -2.737     45.988    472.874   -161.509     11.870   -125.844    -13.474
     -2.739     45.965    473.125   -161.482     11.809   -125.610    -13.594
     -2.741     45.941    473.376   -161.454     11.747   -125.377    -13.715
     -2.743     45.918    473.627   -161.427     11.686   -125.143    -13.835
     -2.745     45.894    473.877   -161.399     11.624   -124.910    -13.955
     -2.747     45.871    474.126   -161.371     11.562   -124.677    -14.074
     -2.749     45.848    474.375   -161.343     11.500   -124.443    -14.194
     -2.751     45.825    474.624   -161.314     11.438   -124.210    -14.312
     -2.753     45.802    474.872   -161.285     11.376   -123.977    -14.431
     -2.755     45.780    475.120   -161.257     11.314   -123.744    -14.549
     -2.757     45.757    475.367   -161.227     11.252   -123.511    -14.667
     -2.759     45.735    475.614   -161.198     11.190   -123.278    -14.784
     -2.761     45.712    475.860   -161.168     11.127   -123.046    -14.901
     -2.763     45.690    476.106   -161.138     11.065   -122.813    -15.018
     -2.765     45.668    476.352   -161.108     11.002   -122.580    -15.134
     -2.767     45.646    476.597   -161.078     10.939   -122.348    -15.250
     -2.769     45.624    476.841   -161.047     10.876   -122.115    -15.366
     -2.771     45.603    477.085   -161.016     10.813   -121.883    -15.481
     -2.773     45.581    477.329   -160.985     10.750   -121.650    -15.596
     -2.775     45.560    477.572   -160.954     10.687   -121.418    -15.711
     -2.777     45.538    477.814   -160.922     10.624   -121.186    -15.826
     -2.779     45.517    478.056   -160.891     10.561   -120.953    -15.940
     -2.781     45.496    478.298   -160.859     10.497   -120.721    -16.053
     -2.783     45.475    478.539   -160.826     10.434   -120.489    -16.167
     -2.785     45.454    478.780   -160.794     10.370   -120.257    -16.280
     -2.787     45.434    479.020   -160.761     10.306   -120.025    -16.393
     -2.789     45.413    479.260   -160.728     10.242   -119.793    -16.505
     -2.791     45.393    479.499   -160.695     10.178   -119.562    -16.617
     -2.793     45.372    479.738   -160.662     10.114   -119.330    -16.729
     -2.795     45.352    479.977   -160.628     10.050   -119.098    -16.841
     -2.797     45.332    480.215   -160.594      9.986   -118.866    -16.952
     -2.799     45.312    480.452   -160.560      9.921   -118.635    -17.063
     -2.801     45.292    480.689   -160.526      9.857   -118.403    -17.173
     -2.803     45.273    480.926   -160.492      9.792   -118.172    -17.283
     -2.805     45.253    481.162   -160.457      9.728   -117.940    -17.393
     -2.807     45.234    481.398   -160.422      9.663   -117.709    -17.503
     -2.809     45.215    481.633   -160.387      9.598   -117.477    -17.612
     -2.811     45.196    481.867   -160.352      9.533   -117.246    -17.721
     -2.813     45.177    482.102   -160.316      9.468   -117.015    -17.830
     -2.815     45.158    482.336   -160.280      9.403   -116.783    -17.938
     -2.817     45.139    482.569   -160.244      9.338   -116.552    -18.046
     -2.819     45.120    482.802   -160.208      9.272   -116.321    -18.154
     -2.821     45.102    483.034   -160.172      9.207   -116.090    -18.261
     -2.823     45.083    483.266   -160.135      9.141   -115.859    -18.368
     -2.825     45.065    483.498   -160.098      9.076   -115.628    -18.475
     -2.827     45.047    483.729   -160.061      9.010   -115.397    -18.582
     -2.829     45.029    483.959   -160.024      8.944   -115.166    -18.688
     -2.831     45.011    484.189   -159.987      8.878   -114.935    -18.794
     -2.833     44.994    484.419   -159.949      8.812   -114.704    -18.899
     -2.835     44.976    484.648   -159.911      8.746   -114.473    -19.005
     -2.837     44.959    484.877   -159.873      8.679   -114.242    -19.110
     -2.839     44.941    485.105   -159.835      8.613   -114.011    -19.214
     -2.841     44.924    485.333   -159.796      8.546   -113.780    -19.319
     -2.843     44.907    485.560   -159.757      8.480   -113.550    -19.423
     -2.845     44.890    485.787   -159.718      8.413   -113.319    -19.527
     -2.847     44.874    486.013   -159.679      8.346   -113.088    -19.630
     -2.849     44.857    486.239   -159.640      8.279   -112.857    -19.733
     -2.851     44.840    486.465   -159.600      8.212   -112.627    -19.836
     -2.853     44.824    486.690   -159.560      8.145   -112.396    -19.939
     -2.855     44.808    486.914   -159.520      8.078   -112.166    -20.041
     -2.857     44.792    487.139   -159.480      8.011   -111.935    -20.143
     -2.859     44.776    487.362   -159.440      7.943   -111.704    -20.245
     -2.861     44.760    487.585   -159.399      7.876   -111.474    -20.347
     -2.863     44.744    487.808   -159.359      7.808   -111.243    -20.448
     -2.865     44.729    488.030   -159.318      7.740   -111.013    -20.549
     -2.867     44.713    488.252   -159.276      7.673   -110.782    -20.649
     -2.869     44.698    488.473   -159.235      7.605   -110.552    -20.750
     -2.871     44.683    488.694   -159.193      7.537   -110.321    -20.850
     -2.873     44.668    488.915   -159.152      7.468   -110.091    -20.950
     -2.875     44.653    489.135   -159.110      7.400   -109.860    -21.049
     -2.877     44.638    489.354   -159.067      7.332   -109.630    -21.148
     -2.879     44.624    489.573   -159.025      7.263   -109.400    -21.247
     -2.881     44.609    489.792   -158.982      7.195   -109.169    -21.346
     -2.883     44.595    490.010   -158.940      7.126   -108.939    -21.444
     -2.885     44.581    490.228   -158.897      7.057   -108.708    -21.542
     -2.887     44.567    490.445   -158.853      6.988   -108.478    -21.640
     -2.889     44.553    490.661   -158.810      6.919   -108.248    -21.738
     -2.891     44.539    490.878   -158.766      6.850   -108.017    -21.835
     -2.893     44.525    491.094   -158.723      6.781   -107.787    -21.932
     -2.895     44.512    491.309   -158.679      6.712   -107.556    -22.029
     -2.897     44.499    491.524   -158.635      6.642   -107.326    -22.125
     -2.899     44.485    491.738   -158.590      6.573   -107.096    -22.221
     -2.901     44.472    491.952   -158.546      6.503   -106.865    -22.317
     -2.903     44.459    492.166   -158.501      6.434   -106.635    -22.413
     -2.905     44.447    492.379   -158.456      6.364   -106.404    -22.508
     -2.907     44.434    492.591   -158.411      6.294   -106.174    -22.603
     -2.909     44.421    492.803   -158.366      6.224   -105.944    -22.698
     -2.911     44.409    493.015   -158.320      6.153   -105.713    -22.792
     -2.913     44.397    493.226   -158.274      6.083   -105.483    -22.886
     -2.915     44.385    493.437   -158.229      6.013   -105.252    -22.980
     -2.917     44.373    493.647   -158.182      5.942   -105.022    -23.074
     -2.919     44.361    493.857   -158.136      5.872   -104.792    -23.168
     -2.921     44.349    494.066   -158.090      5.801   -104.561    -23.261
     -2.923     44.338    494.275   -158.043      5.730   -104.331    -23.354
     -2.925     44.326    494.484   -157.996      5.659   -104.100    -23.446
     -2.927     44.315    494.692   -157.949      5.588   -103.870    -23.539
     -2.929     44.304    494.899   -157.902      5.517   -103.639    -23.631
     -2.931     44.293    495.106   -157.855      5.446   -103.409    -23.722
     -2.933     44.282    495.313   -157.807      5.374   -103.178    -23.814
     -2.935     44.272    495.519   -157.760      5.303   -102.947    -23.905
     -2.937     44.261    495.725   -157.712      5.231   -102.717    -23.996
     -2.939     44.251    495.930   -157.664      5.160   -102.486    -24.087
     -2.941     44.240    496.135   -157.615      5.088   -102.256    -24.178
     -2.943     44.230    496.339   -157.567      5.016   -102.025    -24.268
     -2.945     44.220    496.543   -157.518      4.944   -101.794    -24.358
     -2.947     44.210    496.746   -157.470      4.872   -101.564    -24.448
     -2.949     44.201    496.949   -157.421      4.799   -101.333    -24.537
     -2.951     44.191    497.151   -157.371      4.727   -101.102    -24.626
     -2.953     44.182    497.353   -157.322      4.655   -100.871    -24.715
     -2.955     44.173    497.555   -157.273      4.582   -100.641    -24.804
     -2.957     44.164    497.756   -157.223      4.509   -100.410    -24.892
     -2.959     44.155    497.956   -157.173      4.436   -100.179    -24.980
     -2.961     44.146    498.157   -157.123      4.364    -99.948    -25.068
     -2.963     44.137    498.356   -157.073      4.291    -99.717    -25.156
     -2.965     44.129    498.555   -157.022      4.217    -99.486    -25.243
     -2.967     44.120    498.754   -156.972      4.144    -99.255    -25.330
     -2.969     44.112    498.953   -156.921      4.071    -99.024    -25.417
     -2.971     44.104    499.150   -156.870      3.997    -98.793    -25.504
     -2.973     44.096    499.348   -156.819      3.924    -98.562    -25.590
     -2.975     44.088    499.545   -156.768      3.850    -98.331    -25.676
     -2.977     44.081    499.741   -156.716      3.776    -98.100    -25.762
     -2.979     44.073    499.937   -156.665      3.702    -97.868    -25.848
     -2.981     44.066    500.132   -156.613      3.628    -97.637    -25.933
     -2.983     44.059    500.328   -156.561      3.554    -97.406    -26.018
     -2.985     44.052    500.522   -156.509      3.479    -97.174    -26.103
     -2.987     44.045    500.716   -156.456      3.405    -96.943    -26.188
     -2.989     44.038    500.910   -156.404      3.330    -96.711    -26.272
     -2.991     44.031    501.103   -156.351      3.256    -96.480    -26.356
     -2.993     44.025    501.296   -156.299      3.181    -96.248    -26.440
     -2.995     44.019    501.488   -156.246      3.106    -96.017    -26.523
     -2.997     44.013    501.680   -156.192      3.031    -95.785    -26.607
     -2.999     44.007    501.871   -156.139      2.956    -95.553    -26.690
     -3.001     44.001    502.062   -156.086      2.880    -95.322    -26.773
     -3.003     43.995    502.252   -156.032      2.805    -95.090    -26.855
     -3.005     43.990    502.442   -155.978      2.729    -94.858    -26.937
     -3.007     43.984    502.632   -155.924      2.654    -94.626    -27.019
     -3.009     43.979    502.821   -155.870      2.578    -94.394    -27.101
     -3.011     43.974    503.009   -155.816      2.502    -94.162    -27.183
     -3.013     43.969    503.198   -155.762      2.426    -93.930    -27.264
     -3.015     43.964    503.385   -155.707      2.350    -93.698    -27.345
     -3.017     43.960    503.572   -155.652      2.274    -93.466    -27.426
     -3.019     43.955    503.759   -155.597      2.197    -93.233    -27.507
     -3.021     43.951    503.945   -155.542      2.121    -93.001    -27.587
     -3.023     43.947    504.131   -155.487      2.044    -92.768    -27.667
     -3.025     43.943    504.316   -155.431      1.967    -92.536    -27.747
     -3.027     43.939    504.501   -155.376      1.891    -92.303    -27.826
     -3.029     43.935    504.686   -155.320      1.814    -92.071    -27.906
     -3.031     43.931    504.870   -155.264      1.736    -91.838    -27.985
     -3.033     43.928    505.053   -155.208      1.659    -91.605    -28.063
     -3.035     43.925    505.236   -155.152      1.582    -91.372    -28.142
     -3.037     43.922    505.418   -155.096      1.504    -91.140    -28.220
     -3.039     43.919    505.600   -155.039      1.427    -90.907    -28.298
     -3.041     43.916    505.782   -154.982      1.349    -90.674    -28.376
     -3.043     43.913    505.963   -154.926      1.271    -90.440    -28.454
     -3.045     43.911    506.144   -154.869      1.193    -90.207    -28.531
     -3.047     43.909    506.324   -154.811      1.115    -89.974    -28.608
     -3.049     43.906    506.504   -154.754      1.037    -89.741    -28.685
     -3.051     43.904    506.683   -154.697      0.958    -89.507    -28.762
     -3.053     43.903    506.862   -154.639      0.880    -89.274    -28.838
     -3.055     43.901    507.040   -154.581      0.801    -89.040    -28.914
     -3.057     43.899    507.218   -154.523      0.722    -88.806    -28.990
     -3.059     43.898    507.395   -154.465      0.643    -88.572    -29.066
     -3.061     43.897    507.572   -154.407      0.564    -88.339    -29.141
     -3.063     43.896    507.749   -154.349      0.485    -88.105    -29.216
     -3.065     43.895    507.925   -154.290      0.406    -87.871    -29.291
     -3.067     43.894    508.100   -154.232      0.326    -87.636    -29.366
     -3.069     43.894    508.275   -154.173      0.247    -87.402    -29.440
     -3.071     43.893    508.450   -154.114      0.167    -87.168    -29.514
     -3.073     43.893    508.624   -154.055      0.087    -86.934    -29.588
     -3.075     43.893    508.797   -153.996      0.007    -86.699    -29.662
     -3.077     43.893    508.971   -153.936     -0.073    -86.464    -29.735
     -3.079     43.893    509.143   -153.877     -0.153    -86.230    -29.808
     -3.081     43.894    509.316   -153.817     -0.234    -85.995    -29.881
     -3.083     43.894    509.487   -153.757     -0.314    -85.760    -29.954
     -3.085     43.895    509.659   -153.697     -0.395    -85.525    -30.026
     -3.087     43.896    509.829   -153.637     -0.476    -85.290    -30.098
     -3.089     43.897    510.000   -153.577     -0.557    -85.055    -30.170
     -3.091     43.898    510.170   -153.516     -0.638    -84.820    -30.242
     -3.093     43.899    510.339   -153.456     -0.719    -84.584    -30.313
     -3.095     43.901    510.508   -153.395     -0.800    -84.349    -30.385
     -3.097     43.902    510.676   -153.334     -0.882    -84.113    -30.455
     -3.099     43.904    510.844   -153.273     -0.964    -83.877    -30.526
     -3.101     43.906    511.012   -153.212     -1.045    -83.641    -30.597
     -3.103     43.908    511.179   -153.151     -1.127    -83.406    -30.667
     -3.105     43.911    511.346   -153.089     -1.209    -83.169    -30.737
     -3.107     43.913    511.512   -153.028     -1.292    -82.933    -30.806
     -3.109     43.916    511.677   -152.966     -1.374    -82.697    -30.876
     -3.111     43.919    511.842   -152.904     -1.456    -82.461    -30.945
     -3.113     43.922    512.007   -152.842     -1.539    -82.224    -31.014
     -3.115     43.925    512.171   -152.780     -1.622    -81.987    -31.083
     -3.117     43.928    512.335   -152.718     -1.705    -81.751    -31.151
     -3.119     43.932    512.498   -152.656     -1.788    -81.514    -31.220
     -3.121     43.935    512.661   -152.593     -1.871    -81.277    -31.288
     -3.123     43.939    512.823   -152.531     -1.955    -81.040    -31.355
     -3.125     43.943    512.985   -152.468     -2.038    -80.803    -31.423
     -3.127     43.947    513.147   -152.405     -2.122    -80.565    -31.490
     -3.129     43.952    513.308   -152.342     -2.206    -80.328    -31.557
     -3.131     43.956    513.468   -152.279     -2.290    -80.090    -31.624
     -3.133     43.961    513.628   -152.215     -2.374    -79.852    -31.690
     -3.135     43.966    513.787   -152.152     -2.458    -79.615    -31.757
     -3.137     43.971    513.946   -152.088     -2.542    -79.377    -31.823
     -3.139     43.976    514.105   -152.025     -2.627    -79.138    -31.888
     -3.141     43.981    514.263   -151.961     -2.712    -78.900    -31.954
     -3.143     43.987    514.420   -151.897     -2.797    -78.662    -32.019
     -3.145     43.992    514.578   -151.833     -2.882    -78.423    -32.084
     -3.147     43.998    514.734   -151.768     -2.967    -78.185    -32.149
     -3.149     44.004    514.890   -151.704     -3.052    -77.946    -32.214
     -3.151     44.010    515.046   -151.640     -3.138    -77.707    -32.278
     -3.153     44.017    515.201   -151.575     -3.223    -77.468    -32.342
     -3.155     44.023    515.356   -151.510     -3.309    -77.228    -32.406
     -3.157     44.030    515.510   -151.445     -3.395    -76.989    -32.469
     -3.159     44.037    515.664   -151.380     -3.481    -76.750    -32.532
     -3.161     44.044    515.817   -151.315     -3.567    -76.510    -32.595
     -3.163     44.051    515.970   -151.250     -3.654    -76.270    -32.658
     -3.165     44.059    516.122   -151.185     -3.741    -76.030    -32.721
     -3.167     44.066    516.274   -151.119     -3.827    -75.790    -32.783
     -3.169     44.074    516.425   -151.054     -3.914    -75.550    -32.845
     -3.171     44.082    516.576   -150.988     -4.001    -75.309    -32.907
     -3.173     44.090    516.727   -150.922     -4.089    -75.069    -32.968
     -3.175     44.098    516.876   -150.856     -4.176    -74.828    -33.030
     -3.177     44.107    517.026   -150.790     -4.263    -74.587    -33.091
     -3.179     44.115    517.175   -150.724     -4.351    -74.346    -33.151
     -3.181     44.124    517.323   -150.657     -4.439    -74.105    -33.212
     -3.183     44.133    517.471   -150.591     -4.527    -73.864    -33.272
     -3.185     44.142    517.619   -150.524     -4.615    -73.622    -33.332
     -3.187     44.151    517.766   -150.457     -4.704    -73.380    -33.392
     -3.189     44.161    517.912   -150.390     -4.792    -73.139    -33.451
     -3.191     44.171    518.058   -150.324     -4.881    -72.897    -33.511
     -3.193     44.180    518.204   -150.256     -4.970    -72.654    -33.570
     -3.195     44.191    518.349   -150.189     -5.059    -72.412    -33.628
     -3.197     44.201    518.493   -150.122     -5.148    -72.170    -33.687
     -3.199     44.211    518.638   -150.055     -5.238    -71.927    -33.745
     -3.201     44.222    518.781   -149.987     -5.327    -71.684    -33.803
     -3.203     44.232    518.924   -149.919     -5.417    -71.441    -33.861
     -3.205     44.243    519.067   -149.852     -5.507    -71.198    -33.918
     -3.207     44.254    519.209   -149.784     -5.597    -70.954    -33.975
     -3.209     44.266    519.351   -149.716     -5.687    -70.711    -34.032
     -3.211     44.277    519.492   -149.647     -5.778    -70.467    -34.089
     -3.213     44.289    519.633   -149.579     -5.868    -70.223    -34.145
     -3.215     44.301    519.773   -149.511     -5.959    -69.979    -34.201
     -3.217     44.313    519.913   -149.442     -6.050    -69.735    -34.257
     -3.219     44.325    520.052   -149.374     -6.141    -69.490    -34.313
     -3.221     44.337    520.190   -149.305     -6.233    -69.246    -34.368
     -3.223     44.350    520.329   -149.236     -6.324    -69.001    -34.423
     -3.225     44.363    520.466   -149.168     -6.416    -68.756    -34.478
     -3.227     44.375    520.604   -149.099     -6.508    -68.511    -34.533
     -3.229     44.389    520.741   -149.029     -6.600    -68.265    -34.587
     -3.231     44.402    520.877   -148.960     -6.692    -68.020    -34.641
     -3.233     44.415    521.013   -148.891     -6.785    -67.774    -34.695
     -3.235     44.429    521.148   -148.821     -6.877    -67.528    -34.748
     -3.237     44.443    521.283   -148.752     -6.970    -67.282    -34.802
     -3.239     44.457    521.417   -148.682     -7.063    -67.035    -34.855
     -3.241     44.471    521.551   -148.612     -7.156    -66.789    -34.907
     -3.243     44.486    521.684   -148.543     -7.249    -66.542    -34.960
     -3.245     44.500    521.817   -148.473     -7.343    -66.295    -35.012
     -3.247     44.515    521.949   -148.402     -7.437    -66.048    -35.064
     -3.249     44.530    522.081   -148.332     -7.531    -65.800    -35.115
     -3.251     44.545    522.213   -148.262     -7.625    -65.552    -35.167
     -3.253     44.560    522.343   -148.192     -7.719    -65.305    -35.218
     -3.255     44.576    522.474   -148.121     -7.814    -65.057    -35.269
     -3.257     44.592    522.604   -148.051     -7.908    -64.808    -35.319
     -3.259     44.608    522.733   -147.980     -8.003    -64.560    -35.369
     -3.261     44.624    522.862   -147.909     -8.098    -64.311    -35.419
     -3.263     44.640    522.990   -147.838     -8.194    -64.062    -35.469
     -3.265     44.656    523.118   -147.767     -8.289    -63.813    -35.518
     -3.267     44.673    523.245   -147.696     -8.385    -63.564    -35.568
     -3.269     44.690    523.372   -147.625     -8.481    -63.314    -35.616
     -3.271     44.707    523.499   -147.554     -8.577    -63.064    -35.665
     -3.273     44.724    523.625   -147.482     -8.673    -62.814    -35.713
     -3.275     44.742    523.750   -147.411     -8.769    -62.564    -35.761
     -3.277     44.759    523.875   -147.339     -8.866    -62.314    -35.809
     -3.279     44.777    523.999   -147.268     -8.963    -62.063    -35.857
     -3.281     44.795    524.123   -147.196     -9.060    -61.812    -35.904
     -3.283     44.813    524.247   -147.124     -9.157    -61.561    -35.951
     -3.285     44.832    524.369   -147.052     -9.255    -61.309    -35.997
     -3.287     44.850    524.492   -146.980     -9.353    -61.058    -36.044
     -3.289     44.869    524.614   -146.908     -9.451    -60.806    -36.090
     -3.291     44.888    524.735   -146.836     -9.549    -60.554    -36.135
     -3.293     44.907    524.856   -146.763     -9.647    -60.301    -36.181
     -3.295     44.927    524.976   -146.691     -9.746    -60.049    -36.226
     -3.297     44.946    525.096   -146.618     -9.844    -59.796    -36.271
     -3.299     44.966    525.215   -146.546     -9.943    -59.543    -36.315
     -3.301     44.986    525.334   -146.473    -10.043    -59.289    -36.360
     -3.303     45.006    525.453   -146.400    -10.142    -59.036    -36.404
     -3.305     45.027    525.570   -146.328    -10.242    -58.782    -36.447
     -3.307     45.047    525.688   -146.255    -10.341    -58.528    -36.491
     -3.309     45.068    525.804   -146.182    -10.442    -58.274    -36.534
     -3.311     45.089    525.921   -146.108    -10.542    -58.019    -36.577
     -3.313     45.110    526.037   -146.035    -10.642    -57.764    -36.619
     -3.315     45.132    526.152   -145.962    -10.743    -57.509    -36.662
     -3.317     45.153    526.267   -145.889    -10.844    -57.254    -36.703
     -3.319     45.175    526.381   -145.815    -10.945    -56.998    -36.745
     -3.321     45.197    526.495   -145.742    -11.047    -56.742    -36.786
     -3.323     45.219    526.608   -145.668    -11.148    -56.486    -36.827
     -3.325     45.242    526.720   -145.594    -11.250    -56.229    -36.868
     -3.327     45.264    526.833   -145.521    -11.352    -55.973    -36.908
     -3.329     45.287    526.944   -145.447    -11.454    -55.716    -36.949
     -3.331     45.310    527.056   -145.373    -11.557    -55.458    -36.988
     -3.333     45.333    527.166   -145.299    -11.660    -55.201    -37.028
     -3.335     45.357    527.276   -145.225    -11.763    -54.943    -37.067
     -3.337     45.380    527.386   -145.150    -11.866    -54.685    -37.106
     -3.339     45.404    527.495   -145.076    -11.970    -54.426    -37.144
     -3.341     45.428    527.604   -145.002    -12.073    -54.168    -37.183
     -3.343     45.452    527.712   -144.927    -12.177    -53.909    -37.220
     -3.345     45.477    527.819   -144.853    -12.281    -53.649    -37.258
     -3.347     45.502    527.926   -144.778    -12.386    -53.390    -37.295
     -3.349     45.526    528.033   -144.704    -12.491    -53.130    -37.332
     -3.351     45.552    528.139   -144.629    -12.595    -52.870    -37.369
     -3.353     45.577    528.244   -144.554    -12.701    -52.609    -37.405
     -3.355     45.602    528.349   -144.480    -12.806    -52.349    -37.441
     -3.357     45.628    528.454   -144.405    -12.912    -52.088    -37.477
     -3.359     45.654    528.558   -144.330    -13.018    -51.826    -37.512
     -3.361     45.680    528.661   -144.255    -13.124    -51.565    -37.547
     -3.363     45.706    528.764   -144.179    -13.230    -51.303    -37.582
     -3.365     45.733    528.866   -144.104    -13.337    -51.041    -37.616
     -3.367     45.760    528.968   -144.029    -13.444    -50.778    -37.650
     -3.369     45.787    529.069   -143.954    -13.551    -50.515    -37.683
     -3.371     45.814    529.170   -143.878    -13.658    -50.252    -37.717
     -3.373     45.841    529.270   -143.803    -13.766    -49.989    -37.750
     -3.375     45.869    529.370   -143.727    -13.874    -49.725    -37.782
     -3.377     45.897    529.469   -143.652    -13.982    -49.461    -37.815
     -3.379     45.925    529.568   -143.576    -14.091    -49.196    -37.847
     -3.381     45.953    529.666   -143.500    -14.199    -48.931    -37.878
     -3.383     45.982    529.764   -143.424    -14.308    -48.666    -37.909
     -3.385     46.011    529.861   -143.349    -14.418    -48.401    -37.940
     -3.387     46.039    529.957   -143.273    -14.527    -48.135    -37.971
     -3.389     46.069    530.053   -143.197    -14.637    -47.869    -38.001
     -3.391     46.098    530.149   -143.121    -14.747    -47.603    -38.031
     -3.393     46.128    530.244   -143.045    -14.857    -47.336    -38.060
     -3.395     46.157    530.338   -142.968    -14.968    -47.069    -38.089
     -3.397     46.188    530.432   -142.892    -15.079    -46.801    -38.118
     -3.399     46.218    530.525   -142.816    -15.190    -46.534    -38.147
     -3.401     46.248    530.618   -142.740    -15.301    -46.266    -38.175
     -3.403     46.279    530.710   -142.663    -15.413    -45.997    -38.202
     -3.405     46.310    530.802   -142.587    -15.525    -45.728    -38.230
     -3.407     46.341    530.893   -142.510    -15.637    -45.459    -38.257
     -3.409     46.372    530.984   -142.434    -15.750    -45.190    -38.283
     -3.411     46.404    531.074   -142.357    -15.863    -44.920    -38.309
     -3.413     46.436    531.164   -142.281    -15.976    -44.650    -38.335
     -3.415     46.468    531.253   -142.204    -16.089    -44.379    -38.361
     -3.417     46.500    531.341   -142.127    -16.203    -44.108    -38.386
     -3.419     46.533    531.429   -142.050    -16.317    -43.837    -38.410
     -3.421     46.566    531.516   -141.973    -16.431    -43.565    -38.435
     -3.423     46.599    531.603   -141.897    -16.546    -43.293    -38.458
     -3.425     46.632    531.690   -141.820    -16.661    -43.021    -38.482
     -3.427     46.665    531.775   -141.743    -16.776    -42.748    -38.505
     -3.429     46.699    531.861   -141.666    -16.891    -42.475    -38.528
     -3.431     46.733    531.945   -141.589    -17.007    -42.201    -38.550
     -3.433     46.767    532.029   -141.511    -17.123    -41.927    -38.572
     -3.435     46.801    532.113   -141.434    -17.240    -41.653    -38.594
     -3.437     46.836    532.196   -141.357    -17.356    -41.378    -38.615
     -3.439     46.871    532.279   -141.280    -17.473    -41.103    -38.635
     -3.441     46.906    532.360   -141.203    -17.590    -40.828    -38.656
     -3.443     46.941    532.442   -141.125    -17.708    -40.552    -38.676
     -3.445     46.977    532.523   -141.048    -17.826    -40.276    -38.695
     -3.447     47.012    532.603   -140.970    -17.944    -39.999    -38.714
     -3.449     47.048    532.683   -140.893    -18.063    -39.722    -38.733
     -3.451     47.085    532.762   -140.815    -18.182    -39.444    -38.751
     -3.453     47.121    532.840   -140.738    -18.301    -39.167    -38.769
     -3.455     47.158    532.918   -140.660    -18.420    -38.888    -38.786
     -3.457     47.195    532.996   -140.583    -18.540    -38.610    -38.803
     -3.459     47.232    533.073   -140.505    -18.660    -38.331    -38.820
     -3.461     47.269    533.149   -140.428    -18.781    -38.051    -38.836
     -3.463     47.307    533.225   -140.350    -18.902    -37.771    -38.852
     -3.465     47.345    533.300   -140.272    -19.023    -37.491    -38.867
     -3.467     47.383    533.375   -140.194    -19.144    -37.210    -38.882
     -3.469     47.422    533.449   -140.117    -19.266    -36.929    -38.896
     -3.471     47.460    533.523   -140.039    -19.388    -36.647    -38.910
     -3.473     47.499    533.596   -139.961    -19.511    -36.365    -38.923
     -3.475     47.538    533.668   -139.883    -19.634    -36.083    -38.936
     -3.477     47.578    533.740   -139.805    -19.757    -35.800    -38.949
     -3.479     47.617    533.811   -139.727    -19.880    -35.517    -38.961
     -3.481     47.657    533.882   -139.649    -20.004    -35.233    -38.972
     -3.483     47.697    533.952   -139.571    -20.129    -34.949    -38.984
     -3.485     47.738    534.022   -139.493    -20.253    -34.664    -38.994
     -3.487     47.778    534.091   -139.415    -20.378    -34.379    -39.004
     -3.489     47.819    534.160   -139.337    -20.503    -34.093    -39.014
     -3.491     47.860    534.227   -139.259    -20.629    -33.807    -39.023
     -3.493     47.902    534.295   -139.181    -20.755    -33.521    -39.032
     -3.495     47.943    534.362   -139.103    -20.881    -33.234    -39.040
     -3.497     47.985    534.428   -139.025    -21.008    -32.947    -39.048
     -3.499     48.027    534.493   -138.947    -21.135    -32.659    -39.055
     -3.501     48.070    534.558   -138.869    -21.263    -32.370    -39.062
     -3.503     48.112    534.623   -138.791    -21.390    -32.082    -39.069
     -3.505     48.155    534.687   -138.713    -21.519    -31.792    -39.074
     -3.507     48.199    534.750   -138.635    -21.647    -31.503    -39.080
     -3.509     48.242    534.813   -138.556    -21.776    -31.212    -39.084
     -3.511     48.286    534.875   -138.478    -21.906    -30.922    -39.089
     -3.513     48.330    534.936   -138.400    -22.035    -30.630    -39.092
     -3.515     48.374    534.997   -138.322    -22.165    -30.339    -39.095
     -3.517     48.418    535.058   -138.244    -22.296    -30.047    -39.098
     -3.519     48.463    535.118   -138.165    -22.427    -29.754    -39.100
     -3.521     48.508    535.177   -138.087    -22.558    -29.461    -39.102
     -3.523     48.553    535.235   -138.009    -22.690    -29.167    -39.103
     -3.525     48.599    535.293   -137.931    -22.822    -28.873    -39.103
     -3.527     48.644    535.351   -137.853    -22.954    -28.578    -39.103
     -3.529     48.690    535.408   -137.774    -23.087    -28.283    -39.102
     -3.531     48.737    535.464   -137.696    -23.220    -27.987    -39.101
     -3.533     48.783    535.520   -137.618    -23.354    -27.691    -39.099
     -3.535     48.830    535.575   -137.540    -23.488    -27.394    -39.096
     -3.537     48.877    535.629   -137.462    -23.623    -27.097    -39.092
     -3.539     48.925    535.683   -137.383    -23.758    -26.799    -39.088
     -3.541     48.972    535.736   -137.305    -23.893    -26.501    -39.084
     -3.543     49.020    535.789   -137.227    -24.029    -26.202    -39.078
     -3.545     49.068    535.841   -137.149    -24.165    -25.903    -39.072
     -3.547     49.117    535.893   -137.071    -24.301    -25.603    -39.066
     -3.549     49.166    535.944   -136.993    -24.438    -25.303    -39.058
     -3.551     49.215    535.994   -136.915    -24.576    -25.002    -39.051
     -3.553     49.264    536.044   -136.836    -24.714    -24.700    -39.042
     -3.555     49.314    536.093   -136.758    -24.852    -24.398    -39.033
     -3.557     49.363    536.141   -136.680    -24.991    -24.096    -39.023
     -3.559     49.414    536.189   -136.602    -25.130    -23.793    -39.013
     -3.561     49.464    536.236   -136.524    -25.270    -23.489    -39.002
     -3.563     49.515    536.283   -136.446    -25.410    -23.185    -38.990
     -3.565     49.566    536.329   -136.368    -25.550    -22.880    -38.978
     -3.567     49.617    536.375   -136.290    -25.691    -22.575    -38.965
     -3.569     49.668    536.419   -136.212    -25.832    -22.269    -38.952
     -3.571     49.720    536.464   -136.135    -25.974    -21.962    -38.938
     -3.573     49.772    536.507   -136.057    -26.117    -21.655    -38.923
     -3.575     49.825    536.550   -135.979    -26.259    -21.348    -38.907
     -3.577     49.877    536.593   -135.901    -26.403    -21.039    -38.891
     -3.579     49.930    536.634   -135.823    -26.546    -20.731    -38.874
     -3.581     49.983    536.676   -135.746    -26.691    -20.421    -38.856
     -3.583     50.037    536.716   -135.668    -26.835    -20.111    -38.838
     -3.585     50.091    536.756   -135.590    -26.980    -19.801    -38.819
     -3.587     50.145    536.795   -135.513    -27.126    -19.489    -38.799
     -3.589     50.199    536.834   -135.435    -27.272    -19.178    -38.779
     -3.591     50.254    536.872   -135.358    -27.419    -18.865    -38.758
     -3.593     50.309    536.909   -135.280    -27.566    -18.552    -38.736
     -3.595     50.364    536.946   -135.203    -27.713    -18.239    -38.713
     -3.597     50.420    536.982   -135.125    -27.861    -17.924    -38.690
     -3.599     50.476    537.018   -135.048    -28.010    -17.610    -38.666
     -3.601     50.532    537.053   -134.971    -28.159    -17.294    -38.641
     -3.603     50.588    537.087   -134.893    -28.309    -16.978    -38.615
     -3.605     50.645    537.121   -134.816    -28.459    -16.661    -38.589
     -3.607     50.702    537.154   -134.739    -28.609    -16.344    -38.562
     -3.609     50.760    537.186   -134.662    -28.760    -16.026    -38.534
     -3.611     50.817    537.218   -134.585    -28.912    -15.708    -38.505
     -3.613     50.875    537.249   -134.508    -29.064    -15.388    -38.476
     -3.615     50.933    537.279   -134.431    -29.217    -15.068    -38.445
     -3.617     50.992    537.309   -134.354    -29.370    -14.748    -38.414
     -3.619     51.051    537.338   -134.277    -29.524    -14.427    -38.382
     -3.621     51.110    537.367   -134.200    -29.678    -14.105    -38.349
     -3.623     51.170    537.395   -134.124    -29.833    -13.782    -38.316
     -3.625     51.229    537.422   -134.047    -29.988    -13.459    -38.281
     -3.627     51.290    537.449   -133.971    -30.144    -13.135    -38.246
     -3.629     51.350    537.475   -133.894    -30.301    -12.811    -38.210
     -3.631     51.411    537.500   -133.818    -30.458    -12.486    -38.173
     -3.633     51.472    537.525   -133.742    -30.615    -12.160    -38.135
     -3.635     51.533    537.549   -133.665    -30.773    -11.833    -38.096
     -3.637     51.595    537.572   -133.589    -30.932    -11.506    -38.056
     -3.639     51.657    537.595   -133.513    -31.091    -11.178    -38.016
     -3.641     51.719    537.617   -133.437    -31.251    -10.850    -37.974
     -3.643     51.782    537.638   -133.361    -31.412    -10.520    -37.932
     -3.645     51.845    537.659   -133.285    -31.573    -10.190    -37.888
     -3.647     51.908    537.679   -133.210    -31.734     -9.860    -37.844
     -3.649     51.972    537.698   -133.134    -31.896     -9.528    -37.799
     -3.651     52.036    537.717   -133.058    -32.059     -9.196    -37.752
     -3.653     52.100    537.735   -132.983    -32.223     -8.863    -37.705
     -3.655     52.165    537.752   -132.908    -32.387     -8.530    -37.657
     -3.657     52.230    537.769   -132.832    -32.551     -8.196    -37.608
     -3.659     52.295    537.785   -132.757    -32.716     -7.861    -37.557
     -3.661     52.361    537.800   -132.682    -32.882     -7.525    -37.506
     -3.663     52.427    537.815   -132.607    -33.049     -7.188    -37.454
     -3.665     52.493    537.829   -132.532    -33.216     -6.851    -37.401
     -3.667     52.559    537.843   -132.458    -33.383     -6.513    -37.346
     -3.669     52.626    537.855   -132.383    -33.552     -6.175    -37.291
     -3.671     52.694    537.867   -132.308    -33.721     -5.835    -37.235
     -3.673     52.761    537.879   -132.234    -33.890     -5.495    -37.177
     -3.675     52.829    537.889   -132.160    -34.060     -5.154    -37.119
     -3.677     52.897    537.899   -132.086    -34.231     -4.812    -37.059
     -3.679     52.966    537.909   -132.011    -34.403     -4.470    -36.998
     -3.681     53.035    537.917   -131.938    -34.575     -4.127    -36.936
     -3.683     53.104    537.925   -131.864    -34.748     -3.783    -36.873
     -3.685     53.174    537.932   -131.790    -34.921     -3.438    -36.809
     -3.687     53.244    537.939   -131.716    -35.096     -3.093    -36.743
     -3.689     53.314    537.945   -131.643    -35.271     -2.746    -36.677
     -3.691     53.385    537.950   -131.570    -35.446     -2.399    -36.609
     -3.693     53.456    537.954   -131.497    -35.622     -2.051    -36.540
     -3.695     53.528    537.958   -131.424    -35.799     -1.703    -36.470
     -3.697     53.599    537.961   -131.351    -35.977     -1.353    -36.399
     -3.699     53.672    537.963   -131.278    -36.155     -1.003    -36.326
     -3.701     53.744    537.965   -131.205    -36.334     -0.652    -36.252
     -3.703     53.817    537.966   -131.133    -36.514     -0.300    -36.177
     -3.705     53.890    537.966   -131.061    -36.694      0.053    -36.100
     -3.707     53.964    537.966   -130.989    -36.876      0.406    -36.023
     -3.709     54.038    537.965   -130.917    -37.058      0.760    -35.943
     -3.711     54.112    537.963   -130.845    -37.240      1.116    -35.863
     -3.713     54.187    537.960   -130.773    -37.424      1.471    -35.781
     -3.715     54.262    537.957   -130.702    -37.608      1.828    -35.698
     -3.717     54.337    537.953   -130.630    -37.793      2.186    -35.614
     -3.719     54.413    537.948   -130.559    -37.978      2.544    -35.528
     -3.721     54.489    537.943   -130.488    -38.165      2.903    -35.440
     -3.723     54.565    537.937   -130.418    -38.352      3.263    -35.352
     -3.725     54.642    537.930   -130.347    -38.540      3.624    -35.262
     -3.727     54.720    537.922   -130.276    -38.728      3.986    -35.170
     -3.729     54.797    537.914   -130.206    -38.918      4.349    -35.077
     -3.731     54.875    537.905   -130.136    -39.108      4.712    -34.982
     -3.733     54.954    537.895   -130.066    -39.299      5.076    -34.886
     -3.735     55.032    537.884   -129.997    -39.491      5.442    -34.788
     -3.737     55.112    537.873   -129.927    -39.683      5.808    -34.689
     -3.739     55.191    537.861   -129.858    -39.877      6.174    -34.588
     -3.741     55.271    537.848   -129.789    -40.071      6.542    -34.486
     -3.743     55.351    537.835   -129.720    -40.266      6.911    -34.382
     -3.745     55.432    537.821   -129.651    -40.462      7.280    -34.276
     -3.747     55.513    537.806   -129.583    -40.659      7.650    -34.169
     -3.749     55.595    537.790   -129.515    -40.856      8.022    -34.060
     -3.751     55.677    537.774   -129.447    -41.054      8.394    -33.950
     -3.753     55.759    537.757   -129.379    -41.254      8.767    -33.837
     -3.755     55.842    537.739   -129.311    -41.454      9.140    -33.723
     -3.757     55.925    537.720   -129.244    -41.655      9.515    -33.607
     -3.759     56.008    537.701   -129.177    -41.856      9.891    -33.490
     -3.761     56.092    537.680   -129.110    -42.059     10.267    -33.370
     -3.763     56.177    537.659   -129.043    -42.262     10.644    -33.249
     -3.765     56.261    537.638   -128.977    -42.467     11.022    -33.126
     -3.767     56.346    537.615   -128.911    -42.672     11.401    -33.001
     -3.769     56.432    537.592   -128.845    -42.878     11.781    -32.874
     -3.771     56.518    537.568   -128.779    -43.085     12.162    -32.745
     -3.773     56.604    537.544   -128.714    -43.293     12.544    -32.615
     -3.775     56.691    537.518   -128.649    -43.502     12.927    -32.482
     -3.777     56.778    537.492   -128.584    -43.712     13.310    -32.347
     -3.779     56.866    537.465   -128.519    -43.922     13.695    -32.211
     -3.781     56.954    537.437   -128.455    -44.134     14.080    -32.072
     -3.783     57.043    537.409   -128.391    -44.346     14.466    -31.931
     -3.785     57.131    537.379   -128.327    -44.560     14.853    -31.788
     -3.787     57.221    537.349   -128.264    -44.774     15.241    -31.643
     -3.789     57.311    537.318   -128.201    -44.990     15.630    -31.496
     -3.791     57.401    537.287   -128.138    -45.206     16.019    -31.347
     -3.793     57.491    537.254   -128.076    -45.423     16.410    -31.195
     -3.795     57.582    537.221   -128.013    -45.641     16.801    -31.042
     -3.797     57.674    537.187   -127.951    -45.861     17.194    -30.885
     -3.799     57.766    537.152   -127.890    -46.081     17.587    -30.727
     -3.801     57.858    537.117   -127.828    -46.302     17.981    -30.566
     -3.803     57.951    537.080   -127.767    -46.524     18.376    -30.403
     -3.805     58.044    537.043   -127.707    -46.747     18.772    -30.238
     -3.807     58.138    537.005   -127.647    -46.971     19.169    -30.070
     -3.809     58.232    536.966   -127.587    -47.196     19.566    -29.900
     -3.811     58.327    536.927   -127.527    -47.422     19.965    -29.727
     -3.813     58.422    536.887   -127.468    -47.649     20.364    -29.551
     -3.815     58.517    536.845   -127.409    -47.878     20.764    -29.373
     -3.817     58.613    536.804   -127.350    -48.107     21.165    -29.193
     -3.819     58.710    536.761   -127.292    -48.337     21.567    -29.010
     -3.821     58.807    536.717   -127.234    -48.568     21.970    -28.824
     -3.823     58.904    536.673   -127.177    -48.800     22.373    -28.635
     -3.825     59.002    536.628   -127.120    -49.034     22.777    -28.444
     -3.827     59.100    536.582   -127.063    -49.268     23.183    -28.250
     -3.829     59.199    536.535   -127.007    -49.504     23.588    -28.053
     -3.831     59.298    536.487   -126.951    -49.740     23.995    -27.853
     -3.833     59.398    536.439   -126.895    -49.978     24.403    -27.650
     -3.835     59.498    536.390   -126.840    -50.216     24.811    -27.445
     -3.837     59.599    536.340   -126.785    -50.456     25.220    -27.236
     -3.839     59.700    536.289   -126.731    -50.696     25.630    -27.024
     -3.841     59.802    536.237   -126.677    -50.938     26.041    -26.810
     -3.843     59.904    536.185   -126.624    -51.181     26.452    -26.592
     -3.845     60.006    536.131   -126.571    -51.425     26.864    -26.371
     -3.847     60.110    536.077   -126.518    -51.670     27.277    -26.147
     -3.849     60.213    536.022   -126.466    -51.916     27.691    -25.919
     -3.851     60.317    535.967   -126.415    -52.164     28.105    -25.688
     -3.853     60.422    535.910   -126.364    -52.412     28.520    -25.454
     -3.855     60.527    535.852   -126.313    -52.662     28.936    -25.217
     -3.857     60.632    535.794   -126.263    -52.912     29.352    -24.976
     -3.859     60.738    535.735   -126.213    -53.164     29.769    -24.732
     -3.861     60.845    535.675   -126.164    -53.417     30.187    -24.484
     -3.863     60.952    535.614   -126.115    -53.670     30.605    -24.232
     -3.865     61.060    535.553   -126.067    -53.925     31.024    -23.977
     -3.867     61.168    535.490   -126.019    -54.182     31.443    -23.718
     -3.869     61.276    535.427   -125.972    -54.439     31.863    -23.456
     -3.871     61.386    535.363   -125.925    -54.697     32.283    -23.189
     -3.873     61.495    535.298   -125.879    -54.957     32.704    -22.919
     -3.875     61.605    535.232   -125.834    -55.217     33.126    -22.645
     -3.877     61.716    535.165   -125.789    -55.479     33.548    -22.367
     -3.879     61.827    535.098   -125.744    -55.742     33.970    -22.085
     -3.881     61.939    535.029   -125.700    -56.006     34.393    -21.798
     -3.883     62.051    534.960   -125.657    -56.271     34.816    -21.508
     -3.885     62.164    534.890   -125.614    -56.537     35.239    -21.213
     -3.887     62.278    534.819   -125.572    -56.804     35.663    -20.915
     -3.889     62.391    534.747   -125.531    -57.072     36.087    -20.612
     -3.891     62.506    534.675   -125.490    -57.342     36.512    -20.304
     -3.893     62.621    534.601   -125.449    -57.612     36.936    -19.992
     -3.895     62.736    534.527   -125.410    -57.884     37.361    -19.676
     -3.897     62.852    534.452   -125.371    -58.157     37.786    -19.355
     -3.899     62.969    534.376   -125.332    -58.431     38.211    -19.029
     -3.901     63.086    534.299   -125.295    -58.705     38.636    -18.699
     -3.903     63.204    534.221   -125.258    -58.981     39.061    -18.363
     -3.905     63.322    534.143   -125.221    -59.258     39.487    -18.024
     -3.907     63.441    534.064   -125.186    -59.536     39.912    -17.679
     -3.909     63.560    533.983   -125.151    -59.815     40.337    -17.329
     -3.911     63.680    533.902   -125.116    -60.096     40.762    -16.974
     -3.913     63.800    533.820   -125.083    -60.377     41.187    -16.614
     -3.915     63.922    533.737   -125.050    -60.659     41.611    -16.249
     -3.917     64.043    533.654   -125.018    -60.942     42.035    -15.878
     -3.919     64.165    533.569   -124.986    -61.226     42.459    -15.503
     -3.921     64.288    533.484   -124.956    -61.511     42.883    -15.121
     -3.923     64.411    533.398   -124.926    -61.797     43.306    -14.735
     -3.925     64.535    533.311   -124.897    -62.084     43.728    -14.343
     -3.927     64.660    533.223   -124.868    -62.372     44.150    -13.945
     -3.929     64.785    533.134   -124.841    -62.661     44.572    -13.541
     -3.931     64.910    533.045   -124.814    -62.951     44.992    -13.132
     -3.933     65.037    532.954   -124.788    -63.241     45.412    -12.717
     -3.935     65.163    532.863   -124.763    -63.532     45.831    -12.296
     -3.937     65.291    532.771   -124.739    -63.825     46.249    -11.869
     -3.939     65.419    532.678   -124.716    -64.118     46.666    -11.436
     -3.941     65.547    532.584   -124.693    -64.411     47.082    -10.997
     -3.943     65.676    532.490   -124.672    -64.706     47.496    -10.551
     -3.945     65.806    532.394   -124.651    -65.001     47.910    -10.099
     -3.947     65.936    532.298   -124.632    -65.297     48.322     -9.641
     -3.949     66.067    532.201   -124.613    -65.593     48.733     -9.177
     -3.951     66.199    532.103   -124.595    -65.890     49.142     -8.705
     -3.953     66.331    532.004   -124.578    -66.188     49.549     -8.228
     -3.955     66.463    531.905   -124.562    -66.486     49.955     -7.743
     -3.957     66.597    531.805   -124.547    -66.784     50.358     -7.252
     -3.959     66.730    531.703   -124.533    -67.083     50.760     -6.754
     -3.961     66.865    531.601   -124.520    -67.383     51.160     -6.249
     -3.963     67.000    531.499   -124.508    -67.682     51.558     -5.737
     -3.965     67.136    531.395   -124.497    -67.983     51.953     -5.218
     -3.967     67.272    531.291   -124.487    -68.283     52.346     -4.691
     -3.969     67.409    531.186   -124.478    -68.583     52.736     -4.158
     -3.971     67.546    531.080   -124.470    -68.884     53.123     -3.617
     -3.973     67.684    530.973   -124.464    -69.185     53.508     -3.069
     -3.975     67.823    530.866   -124.458    -69.486     53.890     -2.514
     -3.977     67.962    530.758   -124.454    -69.786     54.268     -1.951
     -3.979     68.102    530.649   -124.450    -70.087     54.644     -1.380
     -3.981     68.243    530.539   -124.448    -70.387     55.016     -0.802
     -3.983     68.384    530.429   -124.447    -70.688     55.384     -0.217
     -3.985     68.525    530.318   -124.447    -70.988     55.749      0.377
     -3.987     68.668    530.206   -124.449    -71.287     56.110      0.978
     -3.989     68.811    530.093   -124.451    -71.586     56.466      1.587
     -3.991     68.954    529.980   -124.455    -71.885     56.819      2.204
     -3.993     69.098    529.866   -124.460    -72.183     57.167      2.828
     -3.995     69.243    529.751   -124.466    -72.480     57.511      3.461
     -3.997     69.388    529.636   -124.474    -72.776     57.849      4.101
     -3.999     69.534    529.520   -124.483    -73.071     58.183      4.750
     -4.001     69.680    529.403   -124.493    -73.366     58.512      5.406
     -4.003     69.827    529.286   -124.504    -73.659     58.835      6.071
     -4.005     69.975    529.168   -124.517    -73.951     59.153      6.744
     -4.007     70.123    529.049   -124.531    -74.242     59.465      7.424
     -4.009     70.272    528.930   -124.547    -74.531     59.771      8.113
     -4.011     70.421    528.810   -124.564    -74.819     60.071      8.810
     -4.013     70.571    528.690   -124.582    -75.105     60.365      9.514
     -4.015     70.722    528.569   -124.602    -75.389     60.652     10.227
     -4.017     70.873    528.447   -124.623    -75.672     60.933     10.948
     -4.019     71.024    528.325   -124.646    -75.952     61.206     11.677
     -4.021     71.177    528.202   -124.670    -76.230     61.472     12.413
     -4.023     71.329    528.079   -124.695    -76.506     61.730     13.158
     -4.025     71.483    527.955   -124.722    -76.780     61.981     13.910
     -4.027     71.636    527.831   -124.751    -77.051     62.224     14.670
     -4.029     71.791    527.707   -124.781    -77.319     62.459     15.438
     -4.031     71.946    527.581   -124.813    -77.584     62.686     16.213
     -4.033     72.101    527.456   -124.846    -77.846     62.903     16.996
     -4.035     72.257    527.330   -124.881    -78.106     63.112     17.786
     -4.037     72.413    527.203   -124.917    -78.361     63.312     18.584
     -4.039     72.570    527.077   -124.955    -78.614     63.503     19.388
     -4.041     72.728    526.949   -124.995    -78.863     63.684     20.200
     -4.043     72.886    526.822   -125.036    -79.108     63.855     21.018
     -4.045     73.044    526.694   -125.079    -79.349     64.016     21.843
     -4.047     73.203    526.566   -125.123    -79.586     64.167     22.675
     -4.049     73.363    526.437   -125.170    -79.819     64.308     23.513
     -4.051     73.523    526.309   -125.217    -80.047     64.437     24.357
     -4.053     73.683    526.180   -125.267    -80.271     64.556     25.207
     -4.055     73.844    526.050   -125.318    -80.490     64.664     26.063
     -4.057     74.005    525.921   -125.371    -80.704     64.761     26.925
     -4.059     74.166    525.791   -125.426    -80.913     64.846     27.791
     -4.061     74.328    525.662   -125.482    -81.117     64.919     28.663
     -4.063     74.491    525.532   -125.541    -81.315     64.980     29.539
     -4.065     74.654    525.402   -125.601    -81.508     65.029     30.420
     -4.067     74.817    525.272   -125.662    -81.695     65.066     31.305
     -4.069     74.981    525.141   -125.726    -81.877     65.091     32.193
     -4.071     75.144    525.011   -125.791    -82.052     65.103     33.086
     -4.073     75.309    524.881   -125.858    -82.221     65.102     33.981
     -4.075     75.473    524.751   -125.927    -82.384     65.089     34.880
     -4.077     75.638    524.621   -125.998    -82.540     65.062     35.781
     -4.079     75.803    524.491   -126.070    -82.690     65.023     36.684
     -4.081     75.969    524.361   -126.144    -82.833     64.970     37.589
     -4.083     76.135    524.231   -126.220    -82.970     64.904     38.495
     -4.085     76.301    524.101   -126.298    -83.099     64.825     39.403
     -4.087     76.467    523.971   -126.378    -83.221     64.732     40.311
     -4.089     76.634    523.842   -126.460    -83.336     64.626     41.220
     -4.091     76.801    523.713   -126.543    -83.444     64.506     42.128
     -4.093     76.968    523.584   -126.628    -83.545     64.373     43.037
     -4.095     77.135    523.455   -126.715    -83.638     64.227     43.944
     -4.097     77.302    523.327   -126.804    -83.723     64.067     44.850
     -4.099     77.470    523.199   -126.895    -83.801     63.893     45.754
     -4.101     77.637    523.072   -126.987    -83.871     63.706     46.656
     -4.103     77.805    522.944   -127.081    -83.933     63.506     47.556
     -4.105     77.973    522.818   -127.177    -83.988     63.293     48.453
     -4.107     78.141    522.691   -127.275    -84.034     63.067     49.347
     -4.109     78.309    522.565   -127.375    -84.073     62.827     50.237
     -4.111     78.477    522.440   -127.476    -84.104     62.575     51.122
     -4.113     78.646    522.315   -127.579    -84.127     62.310     52.004
     -4.115     78.814    522.191   -127.684    -84.142     62.032     52.880
     -4.117     78.982    522.067   -127.791    -84.149     61.742     53.751
     -4.119     79.150    521.944   -127.899    -84.149     61.440     54.616
     -4.121     79.319    521.821   -128.009    -84.140     61.125     55.476
     -4.123     79.487    521.699   -128.121    -84.124     60.799     56.329
     -4.125     79.655    521.578   -128.234    -84.100     60.461     57.175
     -4.127     79.823    521.457   -128.349    -84.068     60.112     58.015
     -4.129     79.991    521.338   -128.466    -84.028     59.751     58.847
     -4.131     80.159    521.218   -128.585    -83.981     59.380     59.671
     -4.133     80.327    521.100   -128.705    -83.926     58.997     60.487
     -4.135     80.495    520.982   -128.827    -83.864     58.605     61.295
     -4.137     80.663    520.866   -128.950    -83.794     58.202     62.094
     -4.139     80.830    520.750   -129.075    -83.717     57.790     62.885
     -4.141     80.998    520.634   -129.202    -83.633     57.368     63.666
     -4.143     81.165    520.520   -129.330    -83.542     56.937     64.438
     -4.145     81.332    520.407   -129.459    -83.444     56.496     65.201
     -4.147     81.499    520.294   -129.591    -83.339     56.048     65.953
     -4.149     81.665    520.183   -129.723    -83.227     55.590     66.696
     -4.151     81.831    520.072   -129.857    -83.109     55.125     67.429
     -4.153     81.998    519.962   -129.993    -82.984     54.652     68.151
     -4.155     82.163    519.853   -130.130    -82.853     54.172     68.863
     -4.157     82.329    519.745   -130.268    -82.715     53.685     69.564
     -4.159     82.494    519.639   -130.408    -82.572     53.191     70.254
     -4.161     82.659    519.533   -130.549    -82.422     52.690     70.934
     -4.163     82.824    519.428   -130.692    -82.267     52.184     71.603
     -4.165     82.988    519.324   -130.836    -82.107     51.671     72.260
     -4.167     83.152    519.221   -130.981    -81.940     51.153     72.907
     -4.169     83.316    519.119   -131.127    -81.769     50.630     73.543
     -4.171     83.479    519.019   -131.275    -81.592     50.102     74.167
     -4.173     83.642    518.919   -131.424    -81.410     49.569     74.780
     -4.175     83.805    518.820   -131.574    -81.224     49.032     75.382
     -4.177     83.967    518.723   -131.726    -81.033     48.491     75.972
     -4.179     84.129    518.626   -131.878    -80.837     47.946     76.552
     -4.181     84.291    518.531   -132.032    -80.637     47.398     77.120
     -4.183     84.452    518.437   -132.187    -80.432     46.847     77.677
     -4.185     84.612    518.344   -132.342    -80.224     46.292     78.223
     -4.187     84.773    518.252   -132.499    -80.011     45.736     78.757
     -4.189     84.932    518.161   -132.658    -79.795     45.176     79.281
     -4.191     85.092    518.071   -132.817    -79.575     44.615     79.793
     -4.193     85.251    517.982   -132.977    -79.352     44.051     80.295
     -4.195     85.409    517.895   -133.138    -79.125     43.486     80.785
     -4.197     85.567    517.808   -133.300    -78.896     42.920     81.265
     -4.199     85.725    517.723   -133.463    -78.663     42.352     81.734
     -4.201     85.882    517.639   -133.627    -78.427     41.783     82.193
     -4.203     86.039    517.556   -133.792    -78.188     41.214     82.641
     -4.205     86.195    517.474   -133.957    -77.947     40.644     83.079
     -4.207     86.350    517.393   -134.124    -77.703     40.073     83.506
     -4.209     86.505    517.314   -134.291    -77.456     39.503     83.923
     -4.211     86.660    517.235   -134.460    -77.208     38.932     84.330
     -4.213     86.814    517.158   -134.629    -76.957     38.361     84.727
     -4.215     86.968    517.082   -134.798    -76.704     37.791     85.114
     -4.217     87.121    517.007   -134.969    -76.449     37.221     85.491
     -4.219     87.274    516.933   -135.140    -76.193     36.652     85.859
     -4.221     87.426    516.860   -135.312    -75.934     36.084     86.217
     -4.223     87.577    516.789   -135.485    -75.674     35.516     86.566
     -4.225     87.729    516.718   -135.659    -75.413     34.950     86.906
     -4.227     87.879    516.649   -135.833    -75.150     34.385     87.237
     -4.229     88.029    516.581   -136.008    -74.886     33.821     87.559
     -4.231     88.179    516.514   -136.183    -74.620     33.258     87.872
     -4.233     88.328    516.448   -136.359    -74.354     32.697     88.176
     -4.235     88.476    516.383   -136.536    -74.086     32.138     88.472
     -4.237     88.624    516.319   -136.713    -73.818     31.580     88.759
     -4.239     88.771    516.256   -136.891    -73.548     31.024     89.038
     -4.241     88.918    516.195   -137.069    -73.278     30.470     89.309
     -4.243     89.064    516.135   -137.248    -73.007     29.918     89.572
     -4.245     89.210    516.075   -137.427    -72.735     29.368     89.828
     -4.247     89.355    516.017   -137.607    -72.463     28.821     90.075
     -4.249     89.500    515.960   -137.788    -72.190     28.275     90.315
     -4.251     89.644    515.904   -137.969    -71.917     27.732     90.547
     -4.253     89.788    515.849   -138.150    -71.644     27.192     90.773
     -4.255     89.931    515.795   -138.332    -71.370     26.653     90.991
     -4.257     90.073    515.742   -138.514    -71.096     26.117     91.202
     -4.259     90.215    515.691   -138.696    -70.821     25.584     91.406
     -4.261     90.356    515.640   -138.879    -70.547     25.053     91.603
     -4.263     90.497    515.590   -139.063    -70.272     24.525     91.794
     -4.265     90.638    515.542   -139.247    -69.998     24.000     91.978
     -4.267     90.777    515.494   -139.431    -69.723     23.477     92.156
     -4.269     90.916    515.448   -139.615    -69.448     22.957     92.327
     -4.271     91.055    515.403   -139.800    -69.174     22.440     92.492
     -4.273     91.193    515.358   -139.985    -68.900     21.926     92.652
     -4.275     91.331    515.315   -140.171    -68.626     21.414     92.805
     -4.277     91.468    515.273   -140.356    -68.352     20.906     92.952
     -4.279     91.604    515.231   -140.543    -68.078     20.400     93.094
     -4.281     91.740    515.191   -140.729    -67.805     19.897     93.231
     -4.283     91.875    515.152   -140.915    -67.532     19.397     93.361
     -4.285     92.010    515.113   -141.102    -67.259     18.900     93.487
     -4.287     92.144    515.076   -141.289    -66.987     18.406     93.607
     -4.289     92.278    515.040   -141.477    -66.715     17.915     93.722
     -4.291     92.411    515.004   -141.664    -66.444     17.427     93.832
     -4.293     92.544    514.970   -141.852    -66.173     16.942     93.937
     -4.295     92.676    514.937   -142.040    -65.902     16.460     94.037
     -4.297     92.807    514.904   -142.228    -65.633     15.981     94.133
     -4.299     92.938    514.873   -142.417    -65.363     15.504     94.224
     -4.301     93.069    514.842   -142.605    -65.095     15.031     94.310
     -4.303     93.199    514.813   -142.794    -64.826     14.561     94.392
     -4.305     93.328    514.784   -142.983    -64.559     14.094     94.469
     -4.307     93.457    514.756   -143.172    -64.292     13.630     94.542
     -4.309     93.585    514.729   -143.361    -64.026     13.169     94.611
     -4.311     93.713    514.704   -143.550    -63.760     12.711     94.676
     -4.313     93.840    514.679   -143.739    -63.495     12.256     94.737
     -4.315     93.967    514.655   -143.929    -63.231     11.803     94.794
     -4.317     94.093    514.631   -144.119    -62.968     11.354     94.847
     -4.319     94.219    514.609   -144.308    -62.705     10.908     94.896
     -4.321     94.344    514.588   -144.498    -62.443     10.465     94.942
     -4.323     94.469    514.567   -144.688    -62.182     10.024     94.983
     -4.325     94.593    514.548   -144.878    -61.922      9.587     95.022
     -4.327     94.716    514.529   -145.068    -61.662      9.153     95.057
     -4.329     94.840    514.511   -145.258    -61.403      8.721     95.088
     -4.331     94.962    514.494   -145.449    -61.145      8.292     95.116
     -4.333     95.084    514.478   -145.639    -60.888      7.867     95.141
     -4.335     95.206    514.463   -145.829    -60.632      7.444     95.162
     -4.337     95.327    514.448   -146.019    -60.376      7.024     95.179
     -4.339     95.447    514.434   -146.210    -60.121      6.607     95.193
     -4.341     95.567    514.422   -146.400    -59.867      6.193     95.203
     -4.343     95.687    514.410   -146.591    -59.614      5.781     95.209
     -4.345     95.806    514.399   -146.781    -59.362      5.373     95.212
     -4.347     95.924    514.388   -146.972    -59.111      4.967     95.212
     -4.349     96.042    514.379   -147.162    -58.861      4.564     95.210
     -4.351     96.160    514.370   -147.352    -58.611      4.164     95.204
     -4.353     96.276    514.362   -147.543    -58.363      3.767     95.196
     -4.355     96.393    514.355   -147.733    -58.115      3.372     95.186
     -4.357     96.509    514.349   -147.923    -57.868      2.981     95.173
     -4.359     96.624    514.343   -148.114    -57.622      2.592     95.158
     -4.361     96.739    514.338   -148.304    -57.377      2.205     95.140
     -4.363     96.854    514.334   -148.494    -57.133      1.822     95.120
     -4.365     96.968    514.331   -148.685    -56.890      1.441     95.097
     -4.367     97.082    514.328   -148.875    -56.648      1.063     95.073
     -4.369     97.195    514.327   -149.065    -56.406      0.687     95.046
     -4.371     97.307    514.326   -149.255    -56.166      0.314     95.017
     -4.373     97.419    514.325   -149.445    -55.926     -0.057     94.986
     -4.375     97.531    514.326   -149.635    -55.687     -0.425     94.953
     -4.377     97.642    514.327   -149.825    -55.450     -0.790     94.918
     -4.379     97.753    514.329   -150.015    -55.213     -1.153     94.880
     -4.381     97.863    514.332   -150.204    -54.977     -1.513     94.841
     -4.383     97.973    514.335   -150.394    -54.741     -1.871     94.801
     -4.385     98.082    514.339   -150.583    -54.507     -2.226     94.758
     -4.387     98.191    514.344   -150.773    -54.274     -2.579     94.713
     -4.389     98.299    514.349   -150.962    -54.041     -2.929     94.667
     -4.391     98.407    514.356   -151.152    -53.810     -3.278     94.619
     -4.393     98.514    514.363   -151.341    -53.579     -3.623     94.569
     -4.395     98.621    514.370   -151.530    -53.349     -3.966     94.518
     -4.397     98.728    514.378   -151.719    -53.120     -4.307     94.465
     -4.399     98.834    514.387   -151.908    -52.892     -4.646     94.410
     -4.401     98.939    514.397   -152.097    -52.665     -4.982     94.354
     -4.403     99.044    514.407   -152.285    -52.439     -5.316     94.296
     -4.405     99.149    514.418   -152.474    -52.213     -5.648     94.237
     -4.407     99.253    514.430   -152.662    -51.989     -5.977     94.176
     -4.409     99.357    514.442   -152.850    -51.765     -6.305     94.114
     -4.411     99.460    514.455   -153.039    -51.542     -6.630     94.050
     -4.413     99.563    514.469   -153.227    -51.320     -6.952     93.985
     -4.415     99.665    514.483   -153.414    -51.099     -7.273     93.919
     -4.417     99.767    514.498   -153.602    -50.879     -7.591     93.851
     -4.419     99.869    514.513   -153.790    -50.659     -7.908     93.782
     -4.421     99.970    514.529   -153.977    -50.440     -8.222     93.712
     -4.423    100.071    514.546   -154.165    -50.223     -8.534     93.640
     -4.425    100.171    514.564   -154.352    -50.006     -8.844     93.567
     -4.427    100.271    514.582   -154.539    -49.789     -9.152     93.493
     -4.429    100.370    514.600   -154.726    -49.574     -9.458     93.418
     -4.431    100.469    514.619   -154.913    -49.360     -9.761     93.342
     -4.433    100.567    514.639   -155.099    -49.146    -10.063     93.264
     -4.435    100.666    514.660   -155.286    -48.933    -10.363     93.186
     -4.437    100.763    514.681   -155.472    -48.721    -10.661     93.106
     -4.439    100.860    514.702   -155.658    -48.510    -10.956     93.025
     -4.441    100.957    514.724   -155.844    -48.299    -11.250     92.944
     -4.443    101.054    514.747   -156.030    -48.090    -11.542     92.861
     -4.445    101.150    514.771   -156.216    -47.881    -11.832     92.777
     -4.447    101.245    514.795   -156.401    -47.673    -12.120     92.692
     -4.449    101.340    514.819   -156.586    -47.465    -12.407     92.607
     -4.451    101.435    514.844   -156.771    -47.259    -12.691     92.520
     -4.453    101.529    514.870   -156.956    -47.053    -12.973     92.432
     -4.455    101.623    514.896   -157.141    -46.848    -13.254     92.344
     -4.457    101.717    514.923   -157.326    -46.644    -13.533     92.254
     -4.459    101.810    514.950   -157.510    -46.440    -13.810     92.164
     -4.461    101.903    514.978   -157.694    -46.237    -14.085     92.073
     -4.463    101.995    515.007   -157.878    -46.036    -14.359     91.981
     -4.465    102.087    515.036   -158.062    -45.834    -14.630     91.888
     -4.467    102.178    515.065   -158.246    -45.634    -14.900     91.794
     -4.469    102.269    515.095   -158.430    -45.434    -15.169     91.700
     -4.471    102.360    515.126   -158.613    -45.235    -15.435     91.605
     -4.473    102.450    515.157   -158.796    -45.037    -15.700     91.509
     -4.475    102.540    515.189   -158.979    -44.839    -15.963     91.412
     -4.477    102.629    515.221   -159.162    -44.642    -16.224     91.315
     -4.479    102.719    515.253   -159.344    -44.446    -16.484     91.216
     -4.481    102.807    515.287   -159.526    -44.251    -16.742     91.118
     -4.483    102.896    515.320   -159.709    -44.056    -16.999     91.018
     -4.485    102.984    515.355   -159.891    -43.862    -17.254     90.918
     -4.487    103.071    515.389   -160.072    -43.669    -17.507     90.817
     -4.489    103.158    515.425   -160.254    -43.476    -17.759     90.715
     -4.491    103.245    515.460   -160.435    -43.284    -18.009     90.613
     -4.493    103.331    515.497   -160.616    -43.093    -18.258     90.510
     -4.495    103.417    515.534   -160.797    -42.903    -18.505     90.407
     -4.497    103.503    515.571   -160.978    -42.713    -18.750     90.303
     -4.499    103.588    515.609   -161.158    -42.524    -18.994     90.198
     -4.501    103.673    515.647   -161.339    -42.335    -19.237     90.093
     -4.503    103.758    515.685   -161.519    -42.147    -19.478     89.987
     -4.505    103.842    515.725   -161.699    -41.960    -19.717     89.881
     -4.507    103.925    515.764   -161.878    -41.773    -19.955     89.774
     -4.509    104.009    515.804   -162.058    -41.588    -20.192     89.666
     -4.511    104.092    515.845   -162.237    -41.402    -20.427     89.558
     -4.513    104.174    515.886   -162.416    -41.218    -20.661     89.450
     -4.515    104.257    515.928   -162.595    -41.034    -20.893     89.341
     -4.517    104.338    515.970   -162.773    -40.850    -21.124     89.231
     -4.519    104.420    516.012   -162.952    -40.668    -21.353     89.121
     -4.521    104.501    516.055   -163.130    -40.486    -21.582     89.010
     -4.523    104.582    516.099   -163.308    -40.304    -21.808     88.899
     -4.525    104.662    516.142   -163.485    -40.123    -22.034     88.788
     -4.527    104.742    516.187   -163.663    -39.943    -22.258     88.676
     -4.529    104.822    516.231   -163.840    -39.764    -22.480     88.564
     -4.531    104.901    516.277   -164.017    -39.585    -22.702     88.451
     -4.533    104.980    516.322   -164.194    -39.406    -22.922     88.338
     -4.535    105.059    516.368   -164.370    -39.229    -23.140     88.224
     -4.537    105.137    516.415   -164.547    -39.051    -23.358     88.110
     -4.539    105.215    516.462   -164.723    -38.875    -23.574     87.996
     -4.541    105.293    516.509   -164.899    -38.699    -23.789     87.881
     -4.543    105.370    516.557   -165.074    -38.523    -24.002     87.765
     -4.545    105.447    516.605   -165.250    -38.349    -24.215     87.650
     -4.547    105.523    516.654   -165.425    -38.174    -24.426     87.534
     -4.549    105.600    516.703   -165.600    -38.001    -24.636     87.417
     -4.551    105.675    516.752   -165.775    -37.828    -24.844     87.301
     -4.553    105.751    516.802   -165.949    -37.655    -25.052     87.184
     -4.555    105.826    516.852   -166.123    -37.483    -25.258     87.066
     -4.557    105.901    516.903   -166.297    -37.312    -25.463     86.948
     -4.559    105.975    516.954   -166.471    -37.141    -25.667     86.830
     -4.561    106.049    517.006   -166.645    -36.970    -25.870     86.712
     -4.563    106.123    517.058   -166.818    -36.801    -26.071     86.593
     -4.565    106.197    517.110   -166.991    -36.631    -26.271     86.474
     -4.567    106.270    517.163   -167.164    -36.463    -26.471     86.354
     -4.569    106.343    517.216   -167.337    -36.295    -26.669     86.234
     -4.571    106.415    517.270   -167.509    -36.127    -26.865     86.114
     -4.573    106.487    517.323   -167.681    -35.960    -27.061     85.994
     -4.575    106.559    517.378   -167.853    -35.793    -27.256     85.873
     -4.577    106.630    517.433   -168.025    -35.627    -27.450     85.752
     -4.579    106.701    517.488   -168.196    -35.462    -27.642     85.631
     -4.581    106.772    517.543   -168.367    -35.297    -27.833     85.510
     -4.583    106.842    517.599   -168.538    -35.132    -28.024     85.388
     -4.585    106.913    517.655   -168.709    -34.968    -28.213     85.266
     -4.587    106.982    517.712   -168.879    -34.805    -28.401     85.144
     -4.589    107.052    517.769   -169.049    -34.642    -28.588     85.021
     -4.591    107.121    517.826   -169.219    -34.480    -28.774     84.898
     -4.593    107.190    517.884   -169.389    -34.318    -28.960     84.775
     -4.595    107.258    517.942   -169.558    -34.156    -29.144     84.652
     -4.597    107.326    518.000   -169.727    -33.995    -29.327     84.528
     -4.599    107.394    518.059   -169.896    -33.835    -29.509     84.405
     -4.601    107.462    518.118   -170.065    -33.675    -29.690     84.281
     -4.603    107.529    518.178   -170.233    -33.515    -29.870     84.156
     -4.605    107.596    518.238   -170.402    -33.356    -30.049     84.032
     -4.607    107.662    518.298   -170.570    -33.198    -30.227     83.907
     -4.609    107.729    518.359   -170.737    -33.040    -30.404     83.782
     -4.611    107.794    518.420   -170.905    -32.882    -30.580     83.657
     -4.613    107.860    518.481   -171.072    -32.725    -30.755     83.532
     -4.615    107.925    518.543   -171.239    -32.568    -30.929     83.406
     -4.617    107.990    518.605   -171.405    -32.412    -31.102     83.281
     -4.619    108.055    518.667   -171.572    -32.256    -31.275     83.155
     -4.621    108.119    518.730   -171.738    -32.101    -31.446     83.029
     -4.623    108.183    518.793   -171.904    -31.946    -31.617     82.902
     -4.625    108.247    518.856   -172.070    -31.792    -31.786     82.776
     -4.627    108.311    518.920   -172.235    -31.638    -31.955     82.649
     -4.629    108.374    518.984   -172.400    -31.484    -32.122     82.522
     -4.631    108.437    519.049   -172.565    -31.331    -32.289     82.395
     -4.633    108.499    519.113   -172.730    -31.178    -32.455     82.268
     -4.635    108.561    519.179   -172.894    -31.026    -32.620     82.141
     -4.637    108.623    519.244   -173.058    -30.874    -32.784     82.013
     -4.639    108.685    519.310   -173.222    -30.723    -32.948     81.885
     -4.641    108.746    519.376   -173.386    -30.572    -33.110     81.758
     -4.643    108.807    519.442   -173.549    -30.422    -33.272     81.629
     -4.645    108.868    519.509   -173.713    -30.271    -33.433     81.501
     -4.647    108.928    519.576   -173.875    -30.122    -33.592     81.373
     -4.649    108.988    519.643   -174.038    -29.973    -33.751     81.244
     -4.651    109.048    519.711   -174.200    -29.824    -33.910     81.116
     -4.653    109.107    519.779   -174.362    -29.675    -34.067     80.987
     -4.655    109.167    519.847   -174.524    -29.527    -34.224     80.858
     -4.657    109.226    519.916   -174.686    -29.380    -34.379     80.729
     -4.659    109.284    519.985   -174.847    -29.232    -34.534     80.600
     -4.661    109.343    520.054   -175.008    -29.086    -34.689     80.470
     -4.663    109.401    520.123   -175.169    -28.939    -34.842     80.341
     -4.665    109.458    520.193   -175.330    -28.793    -34.994     80.211
     -4.667    109.516    520.263   -175.490    -28.648    -35.146     80.081
     -4.669    109.573    520.334   -175.650    -28.502    -35.297     79.952
     -4.671    109.630    520.405   -175.810    -28.358    -35.447     79.822
     -4.673    109.686    520.476   -175.969    -28.213    -35.597     79.691
     -4.675    109.743    520.547   -176.129    -28.069    -35.746     79.561
     -4.677    109.799    520.619   -176.288    -27.925    -35.894     79.431
     -4.679    109.854    520.690   -176.446    -27.782    -36.041     79.300
     -4.681    109.910    520.763   -176.605    -27.639    -36.187     79.170
     -4.683    109.965    520.835   -176.763    -27.497    -36.333     79.039
     -4.685    110.020    520.908   -176.921    -27.354    -36.478     78.908
     -4.687    110.074    520.981   -177.079    -27.213    -36.622     78.777
     -4.689    110.129    521.055   -177.236    -27.071    -36.766     78.646
     -4.691    110.183    521.128   -177.393    -26.930    -36.908     78.515
     -4.693    110.236    521.202   -177.550    -26.789    -37.050     78.383
     -4.695    110.290    521.276   -177.707    -26.649    -37.192     78.252
     -4.697    110.343    521.351   -177.863    -26.509    -37.332     78.121
     -4.699    110.396    521.426   -178.019    -26.369    -37.472     77.989
     -4.701    110.448    521.501   -178.175    -26.230    -37.612     77.857
     -4.703    110.501    521.576   -178.331    -26.091    -37.750     77.726
     -4.705    110.553    521.652   -178.486    -25.953    -37.888     77.594
     -4.707    110.604    521.728   -178.641    -25.814    -38.025     77.462
     -4.709    110.656    521.804   -178.796    -25.677    -38.162     77.330
     -4.711    110.707    521.880   -178.950    -25.539    -38.298     77.197
     -4.713    110.758    521.957   -179.105    -25.402    -38.433     77.065
     -4.715    110.809    522.034   -179.259    -25.265    -38.567     76.933
     -4.717    110.859    522.111   -179.412    -25.128    -38.701     76.800
     -4.719    110.909    522.189   -179.566    -24.992    -38.834     76.668
     -4.721    110.959    522.267   -179.719    -24.856    -38.967     76.535
     -4.723    111.009    522.345   -179.872    -24.721    -39.099     76.403
     -4.725    111.058    522.423   -180.025    -24.586    -39.230     76.270
     -4.727    111.107    522.502   -180.177    -24.451    -39.361     76.137
     -4.729    111.156    522.581   -180.329    -24.316    -39.491     76.004
     -4.731    111.204    522.660   -180.481    -24.182    -39.620     75.871
     -4.733    111.253    522.739   -180.633    -24.048    -39.749     75.738
     -4.735    111.301    522.819   -180.784    -23.915    -39.877     75.605
     -4.737    111.348    522.899   -180.935    -23.781    -40.004     75.471
     -4.739    111.396    522.979   -181.086    -23.649    -40.131     75.338
     -4.741    111.443    523.059   -181.236    -23.516    -40.258     75.205
     -4.743    111.490    523.140   -181.387    -23.384    -40.383     75.071
     -4.745    111.536    523.221   -181.537    -23.252    -40.508     74.938
     -4.747    111.583    523.302   -181.686    -23.120    -40.633     74.804
     -4.749    111.629    523.383   -181.836    -22.989    -40.757     74.670
     -4.751    111.675    523.465   -181.985    -22.858    -40.880     74.536
     -4.753    111.720    523.547   -182.134    -22.727    -41.003     74.403
     -4.755    111.766    523.629   -182.283    -22.596    -41.125     74.269
     -4.757    111.811    523.711   -182.431    -22.466    -41.246     74.135
     -4.759    111.855    523.794   -182.579    -22.336    -41.367     74.001
     -4.761    111.900    523.877   -182.727    -22.207    -41.488     73.867
     -4.763    111.944    523.960   -182.875    -22.077    -41.608     73.732
     -4.765    111.988    524.043   -183.022    -21.949    -41.727     73.598
     -4.767    112.032    524.127   -183.169    -21.820    -41.846     73.464
     -4.769    112.076    524.210   -183.316    -21.691    -41.964     73.330
     -4.771    112.119    524.294   -183.462    -21.563    -42.081     73.195
     -4.773    112.162    524.379   -183.609    -21.436    -42.199     73.061
     -4.775    112.205    524.463   -183.755    -21.308    -42.315     72.926
     -4.777    112.247    524.548   -183.900    -21.181    -42.431     72.792
     -4.779    112.289    524.633   -184.046    -21.054    -42.546     72.657
     -4.781    112.331    524.718   -184.191    -20.927    -42.661     72.522
     -4.783    112.373    524.804   -184.336    -20.801    -42.776     72.387
     -4.785    112.415    524.889   -184.481    -20.675    -42.890     72.253
     -4.787    112.456    524.975   -184.625    -20.549    -43.003     72.118
     -4.789    112.497    525.061   -184.769    -20.423    -43.116     71.983
     -4.791    112.537    525.148   -184.913    -20.298    -43.228     71.848
     -4.793    112.578    525.234   -185.056    -20.173    -43.340     71.713
     -4.795    112.618    525.321   -185.200    -20.048    -43.451     71.578
     -4.797    112.658    525.408   -185.343    -19.924    -43.562     71.442
     -4.799    112.698    525.495   -185.485    -19.799    -43.672     71.307
     -4.801    112.737    525.583   -185.628    -19.675    -43.782     71.172
     -4.803    112.777    525.670   -185.770    -19.552    -43.891     71.037
     -4.805    112.815    525.758   -185.912    -19.428    -44.000     70.901
     -4.807    112.854    525.846   -186.054    -19.305    -44.108     70.766
     -4.809    112.893    525.935   -186.195    -19.182    -44.216     70.630
     -4.811    112.931    526.023   -186.336    -19.059    -44.323     70.495
     -4.813    112.969    526.112   -186.477    -18.937    -44.430     70.359
     -4.815    113.007    526.201   -186.618    -18.815    -44.536     70.224
     -4.817    113.044    526.290   -186.758    -18.693    -44.642     70.088
     -4.819    113.081    526.380   -186.898    -18.571    -44.748     69.952
     -4.821    113.118    526.469   -187.038    -18.450    -44.853     69.816
     -4.823    113.155    526.559   -187.177    -18.329    -44.957     69.681
     -4.825    113.192    526.649   -187.317    -18.208    -45.061     69.545
     -4.827    113.228    526.739   -187.455    -18.087    -45.164     69.409
     -4.829    113.264    526.830   -187.594    -17.967    -45.267     69.273
     -4.831    113.300    526.920   -187.733    -17.847    -45.370     69.137
     -4.833    113.336    527.011   -187.871    -17.727    -45.472     69.001
     -4.835    113.371    527.102   -188.009    -17.607    -45.574     68.865
     -4.837    113.406    527.193   -188.146    -17.488    -45.675     68.729
     -4.839    113.441    527.285   -188.283    -17.369    -45.776     68.592
     -4.841    113.475    527.376   -188.421    -17.250    -45.876     68.456
     -4.843    113.510    527.468   -188.557    -17.131    -45.976     68.320
     -4.845    113.544    527.560   -188.694    -17.012    -46.076     68.183
     -4.847    113.578    527.653   -188.830    -16.894    -46.175     68.047
     -4.849    113.612    527.745   -188.966    -16.776    -46.273     67.911
     -4.851    113.645    527.838   -189.102    -16.658    -46.371     67.774
     -4.853    113.678    527.931   -189.237    -16.541    -46.469     67.638
     -4.855    113.711    528.024   -189.372    -16.423    -46.566     67.501
     -4.857    113.744    528.117   -189.507    -16.306    -46.663     67.364
     -4.859    113.776    528.210   -189.642    -16.190    -46.760     67.228
     -4.861    113.809    528.304   -189.776    -16.073    -46.856     67.091
     -4.863    113.841    528.398   -189.910    -15.956    -46.951     66.954
     -4.865    113.872    528.492   -190.044    -15.840    -47.047     66.818
     -4.867    113.904    528.586   -190.177    -15.724    -47.142     66.681
     -4.869    113.935    528.680   -190.311    -15.608    -47.236     66.544
     -4.871    113.966    528.775   -190.444    -15.493    -47.330     66.407
     -4.873    113.997    528.870   -190.576    -15.378    -47.423     66.270
     -4.875    114.028    528.965   -190.709    -15.263    -47.517     66.133
     -4.877    114.058    529.060   -190.841    -15.148    -47.609     65.996
     -4.879    114.089    529.155   -190.973    -15.033    -47.702     65.859
     -4.881    114.119    529.250   -191.104    -14.918    -47.794     65.722
     -4.883    114.148    529.346   -191.235    -14.804    -47.885     65.585
     -4.885    114.178    529.442   -191.366    -14.690    -47.977     65.447
     -4.887    114.207    529.538   -191.497    -14.576    -48.067     65.310
     -4.889    114.236    529.634   -191.628    -14.463    -48.158     65.173
     -4.891    114.265    529.731   -191.758    -14.349    -48.248     65.035
     -4.893    114.293    529.827   -191.888    -14.236    -48.338     64.898
     -4.895    114.322    529.924   -192.018    -14.123    -48.427     64.761
     -4.897    114.350    530.021   -192.147    -14.010    -48.516     64.623
     -4.899    114.378    530.118   -192.276    -13.898    -48.604     64.486
     -4.901    114.406    530.215   -192.405    -13.785    -48.693     64.348
     -4.903    114.433    530.313   -192.533    -13.673    -48.780     64.210
     -4.905    114.460    530.411   -192.662    -13.561    -48.868     64.073
     -4.907    114.487    530.508   -192.790    -13.449    -48.955     63.935
     -4.909    114.514    530.606   -192.917    -13.338    -49.042     63.797
     -4.911    114.541    530.704   -193.045    -13.226    -49.128     63.660
     -4.913    114.567    530.803   -193.172    -13.115    -49.214     63.522
     -4.915    114.593    530.901   -193.299    -13.004    -49.299     63.384
     -4.917    114.619    531.000   -193.426    -12.893    -49.385     63.246
     -4.919    114.645    531.099   -193.552    -12.783    -49.470     63.108
     -4.921    114.670    531.198   -193.678    -12.672    -49.554     62.970
     -4.923    114.695    531.297   -193.804    -12.562    -49.638     62.832
     -4.925    114.720    531.396   -193.929    -12.452    -49.722     62.694
     -4.927    114.745    531.496   -194.055    -12.342    -49.806     62.556
     -4.929    114.770    531.596   -194.180    -12.233    -49.889     62.418
     -4.931    114.794    531.696   -194.304    -12.123    -49.972     62.279
     -4.933    114.818    531.796   -194.429    -12.014    -50.054     62.141
     -4.935    114.842    531.896   -194.553    -11.905    -50.136     62.003
     -4.937    114.866    531.996   -194.677    -11.796    -50.218     61.865
     -4.939    114.889    532.097   -194.800    -11.687    -50.300     61.726
     -4.941    114.913    532.197   -194.924    -11.579    -50.381     61.588
     -4.943    114.936    532.298   -195.047    -11.470    -50.462     61.449
     -4.945    114.958    532.399   -195.169    -11.362    -50.542     61.311
     -4.947    114.981    532.500   -195.292    -11.254    -50.622     61.172
     -4.949    115.003    532.602   -195.414    -11.146    -50.702     61.034
     -4.951    115.026    532.703   -195.536    -11.038    -50.781     60.895
     -4.953    115.048    532.805   -195.658    -10.931    -50.861     60.756
     -4.955    115.069    532.907   -195.779    -10.824    -50.939     60.617
     -4.957    115.091    533.009   -195.900    -10.717    -51.018     60.479
     -4.959    115.112    533.111   -196.021    -10.610    -51.096     60.340
     -4.961    115.133    533.213   -196.142    -10.503    -51.174     60.201
     -4.963    115.154    533.315   -196.262    -10.396    -51.252     60.062
     -4.965    115.175    533.418   -196.382    -10.290    -51.329     59.923
     -4.967    115.195    533.521   -196.501    -10.184    -51.406     59.784
     -4.969    115.216    533.624   -196.621    -10.077    -51.482     59.645
     -4.971    115.236    533.727   -196.740     -9.972    -51.559     59.506
     -4.973    115.256    533.830   -196.859     -9.866    -51.635     59.367
     -4.975    115.275    533.933   -196.978     -9.760    -51.711     59.227
     -4.977    115.295    534.037   -197.096     -9.655    -51.786     59.088
     -4.979    115.314    534.140   -197.214     -9.550    -51.861     58.949
     -4.981    115.333    534.244   -197.332     -9.444    -51.936     58.809
     -4.983    115.352    534.348   -197.449     -9.340    -52.010     58.670
     -4.985    115.370    534.452   -197.566     -9.235    -52.085     58.531
     -4.987    115.388    534.556   -197.683     -9.130    -52.159     58.391
     -4.989    115.407    534.661   -197.800     -9.026    -52.232     58.252
     -4.991    115.425    534.765   -197.916     -8.922    -52.306     58.112
     -4.993    115.442    534.870   -198.032     -8.817    -52.379     57.972
     -4.995    115.460    534.975   -198.148     -8.713    -52.451     57.833
     -4.997    115.477    535.080   -198.264     -8.610    -52.524     57.693
     -4.999    115.494    535.185   -198.379     -8.506    -52.596     57.553
     -5.001    115.511    535.290   -198.494     -8.403    -52.668     57.413
     -5.003    115.528    535.396   -198.609     -8.299    -52.739     57.273
     -5.005    115.544    535.501   -198.723     -8.196    -52.811     57.133
     -5.007    115.561    535.607   -198.837     -8.093    -52.882     56.993
     -5.009    115.577    535.713   -198.951     -7.990    -52.953     56.853
     -5.011    115.593    535.819   -199.065     -7.888    -53.023     56.713
     -5.013    115.608    535.925   -199.178     -7.785    -53.093     56.573
     -5.015    115.624    536.031   -199.291     -7.683    -53.163     56.433
     -5.017    115.639    536.137   -199.404     -7.580    -53.233     56.292
     -5.019    115.654    536.244   -199.516     -7.478    -53.302     56.152
     -5.021    115.669    536.351   -199.628     -7.376    -53.372     56.012
     -5.023    115.684    536.457   -199.740     -7.275    -53.440     55.871
     -5.025    115.698    536.564   -199.852     -7.173    -53.509     55.731
     -5.027    115.712    536.671   -199.963     -7.071    -53.577     55.590
     -5.029    115.726    536.779   -200.074     -6.970    -53.645     55.450
     -5.031    115.740    536.886   -200.185     -6.869    -53.713     55.309
     -5.033    115.754    536.994   -200.295     -6.768    -53.781     55.168
     -5.035    115.767    537.101   -200.405     -6.667    -53.848     55.028
     -5.037    115.781    537.209   -200.515     -6.566    -53.915     54.887
     -5.039    115.794    537.317   -200.625     -6.465    -53.982     54.746
     -5.041    115.806    537.425   -200.734     -6.365    -54.048     54.605
     -5.043    115.819    537.533   -200.843     -6.265    -54.114     54.464
     -5.045    115.831    537.641   -200.952     -6.164    -54.180     54.323
     -5.047    115.844    537.750   -201.061     -6.064    -54.246     54.182
     -5.049    115.856    537.858   -201.169     -5.964    -54.312     54.041
     -5.051    115.868    537.967   -201.277     -5.865    -54.377     53.899
     -5.053    115.879    538.076   -201.384     -5.765    -54.442     53.758
     -5.055    115.891    538.185   -201.492     -5.666    -54.507     53.617
     -5.057    115.902    538.294   -201.599     -5.566    -54.571     53.475
     -5.059    115.913    538.403   -201.706     -5.467    -54.635     53.334
     -5.061    115.924    538.512   -201.812     -5.368    -54.699     53.192
     -5.063    115.934    538.622   -201.919     -5.269    -54.763     53.051
     -5.065    115.945    538.731   -202.024     -5.170    -54.826     52.909
     -5.067    115.955    538.841   -202.130     -5.071    -54.890     52.767
     -5.069    115.965    538.951   -202.236     -4.973    -54.953     52.626
     -5.071    115.975    539.061   -202.341     -4.874    -55.016     52.484
     -5.073    115.985    539.171   -202.445     -4.776    -55.078     52.342
     -5.075    115.994    539.281   -202.550     -4.678    -55.140     52.200
     -5.077    116.003    539.392   -202.654     -4.580    -55.202     52.058
     -5.079    116.012    539.502   -202.758     -4.482    -55.264     51.916
     -5.081    116.021    539.613   -202.862     -4.384    -55.326     51.774
     -5.083    116.030    539.723   -202.965     -4.287    -55.387     51.631
     -5.085    116.038    539.834   -203.068     -4.189    -55.448     51.489
     -5.087    116.047    539.945   -203.171     -4.092    -55.509     51.347
     -5.089    116.055    540.056   -203.274     -3.994    -55.570     51.204
     -5.091    116.063    540.167   -203.376     -3.897    -55.630     51.062
     -5.093    116.070    540.279   -203.478     -3.800    -55.691     50.919
     -5.095    116.078    540.390   -203.580     -3.703    -55.751     50.777
     -5.097    116.085    540.502   -203.681     -3.607    -55.810     50.634
     -5.099    116.092    540.613   -203.782     -3.510    -55.870     50.491
     -5.101    116.099    540.725   -203.883     -3.414    -55.929     50.348
     -5.103    116.106    540.837   -203.984     -3.317    -55.988     50.205
     -5.105    116.112    540.949   -204.084     -3.221    -56.047     50.062
     -5.107    116.119    541.061   -204.184     -3.125    -56.106     49.919
     -5.109    116.125    541.174   -204.284     -3.029    -56.164     49.776
     -5.111    116.131    541.286   -204.383     -2.933    -56.222     49.633
     -5.113    116.137    541.398   -204.482     -2.837    -56.280     49.490
     -5.115    116.142    541.511   -204.581     -2.741    -56.338     49.346
     -5.117    116.148    541.624   -204.680     -2.646    -56.396     49.203
     -5.119    116.153    541.737   -204.778     -2.551    -56.453     49.060
     -5.121    116.158    541.850   -204.876     -2.455    -56.510     48.916
     -5.123    116.163    541.963   -204.974     -2.360    -56.567     48.772
     -5.125    116.167    542.076   -205.071     -2.265    -56.624     48.629
     -5.127    116.172    542.189   -205.168     -2.170    -56.680     48.485
     -5.129    116.176    542.303   -205.265     -2.075    -56.737     48.341
     -5.131    116.180    542.416   -205.361     -1.981    -56.793     48.197
     -5.133    116.184    542.530   -205.458     -1.886    -56.849     48.053
     -5.135    116.188    542.644   -205.554     -1.791    -56.904     47.909
     -5.137    116.191    542.757   -205.649     -1.697    -56.960     47.765
     -5.139    116.194    542.871   -205.745     -1.603    -57.015     47.621
     -5.141    116.197    542.985   -205.840     -1.509    -57.070     47.476
     -5.143    116.200    543.100   -205.935     -1.415    -57.125     47.332
     -5.145    116.203    543.214   -206.029     -1.321    -57.180     47.187
     -5.147    116.206    543.328   -206.123     -1.227    -57.234     47.043
     -5.149    116.208    543.443   -206.217     -1.133    -57.288     46.898
     -5.151    116.210    543.558   -206.311     -1.040    -57.342     46.753
     -5.153    116.212    543.672   -206.404     -0.946    -57.396     46.609
     -5.155    116.214    543.787   -206.497     -0.853    -57.450     46.464
     -5.157    116.216    543.902   -206.590     -0.760    -57.503     46.319
     -5.159    116.217    544.017   -206.683     -0.666    -57.557     46.174
     -5.161    116.218    544.132   -206.775     -0.573    -57.610     46.029
     -5.163    116.219    544.248   -206.867     -0.480    -57.663     45.883
     -5.165    116.220    544.363   -206.958     -0.388    -57.715     45.738
     -5.167    116.221    544.478   -207.050     -0.295    -57.768     45.593
     -5.169    116.221    544.594   -207.141     -0.202    -57.820     45.447
     -5.171    116.222    544.710   -207.231     -0.110    -57.872     45.302
     -5.173    116.222    544.826   -207.322     -0.017    -57.924     45.156
     -5.175    116.222    544.941   -207.412      0.075    -57.976     45.010
     -5.177    116.221    545.057   -207.502      0.167    -58.027     44.864
     -5.179    116.221    545.174   -207.592      0.259    -58.079     44.718
     -5.181    116.220    545.290   -207.681      0.351    -58.130     44.572
     -5.183    116.220    545.406   -207.770      0.443    -58.181     44.426
     -5.185    116.219    545.522   -207.859      0.535    -58.232     44.280
     -5.187    116.217    545.639   -207.947      0.627    -58.282     44.134
     -5.189    116.216    545.756   -208.035      0.718    -58.333     43.987
     -5.191    116.215    545.872   -208.123      0.810    -58.383     43.841
     -5.193    116.213    545.989   -208.210      0.901    -58.433     43.694
     -5.195    116.211    546.106   -208.298      0.992    -58.483     43.548
     -5.197    116.209    546.223   -208.385      1.083    -58.532     43.401
     -5.199    116.207    546.340   -208.471      1.175    -58.582     43.254
     -5.201    116.204    546.457   -208.558      1.266    -58.631     43.107
     -5.203    116.202    546.575   -208.644      1.356    -58.680     42.960
     -5.205    116.199    546.692   -208.730      1.447    -58.729     42.813
     -5.207    116.196    546.810   -208.815      1.538    -58.778     42.666
     -5.209    116.193    546.927   -208.900      1.628    -58.827     42.518
     -5.211    116.189    547.045   -208.985      1.719    -58.875     42.371
     -5.213    116.186    547.163   -209.070      1.809    -58.924     42.224
     -5.215    116.182    547.281   -209.154      1.900    -58.972     42.076
     -5.217    116.178    547.399   -209.238      1.990    -59.020     41.928
     -5.219    116.174    547.517   -209.322      2.080    -59.067     41.780
     -5.221    116.170    547.635   -209.405      2.170    -59.115     41.632
     -5.223    116.165    547.753   -209.488      2.260    -59.162     41.484
     -5.225    116.161    547.872   -209.571      2.350    -59.210     41.336
     -5.227    116.156    547.990   -209.654      2.440    -59.257     41.188
     -5.229    116.151    548.109   -209.736      2.529    -59.304     41.040
     -5.231    116.146    548.227   -209.818      2.619    -59.350     40.891
     -5.233    116.141    548.346   -209.899      2.708    -59.397     40.743
     -5.235    116.135    548.465   -209.981      2.798    -59.443     40.594
     -5.237    116.129    548.584   -210.062      2.887    -59.489     40.445
     -5.239    116.124    548.703   -210.142      2.976    -59.535     40.296
     -5.241    116.118    548.822   -210.223      3.065    -59.581     40.147
     -5.243    116.111    548.941   -210.303      3.154    -59.627     39.998
     -5.245    116.105    549.060   -210.383      3.243    -59.673     39.849
     -5.247    116.098    549.180   -210.462      3.332    -59.718     39.700
     -5.249    116.092    549.299   -210.542      3.421    -59.763     39.550
     -5.251    116.085    549.419   -210.621      3.509    -59.808     39.401
     -5.253    116.078    549.538   -210.699      3.598    -59.853     39.251
     -5.255    116.070    549.658   -210.778      3.686    -59.898     39.101
     -5.257    116.063    549.778   -210.856      3.775    -59.943     38.951
     -5.259    116.055    549.898   -210.933      3.863    -59.987     38.801
     -5.261    116.047    550.018   -211.011      3.951    -60.031     38.651
     -5.263    116.039    550.138   -211.088      4.039    -60.075     38.501
     -5.265    116.031    550.258   -211.165      4.127    -60.119     38.351
     -5.267    116.023    550.379   -211.241      4.215    -60.163     38.200
     -5.269    116.014    550.499   -211.318      4.303    -60.207     38.050
     -5.271    116.006    550.619   -211.394      4.391    -60.250     37.899
     -5.273    115.997    550.740   -211.469      4.479    -60.294     37.748
     -5.275    115.988    550.861   -211.545      4.566    -60.337     37.597
     -5.277    115.978    550.981   -211.620      4.654    -60.380     37.446
     -5.279    115.969    551.102   -211.694      4.741    -60.423     37.295
     -5.281    115.960    551.223   -211.769      4.829    -60.465     37.144
     -5.283    115.950    551.344   -211.843      4.916    -60.508     36.992
     -5.285    115.940    551.465   -211.917      5.003    -60.550     36.841
     -5.287    115.930    551.586   -211.990      5.090    -60.592     36.689
     -5.289    115.919    551.707   -212.064      5.177    -60.634     36.537
     -5.291    115.909    551.829   -212.137      5.264    -60.676     36.385
     -5.293    115.898    551.950   -212.209      5.351    -60.718     36.233
     -5.295    115.888    552.072   -212.281      5.438    -60.760     36.081
     -5.297    115.877    552.193   -212.353      5.525    -60.801     35.929
     -5.299    115.866    552.315   -212.425      5.611    -60.843     35.776
     -5.301    115.854    552.437   -212.497      5.698    -60.884     35.624
     -5.303    115.843    552.558   -212.568      5.785    -60.925     35.471
     -5.305    115.831    552.680   -212.638      5.871    -60.966     35.318
     -5.307    115.819    552.802   -212.709      5.957    -61.006     35.165
     -5.309    115.807    552.924   -212.779      6.044    -61.047     35.012
     -5.311    115.795    553.046   -212.849      6.130    -61.087     34.859
     -5.313    115.783    553.169   -212.919      6.216    -61.128     34.706
     -5.315    115.770    553.291   -212.988      6.302    -61.168     34.552
     -5.317    115.758    553.413   -213.057      6.388    -61.208     34.399
     -5.319    115.745    553.536   -213.125      6.474    -61.248     34.245
     -5.321    115.732    553.658   -213.194      6.559    -61.287     34.091
     -5.323    115.718    553.781   -213.262      6.645    -61.327     33.937
     -5.325    115.705    553.904   -213.329      6.731    -61.366     33.783
     -5.327    115.692    554.026   -213.397      6.816    -61.406     33.628
     -5.329    115.678    554.149   -213.464      6.902    -61.445     33.474
     -5.331    115.664    554.272   -213.531      6.987    -61.484     33.319
     -5.333    115.650    554.395   -213.597      7.073    -61.523     33.165
     -5.335    115.636    554.518   -213.663      7.158    -61.561     33.010
     -5.337    115.621    554.641   -213.729      7.243    -61.600     32.855
     -5.339    115.607    554.765   -213.795      7.328    -61.638     32.700
     -5.341    115.592    554.888   -213.860      7.413    -61.677     32.544
     -5.343    115.577    555.011   -213.925      7.498    -61.715     32.389
     -5.345    115.562    555.135   -213.990      7.583    -61.753     32.233
     -5.347    115.547    555.258   -214.054      7.668    -61.791     32.077
     -5.349    115.531    555.382   -214.118      7.753    -61.829     31.921
     -5.351    115.516    555.506   -214.182      7.837    -61.866     31.765
     -5.353    115.500    555.629   -214.245      7.922    -61.904     31.609
     -5.355    115.484    555.753   -214.308      8.007    -61.941     31.453
     -5.357    115.468    555.877   -214.371      8.091    -61.978     31.296
     -5.359    115.452    556.001   -214.433      8.175    -62.015     31.140
     -5.361    115.435    556.125   -214.495      8.260    -62.052     30.983
     -5.363    115.419    556.249   -214.557      8.344    -62.089     30.826
     -5.365    115.402    556.374   -214.619      8.428    -62.125     30.669
     -5.367    115.385    556.498   -214.680      8.512    -62.162     30.511
     -5.369    115.368    556.622   -214.741      8.596    -62.198     30.354
     -5.371    115.350    556.747   -214.801      8.680    -62.235     30.196
     -5.373    115.333    556.871   -214.862      8.764    -62.271     30.039
     -5.375    115.315    556.996   -214.921      8.848    -62.307     29.881
     -5.377    115.298    557.120   -214.981      8.932    -62.342     29.723
     -5.379    115.280    557.245   -215.040      9.016    -62.378     29.564
     -5.381    115.262    557.370   -215.099      9.099    -62.414     29.406
     -5.383    115.243    557.495   -215.158      9.183    -62.449     29.247
     -5.385    115.225    557.620   -215.216      9.266    -62.484     29.089
     -5.387    115.206    557.745   -215.274      9.350    -62.520     28.930
     -5.389    115.187    557.870   -215.332      9.433    -62.555     28.771
     -5.391    115.168    557.995   -215.389      9.517    -62.590     28.611
     -5.393    115.149    558.120   -215.446      9.600    -62.624     28.452
     -5.395    115.130    558.245   -215.503      9.683    -62.659     28.292
     -5.397    115.111    558.371   -215.560      9.766    -62.694     28.133
     -5.399    115.091    558.496   -215.616      9.849    -62.728     27.973
     -5.401    115.071    558.622   -215.672      9.932    -62.762     27.813
     -5.403    115.051    558.747   -215.727     10.015    -62.796     27.652
     -5.405    115.031    558.873   -215.782     10.098    -62.830     27.492
     -5.407    115.011    558.999   -215.837     10.181    -62.864     27.331
     -5.409    114.990    559.124   -215.891     10.264    -62.898     27.171
     -5.411    114.970    559.250   -215.946     10.346    -62.932     27.010
     -5.413    114.949    559.376   -216.000     10.429    -62.965     26.848
     -5.415    114.928    559.502   -216.053     10.511    -62.998     26.687
     -5.417    114.907    559.628   -216.106     10.594    -63.032     26.526
     -5.419    114.886    559.754   -216.159     10.676    -63.065     26.364
     -5.421    114.864    559.880   -216.212     10.759    -63.098     26.202
     -5.423    114.843    560.007   -216.264     10.841    -63.131     26.040
     -5.425    114.821    560.133   -216.316     10.923    -63.163     25.878
     -5.427    114.799    560.259   -216.367     11.005    -63.196     25.715
     -5.429    114.777    560.386   -216.419     11.087    -63.228     25.553
     -5.431    114.755    560.512   -216.470     11.169    -63.261     25.390
     -5.433    114.732    560.639   -216.520     11.251    -63.293     25.227
     -5.435    114.710    560.765   -216.571     11.333    -63.325     25.064
     -5.437    114.687    560.892   -216.621     11.415    -63.357     24.900
     -5.439    114.664    561.019   -216.670     11.497    -63.389     24.737
     -5.441    114.641    561.146   -216.720     11.579    -63.421     24.573
     -5.443    114.618    561.272   -216.768     11.660    -63.452     24.409
     -5.445    114.594    561.399   -216.817     11.742    -63.484     24.245
     -5.447    114.571    561.526   -216.865     11.824    -63.515     24.081
     -5.449    114.547    561.653   -216.913     11.905    -63.546     23.916
     -5.451    114.523    561.781   -216.961     11.987    -63.577     23.751
     -5.453    114.499    561.908   -217.008     12.068    -63.608     23.587
     -5.455    114.475    562.035   -217.055     12.149    -63.639     23.421
     -5.457    114.450    562.162   -217.102     12.231    -63.670     23.256
     -5.459    114.426    562.290   -217.149     12.312    -63.700     23.091
     -5.461    114.401    562.417   -217.195     12.393    -63.731     22.925
     -5.463    114.376    562.545   -217.240     12.474    -63.761     22.759
     -5.465    114.351    562.672   -217.286     12.555    -63.791     22.593
     -5.467    114.326    562.800   -217.331     12.636    -63.822     22.426
     -5.469    114.301    562.927   -217.375     12.717    -63.852     22.260
     -5.471    114.275    563.055   -217.420     12.798    -63.881     22.093
     -5.473    114.250    563.183   -217.464     12.879    -63.911     21.926
     -5.475    114.224    563.311   -217.507     12.959    -63.941     21.759
     -5.477    114.198    563.439   -217.551     13.040    -63.970     21.591
     -5.479    114.172    563.567   -217.594     13.121    -64.000     21.424
     -5.481    114.145    563.695   -217.636     13.201    -64.029     21.256
     -5.483    114.119    563.823   -217.679     13.282    -64.058     21.088
     -5.485    114.092    563.951   -217.721     13.362    -64.087     20.920
     -5.487    114.065    564.079   -217.762     13.443    -64.116     20.751
     -5.489    114.038    564.207   -217.804     13.523    -64.145     20.582
     -5.491    114.011    564.336   -217.845     13.603    -64.174     20.414
     -5.493    113.984    564.464   -217.885     13.684    -64.202     20.244
     -5.495    113.956    564.593   -217.926     13.764    -64.231     20.075
     -5.497    113.929    564.721   -217.966     13.844    -64.259     19.905
     -5.499    113.901    564.850   -218.005     13.924    -64.287     19.736
     -5.501    113.873    564.978   -218.045     14.004    -64.315     19.566
     -5.503    113.845    565.107   -218.084     14.084    -64.343     19.395
     -5.505    113.817    565.236   -218.122     14.164    -64.371     19.225
     -5.507    113.788    565.364   -218.160     14.244    -64.399     19.054
     -5.509    113.760    565.493   -218.198     14.324    -64.426     18.883
     -5.511    113.731    565.622   -218.236     14.404    -64.454     18.712
     -5.513    113.702    565.751   -218.273     14.483    -64.481     18.540
     -5.515    113.673    565.880   -218.310     14.563    -64.508     18.369
     -5.517    113.644    566.009   -218.347     14.643    -64.535     18.197
     -5.519    113.615    566.138   -218.383     14.722    -64.562     18.025
     -5.521    113.585    566.267   -218.419     14.802    -64.589     17.852
     -5.523    113.555    566.396   -218.454     14.881    -64.616     17.680
     -5.525    113.526    566.526   -218.490     14.960    -64.642     17.507
     -5.527    113.496    566.655   -218.524     15.040    -64.669     17.334
     -5.529    113.465    566.784   -218.559     15.119    -64.695     17.160
     -5.531    113.435    566.914   -218.593     15.198    -64.722     16.987
     -5.533    113.405    567.043   -218.627     15.278    -64.748     16.813
     -5.535    113.374    567.173   -218.660     15.357    -64.774     16.639
     -5.537    113.343    567.302   -218.693     15.436    -64.800     16.464
     -5.539    113.312    567.432   -218.726     15.515    -64.826     16.290
     -5.541    113.281    567.562   -218.759     15.594    -64.851     16.115
     -5.543    113.250    567.691   -218.791     15.673    -64.877     15.940
     -5.545    113.218    567.821   -218.822     15.752    -64.902     15.764
     -5.547    113.187    567.951   -218.854     15.830    -64.928     15.589
     -5.549    113.155    568.081   -218.885     15.909    -64.953     15.413
     -5.551    113.123    568.211   -218.915     15.988    -64.978     15.237
     -5.553    113.091    568.341   -218.946     16.067    -65.003     15.060
     -5.555    113.059    568.471   -218.976     16.145    -65.028     14.883
     -5.557    113.027    568.601   -219.005     16.224    -65.052     14.707
     -5.559    112.994    568.731   -219.034     16.302    -65.077     14.529
     -5.561    112.961    568.861   -219.063     16.381    -65.101     14.352
     -5.563    112.929    568.991   -219.092     16.459    -65.126     14.174
     -5.565    112.896    569.122   -219.120     16.538    -65.150     13.996
     -5.567    112.862    569.252   -219.148     16.616    -65.174     13.818
     -5.569    112.829    569.382   -219.175     16.694    -65.198     13.639
     -5.571    112.796    569.513   -219.202     16.773    -65.222     13.460
     -5.573    112.762    569.643   -219.229     16.851    -65.246     13.281
     -5.575    112.728    569.774   -219.255     16.929    -65.269     13.102
     -5.577    112.694    569.904   -219.281     17.007    -65.293     12.922
     -5.579    112.660    570.035   -219.307     17.085    -65.316     12.742
     -5.581    112.626    570.166   -219.332     17.163    -65.340     12.562
     -5.583    112.592    570.296   -219.357     17.241    -65.363     12.381
     -5.585    112.557    570.427   -219.382     17.319    -65.386     12.201
     -5.587    112.522    570.558   -219.406     17.397    -65.409     12.019
     -5.589    112.487    570.689   -219.430     17.474    -65.432     11.838
     -5.591    112.452    570.820   -219.454     17.552    -65.454     11.656
     -5.593    112.417    570.951   -219.477     17.630    -65.477     11.474
     -5.595    112.382    571.081   -219.499     17.707    -65.499     11.292
     -5.597    112.346    571.213   -219.522     17.785    -65.522     11.109
     -5.599    112.311    571.344   -219.544     17.863    -65.544     10.927
     -5.601    112.275    571.475   -219.566     17.940    -65.566     10.743
     -5.603    112.239    571.606   -219.587     18.018    -65.588     10.560
     -5.605    112.203    571.737   -219.608     18.095    -65.610     10.376
     -5.607    112.167    571.868   -219.628     18.172    -65.632     10.192
     -5.609    112.130    572.000   -219.649     18.250    -65.653     10.008
     -5.611    112.094    572.131   -219.668     18.327    -65.675      9.823
     -5.613    112.057    572.262   -219.688     18.404    -65.696      9.638
     -5.615    112.020    572.394   -219.707     18.481    -65.717      9.453
     -5.617    111.983    572.525   -219.726     18.558    -65.738      9.267
     -5.619    111.946    572.657   -219.744     18.636    -65.759      9.081
     -5.621    111.908    572.788   -219.762     18.713    -65.780      8.895
     -5.623    111.871    572.920   -219.780     18.790    -65.801      8.708
     -5.625    111.833    573.051   -219.797     18.867    -65.822      8.521
     -5.627    111.795    573.183   -219.814     18.943    -65.842      8.334
     -5.629    111.757    573.315   -219.830     19.020    -65.862      8.146
     -5.631    111.719    573.446   -219.846     19.097    -65.883      7.958
     -5.633    111.681    573.578   -219.862     19.174    -65.903      7.770
     -5.635    111.643    573.710   -219.877     19.250    -65.923      7.582
     -5.637    111.604    573.842   -219.892     19.327    -65.943      7.393
     -5.639    111.565    573.974   -219.907     19.404    -65.962      7.204
     -5.641    111.526    574.106   -219.921     19.480    -65.982      7.014
     -5.643    111.487    574.238   -219.935     19.557    -66.002      6.824
     -5.645    111.448    574.370   -219.948     19.633    -66.021      6.634
     -5.647    111.409    574.502   -219.961     19.710    -66.040      6.443
     -5.649    111.369    574.634   -219.974     19.786    -66.059      6.252
     -5.651    111.330    574.766   -219.986     19.862    -66.078      6.061
     -5.653    111.290    574.898   -219.998     19.939    -66.097      5.870
     -5.655    111.250    575.030   -220.010     20.015    -66.116      5.678
     -5.657    111.210    575.163   -220.021     20.091    -66.134      5.485
     -5.659    111.170    575.295   -220.032     20.167    -66.153      5.293
     -5.661    111.129    575.427   -220.042     20.243    -66.171      5.100
     -5.663    111.089    575.560   -220.052     20.319    -66.190      4.906
     -5.665    111.048    575.692   -220.062     20.395    -66.208      4.713
     -5.667    111.007    575.825   -220.071     20.471    -66.226      4.518
     -5.669    110.966    575.957   -220.080     20.547    -66.243      4.324
     -5.671    110.925    576.090   -220.088     20.623    -66.261      4.129
     -5.673    110.884    576.222   -220.097     20.699    -66.279      3.934
     -5.675    110.842    576.355   -220.104     20.775    -66.296      3.738
     -5.677    110.800    576.487   -220.111     20.850    -66.313      3.542
     -5.679    110.759    576.620   -220.118     20.926    -66.331      3.346
     -5.681    110.717    576.753   -220.125     21.002    -66.348      3.149
     -5.683    110.675    576.885   -220.131     21.077    -66.365      2.952
     -5.685    110.632    577.018   -220.137     21.153    -66.381      2.755
     -5.687    110.590    577.151   -220.142     21.228    -66.398      2.557
     -5.689    110.548    577.284   -220.147     21.304    -66.414      2.359
     -5.691    110.505    577.416   -220.151     21.379    -66.431      2.160
     -5.693    110.462    577.549   -220.156     21.454    -66.447      1.961
     -5.695    110.419    577.682   -220.159     21.530    -66.463      1.762
     -5.697    110.376    577.815   -220.163     21.605    -66.479      1.562
     -5.699    110.333    577.948   -220.165     21.680    -66.495      1.362
     -5.701    110.289    578.081   -220.168     21.755    -66.511      1.161
     -5.703    110.246    578.214   -220.170     21.830    -66.526      0.960
     -5.705    110.202    578.347   -220.172     21.905    -66.542      0.759
     -5.707    110.158    578.480   -220.173     21.980    -66.557      0.557
     -5.709    110.114    578.614   -220.174     22.055    -66.572      0.355
     -5.711    110.070    578.747   -220.175     22.130    -66.587      0.152
     -5.713    110.025    578.880   -220.175     22.205    -66.602     -0.051
     -5.715    109.981    579.013   -220.174     22.280    -66.617     -0.255
     -5.717    109.936    579.146   -220.174     22.355    -66.631     -0.458
     -5.719    109.891    579.280   -220.173     22.429    -66.645     -0.663
     -5.721    109.847    579.413   -220.171     22.504    -66.660     -0.868
     -5.723    109.801    579.546   -220.169     22.579    -66.674     -1.073
     -5.725    109.756    579.680   -220.167     22.653    -66.688     -1.278
     -5.727    109.711    579.813   -220.164     22.728    -66.702     -1.484
     -5.729    109.665    579.946   -220.161     22.802    -66.715     -1.691
     -5.731    109.620    580.080   -220.157     22.877    -66.729     -1.898
     -5.733    109.574    580.213   -220.153     22.951    -66.742     -2.105
     -5.735    109.528    580.347   -220.149     23.025    -66.756     -2.313
     -5.737    109.482    580.480   -220.144     23.100    -66.769     -2.521
     -5.739    109.435    580.614   -220.139     23.174    -66.782     -2.730
     -5.741    109.389    580.747   -220.133     23.248    -66.794     -2.939
     -5.743    109.342    580.881   -220.127     23.322    -66.807     -3.149
     -5.745    109.296    581.015   -220.120     23.396    -66.820     -3.359
     -5.747    109.249    581.148   -220.114     23.470    -66.832     -3.569
     -5.749    109.202    581.282   -220.106     23.544    -66.844     -3.780
     -5.751    109.155    581.416   -220.098     23.618    -66.856     -3.991
     -5.753    109.107    581.549   -220.090     23.692    -66.868     -4.203
     -5.755    109.060    581.683   -220.082     23.766    -66.880     -4.416
     -5.757    109.012    581.817   -220.073     23.840    -66.891     -4.629
     -5.759    108.965    581.951   -220.063     23.913    -66.903     -4.842
     -5.761    108.917    582.085   -220.053     23.987    -66.914     -5.056
     -5.763    108.869    582.218   -220.043     24.061    -66.925     -5.270
     -5.765    108.820    582.352   -220.032     24.134    -66.936     -5.485
     -5.767    108.772    582.486   -220.021     24.208    -66.947     -5.700
     -5.769    108.724    582.620   -220.009     24.281    -66.957     -5.916
     -5.771    108.675    582.754   -219.997     24.355    -66.968     -6.132
     -5.773    108.626    582.888   -219.985     24.428    -66.978     -6.349
     -5.775    108.577    583.022   -219.972     24.501    -66.988     -6.566
     -5.777    108.528    583.156   -219.958     24.575    -66.998     -6.784
     -5.779    108.479    583.290   -219.945     24.648    -67.008     -7.002
     -5.781    108.430    583.424   -219.930     24.721    -67.018     -7.221
     -5.783    108.380    583.558   -219.916     24.794    -67.027     -7.440
     -5.785    108.330    583.692   -219.901     24.867    -67.036     -7.660
     -5.787    108.281    583.826   -219.885     24.940    -67.045     -7.880
     -5.789    108.231    583.960   -219.869     25.013    -67.054     -8.101
     -5.791    108.181    584.094   -219.853     25.086    -67.063     -8.323
     -5.793    108.130    584.228   -219.836     25.158    -67.072     -8.545
     -5.795    108.080    584.363   -219.819     25.231    -67.080     -8.767
     -5.797    108.029    584.497   -219.801     25.304    -67.088     -8.990
     -5.799    107.979    584.631   -219.783     25.376    -67.096     -9.214
     -5.801    107.928    584.765   -219.764     25.449    -67.104     -9.438
     -5.803    107.877    584.899   -219.745     25.522    -67.112     -9.662
     -5.805    107.826    585.034   -219.725     25.594    -67.119     -9.887
     -5.807    107.775    585.168   -219.705     25.666    -67.126    -10.113
     -5.809    107.723    585.302   -219.685     25.739    -67.134    -10.339
     -5.811    107.672    585.436   -219.664     25.811    -67.140    -10.566
     -5.813    107.620    585.571   -219.643     25.883    -67.147    -10.794
     -5.815    107.568    585.705   -219.621     25.955    -67.154    -11.022
     -5.817    107.516    585.839   -219.599     26.027    -67.160    -11.250
     -5.819    107.464    585.974   -219.576     26.099    -67.166    -11.479
     -5.821    107.412    586.108   -219.553     26.171    -67.172    -11.709
     -5.823    107.359    586.242   -219.529     26.243    -67.178    -11.939
     -5.825    107.307    586.377   -219.505     26.315    -67.184    -12.170
     -5.827    107.254    586.511   -219.480     26.387    -67.189    -12.402
     -5.829    107.201    586.645   -219.455     26.459    -67.194    -12.634
     -5.831    107.148    586.780   -219.430     26.530    -67.199    -12.867
     -5.833    107.095    586.914   -219.404     26.602    -67.204    -13.100
     -5.835    107.042    587.049   -219.377     26.673    -67.208    -13.334
     -5.837    106.988    587.183   -219.350     26.745    -67.213    -13.568
     -5.839    106.935    587.317   -219.323     26.816    -67.217    -13.803
     -5.841    106.881    587.452   -219.295     26.887    -67.221    -14.039
     -5.843    106.827    587.586   -219.267     26.959    -67.225    -14.276
     -5.845    106.773    587.721   -219.238     27.030    -67.228    -14.513
     -5.847    106.719    587.855   -219.209     27.101    -67.231    -14.750
     -5.849    106.665    587.990   -219.179     27.172    -67.235    -14.988
     -5.851    106.610    588.124   -219.149     27.243    -67.237    -15.227
     -5.853    106.556    588.259   -219.118     27.314    -67.240    -15.467
     -5.855    106.501    588.393   -219.087     27.385    -67.242    -15.707
     -5.857    106.446    588.528   -219.055     27.455    -67.245    -15.948
     -5.859    106.391    588.662   -219.023     27.526    -67.247    -16.189
     -5.861    106.336    588.797   -218.991     27.596    -67.248    -16.432
     -5.863    106.281    588.931   -218.958     27.667    -67.250    -16.674
     -5.865    106.226    589.066   -218.924     27.737    -67.251    -16.918
     -5.867    106.170    589.200   -218.890     27.808    -67.252    -17.162
     -5.869    106.114    589.335   -218.855     27.878    -67.253    -17.407
     -5.871    106.058    589.469   -218.820     27.948    -67.254    -17.653
     -5.873    106.003    589.604   -218.785     28.018    -67.254    -17.899
     -5.875    105.946    589.738   -218.749     28.088    -67.254    -18.146
     -5.877    105.890    589.873   -218.712     28.158    -67.254    -18.393
     -5.879    105.834    590.007   -218.675     28.228    -67.253    -18.642
     -5.881    105.777    590.142   -218.638     28.298    -67.253    -18.891
     -5.883    105.721    590.276   -218.599     28.368    -67.252    -19.141
     -5.885    105.664    590.411   -218.561     28.437    -67.251    -19.391
     -5.887    105.607    590.545   -218.522     28.507    -67.249    -19.642
     -5.889    105.550    590.680   -218.482     28.576    -67.248    -19.894
     -5.891    105.493    590.814   -218.442     28.646    -67.246    -20.147
     -5.893    105.435    590.949   -218.402     28.715    -67.243    -20.400
     -5.895    105.378    591.083   -218.361     28.784    -67.241    -20.655
     -5.897    105.320    591.218   -218.319     28.853    -67.238    -20.909
     -5.899    105.262    591.352   -218.277     28.922    -67.235    -21.165
     -5.901    105.204    591.487   -218.235     28.991    -67.232    -21.422
     -5.903    105.146    591.621   -218.191     29.060    -67.228    -21.679
     -5.905    105.088    591.756   -218.148     29.129    -67.225    -21.937
     -5.907    105.030    591.890   -218.104     29.198    -67.220    -22.195
     -5.909    104.971    592.024   -218.059     29.266    -67.216    -22.455
     -5.911    104.913    592.159   -218.014     29.334    -67.211    -22.715
     -5.913    104.854    592.293   -217.968     29.403    -67.206    -22.976
     -5.915    104.795    592.428   -217.922     29.471    -67.201    -23.238
     -5.917    104.736    592.562   -217.875     29.539    -67.195    -23.501
     -5.919    104.677    592.696   -217.828     29.607    -67.190    -23.765
     -5.921    104.618    592.831   -217.780     29.675    -67.183    -24.029
     -5.923    104.558    592.965   -217.732     29.743    -67.177    -24.294
     -5.925    104.499    593.100   -217.683     29.811    -67.170    -24.560
     -5.927    104.439    593.234   -217.634     29.878    -67.163    -24.827
     -5.929    104.379    593.368   -217.584     29.946    -67.156    -25.094
     -5.931    104.319    593.502   -217.533     30.013    -67.148    -25.363
     -5.933    104.259    593.637   -217.482     30.080    -67.140    -25.632
     -5.935    104.199    593.771   -217.431     30.148    -67.131    -25.902
     -5.937    104.139    593.905   -217.379     30.215    -67.123    -26.174
     -5.939    104.078    594.040   -217.326     30.282    -67.114    -26.446
     -5.941    104.017    594.174   -217.273     30.348    -67.104    -26.718
     -5.943    103.957    594.308   -217.219     30.415    -67.094    -26.992
     -5.945    103.896    594.442   -217.165     30.482    -67.084    -27.267
     -5.947    103.835    594.576   -217.110     30.548    -67.074    -27.542
     -5.949    103.774    594.710   -217.055     30.614    -67.063    -27.818
     -5.951    103.712    594.845   -216.999     30.681    -67.052    -28.096
     -5.953    103.651    594.979   -216.942     30.747    -67.040    -28.374
     -5.955    103.589    595.113   -216.885     30.813    -67.028    -28.653
     -5.957    103.528    595.247   -216.828     30.878    -67.016    -28.933
     -5.959    103.466    595.381   -216.770     30.944    -67.004    -29.214
     -5.961    103.404    595.515   -216.711     31.010    -66.991    -29.496
     -5.963    103.342    595.649   -216.652     31.075    -66.977    -29.779
     -5.965    103.280    595.783   -216.592     31.140    -66.963    -30.063
     -5.967    103.217    595.917   -216.531     31.205    -66.949    -30.348
     -5.969    103.155    596.050   -216.470     31.270    -66.935    -30.633
     -5.971    103.092    596.184   -216.409     31.335    -66.920    -30.920
     -5.973    103.029    596.318   -216.347     31.400    -66.904    -31.208
     -5.975    102.966    596.452   -216.284     31.464    -66.889    -31.497
     -5.977    102.903    596.586   -216.221     31.529    -66.872    -31.786
     -5.979    102.840    596.719   -216.157     31.593    -66.856    -32.077
     -5.981    102.777    596.853   -216.092     31.657    -66.839    -32.369
     -5.983    102.714    596.987   -216.027     31.721    -66.821    -32.662
     -5.985    102.650    597.120   -215.962     31.785    -66.804    -32.955
     -5.987    102.587    597.254   -215.895     31.848    -66.785    -33.250
     -5.989    102.523    597.388   -215.829     31.912    -66.766    -33.546
     -5.991    102.459    597.521   -215.761     31.975    -66.747    -33.843
     -5.993    102.395    597.655   -215.693     32.038    -66.728    -34.141
     -5.995    102.331    597.788   -215.625     32.101    -66.707    -34.440
     -5.997    102.267    597.921   -215.556     32.163    -66.687    -34.740
     -5.999    102.202    598.055   -215.486     32.226    -66.666    -35.042
     -6.001    102.138    598.188   -215.415     32.288    -66.644    -35.344
     -6.003    102.073    598.321   -215.344     32.350    -66.622    -35.647
     -6.005    102.008    598.454   -215.273     32.412    -66.599    -35.952
     -6.007    101.943    598.588   -215.201     32.474    -66.576    -36.258
     -6.009    101.878    598.721   -215.128     32.536    -66.553    -36.565
     -6.011    101.813    598.854   -215.054     32.597    -66.529    -36.872
     -6.013    101.748    598.987   -214.980     32.658    -66.504    -37.182
     -6.015    101.683    599.120   -214.906     32.719    -66.479    -37.492
     -6.017    101.617    599.253   -214.830     32.780    -66.454    -37.803
     -6.019    101.551    599.386   -214.754     32.841    -66.427    -38.116
     -6.021    101.486    599.519   -214.678     32.901    -66.401    -38.430
     -6.023    101.420    599.651   -214.601     32.961    -66.373    -38.745
     -6.025    101.354    599.784   -214.523     33.021    -66.346    -39.061
     -6.027    101.288    599.917   -214.444     33.081    -66.317    -39.378
     -6.029    101.222    600.049   -214.365     33.140    -66.288    -39.697
     -6.031    101.155    600.182   -214.286     33.199    -66.259    -40.017
     -6.033    101.089    600.314   -214.205     33.258    -66.228    -40.338
     -6.035    101.022    600.447   -214.124     33.317    -66.198    -40.660
     -6.037    100.955    600.579   -214.043     33.375    -66.166    -40.983
     -6.039    100.889    600.711   -213.960     33.434    -66.134    -41.308
     -6.041    100.822    600.844   -213.877     33.492    -66.102    -41.634
     -6.043    100.755    600.976   -213.794     33.549    -66.069    -41.962
     -6.045    100.688    601.108   -213.710     33.607    -66.035    -42.291
     -6.047    100.620    601.240   -213.625     33.664    -66.000    -42.621
     -6.049    100.553    601.372   -213.539     33.721    -65.965    -42.952
     -6.051    100.485    601.504   -213.453     33.778    -65.929    -43.285
     -6.053    100.418    601.636   -213.366     33.834    -65.893    -43.619
     -6.055    100.350    601.767   -213.278     33.890    -65.856    -43.954
     -6.057    100.282    601.899   -213.190     33.946    -65.818    -44.291
     -6.059    100.214    602.031   -213.101     34.001    -65.779    -44.629
     -6.061    100.146    602.162   -213.012     34.057    -65.740    -44.968
     -6.063    100.078    602.294   -212.921     34.111    -65.700    -45.309
     -6.065    100.010    602.425   -212.830     34.166    -65.659    -45.652
     -6.067     99.941    602.556   -212.739     34.220    -65.617    -45.995
     -6.069     99.873    602.687   -212.646     34.274    -65.575    -46.340
     -6.071     99.804    602.819   -212.553     34.328    -65.532    -46.687
     -6.073     99.736    602.950   -212.460     34.381    -65.488    -47.035
     -6.075     99.667    603.081   -212.365     34.434    -65.444    -47.384
     -6.077     99.598    603.211   -212.270     34.487    -65.398    -47.735
     -6.079     99.529    603.342   -212.174     34.539    -65.352    -48.088
     -6.081     99.460    603.473   -212.078     34.591    -65.305    -48.442
     -6.083     99.390    603.603   -211.980     34.642    -65.257    -48.797
     -6.085     99.321    603.734   -211.883     34.694    -65.208    -49.154
     -6.087     99.252    603.864   -211.784     34.744    -65.159    -49.513
     -6.089     99.182    603.994   -211.684     34.795    -65.108    -49.873
     -6.091     99.113    604.125   -211.584     34.845    -65.057    -50.235
     -6.093     99.043    604.255   -211.484     34.894    -65.004    -50.598
     -6.095     98.973    604.385   -211.382     34.944    -64.951    -50.963
     -6.097     98.903    604.514   -211.280     34.992    -64.897    -51.329
     -6.099     98.833    604.644   -211.177     35.041    -64.842    -51.697
     -6.101     98.763    604.774   -211.073     35.089    -64.786    -52.067
     -6.103     98.693    604.903   -210.968     35.136    -64.729    -52.438
     -6.105     98.622    605.033   -210.863     35.183    -64.671    -52.811
     -6.107     98.552    605.162   -210.757     35.230    -64.612    -53.186
     -6.109     98.481    605.291   -210.650     35.276    -64.552    -53.562
     -6.111     98.411    605.420   -210.543     35.322    -64.491    -53.940
     -6.113     98.340    605.549   -210.435     35.367    -64.429    -54.320
     -6.115     98.269    605.678   -210.326     35.412    -64.365    -54.701
     -6.117     98.198    605.807   -210.216     35.456    -64.301    -55.084
     -6.119     98.127    605.935   -210.105     35.499    -64.236    -55.469
     -6.121     98.056    606.064   -209.994     35.543    -64.169    -55.856
     -6.123     97.985    606.192   -209.882     35.585    -64.101    -56.244
     -6.125     97.914    606.320   -209.769     35.627    -64.032    -56.634
     -6.127     97.843    606.448   -209.655     35.669    -63.962    -57.026
     -6.129     97.771    606.576   -209.541     35.710    -63.891    -57.420
     -6.131     97.700    606.704   -209.426     35.750    -63.819    -57.816
     -6.133     97.628    606.831   -209.310     35.790    -63.745    -58.214
     -6.135     97.557    606.958   -209.193     35.830    -63.670    -58.613
     -6.137     97.485    607.086   -209.075     35.868    -63.594    -59.014
     -6.139     97.413    607.213   -208.957     35.906    -63.516    -59.417
     -6.141     97.341    607.340   -208.837     35.944    -63.438    -59.822
     -6.143     97.270    607.467   -208.717     35.980    -63.357    -60.229
     -6.145     97.198    607.593   -208.597     36.017    -63.276    -60.638
     -6.147     97.125    607.720   -208.475     36.052    -63.193    -61.049
     -6.149     97.053    607.846   -208.352     36.087    -63.109    -61.462
     -6.151     96.981    607.972   -208.229     36.121    -63.023    -61.877
     -6.153     96.909    608.098   -208.105     36.154    -62.936    -62.294
     -6.155     96.837    608.224   -207.980     36.187    -62.847    -62.713
     -6.157     96.764    608.349   -207.854     36.219    -62.757    -63.134
     -6.159     96.692    608.475   -207.727     36.250    -62.665    -63.556
     -6.161     96.619    608.600   -207.600     36.280    -62.571    -63.981
     -6.163     96.547    608.725   -207.471     36.310    -62.476    -64.409
     -6.165     96.474    608.850   -207.342     36.339    -62.380    -64.838
     -6.167     96.401    608.975   -207.212     36.367    -62.282    -65.269
     -6.169     96.328    609.099   -207.081     36.394    -62.182    -65.702
     -6.171     96.256    609.223   -206.949     36.420    -62.080    -66.138
     -6.173     96.183    609.347   -206.816     36.446    -61.977    -66.576
     -6.175     96.110    609.471   -206.683     36.470    -61.872    -67.015
     -6.177     96.037    609.595   -206.548     36.494    -61.765    -67.458
     -6.179     95.964    609.718   -206.413     36.517    -61.656    -67.902
     -6.181     95.891    609.842   -206.277     36.538    -61.546    -68.348
     -6.183     95.818    609.965   -206.140     36.559    -61.433    -68.797
     -6.185     95.745    610.087   -206.002     36.579    -61.319    -69.248
     -6.187     95.671    610.210   -205.863     36.598    -61.202    -69.701
     -6.189     95.598    610.332   -205.723     36.616    -61.084    -70.157
     -6.191     95.525    610.454   -205.582     36.633    -60.964    -70.614
     -6.193     95.452    610.576   -205.440     36.648    -60.841    -71.074
     -6.195     95.378    610.698   -205.298     36.663    -60.716    -71.537
     -6.197     95.305    610.819   -205.154     36.677    -60.590    -72.002
     -6.199     95.232    610.940   -205.010     36.689    -60.461    -72.469
     -6.201     95.158    611.061   -204.864     36.700    -60.330    -72.938
     -6.203     95.085    611.181   -204.718     36.710    -60.196    -73.410
     -6.205     95.011    611.301   -204.571     36.719    -60.060    -73.884
     -6.207     94.938    611.421   -204.422     36.726    -59.922    -74.361
     -6.209     94.864    611.541   -204.273     36.733    -59.782    -74.840
     -6.211     94.791    611.661   -204.123     36.738    -59.639    -75.322
     -6.213     94.718    611.780   -203.972     36.741    -59.493    -75.806
     -6.215     94.644    611.899   -203.820     36.744    -59.345    -76.292
     -6.217     94.571    612.017   -203.667     36.745    -59.195    -76.781
     -6.219     94.497    612.135   -203.513     36.744    -59.042    -77.273
     -6.221     94.424    612.253   -203.358     36.742    -58.886    -77.766
     -6.223     94.350    612.371   -203.202     36.739    -58.727    -78.263
     -6.225     94.277    612.488   -203.045     36.734    -58.566    -78.762
     -6.227     94.203    612.605   -202.887     36.727    -58.401    -79.263
     -6.229     94.130    612.722   -202.728     36.719    -58.234    -79.767
     -6.231     94.056    612.838   -202.568     36.710    -58.064    -80.274
     -6.233     93.983    612.954   -202.406     36.698    -57.891    -80.783
     -6.235     93.909    613.070   -202.244     36.685    -57.715    -81.295
     -6.237     93.836    613.185   -202.081     36.671    -57.535    -81.809
     -6.239     93.763    613.300   -201.917     36.654    -57.353    -82.326
     -6.241     93.690    613.414   -201.752     36.636    -57.167    -82.846
     -6.243     93.616    613.528   -201.586     36.616    -56.978    -83.368
     -6.245     93.543    613.642   -201.419     36.594    -56.785    -83.892
     -6.247     93.470    613.756   -201.250     36.570    -56.589    -84.420
     -6.249     93.397    613.869   -201.081     36.544    -56.390    -84.950
     -6.251     93.324    613.981   -200.910     36.516    -56.187    -85.482
     -6.253     93.251    614.093   -200.739     36.486    -55.980    -86.017
     -6.255     93.178    614.205   -200.566     36.454    -55.769    -86.555
     -6.257     93.105    614.316   -200.393     36.419    -55.555    -87.095
     -6.259     93.032    614.427   -200.218     36.383    -55.337    -87.638
     -6.261     92.959    614.538   -200.042     36.344    -55.115    -88.184
     -6.263     92.887    614.648   -199.865     36.303    -54.889    -88.732
     -6.265     92.814    614.757   -199.687     36.259    -54.658    -89.283
     -6.267     92.742    614.866   -199.508     36.213    -54.424    -89.836
     -6.269     92.669    614.975   -199.328     36.165    -54.185    -90.392
     -6.271     92.597    615.083   -199.147     36.114    -53.942    -90.950
     -6.273     92.525    615.191   -198.964     36.060    -53.694    -91.511
     -6.275     92.453    615.298   -198.780     36.004    -53.442    -92.075
     -6.277     92.381    615.404   -198.596     35.945    -53.186    -92.641
     -6.279     92.309    615.511   -198.410     35.883    -52.924    -93.210
     -6.281     92.237    615.616   -198.223     35.818    -52.658    -93.781
     -6.283     92.166    615.721   -198.035     35.751    -52.386    -94.354
     -6.285     92.094    615.826   -197.845     35.680    -52.110    -94.930
     -6.287     92.023    615.930   -197.655     35.607    -51.829    -95.508
     -6.289     91.952    616.033   -197.463     35.530    -51.542    -96.089
     -6.291     91.881    616.136   -197.271     35.450    -51.250    -96.672
     -6.293     91.810    616.238   -197.077     35.366    -50.953    -97.257
     -6.295     91.739    616.340   -196.882     35.280    -50.650    -97.844
     -6.297     91.669    616.441   -196.685     35.190    -50.341    -98.434
     -6.299     91.599    616.541   -196.488     35.096    -50.027    -99.025
     -6.301     91.529    616.641   -196.289     34.999    -49.707    -99.619
     -6.303     91.459    616.740   -196.089     34.898    -49.381   -100.215
     -6.305     91.389    616.838   -195.888     34.793    -49.048   -100.813
     -6.307     91.320    616.936   -195.686     34.685    -48.710   -101.413
     -6.309     91.250    617.033   -195.483     34.573    -48.365   -102.014
     -6.311     91.181    617.129   -195.278     34.456    -48.014   -102.617
     -6.313     91.112    617.225   -195.072     34.335    -47.656   -103.222
     -6.315     91.044    617.320   -194.865     34.211    -47.291   -103.829
     -6.317     90.976    617.414   -194.657     34.081    -46.919   -104.437
     -6.319     90.908    617.508   -194.447     33.948    -46.541   -105.047
     -6.321     90.840    617.600   -194.237     33.810    -46.155   -105.657
     -6.323     90.772    617.692   -194.025     33.667    -45.763   -106.269
     -6.325     90.705    617.783   -193.812     33.520    -45.362   -106.882
     -6.327     90.638    617.874   -193.597     33.367    -44.955   -107.496
     -6.329     90.572    617.963   -193.382     33.210    -44.540   -108.111
     -6.331     90.505    618.052   -193.165     33.048    -44.116   -108.727
     -6.333     90.440    618.140   -192.947     32.880    -43.686   -109.343
     -6.335     90.374    618.227   -192.728     32.708    -43.247   -109.959
     -6.337     90.309    618.313   -192.507     32.530    -42.799   -110.576
     -6.339     90.244    618.398   -192.285     32.346    -42.344   -111.193
     -6.341     90.179    618.482   -192.062     32.157    -41.880   -111.809
     -6.343     90.115    618.565   -191.838     31.962    -41.408   -112.426
     -6.345     90.051    618.648   -191.613     31.762    -40.926   -113.042
     -6.347     89.988    618.729   -191.386     31.555    -40.436   -113.657
     -6.349     89.925    618.809   -191.158     31.343    -39.937   -114.271
     -6.351     89.863    618.889   -190.929     31.124    -39.429   -114.884
     -6.353     89.801    618.967   -190.698     30.899    -38.912   -115.496
     -6.355     89.739    619.044   -190.467     30.667    -38.385   -116.106
     -6.357     89.678    619.121   -190.234     30.429    -37.849   -116.715
     -6.359     89.618    619.196   -190.000     30.185    -37.303   -117.321
     -6.361     89.557    619.270   -189.765     29.933    -36.748   -117.925
     -6.363     89.498    619.343   -189.528     29.675    -36.182   -118.526
     -6.365     89.439    619.415   -189.291     29.410    -35.607   -119.124
     -6.367     89.380    619.485   -189.052     29.138    -35.022   -119.719
     -6.369     89.322    619.555   -188.812     28.858    -34.427   -120.310
     -6.371     89.265    619.623   -188.570     28.571    -33.821   -120.897
     -6.373     89.208    619.690   -188.328     28.277    -33.205   -121.480
     -6.375     89.152    619.756   -188.085     27.976    -32.579   -122.058
     -6.377     89.096    619.820   -187.840     27.666    -31.942   -122.631
     -6.379     89.041    619.883   -187.594     27.350    -31.295   -123.198
     -6.381     88.987    619.945   -187.347     27.025    -30.637   -123.760
     -6.383     88.933    620.006   -187.099     26.692    -29.969   -124.315
     -6.385     88.880    620.065   -186.850     26.352    -29.290   -124.864
     -6.387     88.827    620.123   -186.600     26.004    -28.601   -125.405
     -6.389     88.776    620.180   -186.348     25.647    -27.901   -125.939
     -6.391     88.725    620.235   -186.096     25.283    -27.190   -126.465
     -6.393     88.675    620.288   -185.842     24.910    -26.469   -126.982
     -6.395     88.625    620.341   -185.588     24.529    -25.738   -127.490
     -6.397     88.577    620.391   -185.332     24.140    -24.996   -127.989
     -6.399     88.529    620.441   -185.076     23.743    -24.244   -128.478
     -6.401     88.482    620.488   -184.819     23.337    -23.481   -128.956
     -6.403     88.435    620.535   -184.560     22.924    -22.709   -129.423
     -6.405     88.390    620.579   -184.301     22.502    -21.926   -129.879
     -6.407     88.345    620.622   -184.041     22.072    -21.134   -130.322
     -6.409     88.302    620.664   -183.780     21.634    -20.332   -130.753
     -6.411     88.259    620.704   -183.518     21.188    -19.520   -131.171
     -6.413     88.217    620.742   -183.255     20.734    -18.700   -131.576
     -6.415     88.176    620.778   -182.991     20.272    -17.870   -131.966
     -6.417     88.136    620.813   -182.727     19.802    -17.032   -132.341
     -6.419     88.097    620.846   -182.462     19.325    -16.185   -132.701
     -6.421     88.059    620.878   -182.196     18.840    -15.330   -133.046
     -6.423     88.021    620.908   -181.930     18.348    -14.468   -133.374
     -6.425     87.985    620.936   -181.663     17.849    -13.598   -133.686
     -6.427     87.950    620.962   -181.395     17.343    -12.721   -133.980
     -6.429     87.916    620.987   -181.127     16.829    -11.837   -134.257
     -6.431     87.883    621.009   -180.858     16.310    -10.948   -134.516
     -6.433     87.851    621.030   -180.589     15.784    -10.052   -134.757
     -6.435     87.820    621.050   -180.319     15.251     -9.151   -134.978
     -6.437     87.790    621.067   -180.049     14.714     -8.246   -135.180
     -6.439     87.761    621.083   -179.778     14.170     -7.336   -135.363
     -6.441     87.733    621.096   -179.507     13.621     -6.423   -135.525
     -6.443     87.706    621.108   -179.236     13.068     -5.506   -135.667
     -6.445     87.681    621.118   -178.965     12.509     -4.587   -135.789
     -6.447     87.656    621.127   -178.693     11.947     -3.665   -135.889
     -6.449     87.633    621.133   -178.421     11.381     -2.742   -135.968
     -6.451     87.611    621.138   -178.149     10.811     -1.819   -136.024
     -6.453     87.590    621.140   -177.877     10.238     -0.895   -136.054
     -6.455     87.570    621.141   -177.605      9.662      0.028   -136.051
     -6.457     87.551    621.140   -177.333      9.086      0.949   -136.018
     -6.459     87.533    621.137   -177.061      8.508      1.867   -135.961
     -6.461     87.517    621.133   -176.789      7.929      2.782   -135.883
     -6.463     87.502    621.126   -176.518      7.350      3.692   -135.783
     -6.465     87.488    621.118   -176.246      6.771      4.598   -135.662
     -6.467     87.475    621.108   -175.975      6.193      5.499   -135.520
     -6.469     87.463    621.096   -175.704      5.616      6.394   -135.357
     -6.471     87.452    621.082   -175.434      5.040      7.282   -135.175
     -6.473     87.443    621.067   -175.163      4.466      8.164   -134.972
     -6.475     87.434    621.050   -174.894      3.894      9.038   -134.750
     -6.477     87.427    621.031   -174.624      3.324      9.905   -134.509
     -6.479     87.421    621.010   -174.356      2.757     10.764   -134.249
     -6.481     87.416    620.988   -174.087      2.193     11.614   -133.971
     -6.483     87.412    620.964   -173.820      1.633     12.456   -133.675
     -6.485     87.409    620.938   -173.553      1.076     13.288   -133.361
     -6.487     87.408    620.911   -173.286      0.523     14.110   -133.031
     -6.489     87.407    620.881   -173.021     -0.026     14.923   -132.684
     -6.491     87.408    620.851   -172.756     -0.571     15.726   -132.320
     -6.493     87.410    620.819   -172.491     -1.111     16.518   -131.942
     -6.495     87.412    620.785   -172.228     -1.646     17.299   -131.548
     -6.497     87.416    620.749   -171.965     -2.176     18.070   -131.140
     -6.499     87.421    620.713   -171.703     -2.700     18.829   -130.717
     -6.501     87.427    620.674   -171.442     -3.219     19.578   -130.282
     -6.503     87.434    620.634   -171.182     -3.733     20.315   -129.833
     -6.505     87.442    620.593   -170.923     -4.240     21.040   -129.372
     -6.507     87.451    620.550   -170.665     -4.742     21.754   -128.899
     -6.509     87.461    620.506   -170.407     -5.238     22.456   -128.415
     -6.511     87.472    620.460   -170.151     -5.727     23.146   -127.919
     -6.513     87.484    620.413   -169.896     -6.210     23.825   -127.414
     -6.515     87.497    620.365   -169.641     -6.687     24.492   -126.898
     -6.517     87.511    620.315   -169.388     -7.158     25.147   -126.373
     -6.519     87.525    620.264   -169.136     -7.622     25.790   -125.840
     -6.521     87.541    620.212   -168.885     -8.079     26.422   -125.297
     -6.523     87.558    620.159   -168.635     -8.530     27.041   -124.747
     -6.525     87.575    620.104   -168.386     -8.974     27.650   -124.190
     -6.527     87.593    620.048   -168.138     -9.412     28.246   -123.625
     -6.529     87.613    619.991   -167.891     -9.843     28.831   -123.054
     -6.531     87.633    619.933   -167.646    -10.267     29.404   -122.477
     -6.533     87.654    619.873   -167.401    -10.685     29.966   -121.893
     -6.535     87.676    619.813   -167.158    -11.096     30.517   -121.305
     -6.537     87.698    619.751   -166.916    -11.500     31.057   -120.711
     -6.539     87.722    619.689   -166.675    -11.898     31.585   -120.113
     -6.541     87.746    619.625   -166.436    -12.289     32.103   -119.511
     -6.543     87.771    619.560   -166.197    -12.674     32.610   -118.905
     -6.545     87.796    619.495   -165.960    -13.052     33.106   -118.295
     -6.547     87.823    619.428   -165.724    -13.424     33.592   -117.682
     -6.549     87.850    619.360   -165.489    -13.790     34.067   -117.066
     -6.551     87.878    619.292   -165.256    -14.149     34.533   -116.447
     -6.553     87.907    619.222   -165.024    -14.502     34.988   -115.826
     -6.555     87.936    619.152   -164.793    -14.849     35.433   -115.203
     -6.557     87.966    619.080   -164.563    -15.189     35.869   -114.579
     -6.559     87.997    619.008   -164.334    -15.524     36.295   -113.952
     -6.561     88.028    618.935   -164.107    -15.853     36.711   -113.325
     -6.563     88.060    618.861   -163.881    -16.176     37.119   -112.696
     -6.565     88.093    618.787   -163.656    -16.493     37.517   -112.067
     -6.567     88.126    618.711   -163.433    -16.804     37.907   -111.437
     -6.569     88.160    618.635   -163.211    -17.109     38.287   -110.806
     -6.571     88.195    618.558   -162.990    -17.409     38.659   -110.175
     -6.573     88.230    618.481   -162.770    -17.704     39.023   -109.544
     -6.575     88.265    618.402   -162.551    -17.993     39.378   -108.914
     -6.577     88.302    618.323   -162.334    -18.276     39.726   -108.283
     -6.579     88.339    618.243   -162.118    -18.555     40.065   -107.653
     -6.581     88.376    618.163   -161.904    -18.828     40.396   -107.024
     -6.583     88.414    618.082   -161.690    -19.096     40.720   -106.395
     -6.585     88.452    618.000   -161.478    -19.359     41.037   -105.767
     -6.587     88.491    617.918   -161.267    -19.617     41.346   -105.140
     -6.589     88.531    617.835   -161.057    -19.871     41.648   -104.515
     -6.591     88.571    617.751   -160.849    -20.119     41.942   -103.890
     -6.593     88.611    617.667   -160.642    -20.363     42.230   -103.267
     -6.595     88.652    617.582   -160.436    -20.603     42.512   -102.645
     -6.597     88.694    617.497   -160.231    -20.837     42.786   -102.025
     -6.599     88.736    617.411   -160.028    -21.068     43.054   -101.407
     -6.601     88.778    617.325   -159.826    -21.293     43.316   -100.790
     -6.603     88.821    617.238   -159.625    -21.515     43.572   -100.175
     -6.605     88.864    617.150   -159.425    -21.732     43.822    -99.561
     -6.607     88.908    617.062   -159.226    -21.946     44.065    -98.950
     -6.609     88.952    616.974   -159.029    -22.155     44.303    -98.341
     -6.611     88.996    616.885   -158.833    -22.360     44.535    -97.733
     -6.613     89.041    616.796   -158.638    -22.561     44.762    -97.128
     -6.615     89.087    616.706   -158.445    -22.759     44.983    -96.525
     -6.617     89.132    616.616   -158.252    -22.953     45.199    -95.924
     -6.619     89.178    616.525   -158.061    -23.142     45.410    -95.325
     -6.621     89.225    616.434   -157.871    -23.329     45.616    -94.729
     -6.623     89.272    616.343   -157.682    -23.512     45.817    -94.135
     -6.625     89.319    616.251   -157.494    -23.691     46.012    -93.543
     -6.627     89.366    616.159   -157.308    -23.867     46.204    -92.954
     -6.629     89.414    616.066   -157.122    -24.039     46.390    -92.367
     -6.631     89.463    615.973   -156.938    -24.208     46.572    -91.782
     -6.633     89.511    615.880   -156.755    -24.374     46.750    -91.200
     -6.635     89.560    615.786   -156.573    -24.537     46.923    -90.621
     -6.637     89.609    615.692   -156.393    -24.696     47.092    -90.044
     -6.639     89.659    615.598   -156.213    -24.853     47.256    -89.469
     -6.641     89.709    615.503   -156.035    -25.006     47.417    -88.897
     -6.643     89.759    615.408   -155.858    -25.157     47.574    -88.328
     -6.645     89.809    615.313   -155.682    -25.304     47.727    -87.761
     -6.647     89.860    615.217   -155.507    -25.449     47.876    -87.197
     -6.649     89.911    615.121   -155.333    -25.591     48.021    -86.635
     -6.651     89.962    615.025   -155.160    -25.730     48.163    -86.076
     -6.653     90.014    614.929   -154.989    -25.867     48.301    -85.519
     -6.655     90.066    614.832   -154.818    -26.000     48.435    -84.965
     -6.657     90.118    614.735   -154.649    -26.132     48.567    -84.414
     -6.659     90.170    614.638   -154.480    -26.260     48.694    -83.865
     -6.661     90.223    614.540   -154.313    -26.387     48.819    -83.319
     -6.663     90.276    614.443   -154.147    -26.510     48.941    -82.775
     -6.665     90.329    614.345   -153.982    -26.632     49.059    -82.234
     -6.667     90.382    614.246   -153.818    -26.751     49.174    -81.696
     -6.669     90.436    614.148   -153.655    -26.868     49.286    -81.160
     -6.671     90.490    614.049   -153.494    -26.982     49.396    -80.627
     -6.673     90.544    613.950   -153.333    -27.094     49.502    -80.096
     -6.675     90.598    613.851   -153.173    -27.204     49.606    -79.568
     -6.677     90.653    613.752   -153.015    -27.312     49.707    -79.043
     -6.679     90.708    613.652   -152.857    -27.418     49.805    -78.520
     -6.681     90.763    613.553   -152.700    -27.521     49.901    -77.999
     -6.683     90.818    613.453   -152.545    -27.623     49.994    -77.481
     -6.685     90.873    613.353   -152.391    -27.723     50.085    -76.966
     -6.687     90.929    613.252   -152.237    -27.820     50.173    -76.453
     -6.689     90.984    613.152   -152.085    -27.916     50.258    -75.943
     -6.691     91.040    613.051   -151.933    -28.010     50.342    -75.435
     -6.693     91.096    612.951   -151.783    -28.102     50.423    -74.929
     -6.695     91.153    612.850   -151.634    -28.192     50.502    -74.426
     -6.697     91.209    612.749   -151.485    -28.281     50.578    -73.926
     -6.699     91.266    612.647   -151.338    -28.367     50.653    -73.428
     -6.701     91.323    612.546   -151.192    -28.452     50.725    -72.932
     -6.703     91.380    612.444   -151.046    -28.535     50.795    -72.439
     -6.705     91.437    612.343   -150.902    -28.617     50.863    -71.948
     -6.707     91.494    612.241   -150.758    -28.697     50.930    -71.460
     -6.709     91.551    612.139   -150.616    -28.775     50.994    -70.974
     -6.711     91.609    612.037   -150.474    -28.852     51.056    -70.490
     -6.713     91.667    611.935   -150.334    -28.927     51.117    -70.009
     -6.715     91.725    611.833   -150.194    -29.000     51.175    -69.530
     -6.717     91.783    611.730   -150.056    -29.072     51.232    -69.053
     -6.719     91.841    611.628   -149.918    -29.143     51.287    -68.578
     -6.721     91.899    611.525   -149.782    -29.212     51.341    -68.106
     -6.723     91.958    611.422   -149.646    -29.280     51.392    -67.636
     -6.725     92.017    611.319   -149.511    -29.346     51.442    -67.169
     -6.727     92.075    611.216   -149.377    -29.411     51.491    -66.703
     -6.729     92.134    611.113   -149.244    -29.475     51.538    -66.240
     -6.731     92.193    611.010   -149.112    -29.537     51.583    -65.779
     -6.733     92.252    610.907   -148.981    -29.598     51.627    -65.321
     -6.735     92.312    610.804   -148.851    -29.658     51.669    -64.864
     -6.737     92.371    610.700   -148.722    -29.716     51.710    -64.410
     -6.739     92.430    610.597   -148.593    -29.774     51.749    -63.957
     -6.741     92.490    610.493   -148.466    -29.829     51.787    -63.507
     -6.743     92.550    610.390   -148.339    -29.884     51.823    -63.059
     -6.745     92.610    610.286   -148.214    -29.938     51.859    -62.613
     -6.747     92.670    610.182   -148.089    -29.990     51.892    -62.169
     -6.749     92.730    610.079   -147.965    -30.041     51.925    -61.727
     -6.751     92.790    609.975   -147.842    -30.092     51.956    -61.287
     -6.753     92.850    609.871   -147.720    -30.141     51.986    -60.850
     -6.755     92.910    609.767   -147.598    -30.189     52.015    -60.414
     -6.757     92.971    609.663   -147.478    -30.235     52.043    -59.980
     -6.759     93.031    609.559   -147.359    -30.281     52.069    -59.548
     -6.761     93.092    609.454   -147.240    -30.326     52.094    -59.119
     -6.763     93.153    609.350   -147.122    -30.370     52.118    -58.691
     -6.765     93.213    609.246   -147.005    -30.413     52.141    -58.265
     -6.767     93.274    609.142   -146.889    -30.454     52.163    -57.841
     -6.769     93.335    609.037   -146.774    -30.495     52.184    -57.419
     -6.771     93.396    608.933   -146.659    -30.535     52.204    -56.999
     -6.773     93.457    608.829   -146.546    -30.574     52.223    -56.580
     -6.775     93.518    608.724   -146.433    -30.612     52.241    -56.164
     -6.777     93.580    608.620   -146.321    -30.649     52.257    -55.749
     -6.779     93.641    608.515   -146.210    -30.685     52.273    -55.336
     -6.781     93.702    608.410   -146.100    -30.720     52.288    -54.926
     -6.783     93.764    608.306   -145.990    -30.755     52.302    -54.516
     -6.785     93.825    608.201   -145.882    -30.788     52.315    -54.109
     -6.787     93.887    608.097   -145.774    -30.821     52.327    -53.703
     -6.789     93.949    607.992   -145.667    -30.853     52.338    -53.300
     -6.791     94.010    607.887   -145.561    -30.884     52.348    -52.898
     -6.793     94.072    607.783   -145.455    -30.914     52.358    -52.497
     -6.795     94.134    607.678   -145.351    -30.943     52.366    -52.099
     -6.797     94.196    607.573   -145.247    -30.972     52.374    -51.702
     -6.799     94.258    607.468   -145.144    -31.000     52.381    -51.306
     -6.801     94.320    607.364   -145.042    -31.027     52.387    -50.913
     -6.803     94.382    607.259   -144.940    -31.053     52.393    -50.521
     -6.805     94.444    607.154   -144.840    -31.079     52.397    -50.131
     -6.807     94.506    607.049   -144.740    -31.104     52.401    -49.742
     -6.809     94.569    606.944   -144.641    -31.128     52.404    -49.355
     -6.811     94.631    606.840   -144.542    -31.151     52.407    -48.970
     -6.813     94.693    606.735   -144.445    -31.174     52.408    -48.586
     -6.815     94.756    606.630   -144.348    -31.196     52.409    -48.204
     -6.817     94.818    606.525   -144.252    -31.217     52.410    -47.823
     -6.819     94.881    606.420   -144.157    -31.238     52.409    -47.444
     -6.821     94.943    606.315   -144.062    -31.258     52.408    -47.066
     -6.823     95.006    606.211   -143.968    -31.278     52.407    -46.690
     -6.825     95.068    606.106   -143.875    -31.296     52.404    -46.316
     -6.827     95.131    606.001   -143.783    -31.314     52.401    -45.943
     -6.829     95.193    605.896   -143.692    -31.332     52.398    -45.571
     -6.831     95.256    605.791   -143.601    -31.349     52.393    -45.201
     -6.833     95.319    605.687   -143.511    -31.365     52.389    -44.833
     -6.835     95.382    605.582   -143.421    -31.381     52.383    -44.465
     -6.837     95.444    605.477   -143.333    -31.396     52.377    -44.100
     -6.839     95.507    605.372   -143.245    -31.410     52.371    -43.736
     -6.841     95.570    605.268   -143.158    -31.424     52.364    -43.373
     -6.843     95.633    605.163   -143.072    -31.438     52.356    -43.011
     -6.845     95.696    605.058   -142.986    -31.451     52.348    -42.651
     -6.847     95.759    604.954   -142.901    -31.463     52.339    -42.293
     -6.849     95.822    604.849   -142.817    -31.475     52.330    -41.936
     -6.851     95.884    604.744   -142.733    -31.486     52.320    -41.580
     -6.853     95.947    604.640   -142.650    -31.497     52.310    -41.225
     -6.855     96.010    604.535   -142.568    -31.507     52.299    -40.872
     -6.857     96.074    604.430   -142.487    -31.516     52.288    -40.520
     -6.859     96.137    604.326   -142.406    -31.526     52.276    -40.170
     -6.861     96.200    604.221   -142.326    -31.534     52.264    -39.820
     -6.863     96.263    604.117   -142.247    -31.542     52.252    -39.472
     -6.865     96.326    604.012   -142.168    -31.550     52.239    -39.126
     -6.867     96.389    603.908   -142.090    -31.557     52.225    -38.781
     -6.869     96.452    603.803   -142.013    -31.564     52.211    -38.436
     -6.871     96.515    603.699   -141.937    -31.570     52.197    -38.094
     -6.873     96.578    603.595   -141.861    -31.576     52.182    -37.752
     -6.875     96.641    603.490   -141.786    -31.581     52.167    -37.412
     -6.877     96.705    603.386   -141.711    -31.586     52.151    -37.073
     -6.879     96.768    603.282   -141.637    -31.591     52.135    -36.735
     -6.881     96.831    603.177   -141.564    -31.595     52.118    -36.398
     -6.883     96.894    603.073   -141.492    -31.598     52.102    -36.063
     -6.885     96.957    602.969   -141.420    -31.601     52.084    -35.728
     -6.887     97.021    602.865   -141.349    -31.604     52.067    -35.395
     -6.889     97.084    602.761   -141.278    -31.606     52.049    -35.063
     -6.891     97.147    602.657   -141.209    -31.608     52.030    -34.732
     -6.893     97.210    602.553   -141.139    -31.610     52.012    -34.403
     -6.895     97.273    602.449   -141.071    -31.611     51.992    -34.074
     -6.897     97.337    602.345   -141.003    -31.611     51.973    -33.747
     -6.899     97.400    602.241   -140.936    -31.612     51.953    -33.421
     -6.901     97.463    602.137   -140.870    -31.611     51.933    -33.096
     -6.903     97.526    602.033   -140.804    -31.611     51.913    -32.772
     -6.905     97.590    601.929   -140.738    -31.610     51.892    -32.449
     -6.907     97.653    601.825   -140.674    -31.609     51.871    -32.127
     -6.909     97.716    601.722   -140.610    -31.607     51.849    -31.806
     -6.911     97.779    601.618   -140.547    -31.605     51.828    -31.486
     -6.913     97.842    601.514   -140.484    -31.603     51.806    -31.168
     -6.915     97.906    601.411   -140.422    -31.600     51.783    -30.850
     -6.917     97.969    601.307   -140.361    -31.597     51.761    -30.534
     -6.919     98.032    601.204   -140.300    -31.594     51.738    -30.218
     -6.921     98.095    601.100   -140.240    -31.590     51.715    -29.904
     -6.923     98.158    600.997   -140.180    -31.586     51.691    -29.590
     -6.925     98.222    600.894   -140.121    -31.581     51.667    -29.278
     -6.927     98.285    600.790   -140.063    -31.577     51.643    -28.967
     -6.929     98.348    600.687   -140.005    -31.571     51.619    -28.656
     -6.931     98.411    600.584   -139.948    -31.566     51.594    -28.347
     -6.933     98.474    600.481   -139.892    -31.560     51.569    -28.039
     -6.935     98.537    600.377   -139.836    -31.554     51.544    -27.731
     -6.937     98.600    600.274   -139.781    -31.548     51.519    -27.425
     -6.939     98.663    600.171   -139.727    -31.541     51.493    -27.119
     -6.941     98.726    600.068   -139.673    -31.534     51.467    -26.815
     -6.943     98.790    599.966   -139.619    -31.527     51.441    -26.511
     -6.945     98.853    599.863   -139.567    -31.519     51.415    -26.208
     -6.947     98.916    599.760   -139.515    -31.511     51.388    -25.907
     -6.949     98.979    599.657   -139.463    -31.503     51.361    -25.606
     -6.951     99.042    599.554   -139.412    -31.495     51.334    -25.306
     -6.953     99.105    599.452   -139.362    -31.486     51.307    -25.007
     -6.955     99.168    599.349   -139.312    -31.477     51.279    -24.709
     -6.957     99.230    599.247   -139.263    -31.468     51.252    -24.412
     -6.959     99.293    599.144   -139.214    -31.458     51.224    -24.116
     -6.961     99.356    599.042   -139.166    -31.448     51.195    -23.820
     -6.963     99.419    598.939   -139.119    -31.438     51.167    -23.526
     -6.965     99.482    598.837   -139.072    -31.428     51.138    -23.232
     -6.967     99.545    598.735   -139.026    -31.417     51.110    -22.939
     -6.969     99.608    598.633   -138.981    -31.406     51.080    -22.647
     -6.971     99.671    598.531   -138.936    -31.395     51.051    -22.356
     -6.973     99.733    598.428   -138.891    -31.383     51.022    -22.066
     -6.975     99.796    598.326   -138.847    -31.371     50.992    -21.777
     -6.977     99.859    598.225   -138.804    -31.359     50.962    -21.488
     -6.979     99.922    598.123   -138.761    -31.347     50.932    -21.201
     -6.981     99.984    598.021   -138.719    -31.335     50.902    -20.914
     -6.983    100.047    597.919   -138.678    -31.322     50.872    -20.628
     -6.985    100.109    597.817   -138.637    -31.309     50.841    -20.342
     -6.987    100.172    597.716   -138.596    -31.296     50.811    -20.058
     -6.989    100.235    597.614   -138.557    -31.282     50.780    -19.774
     -6.991    100.297    597.513   -138.517    -31.269     50.749    -19.491
     -6.993    100.360    597.411   -138.479    -31.255     50.717    -19.209
     -6.995    100.422    597.310   -138.440    -31.240     50.686    -18.928
     -6.997    100.485    597.208   -138.403    -31.226     50.654    -18.648
     -6.999    100.547    597.107   -138.366    -31.211     50.623    -18.368
     -7.001    100.610    597.006   -138.329    -31.197     50.591    -18.089
     -7.003    100.672    596.905   -138.293    -31.182     50.559    -17.811
     -7.005    100.734    596.804   -138.258    -31.166     50.527    -17.533
     -7.007    100.797    596.703   -138.223    -31.151     50.494    -17.256
     -7.009    100.859    596.602   -138.189    -31.135     50.462    -16.980
     -7.011    100.921    596.501   -138.155    -31.119     50.429    -16.705
     -7.013    100.983    596.400   -138.122    -31.103     50.396    -16.431
     -7.015    101.046    596.299   -138.090    -31.087     50.363    -16.157
     -7.017    101.108    596.198   -138.058    -31.070     50.330    -15.884
     -7.019    101.170    596.098   -138.026    -31.053     50.297    -15.611
     -7.021    101.232    595.997   -137.995    -31.036     50.263    -15.340
     -7.023    101.294    595.897   -137.965    -31.019     50.230    -15.069
     -7.025    101.356    595.796   -137.935    -31.002     50.196    -14.798
     -7.027    101.418    595.696   -137.906    -30.984     50.162    -14.529
     -7.029    101.480    595.596   -137.877    -30.966     50.128    -14.260
     -7.031    101.542    595.495   -137.849    -30.948     50.094    -13.992
     -7.033    101.604    595.395   -137.821    -30.930     50.060    -13.724
     -7.035    101.666    595.295   -137.794    -30.912     50.026    -13.457
     -7.037    101.727    595.195   -137.767    -30.893     49.991    -13.191
     -7.039    101.789    595.095   -137.741    -30.874     49.957    -12.926
     -7.041    101.851    594.995   -137.715    -30.855     49.922    -12.661
     -7.043    101.913    594.896   -137.690    -30.836     49.887    -12.397
     -7.045    101.974    594.796   -137.666    -30.817     49.852    -12.133
     -7.047    102.036    594.696   -137.642    -30.798     49.817    -11.870
     -7.049    102.097    594.597   -137.618    -30.778     49.782    -11.608
     -7.051    102.159    594.497   -137.595    -30.758     49.746    -11.347
     -7.053    102.220    594.398   -137.573    -30.738     49.711    -11.086
     -7.055    102.282    594.298   -137.551    -30.718     49.675    -10.825
     -7.057    102.343    594.199   -137.530    -30.697     49.640    -10.566
     -7.059    102.405    594.100   -137.509    -30.677     49.604    -10.307
     -7.061    102.466    594.000   -137.488    -30.656     49.568    -10.048
     -7.063    102.527    593.901   -137.468    -30.635     49.532     -9.790
     -7.065    102.589    593.802   -137.449    -30.614     49.496     -9.533
     -7.067    102.650    593.703   -137.430    -30.593     49.460     -9.276
     -7.069    102.711    593.604   -137.412    -30.572     49.424     -9.020
     -7.071    102.772    593.506   -137.394    -30.550     49.387     -8.765
     -7.073    102.833    593.407   -137.377    -30.528     49.351     -8.510
     -7.075    102.894    593.308   -137.360    -30.507     49.314     -8.256
     -7.077    102.955    593.210   -137.344    -30.484     49.277     -8.002
     -7.079    103.016    593.111   -137.328    -30.462     49.240     -7.749
     -7.081    103.077    593.013   -137.313    -30.440     49.203     -7.496
     -7.083    103.138    592.914   -137.298    -30.417     49.166     -7.244
     -7.085    103.199    592.816   -137.284    -30.395     49.129     -6.993
     -7.087    103.259    592.718   -137.270    -30.372     49.092     -6.742
     -7.089    103.320    592.620   -137.257    -30.349     49.055     -6.492
     -7.091    103.381    592.522   -137.244    -30.326     49.017     -6.242
     -7.093    103.441    592.424   -137.232    -30.302     48.980     -5.993
     -7.095    103.502    592.326   -137.220    -30.279     48.942     -5.744
     -7.097    103.563    592.228   -137.209    -30.255     48.905     -5.496
     -7.099    103.623    592.130   -137.198    -30.232     48.867     -5.249
     -7.101    103.684    592.032   -137.188    -30.208     48.829     -5.002
     -7.103    103.744    591.935   -137.178    -30.184     48.791     -4.755
     -7.105    103.804    591.837   -137.169    -30.160     48.753     -4.509
     -7.107    103.865    591.740   -137.160    -30.135     48.715     -4.264
     -7.109    103.925    591.642   -137.152    -30.111     48.677     -4.019
     -7.111    103.985    591.545   -137.144    -30.086     48.639     -3.775
     -7.113    104.045    591.448   -137.137    -30.062     48.600     -3.531
     -7.115    104.105    591.351   -137.130    -30.037     48.562     -3.287
     -7.117    104.165    591.254   -137.124    -30.012     48.523     -3.045
     -7.119    104.225    591.157   -137.118    -29.986     48.485     -2.802
     -7.121    104.285    591.060   -137.113    -29.961     48.446     -2.560
     -7.123    104.345    590.963   -137.108    -29.936     48.407     -2.319
     -7.125    104.405    590.866   -137.103    -29.910     48.368     -2.078
     -7.127    104.465    590.769   -137.099    -29.884     48.329     -1.838
     -7.129    104.524    590.673   -137.096    -29.859     48.291     -1.598
     -7.131    104.584    590.576   -137.093    -29.833     48.251     -1.359
     -7.133    104.644    590.480   -137.090    -29.807     48.212     -1.120
     -7.135    104.703    590.383   -137.088    -29.780     48.173     -0.881
     -7.137    104.763    590.287   -137.087    -29.754     48.134     -0.643
     -7.139    104.822    590.191   -137.086    -29.727     48.094     -0.406
     -7.141    104.882    590.095   -137.085    -29.701     48.055     -0.169
     -7.143    104.941    589.999   -137.085    -29.674     48.016      0.068
     -7.145    105.001    589.903   -137.086    -29.647     47.976      0.304
     -7.147    105.060    589.807   -137.086    -29.620     47.936      0.539
     -7.149    105.119    589.711   -137.088    -29.593     47.897      0.774
     -7.151    105.178    589.615   -137.090    -29.566     47.857      1.009
     -7.153    105.237    589.519   -137.092    -29.539     47.817      1.243
     -7.155    105.296    589.424   -137.095    -29.511     47.777      1.477
     -7.157    105.355    589.328   -137.098    -29.483     47.737      1.710
     -7.159    105.414    589.233   -137.101    -29.456     47.697      1.943
     -7.161    105.473    589.137   -137.105    -29.428     47.657      2.176
     -7.163    105.532    589.042   -137.110    -29.400     47.617      2.408
     -7.165    105.591    588.947   -137.115    -29.372     47.576      2.639
     -7.167    105.649    588.852   -137.121    -29.344     47.536      2.871
     -7.169    105.708    588.757   -137.127    -29.315     47.496      3.101
     -7.171    105.767    588.662   -137.133    -29.287     47.455      3.332
     -7.173    105.825    588.567   -137.140    -29.258     47.415      3.561
     -7.175    105.884    588.472   -137.147    -29.230     47.374      3.791
     -7.177    105.942    588.378   -137.155    -29.201     47.334      4.020
     -7.179    106.001    588.283   -137.163    -29.172     47.293      4.249
     -7.181    106.059    588.188   -137.172    -29.143     47.252      4.477
     -7.183    106.117    588.094   -137.181    -29.114     47.211      4.705
     -7.185    106.175    588.000   -137.191    -29.084     47.171      4.932
     -7.187    106.233    587.905   -137.201    -29.055     47.130      5.159
     -7.189    106.292    587.811   -137.212    -29.026     47.089      5.386
     -7.191    106.350    587.717   -137.223    -28.996     47.048      5.612
     -7.193    106.408    587.623   -137.234    -28.966     47.006      5.838
     -7.195    106.465    587.529   -137.246    -28.937     46.965      6.063
     -7.197    106.523    587.435   -137.258    -28.907     46.924      6.288
     -7.199    106.581    587.341   -137.271    -28.877     46.883      6.513
     -7.201    106.639    587.247   -137.284    -28.847     46.841      6.737
     -7.203    106.696    587.154   -137.298    -28.816     46.800      6.961
     -7.205    106.754    587.060   -137.312    -28.786     46.759      7.184
     -7.207    106.812    586.967   -137.327    -28.756     46.717      7.408
     -7.209    106.869    586.873   -137.342    -28.725     46.675      7.630
     -7.211    106.927    586.780   -137.357    -28.694     46.634      7.853
     -7.213    106.984    586.687   -137.373    -28.664     46.592      8.075
     -7.215    107.041    586.594   -137.390    -28.633     46.550      8.296
     -7.217    107.098    586.501   -137.406    -28.602     46.509      8.518
     -7.219    107.156    586.408   -137.424    -28.571     46.467      8.738
     -7.221    107.213    586.315   -137.441    -28.540     46.425      8.959
     -7.223    107.270    586.222   -137.459    -28.508     46.383      9.179
     -7.225    107.327    586.129   -137.478    -28.477     46.341      9.399
     -7.227    107.384    586.037   -137.497    -28.445     46.299      9.618
     -7.229    107.440    585.944   -137.516    -28.414     46.257      9.838
     -7.231    107.497    585.852   -137.536    -28.382     46.215     10.056
     -7.233    107.554    585.759   -137.557    -28.350     46.172     10.275
     -7.235    107.611    585.667   -137.577    -28.319     46.130     10.493
     -7.237    107.667    585.575   -137.599    -28.287     46.088     10.711
     -7.239    107.724    585.483   -137.620    -28.254     46.045     10.928
     -7.241    107.780    585.390   -137.642    -28.222     46.003     11.145
     -7.243    107.837    585.298   -137.665    -28.190     45.960     11.362
     -7.245    107.893    585.207   -137.688    -28.158     45.918     11.578
     -7.247    107.949    585.115   -137.711    -28.125     45.875     11.794
     -7.249    108.006    585.023   -137.735    -28.093     45.833     12.010
     -7.251    108.062    584.931   -137.759    -28.060     45.790     12.225
     -7.253    108.118    584.840   -137.784    -28.027     45.747     12.440
     -7.255    108.174    584.749   -137.809    -27.994     45.704     12.655
     -7.257    108.230    584.657   -137.835    -27.961     45.662     12.869
     -7.259    108.286    584.566   -137.861    -27.928     45.619     13.084
     -7.261    108.342    584.475   -137.887    -27.895     45.576     13.297
     -7.263    108.397    584.384   -137.914    -27.862     45.533     13.511
     -7.265    108.453    584.293   -137.941    -27.829     45.490     13.724
     -7.267    108.509    584.202   -137.969    -27.795     45.447     13.937
     -7.269    108.564    584.111   -137.997    -27.762     45.404     14.149
     -7.271    108.620    584.020   -138.025    -27.728     45.360     14.362
     -7.273    108.675    583.929   -138.054    -27.695     45.317     14.573
     -7.275    108.730    583.839   -138.083    -27.661     45.274     14.785
     -7.277    108.786    583.748   -138.113    -27.627     45.230     14.996
     -7.279    108.841    583.658   -138.143    -27.593     45.187     15.207
     -7.281    108.896    583.567   -138.174    -27.559     45.144     15.418
     -7.283    108.951    583.477   -138.205    -27.525     45.100     15.628
     -7.285    109.006    583.387   -138.237    -27.490     45.057     15.839
     -7.287    109.061    583.297   -138.268    -27.456     45.013     16.048
     -7.289    109.116    583.207   -138.301    -27.422     44.969     16.258
     -7.291    109.171    583.117   -138.334    -27.387     44.926     16.467
     -7.293    109.226    583.027   -138.367    -27.353     44.882     16.676
     -7.295    109.280    582.938   -138.400    -27.318     44.838     16.885
     -7.297    109.335    582.848   -138.434    -27.283     44.795     17.093
     -7.299    109.389    582.758   -138.469    -27.248     44.751     17.301
     -7.301    109.444    582.669   -138.503    -27.213     44.707     17.509
     -7.303    109.498    582.580   -138.539    -27.178     44.663     17.717
     -7.305    109.553    582.490   -138.574    -27.143     44.619     17.924
     -7.307    109.607    582.401   -138.610    -27.108     44.575     18.131
     -7.309    109.661    582.312   -138.647    -27.073     44.531     18.338
     -7.311    109.715    582.223   -138.684    -27.037     44.486     18.544
     -7.313    109.769    582.134   -138.721    -27.002     44.442     18.751
     -7.315    109.823    582.045   -138.759    -26.966     44.398     18.956
     -7.317    109.877    581.956   -138.797    -26.930     44.354     19.162
     -7.319    109.931    581.868   -138.835    -26.895     44.309     19.368
     -7.321    109.985    581.779   -138.874    -26.859     44.265     19.573
     -7.323    110.038    581.691   -138.914    -26.823     44.221     19.778
     -7.325    110.092    581.602   -138.953    -26.787     44.176     19.982
     -7.327    110.145    581.514   -138.994    -26.751     44.132     20.187
     -7.329    110.199    581.426   -139.034    -26.715     44.087     20.391
     -7.331    110.252    581.338   -139.075    -26.679     44.042     20.595
     -7.333    110.306    581.250   -139.117    -26.642     43.998     20.798
     -7.335    110.359    581.162   -139.158    -26.606     43.953     21.001
     -7.337    110.412    581.074   -139.201    -26.569     43.908     21.205
     -7.339    110.465    580.986   -139.243    -26.533     43.863     21.407
     -7.341    110.518    580.898   -139.286    -26.496     43.819     21.610
     -7.343    110.571    580.811   -139.330    -26.459     43.774     21.812
     -7.345    110.624    580.723   -139.373    -26.422     43.729     22.015
     -7.347    110.677    580.636   -139.418    -26.385     43.684     22.216
     -7.349    110.729    580.549   -139.462    -26.348     43.639     22.418
     -7.351    110.782    580.461   -139.507    -26.311     43.594     22.620
     -7.353    110.835    580.374   -139.553    -26.274     43.548     22.821
     -7.355    110.887    580.287   -139.599    -26.237     43.503     23.022
     -7.357    110.940    580.200   -139.645    -26.200     43.458     23.222
     -7.359    110.992    580.113   -139.691    -26.162     43.413     23.423
     -7.361    111.044    580.027   -139.739    -26.125     43.367     23.623
     -7.363    111.097    579.940   -139.786    -26.087     43.322     23.823
     -7.365    111.149    579.853   -139.834    -26.049     43.277     24.023
     -7.367    111.201    579.767   -139.882    -26.012     43.231     24.222
     -7.369    111.253    579.680   -139.931    -25.974     43.186     24.422
     -7.371    111.305    579.594   -139.980    -25.936     43.140     24.621
     -7.373    111.356    579.508   -140.029    -25.898     43.094     24.820
     -7.375    111.408    579.422   -140.079    -25.860     43.049     25.019
     -7.377    111.460    579.336   -140.129    -25.822     43.003     25.217
     -7.379    111.511    579.250   -140.180    -25.783     42.957     25.415
     -7.381    111.563    579.164   -140.231    -25.745     42.911     25.613
     -7.383    111.614    579.078   -140.282    -25.707     42.866     25.811
     -7.385    111.666    578.992   -140.334    -25.668     42.820     26.009
     -7.387    111.717    578.907   -140.386    -25.630     42.774     26.206
     -7.389    111.768    578.821   -140.439    -25.591     42.728     26.403
     -7.391    111.820    578.736   -140.492    -25.552     42.682     26.600
     -7.393    111.871    578.650   -140.545    -25.513     42.636     26.797
     -7.395    111.922    578.565   -140.599    -25.474     42.589     26.994
     -7.397    111.972    578.480   -140.653    -25.435     42.543     27.190
     -7.399    112.023    578.395   -140.708    -25.396     42.497     27.386
     -7.401    112.074    578.310   -140.763    -25.357     42.451     27.582
     -7.403    112.125    578.225   -140.818    -25.318     42.404     27.778
     -7.405    112.175    578.140   -140.874    -25.279     42.358     27.973
     -7.407    112.226    578.056   -140.930    -25.239     42.311     28.169
     -7.409    112.276    577.971   -140.987    -25.200     42.265     28.364
     -7.411    112.327    577.887   -141.044    -25.160     42.218     28.559
     -7.413    112.377    577.802   -141.101    -25.121     42.172     28.754
     -7.415    112.427    577.718   -141.159    -25.081     42.125     28.948
     -7.417    112.477    577.634   -141.217    -25.041     42.078     29.143
     -7.419    112.527    577.550   -141.275    -25.001     42.032     29.337
     -7.421    112.577    577.466   -141.334    -24.961     41.985     29.531
     -7.423    112.627    577.382   -141.393    -24.921     41.938     29.725
     -7.425    112.677    577.298   -141.453    -24.881     41.891     29.918
     -7.427    112.727    577.214   -141.513    -24.841     41.844     30.112
     -7.429    112.776    577.131   -141.573    -24.801     41.797     30.305
     -7.431    112.826    577.047   -141.634    -24.761     41.750     30.498
     -7.433    112.875    576.964   -141.695    -24.720     41.703     30.691
     -7.435    112.925    576.880   -141.757    -24.680     41.656     30.884
     -7.437    112.974    576.797   -141.819    -24.639     41.609     31.076
     -7.439    113.023    576.714   -141.881    -24.598     41.561     31.269
     -7.441    113.072    576.631   -141.944    -24.558     41.514     31.461
     -7.443    113.122    576.548   -142.007    -24.517     41.467     31.653
     -7.445    113.171    576.465   -142.071    -24.476     41.419     31.845
     -7.447    113.219    576.382   -142.134    -24.435     41.372     32.037
     -7.449    113.268    576.299   -142.199    -24.394     41.324     32.228
     -7.451    113.317    576.217   -142.263    -24.353     41.277     32.419
     -7.453    113.366    576.134   -142.328    -24.312     41.229     32.611
     -7.455    113.414    576.052   -142.394    -24.270     41.181     32.802
     -7.457    113.463    575.970   -142.460    -24.229     41.134     32.992
     -7.459    113.511    575.887   -142.526    -24.187     41.086     33.183
     -7.461    113.560    575.805   -142.592    -24.146     41.038     33.374
     -7.463    113.608    575.723   -142.659    -24.104     40.990     33.564
     -7.465    113.656    575.641   -142.727    -24.063     40.942     33.754
     -7.467    113.704    575.559   -142.794    -24.021     40.894     33.944
     -7.469    113.752    575.478   -142.862    -23.979     40.846     34.134
     -7.471    113.800    575.396   -142.931    -23.937     40.798     34.324
     -7.473    113.848    575.314   -143.000    -23.895     40.750     34.513
     -7.475    113.896    575.233   -143.069    -23.853     40.702     34.703
     -7.477    113.943    575.152   -143.139    -23.811     40.653     34.892
     -7.479    113.991    575.070   -143.208    -23.769     40.605     35.081
     -7.481    114.038    574.989   -143.279    -23.726     40.557     35.270
     -7.483    114.086    574.908   -143.350    -23.684     40.508     35.459
     -7.485    114.133    574.827   -143.421    -23.641     40.460     35.647
     -7.487    114.180    574.746   -143.492    -23.599     40.411     35.836
     -7.489    114.227    574.666   -143.564    -23.556     40.362     36.024
     -7.491    114.274    574.585   -143.636    -23.513     40.314     36.212
     -7.493    114.321    574.504   -143.709    -23.471     40.265     36.401
     -7.495    114.368    574.424   -143.782    -23.428     40.216     36.588
     -7.497    114.415    574.343   -143.855    -23.385     40.167     36.776
     -7.499    114.462    574.263   -143.929    -23.342     40.118     36.964
     -7.501    114.509    574.183   -144.003    -23.299     40.069     37.151
     -7.503    114.555    574.103   -144.078    -23.255     40.020     37.339
     -7.505    114.602    574.023   -144.152    -23.212     39.971     37.526
     -7.507    114.648    573.943   -144.228    -23.169     39.922     37.713
     -7.509    114.694    573.863   -144.303    -23.125     39.873     37.900
     -7.511    114.740    573.784   -144.379    -23.082     39.824     38.087
     -7.513    114.787    573.704   -144.456    -23.038     39.774     38.273
     -7.515    114.833    573.624   -144.532    -22.994     39.725     38.460
     -7.517    114.879    573.545   -144.609    -22.951     39.676     38.646
     -7.519    114.924    573.466   -144.687    -22.907     39.626     38.832
     -7.521    114.970    573.387   -144.765    -22.863     39.577     39.018
     -7.523    115.016    573.307   -144.843    -22.819     39.527     39.204
     -7.525    115.061    573.228   -144.922    -22.775     39.477     39.390
     -7.527    115.107    573.149   -145.001    -22.731     39.428     39.576
     -7.529    115.152    573.071   -145.080    -22.686     39.378     39.762
     -7.531    115.198    572.992   -145.160    -22.642     39.328     39.947
     -7.533    115.243    572.913   -145.240    -22.598     39.278     40.132
     -7.535    115.288    572.835   -145.320    -22.553     39.228     40.318
     -7.537    115.333    572.756   -145.401    -22.508     39.178     40.503
     -7.539    115.378    572.678   -145.482    -22.464     39.128     40.688
     -7.541    115.423    572.600   -145.564    -22.419     39.078     40.873
     -7.543    115.468    572.522   -145.646    -22.374     39.027     41.057
     -7.545    115.512    572.444   -145.728    -22.329     38.977     41.242
     -7.547    115.557    572.366   -145.811    -22.284     38.927     41.426
     -7.549    115.602    572.288   -145.894    -22.239     38.876     41.611
     -7.551    115.646    572.210   -145.977    -22.194     38.826     41.795
     -7.553    115.690    572.133   -146.061    -22.149     38.775     41.979
     -7.555    115.735    572.055   -146.145    -22.104     38.725     42.163
     -7.557    115.779    571.978   -146.229    -22.058     38.674     42.347
     -7.559    115.823    571.901   -146.314    -22.013     38.623     42.531
     -7.561    115.867    571.823   -146.400    -21.967     38.572     42.715
     -7.563    115.911    571.746   -146.485    -21.921     38.521     42.898
     -7.565    115.955    571.669   -146.571    -21.876     38.470     43.082
     -7.567    115.998    571.592   -146.658    -21.830     38.419     43.265
     -7.569    116.042    571.516   -146.744    -21.784     38.368     43.448
     -7.571    116.085    571.439   -146.831    -21.738     38.317     43.631
     -7.573    116.129    571.362   -146.919    -21.692     38.266     43.814
     -7.575    116.172    571.286   -147.007    -21.646     38.214     43.997
     -7.577    116.215    571.210   -147.095    -21.600     38.163     44.180
     -7.579    116.259    571.133   -147.183    -21.553     38.112     44.363
     -7.581    116.302    571.057   -147.272    -21.507     38.060     44.546
     -7.583    116.345    570.981   -147.362    -21.460     38.009     44.728
     -7.585    116.387    570.905   -147.451    -21.414     37.957     44.910
     -7.587    116.430    570.829   -147.541    -21.367     37.905     45.093
     -7.589    116.473    570.753   -147.632    -21.320     37.853     45.275
     -7.591    116.516    570.678   -147.722    -21.273     37.802     45.457
     -7.593    116.558    570.602   -147.813    -21.227     37.750     45.639
     -7.595    116.600    570.527   -147.905    -21.180     37.698     45.821
     -7.597    116.643    570.451   -147.997    -21.133     37.646     46.003
     -7.599    116.685    570.376   -148.089    -21.085     37.593     46.185
     -7.601    116.727    570.301   -148.181    -21.038     37.541     46.366
     -7.603    116.769    570.226   -148.274    -20.991     37.489     46.548
     -7.605    116.811    570.151   -148.368    -20.943     37.436     46.729
     -7.607    116.853    570.076   -148.461    -20.896     37.384     46.911
     -7.609    116.895    570.002   -148.555    -20.848     37.332     47.092
     -7.611    116.936    569.927   -148.650    -20.801     37.279     47.273
     -7.613    116.978    569.852   -148.744    -20.753     37.226     47.454
     -7.615    117.019    569.778   -148.839    -20.705     37.173     47.635
     -7.617    117.061    569.704   -148.935    -20.657     37.121     47.816
     -7.619    117.102    569.630   -149.031    -20.609     37.068     47.997
     -7.621    117.143    569.556   -149.127    -20.561     37.015     48.177
     -7.623    117.184    569.482   -149.223    -20.513     36.962     48.358
     -7.625    117.225    569.408   -149.320    -20.464     36.909     48.539
     -7.627    117.266    569.334   -149.418    -20.416     36.855     48.719
     -7.629    117.307    569.260   -149.515    -20.367     36.802     48.900
     -7.631    117.347    569.187   -149.613    -20.319     36.749     49.080
     -7.633    117.388    569.113   -149.711    -20.270     36.695     49.260
     -7.635    117.429    569.040   -149.810    -20.222     36.642     49.440
     -7.637    117.469    568.967   -149.909    -20.173     36.588     49.620
     -7.639    117.509    568.894   -150.009    -20.124     36.534     49.800
     -7.641    117.549    568.821   -150.108    -20.075     36.481     49.980
     -7.643    117.590    568.748   -150.209    -20.026     36.427     50.160
     -7.645    117.630    568.675   -150.309    -19.976     36.373     50.340
     -7.647    117.669    568.602   -150.410    -19.927     36.319     50.519
     -7.649    117.709    568.530   -150.511    -19.878     36.265     50.699
     -7.651    117.749    568.457   -150.613    -19.828     36.211     50.879
     -7.653    117.789    568.385   -150.715    -19.779     36.156     51.058
     -7.655    117.828    568.312   -150.817    -19.729     36.102     51.237
     -7.657    117.867    568.240   -150.920    -19.680     36.048     51.417
     -7.659    117.907    568.168   -151.023    -19.630     35.993     51.596
     -7.661    117.946    568.096   -151.126    -19.580     35.939     51.775
     -7.663    117.985    568.025   -151.230    -19.530     35.884     51.954
     -7.665    118.024    567.953   -151.334    -19.480     35.829     52.133
     -7.667    118.063    567.881   -151.438    -19.430     35.774     52.312
     -7.669    118.102    567.810   -151.543    -19.379     35.719     52.491
     -7.671    118.141    567.738   -151.648    -19.329     35.664     52.670
     -7.673    118.179    567.667   -151.754    -19.278     35.609     52.849
     -7.675    118.218    567.596   -151.860    -19.228     35.554     53.027
     -7.677    118.256    567.525   -151.966    -19.177     35.499     53.206
     -7.679    118.294    567.454   -152.072    -19.126     35.443     53.385
     -7.681    118.333    567.383   -152.179    -19.076     35.388     53.563
     -7.683    118.371    567.312   -152.287    -19.025     35.332     53.742
     -7.685    118.409    567.242   -152.394    -18.974     35.277     53.920
     -7.687    118.447    567.171   -152.502    -18.923     35.221     54.098
     -7.689    118.484    567.101   -152.611    -18.871     35.165     54.276
     -7.691    118.522    567.031   -152.719    -18.820     35.109     54.455
     -7.693    118.560    566.960   -152.829    -18.769     35.053     54.633
     -7.695    118.597    566.890   -152.938    -18.717     34.997     54.811
     -7.697    118.634    566.820   -153.048    -18.666     34.941     54.989
     -7.699    118.672    566.751   -153.158    -18.614     34.885     55.167
     -7.701    118.709    566.681   -153.268    -18.562     34.828     55.345
     -7.703    118.746    566.611   -153.379    -18.510     34.772     55.523
     -7.705    118.783    566.542   -153.491    -18.458     34.715     55.700
     -7.707    118.820    566.472   -153.602    -18.406     34.659     55.878
     -7.709    118.857    566.403   -153.714    -18.354     34.602     56.056
     -7.711    118.893    566.334   -153.826    -18.302     34.545     56.233
     -7.713    118.930    566.265   -153.939    -18.249     34.488     56.411
     -7.715    118.966    566.196   -154.052    -18.197     34.431     56.589
     -7.717    119.003    566.127   -154.165    -18.144     34.374     56.766
     -7.719    119.039    566.059   -154.279    -18.092     34.317     56.943
     -7.721    119.075    565.990   -154.393    -18.039     34.259     57.121
     -7.723    119.111    565.922   -154.508    -17.986     34.202     57.298
     -7.725    119.147    565.853   -154.622    -17.933     34.144     57.475
     -7.727    119.183    565.785   -154.737    -17.880     34.087     57.653
     -7.729    119.218    565.717   -154.853    -17.827     34.029     57.830
     -7.731    119.254    565.649   -154.969    -17.774     33.971     58.007
     -7.733    119.290    565.581   -155.085    -17.720     33.913     58.184
     -7.735    119.325    565.513   -155.202    -17.667     33.855     58.361
     -7.737    119.360    565.446   -155.318    -17.613     33.797     58.538
     -7.739    119.395    565.378   -155.436    -17.559     33.739     58.715
     -7.741    119.430    565.311   -155.553    -17.506     33.681     58.892
     -7.743    119.465    565.243   -155.671    -17.452     33.622     59.069
     -7.745    119.500    565.176   -155.790    -17.398     33.564     59.246
     -7.747    119.535    565.109   -155.908    -17.344     33.505     59.423
     -7.749    119.570    565.042   -156.027    -17.290     33.446     59.599
     -7.751    119.604    564.975   -156.147    -17.235     33.387     59.776
     -7.753    119.639    564.909   -156.266    -17.181     33.328     59.953
     -7.755    119.673    564.842   -156.386    -17.126     33.269     60.129
     -7.757    119.707    564.775   -156.507    -17.072     33.210     60.306
     -7.759    119.741    564.709   -156.628    -17.017     33.151     60.483
     -7.761    119.775    564.643   -156.749    -16.962     33.091     60.659
     -7.763    119.809    564.577   -156.870    -16.907     33.032     60.836
     -7.765    119.843    564.511   -156.992    -16.852     32.972     61.012
     -7.767    119.876    564.445   -157.114    -16.797     32.912     61.188
     -7.769    119.910    564.379   -157.237    -16.742     32.853     61.365
     -7.771    119.943    564.313   -157.360    -16.687     32.793     61.541
     -7.773    119.977    564.248   -157.483    -16.631     32.733     61.717
     -7.775    120.010    564.182   -157.607    -16.576     32.672     61.894
     -7.777    120.043    564.117   -157.731    -16.520     32.612     62.070
     -7.779    120.076    564.052   -157.855    -16.464     32.552     62.246
     -7.781    120.109    563.987   -157.980    -16.408     32.491     62.422
     -7.783    120.142    563.922   -158.105    -16.352     32.431     62.599
     -7.785    120.174    563.857   -158.230    -16.296     32.370     62.775
     -7.787    120.207    563.793   -158.356    -16.240     32.309     62.951
     -7.789    120.239    563.728   -158.482    -16.184     32.248     63.127
     -7.791    120.272    563.664   -158.608    -16.127     32.187     63.303
     -7.793    120.304    563.599   -158.735    -16.071     32.126     63.479
     -7.795    120.336    563.535   -158.862    -16.014     32.064     63.655
     -7.797    120.368    563.471   -158.990    -15.957     32.003     63.831
     -7.799    120.400    563.407   -159.117    -15.900     31.941     64.007
     -7.801    120.431    563.343   -159.246    -15.844     31.879     64.183
     -7.803    120.463    563.280   -159.374    -15.786     31.818     64.359
     -7.805    120.495    563.216   -159.503    -15.729     31.756     64.535
     -7.807    120.526    563.153   -159.632    -15.672     31.694     64.711
     -7.809    120.557    563.089   -159.762    -15.614     31.631     64.886
     -7.811    120.588    563.026   -159.892    -15.557     31.569     65.062
     -7.813    120.619    562.963   -160.022    -15.499     31.507     65.238
     -7.815    120.650    562.900   -160.153    -15.441     31.444     65.414
     -7.817    120.681    562.837   -160.284    -15.384     31.381     65.589
     -7.819    120.712    562.774   -160.415    -15.326     31.319     65.765
     -7.821    120.743    562.712   -160.547    -15.267     31.256     65.941
     -7.823    120.773    562.649   -160.679    -15.209     31.193     66.117
     -7.825    120.803    562.587   -160.811    -15.151     31.129     66.292
     -7.827    120.834    562.525   -160.944    -15.092     31.066     66.468
     -7.829    120.864    562.463   -161.077    -15.034     31.003     66.644
     -7.831    120.894    562.401   -161.211    -14.975     30.939     66.819
     -7.833    120.924    562.339   -161.345    -14.916     30.875     66.995
     -7.835    120.953    562.277   -161.479    -14.857     30.811     67.170
     -7.837    120.983    562.216   -161.613    -14.798     30.748     67.346
     -7.839    121.013    562.154   -161.748    -14.739     30.683     67.522
     -7.841    121.042    562.093   -161.883    -14.680     30.619     67.697
     -7.843    121.071    562.032   -162.019    -14.620     30.555     67.873
     -7.845    121.100    561.971   -162.155    -14.561     30.490     68.048
     -7.847    121.130    561.910   -162.291    -14.501     30.426     68.224
     -7.849    121.159    561.849   -162.428    -14.441     30.361     68.399
     -7.851    121.187    561.789   -162.565    -14.381     30.296     68.575
     -7.853    121.216    561.728   -162.702    -14.321     30.231     68.750
     -7.855    121.245    561.668   -162.840    -14.261     30.166     68.926
     -7.857    121.273    561.607   -162.978    -14.201     30.100     69.101
     -7.859    121.301    561.547   -163.116    -14.140     30.035     69.277
     -7.861    121.330    561.487   -163.255    -14.080     29.969     69.452
     -7.863    121.358    561.427   -163.394    -14.019     29.903     69.628
     -7.865    121.386    561.368   -163.533    -13.958     29.838     69.803
     -7.867    121.414    561.308   -163.673    -13.897     29.771     69.979
     -7.869    121.441    561.249   -163.813    -13.836     29.705     70.154
     -7.871    121.469    561.189   -163.954    -13.775     29.639     70.330
     -7.873    121.496    561.130   -164.095    -13.714     29.572     70.505
     -7.875    121.524    561.071   -164.236    -13.652     29.506     70.680
     -7.877    121.551    561.012   -164.377    -13.591     29.439     70.856
     -7.879    121.578    560.953   -164.519    -13.529     29.372     71.031
     -7.881    121.605    560.894   -164.661    -13.467     29.305     71.207
     -7.883    121.632    560.836   -164.804    -13.405     29.238     71.382
     -7.885    121.659    560.778   -164.947    -13.343     29.170     71.558
     -7.887    121.685    560.719   -165.090    -13.281     29.103     71.733
     -7.889    121.712    560.661   -165.234    -13.219     29.035     71.908
     -7.891    121.738    560.603   -165.378    -13.156     28.967     72.084
     -7.893    121.764    560.545   -165.522    -13.093     28.899     72.259
     -7.895    121.791    560.487   -165.667    -13.031     28.831     72.435
     -7.897    121.817    560.430   -165.812    -12.968     28.763     72.610
     -7.899    121.842    560.372   -165.957    -12.905     28.695     72.786
     -7.901    121.868    560.315   -166.103    -12.842     28.626     72.961
     -7.903    121.894    560.258   -166.249    -12.778     28.557     73.136
     -7.905    121.919    560.201   -166.396    -12.715     28.488     73.312
     -7.907    121.945    560.144   -166.542    -12.651     28.419     73.487
     -7.909    121.970    560.087   -166.690    -12.588     28.350     73.663
     -7.911    121.995    560.031   -166.837    -12.524     28.281     73.838
     -7.913    122.020    559.974   -166.985    -12.460     28.211     74.014
     -7.915    122.045    559.918   -167.133    -12.396     28.141     74.189
     -7.917    122.070    559.862   -167.282    -12.331     28.071     74.365
     -7.919    122.094    559.805   -167.431    -12.267     28.001     74.540
     -7.921    122.119    559.750   -167.580    -12.203     27.931     74.716
     -7.923    122.143    559.694   -167.729    -12.138     27.861     74.891
     -7.925    122.167    559.638   -167.879    -12.073     27.790     75.067
     -7.927    122.191    559.583   -168.030    -12.008     27.720     75.242
     -7.929    122.215    559.527   -168.180    -11.943     27.649     75.418
     -7.931    122.239    559.472   -168.331    -11.878     27.578     75.593
     -7.933    122.263    559.417   -168.483    -11.812     27.506     75.769
     -7.935    122.286    559.362   -168.634    -11.747     27.435     75.945
     -7.937    122.310    559.307   -168.786    -11.681     27.363     76.120
     -7.939    122.333    559.252   -168.939    -11.615     27.292     76.296
     -7.941    122.356    559.198   -169.092    -11.549     27.220     76.471
     -7.943    122.379    559.144   -169.245    -11.483     27.148     76.647
     -7.945    122.402    559.089   -169.398    -11.417     27.075     76.823
     -7.947    122.425    559.035   -169.552    -11.351     27.003     76.998
     -7.949    122.448    558.981   -169.706    -11.284     26.930     77.174
     -7.951    122.470    558.928   -169.861    -11.217     26.858     77.350
     -7.953    122.492    558.874   -170.016    -11.150     26.785     77.525
     -7.955    122.515    558.820   -170.171    -11.083     26.711     77.701
     -7.957    122.537    558.767   -170.326    -11.016     26.638     77.877
     -7.959    122.559    558.714   -170.482    -10.949     26.565     78.053
     -7.961    122.581    558.661   -170.639    -10.881     26.491     78.228
     -7.963    122.602    558.608   -170.795    -10.814     26.417     78.404
     -7.965    122.624    558.555   -170.952    -10.746     26.343     78.580
     -7.967    122.645    558.503   -171.110    -10.678     26.269     78.756
     -7.969    122.667    558.450   -171.267    -10.610     26.194     78.932
     -7.971    122.688    558.398   -171.425    -10.542     26.120     79.108
     -7.973    122.709    558.346   -171.584    -10.473     26.045     79.284
     -7.975    122.730    558.294   -171.742    -10.405     25.970     79.459
     -7.977    122.750    558.242   -171.902    -10.336     25.894     79.635
     -7.979    122.771    558.190   -172.061    -10.267     25.819     79.811
     -7.981    122.791    558.138   -172.221    -10.198     25.743     79.987
     -7.983    122.812    558.087   -172.381    -10.129     25.668     80.163
     -7.985    122.832    558.036   -172.541    -10.059     25.592     80.339
     -7.987    122.852    557.985   -172.702     -9.990     25.515     80.516
     -7.989    122.872    557.934   -172.864     -9.920     25.439     80.692
     -7.991    122.892    557.883   -173.025     -9.850     25.362     80.868
     -7.993    122.911    557.832   -173.187     -9.780     25.286     81.044
     -7.995    122.931    557.782   -173.349     -9.710     25.209     81.220
     -7.997    122.950    557.731   -173.512     -9.640     25.131     81.396
     -7.999    122.969    557.681   -173.675     -9.569     25.054     81.573
     -8.001    122.988    557.631   -173.838     -9.499     24.976     81.749
     -8.003    123.007    557.581   -174.002     -9.428     24.899     81.925
     -8.005    123.026    557.532   -174.166     -9.357     24.821     82.101
     -8.007    123.045    557.482   -174.330     -9.285     24.742     82.278
     -8.009    123.063    557.433   -174.495     -9.214     24.664     82.454
     -8.011    123.082    557.383   -174.660     -9.143     24.585     82.631
     -8.013    123.100    557.334   -174.826     -9.071     24.506     82.807
     -8.015    123.118    557.285   -174.991     -8.999     24.427     82.983
     -8.017    123.136    557.237   -175.157     -8.927     24.348     83.160
     -8.019    123.154    557.188   -175.324     -8.855     24.268     83.337
     -8.021    123.171    557.140   -175.491     -8.782     24.189     83.513
     -8.023    123.189    557.091   -175.658     -8.710     24.109     83.690
     -8.025    123.206    557.043   -175.826     -8.637     24.028     83.866
     -8.027    123.223    556.995   -175.993     -8.564     23.948     84.043
     -8.029    123.240    556.947   -176.162     -8.491     23.867     84.220
     -8.031    123.257    556.900   -176.330     -8.417     23.787     84.396
     -8.033    123.274    556.852   -176.499     -8.344     23.705     84.573
     -8.035    123.291    556.805   -176.669     -8.270     23.624     84.750
     -8.037    123.307    556.758   -176.838     -8.197     23.543     84.927
     -8.039    123.323    556.711   -177.008     -8.122     23.461     85.104
     -8.041    123.340    556.664   -177.179     -8.048     23.379     85.281
     -8.043    123.356    556.617   -177.349     -7.974     23.297     85.458
     -8.045    123.371    556.571   -177.521     -7.899     23.214     85.635
     -8.047    123.387    556.524   -177.692     -7.825     23.131     85.812
     -8.049    123.403    556.478   -177.864     -7.750     23.049     85.989
     -8.051    123.418    556.432   -178.036     -7.674     22.965     86.166
     -8.053    123.433    556.386   -178.208     -7.599     22.882     86.343
     -8.055    123.449    556.341   -178.381     -7.524     22.798     86.520
     -8.057    123.464    556.295   -178.555     -7.448     22.714     86.697
     -8.059    123.478    556.250   -178.728     -7.372     22.630     86.875
     -8.061    123.493    556.205   -178.902     -7.296     22.546     87.052
     -8.063    123.508    556.160   -179.076     -7.220     22.461     87.229
     -8.065    123.522    556.115   -179.251     -7.143     22.376     87.407
     -8.067    123.536    556.070   -179.426     -7.066     22.291     87.584
     -8.069    123.550    556.026   -179.601     -6.989     22.206     87.761
     -8.071    123.564    555.981   -179.777     -6.912     22.120     87.939
     -8.073    123.578    555.937   -179.953     -6.835     22.034     88.117
     -8.075    123.591    555.893   -180.129     -6.758     21.948     88.294
     -8.077    123.605    555.849   -180.306     -6.680     21.862     88.472
     -8.079    123.618    555.806   -180.483     -6.602     21.775     88.649
     -8.081    123.631    555.762   -180.661     -6.524     21.688     88.827
     -8.083    123.644    555.719   -180.839     -6.446     21.601     89.005
     -8.085    123.657    555.676   -181.017     -6.367     21.514     89.183
     -8.087    123.670    555.633   -181.195     -6.288     21.426     89.361
     -8.089    123.682    555.590   -181.374     -6.209     21.338     89.539
     -8.091    123.695    555.547   -181.554     -6.130     21.250     89.716
     -8.093    123.707    555.505   -181.733     -6.051     21.161     89.894
     -8.095    123.719    555.463   -181.913     -5.971     21.072     90.073
     -8.097    123.731    555.421   -182.093     -5.892     20.983     90.251
     -8.099    123.742    555.379   -182.274     -5.812     20.894     90.429
     -8.101    123.754    555.337   -182.455     -5.732     20.804     90.607
     -8.103    123.765    555.296   -182.637     -5.651     20.714     90.785
     -8.105    123.776    555.254   -182.818     -5.570     20.624     90.963
     -8.107    123.788    555.213   -183.000     -5.490     20.534     91.142
     -8.109    123.798    555.172   -183.183     -5.409     20.443     91.320
     -8.111    123.809    555.131   -183.366     -5.327     20.352     91.499
     -8.113    123.820    555.091   -183.549     -5.246     20.261     91.677
     -8.115    123.830    555.050   -183.732     -5.164     20.169     91.856
     -8.117    123.840    555.010   -183.916     -5.082     20.077     92.034
     -8.119    123.850    554.970   -184.101     -5.000     19.985     92.213
     -8.121    123.860    554.930   -184.285     -4.918     19.893     92.391
     -8.123    123.870    554.890   -184.470     -4.835     19.800     92.570
     -8.125    123.880    554.851   -184.655     -4.752     19.707     92.749
     -8.127    123.889    554.812   -184.841     -4.669     19.613     92.928
     -8.129    123.898    554.773   -185.027     -4.586     19.520     93.107
     -8.131    123.907    554.734   -185.214     -4.502     19.426     93.286
     -8.133    123.916    554.695   -185.400     -4.418     19.332     93.465
     -8.135    123.925    554.656   -185.587     -4.334     19.237     93.644
     -8.137    123.934    554.618   -185.775     -4.250     19.142     93.823
     -8.139    123.942    554.580   -185.963     -4.166     19.047     94.002
     -8.141    123.950    554.542   -186.151     -4.081     18.951     94.181
     -8.143    123.958    554.504   -186.339     -3.996     18.856     94.360
     -8.145    123.966    554.466   -186.528     -3.911     18.759     94.540
     -8.147    123.974    554.429   -186.718     -3.825     18.663     94.719
     -8.149    123.982    554.392   -186.907     -3.740     18.566     94.898
     -8.151    123.989    554.355   -187.097     -3.654     18.469     95.078
     -8.153    123.996    554.318   -187.287     -3.567     18.372     95.257
     -8.155    124.003    554.281   -187.478     -3.481     18.274     95.437
     -8.157    124.010    554.245   -187.669     -3.394     18.176     95.617
     -8.159    124.017    554.208   -187.861     -3.307     18.077     95.796
     -8.161    124.023    554.172   -188.052     -3.220     17.978     95.976
     -8.163    124.030    554.136   -188.245     -3.133     17.879     96.156
     -8.165    124.036    554.101   -188.437     -3.045     17.780     96.336
     -8.167    124.042    554.065   -188.630     -2.957     17.680     96.516
     -8.169    124.048    554.030   -188.823     -2.869     17.580     96.696
     -8.171    124.053    553.995   -189.017     -2.780     17.480     96.876
     -8.173    124.059    553.960   -189.211     -2.692     17.379     97.056
     -8.175    124.064    553.926   -189.405     -2.603     17.278     97.236
     -8.177    124.069    553.891   -189.600     -2.513     17.176     97.416
     -8.179    124.074    553.857   -189.795     -2.424     17.074     97.596
     -8.181    124.079    553.823   -189.990     -2.334     16.972     97.777
     -8.183    124.084    553.789   -190.186     -2.244     16.869     97.957
     -8.185    124.088    553.755   -190.382     -2.154     16.767     98.137
     -8.187    124.092    553.722   -190.578     -2.063     16.663     98.318
     -8.189    124.096    553.689   -190.775     -1.972     16.560     98.498
     -8.191    124.100    553.656   -190.972     -1.881     16.455     98.679
     -8.193    124.104    553.623   -191.170     -1.789     16.351     98.860
     -8.195    124.107    553.590   -191.368     -1.698     16.246     99.040
     -8.197    124.111    553.558   -191.566     -1.606     16.141     99.221
     -8.199    124.114    553.526   -191.765     -1.513     16.036     99.402
     -8.201    124.117    553.494   -191.964     -1.421     15.930     99.583
     -8.203    124.119    553.462   -192.163     -1.328     15.823     99.764
     -8.205    124.122    553.430   -192.363     -1.235     15.717     99.945
     -8.207    124.124    553.399   -192.563     -1.141     15.610    100.126
     -8.209    124.126    553.368   -192.763     -1.048     15.502    100.307
     -8.211    124.128    553.337   -192.964     -0.954     15.394    100.488
     -8.213    124.130    553.306   -193.165     -0.859     15.286    100.669
     -8.215    124.132    553.276   -193.367     -0.765     15.177    100.851
     -8.217    124.133    553.246   -193.568     -0.670     15.068    101.032
     -8.219    124.135    553.216   -193.771     -0.575     14.959    101.213
     -8.221    124.136    553.186   -193.973     -0.479     14.849    101.395
     -8.223    124.137    553.156   -194.176     -0.383     14.739    101.576
     -8.225    124.137    553.127   -194.380     -0.287     14.628    101.758
     -8.227    124.138    553.098   -194.583     -0.191     14.517    101.940
     -8.229    124.138    553.069   -194.787     -0.094     14.405    102.121
     -8.231    124.138    553.040   -194.992      0.003     14.293    102.303
     -8.233    124.138    553.012   -195.197      0.101     14.181    102.485
     -8.235    124.138    552.983   -195.402      0.198     14.068    102.667
     -8.237    124.137    552.955   -195.607      0.296     13.955    102.849
     -8.239    124.136    552.928   -195.813      0.395     13.841    103.031
     -8.241    124.136    552.900   -196.019      0.493     13.727    103.213
     -8.243    124.134    552.873   -196.226      0.592     13.613    103.395
     -8.245    124.133    552.846   -196.433      0.691     13.498    103.577
     -8.247    124.132    552.819   -196.640      0.791     13.382    103.759
     -8.249    124.130    552.792   -196.848      0.891     13.266    103.941
     -8.251    124.128    552.766   -197.056      0.991     13.150    104.124
     -8.253    124.126    552.739   -197.264      1.092     13.033    104.306
     -8.255    124.124    552.713   -197.473      1.193     12.916    104.488
     -8.257    124.121    552.688   -197.682      1.294     12.798    104.671
     -8.259    124.119    552.662   -197.892      1.396     12.680    104.853
     -8.261    124.116    552.637   -198.102      1.498     12.562    105.036
     -8.263    124.113    552.612   -198.312      1.600     12.443    105.219
     -8.265    124.109    552.587   -198.523      1.703     12.323    105.401
     -8.267    124.106    552.563   -198.734      1.806     12.203    105.584
     -8.269    124.102    552.538   -198.945      1.909     12.082    105.767
     -8.271    124.098    552.514   -199.157      2.013     11.961    105.950
     -8.273    124.094    552.491   -199.369      2.117     11.840    106.133
     -8.275    124.090    552.467   -199.581      2.222     11.718    106.316
     -8.277    124.085    552.444   -199.794      2.326     11.595    106.499
     -8.279    124.080    552.421   -200.007      2.432     11.472    106.682
     -8.281    124.075    552.398   -200.221      2.537     11.349    106.865
     -8.283    124.070    552.375   -200.435      2.643     11.225    107.048
     -8.285    124.065    552.353   -200.649      2.749     11.100    107.231
     -8.287    124.059    552.331   -200.864      2.856     10.975    107.414
     -8.289    124.053    552.309   -201.079      2.963     10.850    107.598
     -8.291    124.047    552.287   -201.294      3.070     10.724    107.781
     -8.293    124.041    552.266   -201.510      3.178     10.597    107.964
     -8.295    124.035    552.245   -201.726      3.286     10.470    108.148
     -8.297    124.028    552.224   -201.942      3.395     10.342    108.331
     -8.299    124.021    552.204   -202.159      3.504     10.214    108.515
     -8.301    124.014    552.183   -202.376      3.613     10.085    108.698
     -8.303    124.007    552.163   -202.594      3.723      9.956    108.882
     -8.305    123.999    552.144   -202.812      3.833      9.826    109.066
     -8.307    123.991    552.124   -203.030      3.944      9.696    109.249
     -8.309    123.983    552.105   -203.249      4.055      9.565    109.433
     -8.311    123.975    552.086   -203.468      4.166      9.433    109.617
     -8.313    123.967    552.067   -203.687      4.278      9.301    109.801
     -8.315    123.958    552.049   -203.907      4.390      9.169    109.985
     -8.317    123.949    552.030   -204.127      4.503      9.036    110.169
     -8.319    123.940    552.012   -204.348      4.616      8.902    110.353
     -8.321    123.931    551.995   -204.569      4.729      8.767    110.537
     -8.323    123.921    551.977   -204.790      4.843      8.632    110.721
     -8.325    123.911    551.960   -205.012      4.957      8.497    110.905
     -8.327    123.901    551.943   -205.234      5.072      8.361    111.089
     -8.329    123.891    551.927   -205.456      5.187      8.224    111.273
     -8.331    123.880    551.911   -205.679      5.303      8.087    111.457
     -8.333    123.870    551.894   -205.902      5.419      7.949    111.641
     -8.335    123.859    551.879   -206.125      5.535      7.810    111.826
     -8.337    123.848    551.863   -206.349      5.652      7.671    112.010
     -8.339    123.836    551.848   -206.573      5.770      7.531    112.194
     -8.341    123.825    551.833   -206.798      5.887      7.391    112.379
     -8.343    123.813    551.818   -207.023      6.006      7.250    112.563
     -8.345    123.801    551.804   -207.248      6.124      7.108    112.747
     -8.347    123.788    551.790   -207.474      6.244      6.966    112.932
     -8.349    123.776    551.776   -207.700      6.363      6.822    113.116
     -8.351    123.763    551.763   -207.926      6.483      6.679    113.301
     -8.353    123.750    551.750   -208.153      6.604      6.535    113.485
     -8.355    123.736    551.737   -208.380      6.725      6.390    113.670
     -8.357    123.723    551.724   -208.608      6.847      6.244    113.854
     -8.359    123.709    551.712   -208.836      6.969      6.098    114.039
     -8.361    123.695    551.700   -209.064      7.091      5.951    114.223
     -8.363    123.681    551.688   -209.293      7.214      5.803    114.408
     -8.365    123.666    551.676   -209.522      7.338      5.654    114.592
     -8.367    123.651    551.665   -209.751      7.462      5.505    114.777
     -8.369    123.636    551.654   -209.981      7.586      5.356    114.961
     -8.371    123.621    551.644   -210.211      7.712      5.205    115.146
     -8.373    123.605    551.634   -210.441      7.837      5.054    115.331
     -8.375    123.589    551.624   -210.672      7.963      4.902    115.515
     -8.377    123.573    551.614   -210.903      8.090      4.749    115.700
     -8.379    123.557    551.605   -211.135      8.217      4.596    115.884
     -8.381    123.541    551.596   -211.367      8.345      4.442    116.069
     -8.383    123.524    551.587   -211.599      8.473      4.287    116.253
     -8.385    123.507    551.578   -211.832      8.601      4.131    116.438
     -8.387    123.489    551.570   -212.065      8.731      3.975    116.623
     -8.389    123.472    551.563   -212.298      8.861      3.818    116.807
     -8.391    123.454    551.555   -212.532      8.991      3.660    116.992
     -8.393    123.436    551.548   -212.766      9.122      3.501    117.176
     -8.395    123.417    551.541   -213.001      9.253      3.342    117.361
     -8.397    123.399    551.535   -213.236      9.385      3.182    117.545
     -8.399    123.380    551.528   -213.471      9.518      3.021    117.730
     -8.401    123.361    551.522   -213.707      9.651      2.859    117.914
     -8.403    123.341    551.517   -213.943      9.785      2.696    118.099
     -8.405    123.322    551.512   -214.179      9.919      2.533    118.283
     -8.407    123.302    551.507   -214.416     10.054      2.369    118.467
     -8.409    123.281    551.502   -214.653     10.189      2.204    118.652
     -8.411    123.261    551.498   -214.890     10.325      2.038    118.836
     -8.413    123.240    551.494   -215.128     10.462      1.871    119.020
     -8.415    123.219    551.490   -215.367     10.599      1.703    119.204
     -8.417    123.198    551.487   -215.605     10.737      1.535    119.389
     -8.419    123.176    551.484   -215.844     10.876      1.366    119.573
     -8.421    123.154    551.482   -216.083     11.015      1.195    119.757
     -8.423    123.132    551.480   -216.323     11.155      1.024    119.941
     -8.425    123.110    551.478   -216.563     11.295      0.852    120.125
     -8.427    123.087    551.476   -216.804     11.436      0.680    120.309
     -8.429    123.064    551.475   -217.044     11.578      0.506    120.492
     -8.431    123.040    551.474   -217.286     11.720      0.331    120.676
     -8.433    123.017    551.474   -217.527     11.863      0.156    120.860
     -8.435    122.993    551.473   -217.769     12.007     -0.021    121.043
     -8.437    122.969    551.474   -218.011     12.151     -0.198    121.227
     -8.439    122.944    551.474   -218.254     12.296     -0.376    121.410
     -8.441    122.920    551.475   -218.497     12.441     -0.556    121.594
     -8.443    122.895    551.477   -218.740     12.588     -0.736    121.777
     -8.445    122.869    551.478   -218.984     12.735     -0.917    121.960
     -8.447    122.844    551.480   -219.228     12.882     -1.099    122.143
     -8.449    122.818    551.483   -219.473     13.031     -1.282    122.326
     -8.451    122.792    551.485   -219.717     13.180     -1.467    122.509
     -8.453    122.765    551.488   -219.963     13.329     -1.652    122.692
     -8.455    122.738    551.492   -220.208     13.480     -1.838    122.874
     -8.457    122.711    551.496   -220.454     13.631     -2.025    123.057
     -8.459    122.684    551.500   -220.700     13.783     -2.213    123.239
     -8.461    122.656    551.505   -220.947     13.936     -2.402    123.421
     -8.463    122.628    551.510   -221.194     14.089     -2.592    123.604
     -8.465    122.600    551.515   -221.442     14.243     -2.784    123.785
     -8.467    122.571    551.521   -221.689     14.398     -2.976    123.967
     -8.469    122.542    551.527   -221.937     14.554     -3.169    124.149
     -8.471    122.513    551.533   -222.186     14.710     -3.364    124.330
     -8.473    122.483    551.540   -222.435     14.867     -3.559    124.512
     -8.475    122.453    551.548   -222.684     15.025     -3.756    124.693
     -8.477    122.423    551.555   -222.933     15.184     -3.954    124.874
     -8.479    122.393    551.563   -223.183     15.344     -4.153    125.055
     -8.481    122.362    551.572   -223.434     15.504     -4.353    125.235
     -8.483    122.331    551.581   -223.684     15.665     -4.554    125.416
     -8.485    122.299    551.590   -223.935     15.827     -4.756    125.596
     -8.487    122.267    551.600   -224.187     15.990     -4.960    125.776
     -8.489    122.235    551.610   -224.438     16.154     -5.164    125.956
     -8.491    122.203    551.621   -224.691     16.318     -5.370    126.136
     -8.493    122.170    551.632   -224.943     16.484     -5.577    126.315
     -8.495    122.137    551.643   -225.196     16.650     -5.785    126.494
     -8.497    122.103    551.655   -225.449     16.817     -5.995    126.673
     -8.499    122.069    551.667   -225.703     16.985     -6.205    126.852
     -8.501    122.035    551.679   -225.956     17.154     -6.417    127.030
     -8.503    122.001    551.693   -226.211     17.323     -6.630    127.208
     -8.505    121.966    551.706   -226.465     17.494     -6.845    127.386
     -8.507    121.931    551.720   -226.720     17.665     -7.060    127.564
     -8.509    121.895    551.734   -226.975     17.838     -7.277    127.741
     -8.511    121.860    551.749   -227.231     18.011     -7.495    127.918
     -8.513    121.823    551.764   -227.487     18.185     -7.715    128.095
     -8.515    121.787    551.780   -227.744     18.360     -7.936    128.271
     -8.517    121.750    551.796   -228.000     18.536     -8.158    128.447
     -8.519    121.713    551.813   -228.257     18.714     -8.381    128.623
     -8.521    121.675    551.830   -228.515     18.892     -8.606    128.798
     -8.523    121.637    551.847   -228.773     19.071     -8.832    128.973
     -8.525    121.599    551.865   -229.031     19.251     -9.060    129.148
     -8.527    121.560    551.883   -229.289     19.432     -9.289    129.322
     -8.529    121.521    551.902   -229.548     19.614     -9.519    129.496
     -8.531    121.482    551.921   -229.807     19.797     -9.751    129.669
     -8.533    121.442    551.941   -230.067     19.981     -9.984    129.842
     -8.535    121.402    551.961   -230.326     20.166    -10.219    130.015
     -8.537    121.361    551.982   -230.587     20.352    -10.455    130.187
     -8.539    121.320    552.003   -230.847     20.539    -10.692    130.359
     -8.541    121.279    552.025   -231.108     20.727    -10.932    130.530
     -8.543    121.237    552.047   -231.369     20.916    -11.172    130.701
     -8.545    121.195    552.069   -231.631     21.107    -11.414    130.872
     -8.547    121.153    552.092   -231.893     21.298    -11.658    131.041
     -8.549    121.110    552.116   -232.155     21.491    -11.903    131.211
     -8.551    121.067    552.140   -232.418     21.684    -12.150    131.380
     -8.553    121.023    552.165   -232.681     21.879    -12.398    131.548
     -8.555    120.979    552.190   -232.944     22.075    -12.648    131.716
     -8.557    120.935    552.215   -233.207     22.272    -12.899    131.883
     -8.559    120.890    552.241   -233.471     22.470    -13.152    132.050
     -8.561    120.845    552.268   -233.736     22.670    -13.407    132.216
     -8.563    120.800    552.295   -234.000     22.870    -13.663    132.381
     -8.565    120.754    552.322   -234.265     23.072    -13.921    132.546
     -8.567    120.707    552.351   -234.530     23.275    -14.181    132.710
     -8.569    120.661    552.379   -234.796     23.479    -14.443    132.873
     -8.571    120.613    552.408   -235.062     23.685    -14.706    133.036
     -8.573    120.566    552.438   -235.328     23.892    -14.970    133.198
     -8.575    120.518    552.468   -235.595     24.100    -15.237    133.360
     -8.577    120.469    552.499   -235.862     24.309    -15.505    133.520
     -8.579    120.421    552.530   -236.129     24.519    -15.776    133.680
     -8.581    120.371    552.562   -236.396     24.731    -16.047    133.839
     -8.583    120.322    552.594   -236.664     24.944    -16.321    133.998
     -8.585    120.272    552.627   -236.932     25.159    -16.597    134.155
     -8.587    120.221    552.661   -237.201     25.374    -16.874    134.312
     -8.589    120.170    552.695   -237.470     25.591    -17.153    134.468
     -8.591    120.119    552.729   -237.739     25.810    -17.435    134.622
     -8.593    120.067    552.765   -238.008     26.030    -17.718    134.776
     -8.595    120.015    552.800   -238.278     26.251    -18.003    134.930
     -8.597    119.962    552.837   -238.548     26.473    -18.289    135.082
     -8.599    119.909    552.873   -238.818     26.697    -18.578    135.233
     -8.601    119.855    552.911   -239.089     26.923    -18.869    135.383
     -8.603    119.801    552.949   -239.360     27.150    -19.162    135.532
     -8.605    119.746    552.988   -239.631     27.378    -19.457    135.680
     -8.607    119.692    553.027   -239.902     27.608    -19.754    135.827
     -8.609    119.636    553.067   -240.174     27.839    -20.053    135.973
     -8.611    119.580    553.107   -240.446     28.072    -20.354    136.118
     -8.613    119.524    553.148   -240.719     28.307    -20.657    136.261
     -8.615    119.467    553.190   -240.991     28.542    -20.962    136.404
     -8.617    119.410    553.232   -241.264     28.780    -21.269    136.545
     -8.619    119.352    553.275   -241.537     29.019    -21.579    136.685
     -8.621    119.294    553.318   -241.811     29.260    -21.890    136.823
     -8.623    119.235    553.362   -242.085     29.502    -22.204    136.961
     -8.625    119.176    553.407   -242.359     29.746    -22.520    137.096
     -8.627    119.116    553.452   -242.633     29.991    -22.838    137.231
     -8.629    119.056    553.498   -242.908     30.238    -23.159    137.364
     -8.631    118.995    553.545   -243.183     30.487    -23.481    137.496
     -8.633    118.934    553.592   -243.458     30.737    -23.806    137.626
     -8.635    118.872    553.640   -243.733     30.990    -24.134    137.754
     -8.637    118.810    553.689   -244.009     31.243    -24.463    137.881
     -8.639    118.747    553.738   -244.285     31.499    -24.795    138.007
     -8.641    118.684    553.788   -244.561     31.756    -25.130    138.130
     -8.643    118.620    553.839   -244.837     32.015    -25.467    138.252
     -8.645    118.556    553.890   -245.114     32.276    -25.806    138.372
     -8.647    118.491    553.942   -245.391     32.539    -26.147    138.491
     -8.649    118.425    553.994   -245.668     32.804    -26.491    138.607
     -8.651    118.360    554.048   -245.945     33.070    -26.838    138.722
     -8.653    118.293    554.102   -246.223     33.338    -27.187    138.835
     -8.655    118.226    554.157   -246.500     33.608    -27.539    138.945
     -8.657    118.159    554.212   -246.778     33.880    -27.893    139.054
     -8.659    118.091    554.268   -247.057     34.154    -28.249    139.160
     -8.661    118.022    554.325   -247.335     34.430    -28.608    139.265
     -8.663    117.953    554.383   -247.614     34.708    -28.970    139.367
     -8.665    117.883    554.441   -247.892     34.988    -29.335    139.467
     -8.667    117.813    554.500   -248.171     35.270    -29.702    139.565
     -8.669    117.742    554.560   -248.451     35.553    -30.071    139.660
     -8.671    117.671    554.620   -248.730     35.839    -30.444    139.752
     -8.673    117.599    554.681   -249.010     36.127    -30.819    139.843
     -8.675    117.526    554.743   -249.289     36.417    -31.197    139.930
     -8.677    117.453    554.806   -249.569     36.709    -31.577    140.015
     -8.679    117.379    554.870   -249.850     37.003    -31.960    140.098
     -8.681    117.305    554.934   -250.130     37.299    -32.346    140.177
     -8.683    117.230    554.999   -250.410     37.597    -32.735    140.254
     -8.685    117.155    555.065   -250.691     37.898    -33.127    140.328
     -8.687    117.079    555.132   -250.972     38.200    -33.521    140.398
     -8.689    117.002    555.199   -251.252     38.505    -33.918    140.466
     -8.691    116.925    555.267   -251.533     38.812    -34.319    140.530
     -8.693    116.847    555.336   -251.815     39.122    -34.722    140.590
     -8.695    116.768    555.406   -252.096     39.433    -35.127    140.646
     -8.697    116.689    555.477   -252.377     39.747    -35.536    140.697
     -8.699    116.609    555.548   -252.659     40.063    -35.948    140.744
     -8.701    116.529    555.621   -252.940     40.381    -36.362    140.787
     -8.703    116.448    555.694   -253.222     40.701    -36.779    140.826
     -8.705    116.366    555.768   -253.503     41.024    -37.199    140.861
     -8.707    116.284    555.843   -253.785     41.349    -37.622    140.892
     -8.709    116.200    555.918   -254.067     41.676    -38.048    140.919
     -8.711    116.117    555.995   -254.349     42.006    -38.477    140.942
     -8.713    116.032    556.072   -254.631     42.338    -38.908    140.960
     -8.715    115.947    556.150   -254.913     42.672    -39.342    140.974
     -8.717    115.862    556.230   -255.195     43.008    -39.780    140.984
     -8.719    115.775    556.310   -255.477     43.347    -40.220    140.989
     -8.721    115.688    556.390   -255.759     43.689    -40.663    140.989
     -8.723    115.601    556.472   -256.041     44.032    -41.109    140.984
     -8.725    115.512    556.555   -256.322     44.378    -41.557    140.975
     -8.727    115.423    556.638   -256.604     44.726    -42.009    140.960
     -8.729    115.333    556.723   -256.886     45.077    -42.463    140.940
     -8.731    115.243    556.808   -257.168     45.430    -42.920    140.915
     -8.733    115.152    556.895   -257.450     45.786    -43.380    140.885
     -8.735    115.060    556.982   -257.732     46.143    -43.843    140.848
     -8.737    114.967    557.070   -258.013     46.503    -44.308    140.806
     -8.739    114.874    557.159   -258.295     46.866    -44.776    140.759
     -8.741    114.780    557.249   -258.576     47.231    -45.247    140.705
     -8.743    114.685    557.340   -258.858     47.598    -45.721    140.645
     -8.745    114.589    557.432   -259.139     47.968    -46.197    140.579
     -8.747    114.493    557.525   -259.420     48.340    -46.676    140.506
     -8.749    114.396    557.619   -259.701     48.714    -47.157    140.427
     -8.751    114.298    557.713   -259.982     49.090    -47.641    140.341
     -8.753    114.199    557.809   -260.262     49.469    -48.127    140.248
     -8.755    114.100    557.906   -260.543     49.850    -48.616    140.148
     -8.757    114.000    558.004   -260.823     50.234    -49.107    140.041
     -8.759    113.899    558.102   -261.103     50.619    -49.600    139.927
     -8.761    113.798    558.202   -261.383     51.007    -50.096    139.805
     -8.763    113.695    558.303   -261.662     51.397    -50.593    139.675
     -8.765    113.592    558.404   -261.941     51.789    -51.093    139.537
     -8.767    113.488    558.507   -262.220     52.184    -51.595    139.391
     -8.769    113.383    558.611   -262.499     52.580    -52.099    139.237
     -8.771    113.278    558.716   -262.777     52.978    -52.604    139.074
     -8.773    113.171    558.821   -263.055     53.379    -53.111    138.903
     -8.775    113.064    558.928   -263.333     53.781    -53.620    138.723
     -8.777    112.956    559.036   -263.610     54.185    -54.131    138.534
     -8.779    112.847    559.145   -263.887     54.591    -54.642    138.336
     -8.781    112.738    559.254   -264.163     54.999    -55.156    138.128
     -8.783    112.627    559.365   -264.439     55.408    -55.670    137.911
     -8.785    112.516    559.477   -264.715     55.819    -56.185    137.684
     -8.787    112.404    559.590   -264.990     56.232    -56.701    137.447
     -8.789    112.291    559.704   -265.265     56.646    -57.218    137.200
     -8.791    112.178    559.819   -265.539     57.061    -57.735    136.943
     -8.793    112.063    559.935   -265.813     57.478    -58.253    136.675
     -8.795    111.948    560.052   -266.086     57.895    -58.771    136.397
     -8.797    111.831    560.170   -266.358     58.314    -59.289    136.108
     -8.799    111.714    560.289   -266.630     58.734    -59.807    135.807
     -8.801    111.597    560.409   -266.901     59.155    -60.325    135.496
     -8.803    111.478    560.530   -267.172     59.577    -60.842    135.173
     -8.805    111.358    560.652   -267.442     59.999    -61.358    134.838
     -8.807    111.238    560.776   -267.711     60.421    -61.873    134.492
     -8.809    111.117    560.900   -267.980     60.844    -62.387    134.133
     -8.811    110.994    561.025   -268.248     61.268    -62.900    133.763
     -8.813    110.871    561.152   -268.515     61.691    -63.411    133.381
     -8.815    110.748    561.279   -268.781     62.114    -63.919    132.986
     -8.817    110.623    561.407   -269.047     62.537    -64.426    132.578
     -8.819    110.498    561.537   -269.312     62.959    -64.930    132.158
     -8.821    110.371    561.667   -269.576     63.381    -65.431    131.725
     -8.823    110.244    561.798   -269.839     63.802    -65.929    131.279
     -8.825    110.116    561.931   -270.101     64.222    -66.423    130.821
     -8.827    109.987    562.064   -270.362     64.641    -66.914    130.349
     -8.829    109.857    562.198   -270.622     65.058    -67.401    129.864
     -8.831    109.727    562.334   -270.881     65.474    -67.883    129.366
     -8.833    109.595    562.470   -271.140     65.888    -68.360    128.854
     -8.835    109.463    562.607   -271.397     66.300    -68.833    128.330
     -8.837    109.330    562.745   -271.653     66.710    -69.300    127.791
     -8.839    109.196    562.884   -271.908     67.117    -69.761    127.240
     -8.841    109.062    563.024   -272.162     67.522    -70.216    126.675
     -8.843    108.926    563.165   -272.415     67.924    -70.664    126.097
     -8.845    108.790    563.307   -272.666     68.322    -71.106    125.505
     -8.847    108.653    563.449   -272.917     68.717    -71.540    124.901
     -8.849    108.515    563.593   -273.166     69.108    -71.966    124.283
     -8.851    108.377    563.737   -273.414     69.495    -72.385    123.652
     -8.853    108.237    563.882   -273.660     69.878    -72.795    123.008
     -8.855    108.097    564.028   -273.906     70.257    -73.197    122.352
     -8.857    107.956    564.175   -274.150     70.630    -73.589    121.682
     -8.859    107.815    564.323   -274.392     70.999    -73.971    121.000
     -8.861    107.672    564.471   -274.634     71.363    -74.344    120.307
     -8.863    107.529    564.620   -274.874     71.721    -74.707    119.600
     -8.865    107.385    564.770   -275.112     72.073    -75.059    118.883
     -8.867    107.241    564.920   -275.349     72.419    -75.400    118.153
     -8.869    107.096    565.072   -275.585     72.759    -75.730    117.413
     -8.871    106.950    565.223   -275.819     73.092    -76.048    116.661
     -8.873    106.803    565.376   -276.051     73.419    -76.354    115.899
     -8.875    106.656    565.529   -276.282     73.739    -76.648    115.127
     -8.877    106.508    565.682   -276.512     74.051    -76.929    114.345
     -8.879    106.360    565.836   -276.740     74.356    -77.197    113.553
     -8.881    106.211    565.991   -276.966     74.653    -77.453    112.752
     -8.883    106.061    566.146   -277.191     74.942    -77.695    111.942
     -8.885    105.911    566.302   -277.414     75.224    -77.923    111.125
     -8.887    105.761    566.458   -277.635     75.497    -78.138    110.299
     -8.889    105.609    566.614   -277.855     75.762    -78.339    109.466
     -8.891    105.457    566.771   -278.073     76.018    -78.525    108.627
     -8.893    105.305    566.928   -278.289     76.265    -78.697    107.780
     -8.895    105.152    567.086   -278.504     76.504    -78.855    106.929
     -8.897    104.999    567.244   -278.717     76.733    -78.998    106.071
     -8.899    104.846    567.402   -278.928     76.954    -79.127    105.209
     -8.901    104.691    567.560   -279.138     77.165    -79.241    104.343
     -8.903    104.537    567.719   -279.346     77.367    -79.340    103.473
     -8.905    104.382    567.878   -279.552     77.559    -79.424    102.599
     -8.907    104.227    568.037   -279.756     77.743    -79.493    101.723
     -8.909    104.071    568.196   -279.959     77.916    -79.547    100.845
     -8.911    103.915    568.355   -280.160     78.080    -79.587     99.964
     -8.913    103.759    568.514   -280.359     78.235    -79.612     99.083
     -8.915    103.602    568.673   -280.556     78.380    -79.622     98.201
     -8.917    103.445    568.832   -280.751     78.516    -79.618     97.319
     -8.919    103.288    568.992   -280.945     78.642    -79.599     96.437
     -8.921    103.131    569.151   -281.137     78.759    -79.566     95.556
     -8.923    102.973    569.310   -281.327     78.866    -79.518     94.677
     -8.925    102.815    569.469   -281.516     78.965    -79.457     93.799
     -8.927    102.657    569.628   -281.703     79.053    -79.381     92.923
     -8.929    102.499    569.786   -281.888     79.133    -79.293     92.050
     -8.931    102.341    569.945   -282.071     79.204    -79.190     91.180
     -8.933    102.182    570.103   -282.252     79.265    -79.074     90.314
     -8.935    102.024    570.261   -282.432     79.318    -78.946     89.451
     -8.937    101.865    570.419   -282.610     79.362    -78.804     88.593
     -8.939    101.706    570.576   -282.786     79.397    -78.650     87.740
     -8.941    101.547    570.734   -282.961     79.424    -78.484     86.891
     -8.943    101.388    570.890   -283.134     79.442    -78.306     86.048
     -8.945    101.230    571.047   -283.305     79.453    -78.116     85.211
     -8.947    101.071    571.203   -283.475     79.455    -77.915     84.380
     -8.949    100.912    571.358   -283.643     79.449    -77.702     83.554
     -8.951    100.753    571.514   -283.809     79.436    -77.479     82.736
     -8.953    100.594    571.668   -283.974     79.415    -77.245     81.924
     -8.955    100.435    571.823   -284.137     79.387    -77.001     81.119
     -8.957    100.276    571.976   -284.298     79.351    -76.747     80.321
     -8.959    100.118    572.130   -284.458     79.308    -76.483     79.531
     -8.961     99.959    572.282   -284.616     79.259    -76.210     78.749
     -8.963     99.801    572.434   -284.773     79.203    -75.928     77.974
     -8.965     99.642    572.586   -284.928     79.140    -75.637     77.207
     -8.967     99.484    572.737   -285.082     79.071    -75.338     76.448
     -8.969     99.326    572.887   -285.234     78.996    -75.030     75.698
     -8.971     99.168    573.037   -285.385     78.915    -74.714     74.955
     -8.973     99.010    573.186   -285.534     78.828    -74.391     74.221
     -8.975     98.853    573.335   -285.682     78.736    -74.061     73.496
     -8.977     98.696    573.482   -285.828     78.638    -73.723     72.779
     -8.979     98.538    573.629   -285.973     78.534    -73.379     72.071
     -8.981     98.381    573.776   -286.116     78.426    -73.028     71.372
     -8.983     98.225    573.922   -286.258     78.313    -72.671     70.681
     -8.985     98.068    574.067   -286.399     78.195    -72.308     69.999
     -8.987     97.912    574.211   -286.538     78.072    -71.939     69.325
     -8.989     97.756    574.354   -286.676     77.945    -71.565     68.661
     -8.991     97.600    574.497   -286.813     77.814    -71.186     68.005
     -8.993     97.445    574.639   -286.948     77.678    -70.801     67.358
     -8.995     97.289    574.780   -287.082     77.539    -70.412     66.720
     -8.997     97.134    574.921   -287.215     77.395    -70.018     66.090
     -8.999     96.980    575.060   -287.347     77.248    -69.620     65.470
     -9.001     96.825    575.199   -287.477     77.098    -69.218     64.858
     -9.003     96.671    575.337   -287.606     76.944    -68.812     64.254
     -9.005     96.518    575.474   -287.734     76.786    -68.403     63.659
     -9.007     96.364    575.611   -287.861     76.626    -67.989     63.073
     -9.009     96.211    575.746   -287.986     76.463    -67.573     62.495
     -9.011     96.058    575.881   -288.111     76.296    -67.153     61.926
     -9.013     95.906    576.015   -288.234     76.127    -66.731     61.365
     -9.015     95.754    576.148   -288.356     75.956    -66.306     60.812
     -9.017     95.602    576.280   -288.477     75.781    -65.878     60.267
     -9.019     95.451    576.412   -288.597     75.605    -65.447     59.731
     -9.021     95.300    576.542   -288.716     75.426    -65.015     59.202
     -9.023     95.149    576.672   -288.834     75.245    -64.580     58.682
     -9.025     94.999    576.800   -288.951     75.062    -64.143     58.170
     -9.027     94.849    576.928   -289.067     74.876    -63.705     57.665
     -9.029     94.699    577.055   -289.182     74.689    -63.264     57.168
     -9.031     94.550    577.181   -289.296     74.500    -62.822     56.679
     -9.033     94.401    577.306   -289.408     74.310    -62.379     56.197
     -9.035     94.253    577.431   -289.520     74.118    -61.935     55.723
     -9.037     94.105    577.554   -289.631     73.924    -61.489     55.256
     -9.039     93.957    577.677   -289.741     73.729    -61.042     54.796
     -9.041     93.810    577.798   -289.851     73.532    -60.594     54.344
     -9.043     93.663    577.919   -289.959     73.334    -60.145     53.899
     -9.045     93.517    578.039   -290.066     73.135    -59.695     53.461
     -9.047     93.371    578.158   -290.173     72.935    -59.245     53.029
     -9.049     93.225    578.276   -290.278     72.733    -58.794     52.605
     -9.051     93.080    578.393   -290.383     72.531    -58.343     52.187
     -9.053     92.935    578.509   -290.487     72.327    -57.891     51.776
     -9.055     92.790    578.625   -290.590     72.123    -57.438     51.372
     -9.057     92.646    578.739   -290.692     71.918    -56.986     50.974
     -9.059     92.503    578.853   -290.794     71.712    -56.533     50.582
     -9.061     92.359    578.965   -290.895     71.505    -56.080     50.197
     -9.063     92.217    579.077   -290.995     71.298    -55.627     49.818
     -9.065     92.074    579.188   -291.094     71.090    -55.174     49.445
     -9.067     91.932    579.298   -291.193     70.881    -54.722     49.078
     -9.069     91.791    579.407   -291.290     70.672    -54.269     48.717
     -9.071     91.650    579.515   -291.387     70.463    -53.816     48.361
     -9.073     91.509    579.622   -291.484     70.253    -53.364     48.012
     -9.075     91.369    579.728   -291.580     70.042    -52.912     47.668
     -9.077     91.229    579.833   -291.675     69.831    -52.460     47.330
     -9.079     91.089    579.938   -291.769     69.620    -52.009     46.997
     -9.081     90.950    580.041   -291.863     69.409    -51.558     46.670
     -9.083     90.812    580.144   -291.956     69.197    -51.108     46.348
     -9.085     90.673    580.246   -292.048     68.985    -50.658     46.031
     -9.087     90.536    580.347   -292.140     68.773    -50.209     45.719
     -9.089     90.398    580.447   -292.231     68.561    -49.760     45.413
     -9.091     90.261    580.546   -292.321     68.349    -49.312     45.112
     -9.093     90.125    580.644   -292.411     68.137    -48.864     44.815
     -9.095     89.989    580.741   -292.501     67.924    -48.418     44.524
     -9.097     89.853    580.838   -292.589     67.712    -47.972     44.237
     -9.099     89.718    580.933   -292.678     67.499    -47.526     43.955
     -9.101     89.583    581.028   -292.765     67.287    -47.082     43.677
     -9.103     89.449    581.121   -292.852     67.074    -46.638     43.404
     -9.105     89.315    581.214   -292.939     66.862    -46.195     43.136
     -9.107     89.181    581.306   -293.025     66.650    -45.753     42.872
     -9.109     89.048    581.397   -293.110     66.438    -45.312     42.613
     -9.111     88.916    581.488   -293.195     66.226    -44.872     42.357
     -9.113     88.783    581.577   -293.280     66.014    -44.432     42.106
     -9.115     88.652    581.665   -293.364     65.802    -43.994     41.860
     -9.117     88.520    581.753   -293.447     65.591    -43.557     41.617
     -9.119     88.389    581.839   -293.530     65.379    -43.120     41.378
     -9.121     88.259    581.925   -293.613     65.168    -42.685     41.143
     -9.123     88.129    582.010   -293.695     64.958    -42.250     40.913
     -9.125     87.999    582.094   -293.776     64.747    -41.816     40.686
     -9.127     87.870    582.177   -293.857     64.537    -41.384     40.463
     -9.129     87.741    582.260   -293.938     64.327    -40.953     40.243
     -9.131     87.612    582.341   -294.018     64.117    -40.522     40.028
     -9.133     87.484    582.422   -294.098     63.907    -40.093     39.816
     -9.135     87.357    582.502   -294.178     63.698    -39.664     39.607
     -9.137     87.229    582.581   -294.257     63.489    -39.237     39.402
     -9.139     87.103    582.659   -294.335     63.281    -38.811     39.201
     -9.141     86.976    582.736   -294.414     63.073    -38.386     39.003
     -9.143     86.850    582.812   -294.491     62.865    -37.962     38.808
     -9.145     86.725    582.888   -294.569     62.657    -37.539     38.617
     -9.147     86.600    582.962   -294.646     62.450    -37.117     38.428
     -9.149     86.475    583.036   -294.723     62.243    -36.697     38.244
     -9.151     86.351    583.109   -294.799     62.037    -36.277     38.062
     -9.153     86.227    583.181   -294.875     61.831    -35.859     37.883
     -9.155     86.103    583.253   -294.950     61.626    -35.441     37.708
     -9.157     85.980    583.323   -295.026     61.421    -35.025     37.535
     -9.159     85.858    583.393   -295.100     61.216    -34.610     37.366
     -9.161     85.736    583.461   -295.175     61.012    -34.196     37.199
     -9.163     85.614    583.529   -295.249     60.808    -33.783     37.035
     -9.165     85.492    583.597   -295.323     60.604    -33.372     36.875
     -9.167     85.371    583.663   -295.397     60.401    -32.961     36.717
     -9.169     85.251    583.728   -295.470     60.199    -32.552     36.561
     -9.171     85.131    583.793   -295.543     59.997    -32.143     36.409
     -9.173     85.011    583.857   -295.616     59.795    -31.736     36.259
     -9.175     84.891    583.920   -295.688     59.594    -31.330     36.112
     -9.177     84.772    583.982   -295.760     59.393    -30.925     35.967
     -9.179     84.654    584.044   -295.832     59.193    -30.521     35.825
     -9.181     84.536    584.104   -295.903     58.993    -30.119     35.686
     -9.183     84.418    584.164   -295.975     58.793    -29.717     35.549
     -9.185     84.300    584.223   -296.046     58.594    -29.317     35.414
     -9.187     84.183    584.281   -296.116     58.396    -28.918     35.282
     -9.189     84.067    584.339   -296.187     58.198    -28.520     35.153
     -9.191     83.951    584.396   -296.257     58.000    -28.123     35.025
     -9.193     83.835    584.451   -296.327     57.803    -27.727     34.900
     -9.195     83.719    584.506   -296.397     57.607    -27.332     34.778
     -9.197     83.604    584.561   -296.466     57.411    -26.938     34.657
     -9.199     83.490    584.614   -296.535     57.215    -26.546     34.539
     -9.201     83.376    584.667   -296.604     57.020    -26.154     34.423
     -9.203     83.262    584.719   -296.673     56.825    -25.764     34.310
     -9.205     83.148    584.770   -296.741     56.631    -25.375     34.198
     -9.207     83.035    584.820   -296.810     56.437    -24.987     34.089
     -9.209     82.922    584.870   -296.878     56.244    -24.600     33.981
     -9.211     82.810    584.919   -296.946     56.051    -24.214     33.876
     -9.213     82.698    584.967   -297.013     55.859    -23.829     33.772
     -9.215     82.587    585.014   -297.081     55.667    -23.445     33.671
     -9.217     82.476    585.061   -297.148     55.476    -23.062     33.572
     -9.219     82.365    585.106   -297.215     55.285    -22.681     33.474
     -9.221     82.254    585.151   -297.282     55.095    -22.300     33.379
     -9.223     82.144    585.196   -297.349     54.905    -21.921     33.285
     -9.225     82.035    585.239   -297.415     54.716    -21.542     33.194
     -9.227     81.926    585.282   -297.481     54.527    -21.165     33.104
     -9.229     81.817    585.324   -297.547     54.339    -20.788     33.016
     -9.231     81.708    585.365   -297.613     54.151    -20.413     32.930
     -9.233     81.600    585.405   -297.679     53.963    -20.039     32.845
     -9.235     81.492    585.445   -297.745     53.776    -19.666     32.763
     -9.237     81.385    585.484   -297.810     53.590    -19.294     32.682
     -9.239     81.278    585.522   -297.875     53.404    -18.922     32.602
     -9.241     81.171    585.560   -297.941     53.218    -18.552     32.525
     -9.243     81.065    585.596   -298.006     53.033    -18.183     32.449
     -9.245     80.959    585.632   -298.070     52.849    -17.815     32.375
     -9.247     80.854    585.668   -298.135     52.665    -17.448     32.302
     -9.249     80.749    585.702   -298.200     52.481    -17.082     32.231
     -9.251     80.644    585.736   -298.264     52.298    -16.717     32.162
     -9.253     80.539    585.769   -298.328     52.115    -16.353     32.094
     -9.255     80.435    585.801   -298.392     51.933    -15.990     32.028
     -9.257     80.332    585.833   -298.456     51.752    -15.627     31.963
     -9.259     80.228    585.864   -298.520     51.570    -15.266     31.900
     -9.261     80.125    585.894   -298.584     51.390    -14.906     31.838
     -9.263     80.023    585.924   -298.648     51.209    -14.547     31.778
     -9.265     79.921    585.952   -298.711     51.029    -14.188     31.719
     -9.267     79.819    585.980   -298.774     50.850    -13.831     31.661
     -9.269     79.717    586.008   -298.838     50.671    -13.475     31.605
     -9.271     79.616    586.034   -298.901     50.492    -13.119     31.551
     -9.273     79.515    586.060   -298.964     50.314    -12.765     31.497
     -9.275     79.415    586.085   -299.027     50.137    -12.411     31.446
     -9.277     79.315    586.110   -299.090     49.960    -12.059     31.395
     -9.279     79.215    586.133   -299.152     49.783    -11.707     31.346
     -9.281     79.116    586.157   -299.215     49.607    -11.356     31.298
     -9.283     79.016    586.179   -299.278     49.431    -11.006     31.252
     -9.285     78.918    586.201   -299.340     49.256    -10.657     31.206
     -9.287     78.819    586.222   -299.402     49.081    -10.309     31.162
     -9.289     78.721    586.242   -299.465     48.906     -9.962     31.120
     -9.291     78.624    586.261   -299.527     48.732     -9.616     31.078
     -9.293     78.527    586.280   -299.589     48.559     -9.270     31.038
     -9.295     78.430    586.298   -299.651     48.386     -8.926     30.999
     -9.297     78.333    586.316   -299.713     48.213     -8.582     30.961
     -9.299     78.237    586.333   -299.775     48.041     -8.239     30.925
     -9.301     78.141    586.349   -299.837     47.869     -7.897     30.889
     -9.303     78.045    586.364   -299.899     47.697     -7.556     30.855
     -9.305     77.950    586.379   -299.960     47.526     -7.216     30.822
     -9.307     77.855    586.393   -300.022     47.356     -6.877     30.790
     -9.309     77.761    586.407   -300.083     47.186     -6.538     30.759
     -9.311     77.666    586.419   -300.145     47.016     -6.200     30.729
     -9.313     77.573    586.431   -300.206     46.847     -5.863     30.701
     -9.315     77.479    586.443   -300.268     46.678     -5.527     30.673
     -9.317     77.386    586.454   -300.329     46.509     -5.192     30.647
     -9.319     77.293    586.464   -300.390     46.341     -4.858     30.621
     -9.321     77.200    586.473   -300.451     46.173     -4.524     30.597
     -9.323     77.108    586.482   -300.513     46.006     -4.191     30.573
     -9.325     77.016    586.490   -300.574     45.839     -3.859     30.551
     -9.327     76.925    586.497   -300.635     45.673     -3.528     30.530
     -9.329     76.834    586.504   -300.696     45.507     -3.198     30.510
     -9.331     76.743    586.510   -300.757     45.341     -2.868     30.490
     -9.333     76.652    586.515   -300.818     45.176     -2.539     30.472
     -9.335     76.562    586.520   -300.879     45.011     -2.211     30.455
     -9.337     76.472    586.524   -300.940     44.847     -1.884     30.439
     -9.339     76.383    586.528   -301.001     44.683     -1.557     30.423
     -9.341     76.294    586.530   -301.061     44.519     -1.232     30.409
     -9.343     76.205    586.533   -301.122     44.356     -0.907     30.396
     -9.345     76.116    586.534   -301.183     44.193     -0.582     30.383
     -9.347     76.028    586.535   -301.244     44.030     -0.259     30.371
     -9.349     75.940    586.535   -301.304     43.868      0.064     30.361
     -9.351     75.853    586.535   -301.365     43.706      0.386     30.351
     -9.353     75.765    586.534   -301.426     43.545      0.707     30.342
     -9.355     75.678    586.532   -301.486     43.384      1.028     30.334
     -9.357     75.592    586.529   -301.547     43.223      1.348     30.327
     -9.359     75.505    586.526   -301.608     43.063      1.667     30.321
     -9.361     75.419    586.523   -301.668     42.903      1.985     30.315
     -9.363     75.334    586.518   -301.729     42.743      2.303     30.311
     -9.365     75.248    586.514   -301.790     42.584      2.620     30.307
     -9.367     75.163    586.508   -301.850     42.425      2.936     30.304
     -9.369     75.079    586.502   -301.911     42.267      3.252     30.302
     -9.371     74.994    586.495   -301.972     42.109      3.567     30.301
     -9.373     74.910    586.488   -302.032     41.951      3.881     30.301
     -9.375     74.827    586.479   -302.093     41.794      4.195     30.301
     -9.377     74.743    586.471   -302.153     41.637      4.508     30.302
     -9.379     74.660    586.461   -302.214     41.480      4.820     30.304
     -9.381     74.577    586.451   -302.275     41.324      5.131     30.307
     -9.383     74.495    586.441   -302.335     41.168      5.442     30.311
     -9.385     74.413    586.430   -302.396     41.012      5.752     30.315
     -9.387     74.331    586.418   -302.456     40.857      6.062     30.320
     -9.389     74.249    586.405   -302.517     40.702      6.371     30.326
     -9.391     74.168    586.392   -302.578     40.547      6.679     30.333
     -9.393     74.087    586.379   -302.638     40.393      6.987     30.340
     -9.395     74.006    586.364   -302.699     40.239      7.294     30.348
     -9.397     73.926    586.350   -302.760     40.085      7.600     30.357
     -9.399     73.846    586.334   -302.821     39.932      7.906     30.367
     -9.401     73.766    586.318   -302.881     39.779      8.211     30.377
     -9.403     73.687    586.301   -302.942     39.627      8.515     30.388
     -9.405     73.608    586.284   -303.003     39.474      8.819     30.400
     -9.407     73.529    586.266   -303.064     39.322      9.122     30.412
     -9.409     73.450    586.247   -303.124     39.171      9.425     30.425
     -9.411     73.372    586.228   -303.185     39.019      9.727     30.439
     -9.413     73.294    586.209   -303.246     38.868     10.029     30.453
     -9.415     73.217    586.188   -303.307     38.718     10.329     30.468
     -9.417     73.140    586.167   -303.368     38.567     10.630     30.484
     -9.419     73.063    586.146   -303.429     38.417     10.929     30.501
     -9.421     72.986    586.123   -303.490     38.267     11.228     30.518
     -9.423     72.909    586.101   -303.551     38.118     11.527     30.536
     -9.425     72.833    586.077   -303.612     37.969     11.825     30.554
     -9.427     72.758    586.053   -303.673     37.820     12.122     30.573
     -9.429     72.682    586.029   -303.735     37.671     12.419     30.593
     -9.431     72.607    586.004   -303.796     37.523     12.715     30.613
     -9.433     72.532    585.978   -303.857     37.375     13.010     30.634
     -9.435     72.457    585.952   -303.918     37.228     13.305     30.656
     -9.437     72.383    585.925   -303.980     37.080     13.600     30.678
     -9.439     72.309    585.897   -304.041     36.933     13.894     30.701
     -9.441     72.235    585.869   -304.102     36.787     14.187     30.724
     -9.443     72.162    585.841   -304.164     36.640     14.480     30.748
     -9.445     72.089    585.811   -304.225     36.494     14.772     30.773
     -9.447     72.016    585.781   -304.287     36.348     15.064     30.798
     -9.449     71.943    585.751   -304.349     36.202     15.355     30.824
     -9.451     71.871    585.720   -304.410     36.057     15.646     30.850
     -9.453     71.799    585.688   -304.472     35.912     15.936     30.877
     -9.455     71.728    585.656   -304.534     35.767     16.226     30.905
     -9.457     71.656    585.624   -304.596     35.623     16.515     30.933
     -9.459     71.585    585.590   -304.657     35.479     16.803     30.962
     -9.461     71.514    585.556   -304.719     35.335     17.091     30.991
     -9.463     71.444    585.522   -304.781     35.191     17.379     31.021
     -9.465     71.373    585.487   -304.844     35.048     17.666     31.051
     -9.467     71.303    585.451   -304.906     34.905     17.953     31.082
     -9.469     71.234    585.415   -304.968     34.762     18.239     31.114
     -9.471     71.164    585.378   -305.030     34.619     18.524     31.146
     -9.473     71.095    585.341   -305.092     34.477     18.809     31.178
     -9.475     71.027    585.303   -305.155     34.335     19.094     31.211
     -9.477     70.958    585.265   -305.217     34.193     19.378     31.245
     -9.479     70.890    585.226   -305.280     34.052     19.661     31.279
     -9.481     70.822    585.186   -305.342     33.911     19.944     31.314
     -9.483     70.754    585.146   -305.405     33.770     20.227     31.349
     -9.485     70.687    585.105   -305.468     33.629     20.509     31.385
     -9.487     70.620    585.064   -305.531     33.489     20.791     31.421
     -9.489     70.553    585.022   -305.593     33.349     21.072     31.458
     -9.491     70.486    584.979   -305.656     33.209     21.353     31.495
     -9.493     70.420    584.936   -305.719     33.069     21.633     31.533
     -9.495     70.354    584.893   -305.783     32.929     21.913     31.572
     -9.497     70.288    584.849   -305.846     32.790     22.192     31.610
     -9.499     70.223    584.804   -305.909     32.651     22.471     31.650
     -9.501     70.158    584.759   -305.972     32.513     22.750     31.690
     -9.503     70.093    584.713   -306.036     32.374     23.028     31.730
     -9.505     70.028    584.667   -306.099     32.236     23.305     31.771
     -9.507     69.964    584.620   -306.163     32.098     23.582     31.812
     -9.509     69.900    584.572   -306.227     31.960     23.859     31.854
     -9.511     69.836    584.524   -306.290     31.823     24.135     31.896
     -9.513     69.772    584.476   -306.354     31.686     24.411     31.939
     -9.515     69.709    584.427   -306.418     31.549     24.686     31.982
     -9.517     69.646    584.377   -306.482     31.412     24.961     32.026
     -9.519     69.584    584.327   -306.546     31.275     25.236     32.070
     -9.521     69.521    584.276   -306.610     31.139     25.510     32.114
     -9.523     69.459    584.225   -306.675     31.003     25.783     32.159
     -9.525     69.397    584.173   -306.739     30.867     26.056     32.205
     -9.527     69.336    584.121   -306.803     30.732     26.329     32.251
     -9.529     69.274    584.068   -306.868     30.596     26.602     32.297
     -9.531     69.213    584.014   -306.933     30.461     26.874     32.344
     -9.533     69.152    583.960   -306.997     30.326     27.145     32.392
     -9.535     69.092    583.906   -307.062     30.191     27.416     32.439
     -9.537     69.032    583.851   -307.127     30.057     27.687     32.488
     -9.539     68.972    583.795   -307.192     29.923     27.957     32.536
     -9.541     68.912    583.739   -307.257     29.789     28.227     32.586
     -9.543     68.852    583.682   -307.322     29.655     28.497     32.635
     -9.545     68.793    583.625   -307.388     29.521     28.766     32.685
     -9.547     68.734    583.567   -307.453     29.388     29.035     32.736
     -9.549     68.676    583.509   -307.519     29.255     29.303     32.786
     -9.551     68.617    583.450   -307.584     29.122     29.571     32.838
     -9.553     68.559    583.390   -307.650     28.989     29.839     32.889
     -9.555     68.501    583.330   -307.716     28.856     30.106     32.942
     -9.557     68.444    583.270   -307.782     28.724     30.373     32.994
     -9.559     68.386    583.209   -307.848     28.592     30.640     33.047
     -9.561     68.329    583.147   -307.914     28.460     30.906     33.101
     -9.563     68.273    583.085   -307.980     28.328     31.171     33.154
     -9.565     68.216    583.023   -308.047     28.197     31.437     33.209
     -9.567     68.160    582.960   -308.113     28.065     31.702     33.263
     -9.569     68.104    582.896   -308.180     27.934     31.967     33.319
     -9.571     68.048    582.832   -308.246     27.803     32.231     33.374
     -9.573     67.993    582.767   -308.313     27.673     32.495     33.430
     -9.575     67.937    582.702   -308.380     27.542     32.758     33.486
     -9.577     67.882    582.636   -308.447     27.412     33.022     33.543
     -9.579     67.828    582.570   -308.514     27.282     33.284     33.601
     -9.581     67.773    582.503   -308.582     27.152     33.547     33.658
     -9.583     67.719    582.435   -308.649     27.022     33.809     33.716
     -9.585     67.665    582.368   -308.716     26.893     34.071     33.775
     -9.587     67.612    582.299   -308.784     26.763     34.332     33.834
     -9.589     67.558    582.230   -308.852     26.634     34.594     33.894
     -9.591     67.505    582.161   -308.920     26.505     34.854     33.953
     -9.593     67.452    582.091   -308.988     26.376     35.115     34.014
     -9.595     67.400    582.020   -309.056     26.248     35.375     34.074
     -9.597     67.347    581.949   -309.124     26.119     35.635     34.136
     -9.599     67.295    581.878   -309.192     25.991     35.894     34.197
     -9.601     67.243    581.806   -309.261     25.863     36.153     34.259
     -9.603     67.192    581.733   -309.329     25.735     36.412     34.321
     -9.605     67.140    581.660   -309.398     25.608     36.670     34.384
     -9.607     67.089    581.587   -309.467     25.480     36.929     34.447
     -9.609     67.038    581.512   -309.536     25.353     37.186     34.510
     -9.611     66.988    581.438   -309.605     25.226     37.444     34.574
     -9.613     66.937    581.363   -309.674     25.099     37.701     34.638
     -9.615     66.887    581.287   -309.743     24.972     37.958     34.702
     -9.617     66.838    581.211   -309.813     24.846     38.215     34.767
     -9.619     66.788    581.134   -309.882     24.719     38.471     34.832
     -9.621     66.739    581.057   -309.952     24.593     38.727     34.898
     -9.623     66.690    580.979   -310.022     24.467     38.982     34.964
     -9.625     66.641    580.901   -310.092     24.341     39.238     35.030
     -9.627     66.592    580.822   -310.162     24.216     39.493     35.097
     -9.629     66.544    580.743   -310.232     24.090     39.747     35.164
     -9.631     66.496    580.663   -310.303     23.965     40.002     35.231
     -9.633     66.448    580.583   -310.373     23.840     40.256     35.299
     -9.635     66.401    580.502   -310.444     23.715     40.510     35.367
     -9.637     66.353    580.421   -310.515     23.590     40.763     35.436
     -9.639     66.306    580.339   -310.586     23.465     41.016     35.505
     -9.641     66.259    580.257   -310.657     23.341     41.269     35.574
     -9.643     66.213    580.174   -310.728     23.216     41.522     35.644
     -9.645     66.167    580.091   -310.799     23.092     41.774     35.713
     -9.647     66.120    580.007   -310.871     22.968     42.026     35.784
     -9.649     66.075    579.923   -310.943     22.844     42.278     35.854
     -9.651     66.029    579.838   -311.014     22.721     42.530     35.925
     -9.653     65.984    579.753   -311.086     22.597     42.781     35.997
     -9.655     65.939    579.667   -311.158     22.474     43.032     36.068
     -9.657     65.894    579.580   -311.231     22.351     43.282     36.140
     -9.659     65.849    579.494   -311.303     22.228     43.533     36.213
     -9.661     65.805    579.406   -311.375     22.105     43.783     36.285
     -9.663     65.761    579.319   -311.448     21.982     44.033     36.358
     -9.665     65.717    579.230   -311.521     21.860     44.282     36.432
     -9.667     65.673    579.141   -311.594     21.737     44.531     36.506
     -9.669     65.630    579.052   -311.667     21.615     44.781     36.580
     -9.671     65.587    578.962   -311.740     21.493     45.029     36.654
     -9.673     65.544    578.872   -311.813     21.371     45.278     36.729
     -9.675     65.501    578.781   -311.887     21.249     45.526     36.804
     -9.677     65.459    578.690   -311.961     21.128     45.774     36.879
     -9.679     65.417    578.598   -312.034     21.006     46.022     36.955
     -9.681     65.375    578.506   -312.108     20.885     46.269     37.031
     -9.683     65.333    578.413   -312.183     20.764     46.516     37.108
     -9.685     65.292    578.320   -312.257     20.643     46.763     37.184
     -9.687     65.251    578.226   -312.331     20.522     47.010     37.262
     -9.689     65.210    578.132   -312.406     20.401     47.256     37.339
     -9.691     65.169    578.037   -312.481     20.281     47.503     37.417
     -9.693     65.129    577.942   -312.556     20.161     47.749     37.495
     -9.695     65.089    577.846   -312.631     20.040     47.994     37.573
     -9.697     65.049    577.750   -312.706     19.920     48.240     37.652
     -9.699     65.009    577.653   -312.781     19.800     48.485     37.731
     -9.701     64.969    577.556   -312.857     19.680     48.730     37.811
     -9.703     64.930    577.458   -312.933     19.561     48.975     37.890
     -9.705     64.891    577.360   -313.008     19.441     49.219     37.970
     -9.707     64.852    577.261   -313.084     19.322     49.463     38.051
     -9.709     64.814    577.162   -313.161     19.203     49.707     38.132
     -9.711     64.776    577.062   -313.237     19.083     49.951     38.213
     -9.713     64.738    576.962   -313.313     18.965     50.195     38.294
     -9.715     64.700    576.862   -313.390     18.846     50.438     38.376
     -9.717     64.662    576.760   -313.467     18.727     50.681     38.458
     -9.719     64.625    576.659   -313.544     18.608     50.924     38.540
     -9.721     64.588    576.557   -313.621     18.490     51.167     38.623
     -9.723     64.551    576.454   -313.698     18.372     51.409     38.706
     -9.725     64.514    576.351   -313.776     18.254     51.651     38.789
     -9.727     64.478    576.248   -313.854     18.136     51.893     38.873
     -9.729     64.442    576.144   -313.931     18.018     52.135     38.957
     -9.731     64.406    576.039   -314.009     17.900     52.376     39.041
     -9.733     64.370    575.934   -314.088     17.782     52.618     39.126
     -9.735     64.335    575.829   -314.166     17.665     52.859     39.211
     -9.737     64.299    575.723   -314.244     17.548     53.100     39.296
     -9.739     64.265    575.616   -314.323     17.430     53.340     39.381
     -9.741     64.230    575.509   -314.402     17.313     53.581     39.467
     -9.743     64.195    575.402   -314.481     17.196     53.821     39.553
     -9.745     64.161    575.294   -314.560     17.080     54.061     39.640
     -9.747     64.127    575.186   -314.640     16.963     54.301     39.727
     -9.749     64.093    575.077   -314.719     16.846     54.540     39.814
     -9.751     64.060    574.967   -314.799     16.730     54.780     39.901
     -9.753     64.026    574.858   -314.879     16.614     55.019     39.989
     -9.755     63.993    574.747   -314.959     16.497     55.258     40.077
     -9.757     63.960    574.637   -315.039     16.381     55.497     40.166
     -9.759     63.928    574.525   -315.119     16.265     55.735     40.254
     -9.761     63.895    574.414   -315.200     16.150     55.974     40.343
     -9.763     63.863    574.301   -315.281     16.034     56.212     40.433
     -9.765     63.831    574.189   -315.362     15.918     56.450     40.522
     -9.767     63.799    574.076   -315.443     15.803     56.688     40.612
     -9.769     63.768    573.962   -315.524     15.688     56.925     40.703
     -9.771     63.737    573.848   -315.606     15.572     57.163     40.793
     -9.773     63.706    573.733   -315.687     15.457     57.400     40.884
     -9.775     63.675    573.618   -315.769     15.342     57.637     40.975
     -9.777     63.644    573.503   -315.851     15.227     57.874     41.067
     -9.779     63.614    573.387   -315.933     15.113     58.110     41.159
     -9.781     63.584    573.270   -316.016     14.998     58.347     41.251
     -9.783     63.554    573.153   -316.098     14.884     58.583     41.343
     -9.785     63.524    573.036   -316.181     14.769     58.819     41.436
     -9.787     63.495    572.918   -316.264     14.655     59.055     41.529
     -9.789     63.466    572.800   -316.347     14.541     59.291     41.622
     -9.791     63.437    572.681   -316.431     14.427     59.526     41.716
     -9.793     63.408    572.562   -316.514     14.313     59.762     41.810
     -9.795     63.379    572.442   -316.598     14.199     59.997     41.904
     -9.797     63.351    572.322   -316.682     14.085     60.232     41.999
     -9.799     63.323    572.201   -316.766     13.972     60.467     42.094
     -9.801     63.295    572.080   -316.850     13.858     60.702     42.189
     -9.803     63.268    571.958   -316.935     13.745     60.936     42.285
     -9.805     63.240    571.836   -317.019     13.632     61.170     42.381
     -9.807     63.213    571.714   -317.104     13.519     61.405     42.477
     -9.809     63.186    571.591   -317.189     13.406     61.639     42.573
     -9.811     63.159    571.467   -317.275     13.293     61.872     42.670
     -9.813     63.133    571.343   -317.360     13.180     62.106     42.767
     -9.815     63.107    571.219   -317.446     13.067     62.339     42.865
     -9.817     63.081    571.094   -317.531     12.955     62.573     42.962
     -9.819     63.055    570.968   -317.617     12.842     62.806     43.060
     -9.821     63.029    570.842   -317.704     12.730     63.039     43.159
     -9.823     63.004    570.716   -317.790     12.617     63.272     43.257
     -9.825     62.979    570.589   -317.877     12.505     63.504     43.356
     -9.827     62.954    570.462   -317.964     12.393     63.737     43.455
     -9.829     62.929    570.334   -318.051     12.281     63.969     43.555
     -9.831     62.905    570.206   -318.138     12.169     64.201     43.655
     -9.833     62.881    570.078   -318.225     12.058     64.433     43.755
     -9.835     62.857    569.949   -318.313     11.946     64.665     43.855
     -9.837     62.833    569.819   -318.401     11.834     64.897     43.956
     -9.839     62.809    569.689   -318.489     11.723     65.129     44.057
     -9.841     62.786    569.558   -318.577     11.611     65.360     44.159
     -9.843     62.763    569.428   -318.665     11.500     65.591     44.260
     -9.845     62.740    569.296   -318.754     11.389     65.822     44.362
     -9.847     62.717    569.164   -318.843     11.278     66.053     44.465
     -9.849     62.695    569.032   -318.932     11.167     66.284     44.567
     -9.851     62.673    568.899   -319.021     11.056     66.515     44.670
     -9.853     62.651    568.766   -319.110     10.945     66.745     44.773
     -9.855     62.629    568.632   -319.200     10.835     66.976     44.877
     -9.857     62.607    568.498   -319.290     10.724     67.206     44.981
     -9.859     62.586    568.363   -319.380     10.614     67.436     45.085
     -9.861     62.565    568.228   -319.470     10.503     67.666     45.189
     -9.863     62.544    568.093   -319.561     10.393     67.896     45.294
     -9.865     62.523    567.957   -319.651     10.283     68.125     45.399
     -9.867     62.503    567.820   -319.742     10.173     68.355     45.505
     -9.869     62.483    567.683   -319.833     10.063     68.584     45.610
     -9.871     62.462    567.546   -319.925      9.953     68.813     45.716
     -9.873     62.443    567.408   -320.016      9.843     69.043     45.823
     -9.875     62.423    567.270   -320.108      9.733     69.272     45.929
     -9.877     62.404    567.131   -320.200      9.623     69.500     46.036
     -9.879     62.385    566.992   -320.292      9.514     69.729     46.143
     -9.881     62.366    566.852   -320.385      9.404     69.958     46.251
     -9.883     62.347    566.712   -320.477      9.295     70.186     46.359
     -9.885     62.329    566.571   -320.570      9.186     70.414     46.467
     -9.887     62.310    566.430   -320.663      9.076     70.643     46.575
     -9.889     62.292    566.289   -320.756      8.967     70.871     46.684
     -9.891     62.274    566.147   -320.850      8.858     71.099     46.793
     -9.893     62.257    566.004   -320.943      8.749     71.326     46.903
     -9.895     62.239    565.861   -321.037      8.640     71.554     47.012
     -9.897     62.222    565.718   -321.132      8.532     71.782     47.122
     -9.899     62.205    565.574   -321.226      8.423     72.009     47.233
     -9.901     62.189    565.430   -321.320      8.314     72.236     47.343
     -9.903     62.172    565.285   -321.415      8.206     72.464     47.454
     -9.905     62.156    565.140   -321.510      8.097     72.691     47.566
     -9.907     62.140    564.994   -321.606      7.989     72.918     47.677
     -9.909     62.124    564.848   -321.701      7.881     73.144     47.789
     -9.911     62.108    564.702   -321.797      7.772     73.371     47.901
     -9.913     62.093    564.555   -321.893      7.664     73.598     48.014
     -9.915     62.077    564.408   -321.989      7.556     73.824     48.126
     -9.917     62.062    564.260   -322.085      7.448     74.051     48.240
     -9.919     62.048    564.111   -322.182      7.340     74.277     48.353
     -9.921     62.033    563.963   -322.279      7.233     74.503     48.467
     -9.923     62.019    563.813   -322.376      7.125     74.729     48.581
     -9.925     62.005    563.664   -322.473      7.017     74.955     48.695
     -9.927     61.991    563.513   -322.570      6.910     75.181     48.810
     -9.929     61.977    563.363   -322.668      6.802     75.406     48.925
     -9.931     61.963    563.212   -322.766      6.695     75.632     49.040
     -9.933     61.950    563.060   -322.864      6.588     75.857     49.156
     -9.935     61.937    562.908   -322.963      6.480     76.083     49.272
     -9.937     61.924    562.756   -323.061      6.373     76.308     49.388
     -9.939     61.912    562.603   -323.160      6.266     76.533     49.505
     -9.941     61.899    562.450   -323.259      6.159     76.758     49.622
     -9.943     61.887    562.296   -323.359      6.052     76.983     49.739
     -9.945     61.875    562.142   -323.458      5.945     77.208     49.857
     -9.947     61.863    561.987   -323.558      5.838     77.433     49.974
     -9.949     61.852    561.832   -323.658      5.731     77.657     50.093
     -9.951     61.840    561.677   -323.759      5.625     77.882     50.211
     -9.953     61.829    561.521   -323.859      5.518     78.106     50.330
     -9.955     61.818    561.364   -323.960      5.412     78.331     50.449
     -9.957     61.807    561.207   -324.061      5.305     78.555     50.569
     -9.959     61.797    561.050   -324.162      5.199     78.779     50.688
     -9.961     61.787    560.892   -324.264      5.093     79.003     50.808
     -9.963     61.777    560.734   -324.365      4.986     79.227     50.929
     -9.965     61.767    560.575   -324.467      4.880     79.451     51.050
     -9.967     61.757    560.416   -324.570      4.774     79.675     51.171
     -9.969     61.748    560.257   -324.672      4.668     79.898     51.292
     -9.971     61.738    560.097   -324.775      4.562     80.122     51.414
     -9.973     61.729    559.936   -324.878      4.456     80.345     51.536
     -9.975     61.721    559.775   -324.981      4.350     80.569     51.658
     -9.977     61.712    559.614   -325.084      4.244     80.792     51.781
     -9.979     61.704    559.452   -325.188      4.139     81.015     51.904
     -9.981     61.695    559.290   -325.292      4.033     81.238     52.027
     -9.983     61.687    559.127   -325.396      3.927     81.461     52.151
     -9.985     61.680    558.964   -325.501      3.822     81.684     52.275
     -9.987     61.672    558.800   -325.605      3.716     81.907     52.399
     -9.989     61.665    558.636   -325.710      3.611     82.130     52.524
     -9.991     61.658    558.472   -325.815      3.506     82.353     52.649
     -9.993     61.651    558.307   -325.921      3.400     82.575     52.774
     -9.995     61.644    558.142   -326.026      3.295     82.798     52.900
     -9.997     61.638    557.976   -326.132      3.190     83.020     53.026
     -9.999     61.631    557.810   -326.238      3.085     83.243     53.152
    -10.001     61.625    557.643   -326.345      2.980     83.465     53.279
    -10.003     61.619    557.476   -326.452      2.875     83.687     53.406
    -10.005     61.614    557.308   -326.559      2.770     83.909     53.533
    -10.007     61.608    557.140   -326.666      2.665     84.131     53.661
    -10.009     61.603    556.972   -326.773      2.560     84.353     53.789
    -10.011     61.598    556.803   -326.881      2.456     84.575     53.917
    -10.013     61.593    556.633   -326.989      2.351     84.797     54.046
    -10.015     61.589    556.463   -327.097      2.246     85.019     54.175
    -10.017     61.584    556.293   -327.206      2.142     85.240     54.304
    -10.019     61.580    556.122   -327.314      2.037     85.462     54.434
    -10.021     61.576    555.951   -327.423      1.933     85.683     54.564
    -10.023     61.572    555.780   -327.533      1.828     85.905     54.694
    -10.025     61.569    555.608   -327.642      1.724     86.126     54.825
    -10.027     61.566    555.435   -327.752      1.620     86.347     54.956
    -10.029     61.562    555.262   -327.862      1.516     86.569     55.087
    -10.031     61.559    555.089   -327.972      1.411     86.790     55.219
    -10.033     61.557    554.915   -328.083      1.307     87.011     55.351
    -10.035     61.554    554.741   -328.194      1.203     87.232     55.483
    -10.037     61.552    554.566   -328.305      1.099     87.453     55.616
    -10.039     61.550    554.391   -328.416      0.995     87.674     55.749
    -10.041     61.548    554.216   -328.528      0.891     87.894     55.882
    -10.043     61.546    554.040   -328.640      0.787     88.115     56.016
    -10.045     61.545    553.863   -328.752      0.683     88.336     56.150
    -10.047     61.544    553.686   -328.864      0.580     88.556     56.285
    -10.049     61.542    553.509   -328.977      0.476     88.777     56.420
    -10.051     61.542    553.331   -329.090      0.372     88.997     56.555
    -10.053     61.541    553.153   -329.203      0.269     89.218     56.690
    -10.055     61.541    552.974   -329.317      0.165     89.438     56.826
    -10.057     61.540    552.795   -329.430      0.061     89.659     56.962
    -10.059     61.540    552.616   -329.544     -0.042     89.879     57.099
    -10.061     61.541    552.436   -329.659     -0.145     90.099     57.236
    -10.063     61.541    552.255   -329.773     -0.249     90.319     57.373
    -10.065     61.542    552.074   -329.888     -0.352     90.539     57.511
    -10.067     61.542    551.893   -330.003     -0.456     90.759     57.649
    -10.069     61.543    551.711   -330.119     -0.559     90.979     57.787
    -10.071     61.545    551.529   -330.235     -0.662     91.199     57.926
    -10.073     61.546    551.346   -330.351     -0.765     91.419     58.065
    -10.075     61.548    551.163   -330.467     -0.868     91.639     58.204
    -10.077     61.549    550.980   -330.583     -0.971     91.859     58.344
    -10.079     61.552    550.796   -330.700     -1.074     92.079     58.484
    -10.081     61.554    550.612   -330.817     -1.177     92.299     58.624
    -10.083     61.556    550.427   -330.935     -1.280     92.519     58.765
    -10.085     61.559    550.242   -331.052     -1.382     92.739     58.906
    -10.087     61.562    550.056   -331.170     -1.485     92.959     59.047
    -10.089     61.565    549.870   -331.289     -1.588     93.179     59.189
    -10.091     61.568    549.683   -331.407     -1.690     93.398     59.331
    -10.093     61.572    549.496   -331.526     -1.793     93.618     59.473
    -10.095     61.575    549.309   -331.645     -1.895     93.837     59.615
    -10.097     61.579    549.121   -331.764     -1.998     94.056     59.758
    -10.099     61.583    548.932   -331.884     -2.100     94.275     59.902
    -10.101     61.588    548.744   -332.004     -2.202     94.494     60.045
    -10.103     61.592    548.554   -332.124     -2.305     94.713     60.189
    -10.105     61.597    548.365   -332.245     -2.407     94.932     60.333
    -10.107     61.602    548.175   -332.366     -2.509     95.151     60.478
    -10.109     61.607    547.984   -332.487     -2.611     95.370     60.622
    -10.111     61.612    547.793   -332.608     -2.713     95.588     60.768
    -10.113     61.618    547.602   -332.730     -2.815     95.807     60.913
    -10.115     61.623    547.410   -332.852     -2.917     96.025     61.059
    -10.117     61.629    547.218   -332.974     -3.019     96.243     61.205
    -10.119     61.635    547.025   -333.097     -3.121     96.461     61.351
    -10.121     61.642    546.832   -333.219     -3.223     96.680     61.498
    -10.123     61.648    546.638   -333.343     -3.325     96.898     61.645
    -10.125     61.655    546.444   -333.466     -3.426     97.115     61.793
    -10.127     61.662    546.250   -333.590     -3.528     97.333     61.941
    -10.129     61.669    546.055   -333.714     -3.630     97.551     62.089
    -10.131     61.677    545.860   -333.838     -3.731     97.769     62.237
    -10.133     61.684    545.664   -333.963     -3.833     97.986     62.386
    -10.135     61.692    545.468   -334.088     -3.934     98.204     62.535
    -10.137     61.700    545.271   -334.213     -4.036     98.421     62.684
    -10.139     61.708    545.074   -334.338     -4.137     98.638     62.834
    -10.141     61.716    544.877   -334.464     -4.239     98.855     62.984
    -10.143     61.725    544.679   -334.590     -4.340     99.072     63.135
    -10.145     61.734    544.480   -334.717     -4.441     99.289     63.286
    -10.147     61.743    544.281   -334.843     -4.543     99.506     63.437
    -10.149     61.752    544.082   -334.970     -4.644     99.723     63.588
    -10.151     61.761    543.883   -335.098     -4.745     99.940     63.740
    -10.153     61.771    543.682   -335.225     -4.846    100.157     63.892
    -10.155     61.781    543.482   -335.353     -4.947    100.373     64.045
    -10.157     61.791    543.281   -335.482     -5.048    100.590     64.197
    -10.159     61.801    543.080   -335.610     -5.149    100.806     64.351
    -10.161     61.811    542.878   -335.739     -5.250    101.022     64.504
    -10.163     61.822    542.675   -335.868     -5.351    101.238     64.658
    -10.165     61.833    542.473   -335.998     -5.452    101.454     64.812
    -10.167     61.844    542.270   -336.127     -5.553    101.671     64.967
    -10.169     61.855    542.066   -336.257     -5.654    101.886     65.122
    -10.171     61.866    541.862   -336.388     -5.755    102.102     65.277
    -10.173     61.878    541.658   -336.519     -5.856    102.318     65.433
    -10.175     61.890    541.453   -336.650     -5.956    102.534     65.588
    -10.177     61.902    541.248   -336.781     -6.057    102.749     65.745
    -10.179     61.914    541.042   -336.913     -6.158    102.965     65.901
    -10.181     61.926    540.836   -337.045     -6.258    103.180     66.058
    -10.183     61.939    540.629   -337.177     -6.359    103.396     66.216
    -10.185     61.952    540.422   -337.309     -6.459    103.611     66.374
    -10.187     61.965    540.215   -337.442     -6.560    103.826     66.532
    -10.189     61.978    540.007   -337.576     -6.660    104.041     66.690
    -10.191     61.992    539.799   -337.709     -6.761    104.256     66.849
    -10.193     62.005    539.590   -337.843     -6.861    104.471     67.008
    -10.195     62.019    539.381   -337.977     -6.961    104.686     67.167
    -10.197     62.033    539.171   -338.112     -7.062    104.900     67.327
    -10.199     62.047    538.961   -338.246     -7.162    105.115     67.487
    -10.201     62.062    538.751   -338.382     -7.262    105.330     67.648
    -10.203     62.076    538.540   -338.517     -7.363    105.544     67.809
    -10.205     62.091    538.328   -338.653     -7.463    105.758     67.970
    -10.207     62.106    538.117   -338.789     -7.563    105.973     68.132
    -10.209     62.121    537.905   -338.925     -7.663    106.187     68.294
    -10.211     62.137    537.692   -339.062     -7.763    106.401     68.456
    -10.213     62.152    537.479   -339.199     -7.863    106.615     68.619
    -10.215     62.168    537.265   -339.337     -7.963    106.829     68.782
    -10.217     62.184    537.052   -339.474     -8.064    107.043     68.946
    -10.219     62.200    536.837   -339.612     -8.164    107.257     69.110
    -10.221     62.217    536.623   -339.751     -8.264    107.471     69.274
    -10.223     62.234    536.407   -339.889     -8.363    107.684     69.438
    -10.225     62.250    536.192   -340.028     -8.463    107.898     69.603
    -10.227     62.267    535.976   -340.168     -8.563    108.111     69.769
    -10.229     62.285    535.759   -340.308     -8.663    108.325     69.935
    -10.231     62.302    535.543   -340.448     -8.763    108.538     70.101
    -10.233     62.320    535.325   -340.588     -8.863    108.751     70.267
    -10.235     62.337    535.108   -340.729     -8.963    108.964     70.434
    -10.237     62.356    534.889   -340.870     -9.062    109.177     70.601
    -10.239     62.374    534.671   -341.011     -9.162    109.390     70.769
    -10.241     62.392    534.452   -341.153     -9.262    109.603     70.937
    -10.243     62.411    534.232   -341.295     -9.362    109.816     71.105
    -10.245     62.430    534.013   -341.437     -9.461    110.029     71.274
    -10.247     62.449    533.792   -341.580     -9.561    110.241     71.443
    -10.249     62.468    533.572   -341.723     -9.660    110.454     71.613
    -10.251     62.487    533.350   -341.866     -9.760    110.666     71.783
    -10.253     62.507    533.129   -342.010     -9.860    110.879     71.953
    -10.255     62.527    532.907   -342.154     -9.959    111.091     72.124
    -10.257     62.547    532.685   -342.299    -10.059    111.303     72.295
    -10.259     62.567    532.462   -342.443    -10.158    111.516     72.466
    -10.261     62.587    532.238   -342.588    -10.258    111.728     72.638
    -10.263     62.608    532.015   -342.734    -10.357    111.940     72.810
    -10.265     62.629    531.791   -342.880    -10.457    112.152     72.983
    -10.267     62.650    531.566   -343.026    -10.556    112.363     73.156
    -10.269     62.671    531.341   -343.172    -10.656    112.575     73.329
    -10.271     62.692    531.116   -343.319    -10.755    112.787     73.503
    -10.273     62.714    530.890   -343.466    -10.854    112.998     73.678
    -10.275     62.736    530.664   -343.614    -10.954    113.210     73.852
    -10.277     62.758    530.437   -343.762    -11.053    113.421     74.027
    -10.279     62.780    530.210   -343.910    -11.153    113.633     74.203
    -10.281     62.802    529.983   -344.059    -11.252    113.844     74.379
    -10.283     62.825    529.755   -344.207    -11.351    114.055     74.555
    -10.285     62.848    529.527   -344.357    -11.450    114.266     74.731
    -10.287     62.871    529.298   -344.506    -11.550    114.477     74.909
    -10.289     62.894    529.069   -344.656    -11.649    114.688     75.086
    -10.291     62.917    528.839   -344.807    -11.748    114.899     75.264
    -10.293     62.941    528.609   -344.957    -11.848    115.109     75.442
    -10.295     62.965    528.379   -345.109    -11.947    115.320     75.621
    -10.297     62.989    528.148   -345.260    -12.046    115.531     75.800
    -10.299     63.013    527.916   -345.412    -12.145    115.741     75.980
    -10.301     63.037    527.685   -345.564    -12.244    115.952     76.160
    -10.303     63.062    527.453   -345.716    -12.344    116.162     76.340
    -10.305     63.087    527.220   -345.869    -12.443    116.372     76.521
    -10.307     63.112    526.987   -346.022    -12.542    116.582     76.702
    -10.309     63.137    526.754   -346.176    -12.641    116.792     76.884
    -10.311     63.162    526.520   -346.330    -12.740    117.002     77.066
    -10.313     63.188    526.286   -346.484    -12.839    117.212     77.248
    -10.315     63.214    526.051   -346.639    -12.938    117.422     77.431
    -10.317     63.240    525.816   -346.794    -13.038    117.632     77.614
    -10.319     63.266    525.581   -346.949    -13.137    117.842     77.798
    -10.321     63.292    525.345   -347.105    -13.236    118.051     77.982
    -10.323     63.319    525.108   -347.261    -13.335    118.261     78.167
    -10.325     63.346    524.872   -347.418    -13.434    118.470     78.352
    -10.327     63.373    524.635   -347.575    -13.533    118.679     78.537
    -10.329     63.400    524.397   -347.732    -13.632    118.888     78.723
    -10.331     63.427    524.159   -347.890    -13.731    119.098     78.910
    -10.333     63.455    523.921   -348.048    -13.830    119.307     79.097
    -10.335     63.482    523.682   -348.206    -13.930    119.516     79.284
    -10.337     63.510    523.443   -348.365    -14.029    119.724     79.471
    -10.339     63.539    523.203   -348.524    -14.128    119.933     79.660
    -10.341     63.567    522.963   -348.683    -14.227    120.142     79.848
    -10.343     63.595    522.722   -348.843    -14.326    120.351     80.037
    -10.345     63.624    522.481   -349.004    -14.425    120.559     80.227
    -10.347     63.653    522.240   -349.164    -14.524    120.767     80.417
    -10.349     63.682    521.998   -349.325    -14.623    120.976     80.607
    -10.351     63.712    521.756   -349.487    -14.722    121.184     80.798
    -10.353     63.741    521.514   -349.648    -14.821    121.392     80.989
    -10.355     63.771    521.271   -349.811    -14.920    121.600     81.181
    -10.357     63.801    521.027   -349.973    -15.019    121.808     81.373
    -10.359     63.831    520.783   -350.136    -15.119    122.016     81.565
    -10.361     63.861    520.539   -350.299    -15.218    122.224     81.759
    -10.363     63.892    520.294   -350.463    -15.317    122.432     81.952
    -10.365     63.923    520.049   -350.627    -15.416    122.639     82.146
    -10.367     63.953    519.804   -350.792    -15.515    122.847     82.341
    -10.369     63.985    519.558   -350.957    -15.614    123.054     82.536
    -10.371     64.016    519.312   -351.122    -15.713    123.262     82.731
    -10.373     64.047    519.065   -351.288    -15.812    123.469     82.927
    -10.375     64.079    518.818   -351.454    -15.912    123.676     83.123
    -10.377     64.111    518.570   -351.620    -16.011    123.883     83.320
    -10.379     64.143    518.322   -351.787    -16.110    124.090     83.517
    -10.381     64.176    518.074   -351.954    -16.209    124.297     83.715
    -10.383     64.208    517.825   -352.122    -16.308    124.504     83.913
    -10.385     64.241    517.576   -352.290    -16.407    124.710     84.112
    -10.387     64.274    517.326   -352.458    -16.507    124.917     84.311
    -10.389     64.307    517.076   -352.627    -16.606    125.123     84.511
    -10.391     64.340    516.826   -352.796    -16.705    125.330     84.711
    -10.393     64.374    516.575   -352.966    -16.804    125.536     84.912
    -10.395     64.407    516.324   -353.136    -16.904    125.742     85.113
    -10.397     64.441    516.072   -353.306    -17.003    125.948     85.315
    -10.399     64.475    515.820   -353.477    -17.102    126.154     85.517
    -10.401     64.510    515.567   -353.648    -17.202    126.360     85.719
    -10.403     64.544    515.314   -353.820    -17.301    126.566     85.922
    -10.405     64.579    515.061   -353.992    -17.400    126.772     86.126
    -10.407     64.614    514.807   -354.164    -17.500    126.977     86.330
    -10.409     64.649    514.553   -354.337    -17.599    127.183     86.535
    -10.411     64.684    514.299   -354.511    -17.698    127.388     86.740
    -10.413     64.720    514.044   -354.684    -17.798    127.593     86.945
    -10.415     64.755    513.788   -354.858    -17.897    127.798     87.152
    -10.417     64.791    513.532   -355.033    -17.997    128.003     87.358
    -10.419     64.827    513.276   -355.208    -18.096    128.208     87.565
    -10.421     64.864    513.020   -355.383    -18.196    128.413     87.773
    -10.423     64.900    512.763   -355.559    -18.295    128.618     87.981
    -10.425     64.937    512.505   -355.735    -18.395    128.823     88.190
    -10.427     64.974    512.247   -355.912    -18.495    129.027     88.399
    -10.429     65.011    511.989   -356.089    -18.594    129.232     88.609
    -10.431     65.048    511.730   -356.266    -18.694    129.436     88.819
    -10.433     65.086    511.471   -356.444    -18.793    129.640     89.030
    -10.435     65.123    511.212   -356.622    -18.893    129.844     89.241
    -10.437     65.161    510.952   -356.801    -18.993    130.048     89.453
    -10.439     65.199    510.692   -356.980    -19.093    130.252     89.665
    -10.441     65.238    510.431   -357.160    -19.192    130.456     89.878
    -10.443     65.276    510.170   -357.340    -19.292    130.659     90.092
    -10.445     65.315    509.908   -357.520    -19.392    130.863     90.306
    -10.447     65.354    509.646   -357.701    -19.492    131.066     90.520
    -10.449     65.393    509.384   -357.882    -19.592    131.270     90.735
    -10.451     65.432    509.121   -358.064    -19.692    131.473     90.951
    -10.453     65.471    508.858   -358.246    -19.792    131.676     91.167
    -10.455     65.511    508.595   -358.428    -19.892    131.879     91.383
    -10.457     65.551    508.331   -358.611    -19.992    132.082     91.601
    -10.459     65.591    508.066   -358.795    -20.092    132.284     91.818
    -10.461     65.631    507.801   -358.979    -20.192    132.487     92.037
    -10.463     65.672    507.536   -359.163    -20.293    132.689     92.256
    -10.465     65.713    507.271   -359.348    -20.393    132.892     92.475
    -10.467     65.753    507.005   -359.533    -20.493    133.094     92.695
    -10.469     65.795    506.738   -359.718    -20.593    133.296     92.916
    -10.471     65.836    506.471   -359.905    -20.694    133.498     93.137
    -10.473     65.877    506.204   -360.091    -20.794    133.700     93.358
    -10.475     65.919    505.937   -360.278    -20.895    133.902     93.581
    -10.477     65.961    505.669   -360.465    -20.995    134.103     93.804
    -10.479     66.003    505.400   -360.653    -21.096    134.305     94.027
    -10.481     66.045    505.131   -360.841    -21.196    134.506     94.251
    -10.483     66.088    504.862   -361.030    -21.297    134.707     94.475
    -10.485     66.130    504.593   -361.219    -21.398    134.908     94.701
    -10.487     66.173    504.323   -361.409    -21.498    135.109     94.926
    -10.489     66.216    504.052   -361.599    -21.599    135.310     95.153
    -10.491     66.260    503.781   -361.790    -21.700    135.510     95.380
    -10.493     66.303    503.510   -361.981    -21.801    135.711     95.607
    -10.495     66.347    503.239   -362.172    -21.902    135.911     95.835
    -10.497     66.391    502.967   -362.364    -22.003    136.112     96.064
    -10.499     66.435    502.694   -362.556    -22.104    136.312     96.293
    -10.501     66.479    502.421   -362.749    -22.205    136.512     96.523
    -10.503     66.524    502.148   -362.942    -22.306    136.711     96.753
    -10.505     66.568    501.874   -363.136    -22.407    136.911     96.985
    -10.507     66.613    501.600   -363.330    -22.509    137.111     97.216
    -10.509     66.659    501.326   -363.525    -22.610    137.310     97.449
    -10.511     66.704    501.051   -363.720    -22.711    137.509     97.681
    -10.513     66.749    500.776   -363.916    -22.813    137.708     97.915
    -10.515     66.795    500.500   -364.112    -22.915    137.907     98.149
    -10.517     66.841    500.224   -364.308    -23.016    138.106     98.384
    -10.519     66.887    499.948   -364.505    -23.118    138.304     98.619
    -10.521     66.933    499.671   -364.703    -23.220    138.503     98.855
    -10.523     66.980    499.394   -364.901    -23.321    138.701     99.092
    -10.525     67.027    499.116   -365.099    -23.423    138.899     99.329
    -10.527     67.074    498.838   -365.298    -23.525    139.097     99.567
    -10.529     67.121    498.560   -365.497    -23.627    139.295     99.806
    -10.531     67.168    498.281   -365.697    -23.729    139.493    100.045
    -10.533     67.216    498.002   -365.898    -23.832    139.690    100.285
    -10.535     67.264    497.722   -366.098    -23.934    139.888    100.525
    -10.537     67.312    497.442   -366.300    -24.036    140.085    100.767
    -10.539     67.360    497.162   -366.501    -24.139    140.282    101.008
    -10.541     67.408    496.881   -366.704    -24.241    140.479    101.251
    -10.543     67.457    496.600   -366.906    -24.344    140.675    101.494
    -10.545     67.505    496.319   -367.110    -24.446    140.872    101.738
    -10.547     67.554    496.037   -367.313    -24.549    141.068    101.982
    -10.549     67.604    495.754   -367.518    -24.652    141.264    102.227
    -10.551     67.653    495.472   -367.722    -24.755    141.460    102.473
    -10.553     67.703    495.188   -367.928    -24.858    141.656    102.720
    -10.555     67.752    494.905   -368.133    -24.961    141.851    102.967
    -10.557     67.803    494.621   -368.339    -25.064    142.047    103.214
    -10.559     67.853    494.337   -368.546    -25.168    142.242    103.463
    -10.561     67.903    494.052   -368.753    -25.271    142.437    103.712
    -10.563     67.954    493.767   -368.961    -25.374    142.632    103.962
    -10.565     68.005    493.482   -369.169    -25.478    142.826    104.213
    -10.567     68.056    493.196   -369.378    -25.582    143.021    104.464
    -10.569     68.107    492.909   -369.587    -25.685    143.215    104.716
    -10.571     68.158    492.623   -369.797    -25.789    143.409    104.969
    -10.573     68.210    492.336   -370.007    -25.893    143.603    105.222
    -10.575     68.262    492.048   -370.218    -25.997    143.797    105.476
    -10.577     68.314    491.761   -370.429    -26.101    143.990    105.731
    -10.579     68.366    491.472   -370.640    -26.206    144.184    105.986
    -10.581     68.419    491.184   -370.853    -26.310    144.377    106.242
    -10.583     68.472    490.895   -371.065    -26.415    144.569    106.499
    -10.585     68.525    490.606   -371.279    -26.519    144.762    106.757
    -10.587     68.578    490.316   -371.492    -26.624    144.955    107.016
    -10.589     68.631    490.026   -371.707    -26.729    145.147    107.275
    -10.591     68.685    489.735   -371.922    -26.834    145.339    107.535
    -10.593     68.738    489.444   -372.137    -26.939    145.530    107.795
    -10.595     68.792    489.153   -372.353    -27.044    145.722    108.057
    -10.597     68.847    488.862   -372.569    -27.149    145.913    108.319
    -10.599     68.901    488.570   -372.786    -27.255    146.104    108.582
    -10.601     68.956    488.277   -373.003    -27.360    146.295    108.845
    -10.603     69.010    487.984   -373.221    -27.466    146.486    109.110
    -10.605     69.066    487.691   -373.440    -27.571    146.676    109.375
    -10.607     69.121    487.398   -373.659    -27.677    146.867    109.641
    -10.609     69.176    487.104   -373.878    -27.783    147.057    109.907
    -10.611     69.232    486.809   -374.099    -27.890    147.246    110.175
    -10.613     69.288    486.515   -374.319    -27.996    147.436    110.443
    -10.615     69.344    486.220   -374.540    -28.102    147.625    110.712
    -10.617     69.400    485.924   -374.762    -28.209    147.814    110.982
    -10.619     69.457    485.628   -374.984    -28.316    148.003    111.252
    -10.621     69.513    485.332   -375.207    -28.422    148.191    111.524
    -10.623     69.570    485.036   -375.430    -28.529    148.379    111.796
    -10.625     69.628    484.739   -375.654    -28.637    148.567    112.069
    -10.627     69.685    484.441   -375.879    -28.744    148.755    112.343
    -10.629     69.743    484.144   -376.104    -28.851    148.942    112.617
    -10.631     69.800    483.846   -376.329    -28.959    149.129    112.893
    -10.633     69.858    483.547   -376.555    -29.067    149.316    113.169
    -10.635     69.917    483.248   -376.782    -29.175    149.503    113.446
    -10.637     69.975    482.949   -377.009    -29.283    149.689    113.724
    -10.639     70.034    482.650   -377.237    -29.391    149.875    114.002
    -10.641     70.093    482.350   -377.465    -29.499    150.061    114.282
    -10.643     70.152    482.049   -377.694    -29.608    150.247    114.562
    -10.645     70.211    481.749   -377.923    -29.716    150.432    114.844
    -10.647     70.271    481.448   -378.153    -29.825    150.617    115.126
    -10.649     70.330    481.146   -378.384    -29.934    150.801    115.409
    -10.651     70.390    480.844   -378.615    -30.043    150.986    115.692
    -10.653     70.451    480.542   -378.846    -30.153    151.170    115.977
    -10.655     70.511    480.240   -379.079    -30.262    151.353    116.262
    -10.657     70.572    479.937   -379.311    -30.372    151.537    116.549
    -10.659     70.632    479.634   -379.545    -30.482    151.720    116.836
    -10.661     70.694    479.330   -379.779    -30.592    151.903    117.124
    -10.663     70.755    479.026   -380.013    -30.702    152.085    117.413
    -10.665     70.816    478.722   -380.248    -30.813    152.267    117.703
    -10.667     70.878    478.417   -380.484    -30.923    152.449    117.994
    -10.669     70.940    478.112   -380.720    -31.034    152.631    118.285
    -10.671     71.002    477.806   -380.957    -31.145    152.812    118.578
    -10.673     71.065    477.501   -381.195    -31.256    152.992    118.872
    -10.675     71.127    477.194   -381.433    -31.368    153.173    119.166
    -10.677     71.190    476.888   -381.671    -31.479    153.353    119.461
    -10.679     71.253    476.581   -381.911    -31.591    153.533    119.757
    -10.681     71.316    476.274   -382.150    -31.703    153.712    120.055
    -10.683     71.380    475.966   -382.391    -31.815    153.891    120.353
    -10.685     71.444    475.658   -382.632    -31.928    154.070    120.652
    -10.687     71.508    475.350   -382.873    -32.040    154.249    120.952
    -10.689     71.572    475.041   -383.116    -32.153    154.427    121.253
    -10.691     71.636    474.732   -383.359    -32.266    154.604    121.555
    -10.693     71.701    474.423   -383.602    -32.379    154.781    121.857
    -10.695     71.766    474.113   -383.846    -32.493    154.958    122.161
    -10.697     71.831    473.803   -384.091    -32.606    155.135    122.466
    -10.699     71.896    473.493   -384.336    -32.720    155.311    122.772
    -10.701     71.962    473.182   -384.582    -32.835    155.487    123.078
    -10.703     72.028    472.871   -384.828    -32.949    155.662    123.386
    -10.705     72.094    472.559   -385.075    -33.064    155.837    123.695
    -10.707     72.160    472.247   -385.323    -33.178    156.011    124.004
    -10.709     72.226    471.935   -385.571    -33.294    156.185    124.315
    -10.711     72.293    471.623   -385.820    -33.409    156.359    124.627
    -10.713     72.360    471.310   -386.070    -33.525    156.532    124.940
    -10.715     72.427    470.996   -386.320    -33.640    156.705    125.253
    -10.717     72.494    470.683   -386.571    -33.757    156.878    125.568
    -10.719     72.562    470.369   -386.822    -33.873    157.049    125.884
    -10.721     72.630    470.055   -387.074    -33.989    157.221    126.201
    -10.723     72.698    469.740   -387.327    -34.106    157.392    126.518
    -10.725     72.766    469.425   -387.580    -34.223    157.563    126.837
    -10.727     72.835    469.110   -387.834    -34.341    157.733    127.157
    -10.729     72.904    468.794   -388.089    -34.459    157.903    127.478
    -10.731     72.973    468.478   -388.344    -34.577    158.072    127.800
    -10.733     73.042    468.162   -388.600    -34.695    158.241    128.123
    -10.735     73.112    467.845   -388.857    -34.813    158.409    128.448
    -10.737     73.181    467.528   -389.114    -34.932    158.577    128.773
    -10.739     73.251    467.211   -389.372    -35.051    158.744    129.099
    -10.741     73.322    466.893   -389.630    -35.170    158.911    129.427
    -10.743     73.392    466.575   -389.890    -35.290    159.077    129.755
    -10.745     73.463    466.257   -390.149    -35.410    159.243    130.085
    -10.747     73.534    465.938   -390.410    -35.530    159.408    130.416
    -10.749     73.605    465.619   -390.671    -35.651    159.573    130.748
    -10.751     73.676    465.300   -390.933    -35.772    159.737    131.081
    -10.753     73.748    464.980   -391.195    -35.893    159.901    131.415
    -10.755     73.820    464.660   -391.459    -36.014    160.064    131.750
    -10.757     73.892    464.340   -391.722    -36.136    160.227    132.087
    -10.759     73.964    464.019   -391.987    -36.258    160.389    132.424
    -10.761     74.037    463.698   -392.252    -36.381    160.551    132.763
    -10.763     74.110    463.377   -392.518    -36.504    160.712    133.103
    -10.765     74.183    463.056   -392.784    -36.627    160.872    133.444
    -10.767     74.256    462.734   -393.052    -36.750    161.032    133.787
    -10.769     74.330    462.412   -393.320    -36.874    161.191    134.130
    -10.771     74.404    462.089   -393.588    -36.998    161.350    134.475
    -10.773     74.478    461.766   -393.858    -37.123    161.508    134.821
    -10.775     74.552    461.443   -394.128    -37.247    161.666    135.168
    -10.777     74.627    461.119   -394.398    -37.373    161.823    135.516
    -10.779     74.702    460.796   -394.670    -37.498    161.979    135.866
    -10.781     74.777    460.472   -394.942    -37.624    162.135    136.216
    -10.783     74.852    460.147   -395.214    -37.750    162.290    136.568
    -10.785     74.928    459.822   -395.488    -37.877    162.444    136.921
    -10.787     75.004    459.497   -395.762    -38.004    162.598    137.276
    -10.789     75.080    459.172   -396.037    -38.131    162.751    137.632
    -10.791     75.156    458.846   -396.313    -38.259    162.903    137.989
    -10.793     75.233    458.520   -396.589    -38.387    163.055    138.347
    -10.795     75.310    458.194   -396.866    -38.516    163.206    138.706
    -10.797     75.387    457.868   -397.144    -38.645    163.357    139.067
    -10.799     75.465    457.541   -397.422    -38.774    163.506    139.429
    -10.801     75.542    457.214   -397.702    -38.904    163.655    139.793
    -10.803     75.620    456.886   -397.982    -39.034    163.804    140.158
    -10.805     75.698    456.558   -398.262    -39.164    163.951    140.524
    -10.807     75.777    456.230   -398.544    -39.295    164.098    140.891
    -10.809     75.856    455.902   -398.826    -39.427    164.244    141.260
    -10.811     75.935    455.573   -399.109    -39.558    164.389    141.630
    -10.813     76.014    455.244   -399.392    -39.691    164.534    142.001
    -10.815     76.093    454.915   -399.677    -39.823    164.678    142.374
    -10.817     76.173    454.586   -399.962    -39.956    164.821    142.748
    -10.819     76.253    454.256   -400.248    -40.090    164.963    143.123
    -10.821     76.333    453.926   -400.534    -40.224    165.105    143.500
    -10.823     76.414    453.595   -400.822    -40.358    165.246    143.879
    -10.825     76.495    453.265   -401.110    -40.493    165.385    144.258
    -10.827     76.576    452.934   -401.399    -40.629    165.525    144.639
    -10.829     76.657    452.603   -401.688    -40.765    165.663    145.022
    -10.831     76.739    452.271   -401.979    -40.901    165.800    145.406
    -10.833     76.821    451.940   -402.270    -41.038    165.937    145.791
    -10.835     76.903    451.608   -402.562    -41.175    166.073    146.178
    -10.837     76.986    451.275   -402.855    -41.313    166.207    146.566
    -10.839     77.068    450.943   -403.148    -41.451    166.341    146.955
    -10.841     77.151    450.610   -403.443    -41.590    166.474    147.346
    -10.843     77.235    450.277   -403.738    -41.729    166.607    147.739
    -10.845     77.318    449.943   -404.033    -41.869    166.738    148.133
    -10.847     77.402    449.610   -404.330    -42.009    166.868    148.529
    -10.849     77.486    449.276   -404.628    -42.150    166.998    148.926
    -10.851     77.571    448.942   -404.926    -42.291    167.126    149.324
    -10.853     77.656    448.607   -405.225    -42.433    167.253    149.724
    -10.855     77.741    448.273   -405.525    -42.575    167.380    150.125
    -10.857     77.826    447.938   -405.825    -42.718    167.505    150.529
    -10.859     77.911    447.603   -406.127    -42.861    167.630    150.933
    -10.861     77.997    447.267   -406.429    -43.005    167.754    151.339
    -10.863     78.083    446.932   -406.732    -43.149    167.876    151.747
    -10.865     78.170    446.596   -407.036    -43.294    167.998    152.156
    -10.867     78.257    446.260   -407.341    -43.440    168.118    152.567
    -10.869     78.344    445.923   -407.646    -43.586    168.237    152.979
    -10.871     78.431    445.587   -407.953    -43.733    168.356    153.393
    -10.873     78.519    445.250   -408.260    -43.880    168.473    153.809
    -10.875     78.607    444.913   -408.568    -44.028    168.589    154.226
    -10.877     78.695    444.576   -408.877    -44.177    168.704    154.644
    -10.879     78.783    444.238   -409.187    -44.326    168.818    155.065
    -10.881     78.872    443.900   -409.497    -44.475    168.931    155.487
    -10.883     78.961    443.562   -409.809    -44.625    169.042    155.910
    -10.885     79.051    443.224   -410.121    -44.776    169.153    156.335
    -10.887     79.140    442.886   -410.434    -44.928    169.262    156.762
    -10.889     79.230    442.547   -410.748    -45.080    169.370    157.191
    -10.891     79.321    442.208   -411.063    -45.232    169.477    157.621
    -10.893     79.411    441.869   -411.378    -45.386    169.582    158.053
    -10.895     79.502    441.530   -411.695    -45.540    169.687    158.486
    -10.897     79.593    441.191   -412.012    -45.694    169.790    158.922
    -10.899     79.685    440.851   -412.331    -45.849    169.892    159.359
    -10.901     79.777    440.511   -412.650    -46.005    169.992    159.797
    -10.903     79.869    440.171   -412.970    -46.162    170.091    160.237
    -10.905     79.961    439.831   -413.291    -46.319    170.189    160.679
    -10.907     80.054    439.490   -413.612    -46.477    170.286    161.123
    -10.909     80.147    439.149   -413.935    -46.635    170.381    161.569
    -10.911     80.241    438.809   -414.259    -46.794    170.475    162.016
    -10.913     80.334    438.468   -414.583    -46.954    170.567    162.465
    -10.915     80.429    438.126   -414.909    -47.115    170.658    162.916
    -10.917     80.523    437.785   -415.235    -47.276    170.748    163.368
    -10.919     80.618    437.443   -415.562    -47.438    170.836    163.822
    -10.921     80.713    437.102   -415.890    -47.600    170.922    164.278
    -10.923     80.808    436.760   -416.219    -47.764    171.008    164.736
    -10.925     80.904    436.418   -416.549    -47.928    171.091    165.196
    -10.927     81.000    436.075   -416.880    -48.092    171.173    165.657
    -10.929     81.096    435.733   -417.212    -48.258    171.254    166.120
    -10.931     81.193    435.390   -417.544    -48.424    171.333    166.585
    -10.933     81.290    435.048   -417.878    -48.591    171.410    167.052
    -10.935     81.387    434.705   -418.213    -48.758    171.486    167.521
    -10.937     81.485    434.362   -418.548    -48.927    171.560    167.991
    -10.939     81.583    434.018   -418.885    -49.096    171.633    168.464
    -10.941     81.681    433.675   -419.222    -49.266    171.704    168.938
    -10.943     81.780    433.332   -419.560    -49.436    171.773    169.414
    -10.945     81.879    432.988   -419.900    -49.608    171.840    169.892
    -10.947     81.978    432.644   -420.240    -49.780    171.906    170.372
    -10.949     82.078    432.300   -420.581    -49.953    171.970    170.853
    -10.951     82.178    431.956   -420.923    -50.126    172.032    171.337
    -10.953     82.279    431.612   -421.266    -50.301    172.092    171.822
    -10.955     82.379    431.268   -421.611    -50.476    172.151    172.309
    -10.957     82.480    430.924   -421.956    -50.652    172.207    172.798
    -10.959     82.582    430.579   -422.302    -50.829    172.262    173.289
    -10.961     82.684    430.235   -422.649    -51.006    172.315    173.782
    -10.963     82.786    429.890   -422.997    -51.185    172.366    174.277
    -10.965     82.889    429.545   -423.346    -51.364    172.415    174.774
    -10.967     82.991    429.200   -423.696    -51.544    172.462    175.272
    -10.969     83.095    428.855   -424.047    -51.724    172.507    175.773
    -10.971     83.198    428.510   -424.399    -51.906    172.550    176.275
    -10.973     83.302    428.165   -424.752    -52.089    172.591    176.779
    -10.975     83.407    427.820   -425.106    -52.272    172.629    177.286
    -10.977     83.511    427.475   -425.461    -52.456    172.666    177.794
    -10.979     83.617    427.129   -425.817    -52.641    172.701    178.304
    -10.981     83.722    426.784   -426.175    -52.827    172.733    178.816
    -10.983     83.828    426.438   -426.533    -53.013    172.763    179.330
    -10.985     83.934    426.093   -426.892    -53.201    172.791    179.846
    -10.987     84.041    425.747   -427.252    -53.389    172.817    180.364
    -10.989     84.148    425.401   -427.613    -53.578    172.840    180.884
    -10.991     84.255    425.056   -427.976    -53.768    172.861    181.405
    -10.993     84.363    424.710   -428.339    -53.959    172.880    181.929
    -10.995     84.471    424.364   -428.703    -54.151    172.896    182.455
    -10.997     84.579    424.018   -429.069    -54.343    172.910    182.982
    -10.999     84.688    423.673   -429.435    -54.537    172.921    183.511
    -11.001     84.797    423.327   -429.803    -54.731    172.930    184.043
    -11.003     84.907    422.981   -430.171    -54.926    172.936    184.576
    -11.005     85.017    422.635   -430.541    -55.122    172.940    185.111
    -11.007     85.128    422.289   -430.912    -55.319    172.942    185.649
    -11.009     85.238    421.943   -431.284    -55.517    172.940    186.188
    -11.011     85.350    421.597   -431.657    -55.716    172.936    186.729
    -11.013     85.461    421.252   -432.031    -55.915    172.930    187.272
    -11.015     85.573    420.906   -432.406    -56.116    172.920    187.817
    -11.017     85.686    420.560   -432.782    -56.317    172.908    188.364
    -11.019     85.799    420.214   -433.159    -56.520    172.893    188.912
    -11.021     85.912    419.868   -433.538    -56.723    172.875    189.463
    -11.023     86.025    419.523   -433.917    -56.927    172.855    190.015
    -11.025     86.140    419.177   -434.298    -57.132    172.831    190.570
    -11.027     86.254    418.831   -434.679    -57.338    172.805    191.126
    -11.029     86.369    418.486   -435.062    -57.545    172.775    191.684
    -11.031     86.484    418.140   -435.446    -57.752    172.743    192.244
    -11.033     86.600    417.795   -435.831    -57.961    172.707    192.806
    -11.035     86.716    417.449   -436.217    -58.170    172.669    193.370
    -11.037     86.833    417.104   -436.605    -58.381    172.627    193.936
    -11.039     86.950    416.759   -436.993    -58.592    172.582    194.503
    -11.041     87.067    416.414   -437.383    -58.804    172.534    195.072
    -11.043     87.185    416.069   -437.773    -59.018    172.483    195.644
    -11.045     87.303    415.724   -438.165    -59.232    172.428    196.216
    -11.047     87.422    415.379   -438.558    -59.446    172.370    196.791
    -11.049     87.541    415.034   -438.952    -59.662    172.309    197.368
    -11.051     87.660    414.690   -439.348    -59.879    172.245    197.946
    -11.053     87.780    414.345   -439.744    -60.097    172.176    198.526
    -11.055     87.901    414.001   -440.142    -60.315    172.105    199.108
    -11.057     88.022    413.657   -440.541    -60.535    172.030    199.691
    -11.059     88.143    413.313   -440.941    -60.755    171.951    200.276
    -11.061     88.265    412.969   -441.342    -60.976    171.868    200.863
    -11.063     88.387    412.625   -441.744    -61.198    171.782    201.452
    -11.065     88.509    412.282   -442.147    -61.421    171.693    202.042
    -11.067     88.632    411.939   -442.552    -61.645    171.599    202.634
    -11.069     88.756    411.596   -442.958    -61.870    171.502    203.227
    -11.071     88.880    411.253   -443.365    -62.096    171.401    203.822
    -11.073     89.004    410.910   -443.773    -62.322    171.295    204.419
    -11.075     89.129    410.567   -444.183    -62.549    171.186    205.017
    -11.077     89.255    410.225   -444.593    -62.778    171.074    205.617
    -11.079     89.380    409.883   -445.005    -63.007    170.957    206.218
    -11.081     89.507    409.541   -445.418    -63.237    170.836    206.821
    -11.083     89.633    409.200   -445.833    -63.468    170.710    207.425
    -11.085     89.760    408.859   -446.248    -63.699    170.581    208.030
    -11.087     89.888    408.518   -446.665    -63.932    170.448    208.637
    -11.089     90.016    408.177   -447.083    -64.165    170.310    209.246
    -11.091     90.145    407.836   -447.502    -64.399    170.168    209.855
    -11.093     90.274    407.496   -447.922    -64.634    170.021    210.466
    -11.095     90.403    407.156   -448.343    -64.870    169.871    211.078
    -11.097     90.533    406.817   -448.766    -65.106    169.715    211.692
    -11.099     90.664    406.477   -449.190    -65.344    169.556    212.307
    -11.101     90.795    406.138   -449.615    -65.582    169.391    212.922
    -11.103     90.926    405.800   -450.042    -65.821    169.223    213.539
    -11.105     91.058    405.462   -450.470    -66.060    169.049    214.157
    -11.107     91.190    405.124   -450.899    -66.301    168.871    214.776
    -11.109     91.323    404.786   -451.329    -66.542    168.688    215.397
    -11.111     91.456    404.449   -451.760    -66.784    168.501    216.018
    -11.113     91.590    404.112   -452.193    -67.026    168.309    216.640
    -11.115     91.725    403.776   -452.627    -67.269    168.111    217.263
    -11.117     91.859    403.440   -453.062    -67.513    167.909    217.886
    -11.119     91.995    403.104   -453.498    -67.758    167.702    218.511
    -11.121     92.130    402.769   -453.936    -68.003    167.490    219.136
    -11.123     92.267    402.434   -454.375    -68.249    167.273    219.762
    -11.125     92.403    402.100   -454.815    -68.496    167.051    220.389
    -11.127     92.541    401.766   -455.256    -68.743    166.824    221.016
    -11.129     92.678    401.432   -455.699    -68.991    166.592    221.644
    -11.131     92.817    401.099   -456.143    -69.239    166.355    222.272
    -11.133     92.955    400.767   -456.588    -69.488    166.112    222.901
    -11.135     93.095    400.435   -457.035    -69.738    165.864    223.530
    -11.137     93.234    400.104   -457.482    -69.988    165.611    224.160
    -11.139     93.374    399.773   -457.931    -70.238    165.352    224.789
    -11.141     93.515    399.442   -458.381    -70.489    165.088    225.419
    -11.143     93.656    399.112   -458.833    -70.741    164.819    226.049
    -11.145     93.798    398.783   -459.286    -70.993    164.544    226.680
    -11.147     93.940    398.454   -459.740    -71.246    164.263    227.310
    -11.149     94.083    398.126   -460.195    -71.498    163.977    227.940
    -11.151     94.226    397.798   -460.651    -71.752    163.686    228.570
    -11.153     94.370    397.471   -461.109    -72.005    163.389    229.200
    -11.155     94.514    397.145   -461.568    -72.259    163.086    229.830
    -11.157     94.659    396.819   -462.028    -72.514    162.778    230.460
    -11.159     94.804    396.494   -462.490    -72.768    162.464    231.089
    -11.161     94.950    396.169   -462.953    -73.023    162.144    231.717
    -11.163     95.097    395.845   -463.417    -73.278    161.818    232.346
    -11.165     95.243    395.522   -463.882    -73.534    161.487    232.973
    -11.167     95.391    395.199   -464.349    -73.789    161.149    233.600
    -11.169     95.539    394.877   -464.817    -74.045    160.806    234.226
    -11.171     95.687    394.556   -465.286    -74.301    160.458    234.852
    -11.173     95.836    394.235   -465.756    -74.557    160.103    235.476
    -11.175     95.985    393.915   -466.228    -74.813    159.742    236.100
    -11.177     96.135    393.596   -466.700    -75.070    159.376    236.722
    -11.179     96.285    393.278   -467.174    -75.326    159.003    237.343
    -11.181     96.436    392.960   -467.650    -75.582    158.624    237.963
    -11.183     96.588    392.643   -468.126    -75.839    158.240    238.582
    -11.185     96.740    392.327   -468.604    -76.095    157.850    239.200
    -11.187     96.892    392.012   -469.083    -76.351    157.453    239.816
    -11.189     97.045    391.697   -469.563    -76.607    157.051    240.430
    -11.191     97.199    391.384   -470.045    -76.863    156.642    241.043
    -11.193     97.353    391.071   -470.528    -77.119    156.228    241.654
    -11.195     97.507    390.759   -471.011    -77.374    155.807    242.263
    -11.197     97.662    390.448   -471.497    -77.629    155.381    242.871
    -11.199     97.818    390.137   -471.983    -77.884    154.948    243.476
    -11.201     97.974    389.828   -472.470    -78.139    154.510    244.079
    -11.203     98.130    389.519   -472.959    -78.393    154.065    244.681
    -11.205     98.287    389.212   -473.449    -78.647    153.615    245.279
    -11.207     98.445    388.905   -473.940    -78.901    153.158    245.876
    -11.209     98.603    388.599   -474.433    -79.154    152.696    246.470
    -11.211     98.761    388.294   -474.926    -79.406    152.228    247.062
    -11.213     98.920    387.990   -475.421    -79.658    151.753    247.651
    -11.215     99.080    387.687   -475.917    -79.910    151.273    248.237
    -11.217     99.240    387.385   -476.414    -80.161    150.787    248.820
    -11.219     99.401    387.084   -476.912    -80.411    150.294    249.401
    -11.221     99.562    386.784   -477.411    -80.661    149.796    249.978
    -11.223     99.723    386.485   -477.912    -80.910    149.292    250.553
    -11.225     99.885    386.187   -478.414    -81.158    148.783    251.124
    -11.227    100.048    385.890   -478.916    -81.405    148.267    251.692
    -11.229    100.211    385.594   -479.420    -81.651    147.746    252.257
    -11.231    100.374    385.299   -479.926    -81.897    147.219    252.818
    -11.233    100.538    385.005   -480.432    -82.142    146.687    253.376
    -11.235    100.703    384.712   -480.939    -82.386    146.148    253.930
    -11.237    100.868    384.420   -481.447    -82.629    145.605    254.480
    -11.239    101.034    384.130   -481.957    -82.870    145.055    255.026
    -11.241    101.199    383.840   -482.468    -83.111    144.500    255.569
    -11.243    101.366    383.552   -482.979    -83.351    143.940    256.108
    -11.245    101.533    383.264   -483.492    -83.589    143.375    256.642
    -11.247    101.700    382.978   -484.006    -83.827    142.804    257.172
    -11.249    101.868    382.693   -484.521    -84.063    142.227    257.698
    -11.251    102.037    382.409   -485.037    -84.298    141.646    258.220
    -11.253    102.205    382.126   -485.554    -84.532    141.059    258.737
    -11.255    102.375    381.845   -486.072    -84.764    140.468    259.250
    -11.257    102.544    381.565   -486.591    -84.995    139.871    259.759
    -11.259    102.715    381.285   -487.111    -85.224    139.269    260.262
    -11.261    102.885    381.007   -487.632    -85.453    138.663    260.761
    -11.263    103.056    380.731   -488.154    -85.679    138.051    261.255
    -11.265    103.228    380.455   -488.677    -85.905    137.435    261.744
    -11.267    103.400    380.181   -489.201    -86.128    136.815    262.228
    -11.269    103.573    379.908   -489.725    -86.350    136.189    262.707
    -11.271    103.745    379.636   -490.251    -86.571    135.560    263.181
    -11.273    103.919    379.366   -490.778    -86.790    134.926    263.650
    -11.275    104.093    379.097   -491.306    -87.007    134.287    264.114
    -11.277    104.267    378.829   -491.835    -87.223    133.644    264.572
    -11.279    104.442    378.562   -492.364    -87.436    132.998    265.025
    -11.281    104.617    378.297   -492.895    -87.648    132.347    265.472
    -11.283    104.792    378.033   -493.426    -87.859    131.692    265.914
    -11.285    104.968    377.770   -493.958    -88.067    131.033    266.350
    -11.287    105.144    377.509   -494.492    -88.273    130.371    266.781
    -11.289    105.321    377.248   -495.026    -88.478    129.705    267.206
    -11.291    105.498    376.990   -495.560    -88.681    129.035    267.626
    -11.293    105.676    376.732   -496.096    -88.882    128.362    268.039
    -11.295    105.854    376.476   -496.632    -89.080    127.686    268.447
    -11.297    106.032    376.222   -497.170    -89.277    127.006    268.849
    -11.299    106.211    375.968   -497.708    -89.472    126.323    269.245
    -11.301    106.390    375.716   -498.247    -89.665    125.638    269.635
    -11.303    106.570    375.466   -498.786    -89.856    124.949    270.019
    -11.305    106.750    375.216   -499.327    -90.044    124.257    270.397
    -11.307    106.930    374.969   -499.868    -90.231    123.563    270.770
    -11.309    107.110    374.722   -500.410    -90.415    122.866    271.136
    -11.311    107.291    374.477   -500.953    -90.597    122.166    271.496
    -11.313    107.473    374.234   -501.496    -90.777    121.465    271.849
    -11.315    107.655    373.991   -502.040    -90.955    120.760    272.197
    -11.317    107.837    373.751   -502.585    -91.131    120.054    272.539
    -11.319    108.019    373.511   -503.130    -91.304    119.346    272.874
    -11.321    108.202    373.273   -503.676    -91.476    118.635    273.203
    -11.323    108.385    373.037   -504.223    -91.645    117.923    273.526
    -11.325    108.568    372.801   -504.770    -91.811    117.209    273.843
    -11.327    108.752    372.568   -505.318    -91.976    116.494    274.153
    -11.329    108.936    372.335   -505.867    -92.138    115.777    274.458
    -11.331    109.121    372.105   -506.416    -92.297    115.058    274.756
    -11.333    109.306    371.875   -506.966    -92.455    114.339    275.048
    -11.335    109.491    371.647   -507.516    -92.610    113.618    275.333
    -11.337    109.676    371.421   -508.067    -92.763    112.896    275.613
    -11.339    109.862    371.196   -508.619    -92.913    112.173    275.886
    -11.341    110.048    370.972   -509.171    -93.062    111.449    276.153
    -11.343    110.234    370.750   -509.723    -93.207    110.725    276.414
    -11.345    110.420    370.529   -510.276    -93.351    110.000    276.668
    -11.347    110.607    370.310   -510.830    -93.492    109.274    276.917
    -11.349    110.794    370.092   -511.384    -93.631    108.548    277.159
    -11.351    110.982    369.876   -511.939    -93.767    107.821    277.395
    -11.353    111.169    369.661   -512.494    -93.901    107.095    277.625
    -11.355    111.357    369.447   -513.049    -94.033    106.368    277.849
    -11.357    111.546    369.235   -513.605    -94.162    105.641    278.067
    -11.359    111.734    369.025   -514.161    -94.289    104.915    278.279
    -11.361    111.923    368.816   -514.718    -94.413    104.188    278.485
    -11.363    112.112    368.608   -515.275    -94.536    103.462    278.685
    -11.365    112.301    368.402   -515.833    -94.656    102.736    278.879
    -11.367    112.490    368.197   -516.391    -94.773    102.011    279.067
    -11.369    112.680    367.994   -516.949    -94.888    101.286    279.250
    -11.371    112.870    367.792   -517.508    -95.001    100.562    279.426
    -11.373    113.060    367.592   -518.067    -95.112     99.839    279.597
    -11.375    113.250    367.393   -518.626    -95.220     99.116    279.762
    -11.377    113.441    367.195   -519.186    -95.326     98.395    279.921
    -11.379    113.632    366.999   -519.746    -95.429     97.674    280.075
    -11.381    113.823    366.804   -520.306    -95.530     96.955    280.223
    -11.383    114.014    366.611   -520.867    -95.629     96.236    280.365
    -11.385    114.205    366.419   -521.428    -95.726     95.519    280.502
    -11.387    114.397    366.229   -521.989    -95.821     94.804    280.633
    -11.389    114.588    366.040   -522.550    -95.913     94.089    280.760
    -11.391    114.780    365.853   -523.112    -96.003     93.377    280.880
    -11.393    114.972    365.667   -523.674    -96.090     92.666    280.996
    -11.395    115.165    365.482   -524.236    -96.176     91.956    281.106
    -11.397    115.357    365.299   -524.798    -96.259     91.248    281.211
    -11.399    115.550    365.117   -525.361    -96.340     90.542    281.310
    -11.401    115.742    364.937   -525.923    -96.419     89.838    281.404
    -11.403    115.935    364.758   -526.486    -96.496     89.136    281.489
    -11.405    116.128    364.580   -527.049    -96.571     88.436    281.566
    -11.407    116.322    364.404   -527.612    -96.644     87.738    281.636
    -11.409    116.515    364.229   -528.176    -96.714     87.043    281.702
    -11.411    116.708    364.056   -528.739    -96.782     86.350    281.763
    -11.413    116.902    363.884   -529.303    -96.849     85.659    281.819
    -11.415    117.096    363.713   -529.867    -96.913     84.970    281.870
    -11.417    117.290    363.544   -530.430    -96.975     84.285    281.917
    -11.419    117.484    363.376   -530.994    -97.035     83.602    281.959
    -11.421    117.678    363.209   -531.558    -97.093     82.921    281.997
    -11.423    117.872    363.044   -532.122    -97.149     82.243    282.031
    -11.425    118.066    362.881   -532.686    -97.204     81.568    282.061
    -11.427    118.261    362.718   -533.250    -97.256     80.895    282.086
    -11.429    118.456    362.557   -533.815    -97.306     80.225    282.107
    -11.431    118.650    362.397   -534.379    -97.355     79.559    282.124
    -11.433    118.845    362.239   -534.943    -97.401     78.894    282.137
    -11.435    119.040    362.082   -535.507    -97.446     78.233    282.147
    -11.437    119.235    361.926   -536.072    -97.489     77.575    282.152
    -11.439    119.430    361.771   -536.636    -97.530     76.920    282.153
    -11.441    119.625    361.618   -537.200    -97.569     76.267    282.151
    -11.443    119.820    361.466   -537.765    -97.606     75.618    282.145
    -11.445    120.015    361.316   -538.329    -97.642     74.971    282.136
    -11.447    120.211    361.166   -538.893    -97.676     74.328    282.123
    -11.449    120.406    361.018   -539.457    -97.708     73.688    282.106
    -11.451    120.601    360.872   -540.022    -97.739     73.051    282.086
    -11.453    120.797    360.726   -540.586    -97.768     72.417    282.063
    -11.455    120.992    360.582   -541.150    -97.795     71.786    282.036
    -11.457    121.188    360.439   -541.714    -97.821     71.158    282.006
    -11.459    121.384    360.297   -542.278    -97.845     70.534    281.973
    -11.461    121.579    360.157   -542.842    -97.867     69.912    281.937
    -11.463    121.775    360.018   -543.406    -97.888     69.294    281.898
    -11.465    121.971    359.880   -543.969    -97.908     68.679    281.855
    -11.467    122.167    359.743   -544.533    -97.925     68.067    281.810
    -11.469    122.363    359.607   -545.097    -97.942     67.459    281.762
    -11.471    122.559    359.473   -545.660    -97.957     66.854    281.711
    -11.473    122.755    359.340   -546.223    -97.970     66.252    281.657
    -11.475    122.950    359.208   -546.787    -97.982     65.653    281.601
    -11.477    123.146    359.077   -547.350    -97.993     65.058    281.542
    -11.479    123.342    358.948   -547.913    -98.002     64.466    281.480
    -11.481    123.538    358.819   -548.476    -98.010     63.877    281.415
    -11.483    123.734    358.692   -549.038    -98.016     63.291    281.349
    -11.485    123.931    358.566   -549.601    -98.021     62.709    281.279
    -11.487    124.127    358.441   -550.164    -98.025     62.130    281.208
    -11.489    124.323    358.318   -550.726    -98.027     61.554    281.134
    -11.491    124.519    358.195   -551.288    -98.029     60.982    281.057
    -11.493    124.715    358.074   -551.850    -98.029     60.413    280.979
    -11.495    124.911    357.954   -552.412    -98.027     59.847    280.898
    -11.497    125.107    357.834   -552.974    -98.025     59.285    280.815
    -11.499    125.303    357.716   -553.535    -98.021     58.725    280.730
    -11.501    125.499    357.600   -554.097    -98.016     58.169    280.643
    -11.503    125.695    357.484   -554.658    -98.010     57.617    280.554
    -11.505    125.891    357.369   -555.219    -98.003     57.068    280.463
    -11.507    126.087    357.255   -555.780    -97.995     56.521    280.370
    -11.509    126.283    357.143   -556.340    -97.985     55.979    280.276
    -11.511    126.479    357.032   -556.901    -97.975     55.439    280.179
    -11.513    126.675    356.921   -557.461    -97.963     54.903    280.081
    -11.515    126.871    356.812   -558.021    -97.951     54.370    279.981
    -11.517    127.067    356.704   -558.581    -97.937     53.840    279.879
    -11.519    127.263    356.597   -559.141    -97.922     53.313    279.776
    -11.521    127.458    356.490   -559.700    -97.907     52.790    279.671
    -11.523    127.654    356.385   -560.259    -97.890     52.270    279.564
    -11.525    127.850    356.281   -560.818    -97.872     51.753    279.456
    -11.527    128.046    356.178   -561.377    -97.854     51.239    279.347
    -11.529    128.241    356.076   -561.936    -97.834     50.729    279.236
    -11.531    128.437    355.975   -562.494    -97.814     50.221    279.123
    -11.533    128.633    355.876   -563.052    -97.792     49.717    279.010
    -11.535    128.828    355.777   -563.610    -97.770     49.216    278.895
    -11.537    129.024    355.679   -564.168    -97.747     48.718    278.778
    -11.539    129.219    355.582   -564.725    -97.723     48.223    278.661
    -11.541    129.415    355.486   -565.282    -97.698     47.732    278.542
    -11.543    129.610    355.391   -565.839    -97.672     47.243    278.422
    -11.545    129.805    355.297   -566.396    -97.646     46.757    278.301
    -11.547    130.000    355.204   -566.953    -97.619     46.275    278.179
    -11.549    130.196    355.112   -567.509    -97.591     45.796    278.056
    -11.551    130.391    355.021   -568.065    -97.562     45.319    277.931
    -11.553    130.586    354.930   -568.621    -97.532     44.846    277.806
    -11.555    130.781    354.841   -569.176    -97.502     44.375    277.680
    -11.557    130.976    354.753   -569.731    -97.471     43.908    277.553
    -11.559    131.171    354.666   -570.286    -97.439     43.444    277.424
    -11.561    131.366    354.579   -570.841    -97.406     42.982    277.295
    -11.563    131.560    354.494   -571.395    -97.373     42.524    277.165
    -11.565    131.755    354.409   -571.950    -97.339     42.068    277.035
    -11.567    131.950    354.325   -572.504    -97.305     41.615    276.903
    -11.569    132.144    354.243   -573.057    -97.269     41.166    276.771
    -11.571    132.339    354.161   -573.611    -97.234     40.719    276.638
    -11.573    132.533    354.080   -574.164    -97.197     40.275    276.504
    -11.575    132.728    354.000   -574.717    -97.160     39.833    276.370
    -11.577    132.922    353.920   -575.269    -97.122     39.395    276.235
    -11.579    133.116    353.842   -575.822    -97.084     38.960    276.099
    -11.581    133.310    353.765   -576.374    -97.045     38.527    275.963
    -11.583    133.504    353.688   -576.925    -97.005     38.097    275.826
    -11.585    133.698    353.612   -577.477    -96.965     37.670    275.688
    -11.587    133.892    353.537   -578.028    -96.925     37.245    275.550
    -11.589    134.086    353.463   -578.579    -96.884     36.823    275.412
    -11.591    134.280    353.390   -579.130    -96.842     36.404    275.273
    -11.593    134.473    353.318   -579.680    -96.800     35.988    275.133
    -11.595    134.667    353.246   -580.230    -96.757     35.574    274.993
    -11.597    134.860    353.175   -580.780    -96.714     35.163    274.853
    -11.599    135.054    353.105   -581.330    -96.670     34.755    274.712
    -11.601    135.247    353.036   -581.879    -96.626     34.349    274.571
    -11.603    135.440    352.968   -582.428    -96.581     33.946    274.429
    -11.605    135.633    352.900   -582.977    -96.536     33.545    274.287
    -11.607    135.826    352.834   -583.525    -96.490     33.147    274.145
    -11.609    136.019    352.768   -584.073    -96.444     32.752    274.003
    -11.611    136.212    352.703   -584.621    -96.398     32.359    273.860
    -11.613    136.405    352.638   -585.169    -96.351     31.968    273.717
    -11.615    136.598    352.575   -585.716    -96.304     31.580    273.573
    -11.617    136.790    352.512   -586.263    -96.256     31.195    273.430
    -11.619    136.983    352.450   -586.810    -96.208     30.812    273.286
    -11.621    137.175    352.389   -587.356    -96.159     30.431    273.142
    -11.623    137.367    352.328   -587.902    -96.110     30.053    272.998
    -11.625    137.559    352.269   -588.448    -96.061     29.677    272.853
    -11.627    137.752    352.210   -588.994    -96.011     29.304    272.709
    -11.629    137.944    352.151   -589.539    -95.961     28.933    272.564
    -11.631    138.135    352.094   -590.084    -95.910     28.564    272.419
    -11.633    138.327    352.037   -590.629    -95.860     28.198    272.274
    -11.635    138.519    351.981   -591.173    -95.809     27.834    272.129
    -11.637    138.710    351.926   -591.717    -95.757     27.472    271.984
    -11.639    138.902    351.871   -592.261    -95.705     27.113    271.839
    -11.641    139.093    351.817   -592.805    -95.653     26.756    271.694
    -11.643    139.284    351.764   -593.348    -95.601     26.401    271.549
    -11.645    139.476    351.712   -593.891    -95.548     26.048    271.403
    -11.647    139.667    351.660   -594.434    -95.495     25.698    271.258
    -11.649    139.858    351.609   -594.976    -95.441     25.350    271.113
    -11.651    140.048    351.559   -595.518    -95.388     25.004    270.967
    -11.653    140.239    351.509   -596.060    -95.334     24.660    270.822
    -11.655    140.430    351.460   -596.601    -95.280     24.318    270.677
    -11.657    140.620    351.412   -597.142    -95.225     23.978    270.532
    -11.659    140.811    351.364   -597.683    -95.170     23.641    270.387
    -11.661    141.001    351.317   -598.224    -95.115     23.306    270.241
    -11.663    141.191    351.271   -598.764    -95.060     22.972    270.096
    -11.665    141.381    351.225   -599.304    -95.004     22.641    269.952
    -11.667    141.571    351.180   -599.844    -94.949     22.312    269.807
    -11.669    141.761    351.136   -600.384    -94.893     21.985    269.662
    -11.671    141.951    351.092   -600.923    -94.836     21.660    269.517
    -11.673    142.140    351.049   -601.462    -94.780     21.337    269.373
    -11.675    142.330    351.007   -602.000    -94.723     21.016    269.229
    -11.677    142.519    350.965   -602.539    -94.666     20.697    269.085
    -11.679    142.708    350.924   -603.077    -94.609     20.380    268.940
    -11.681    142.898    350.884   -603.614    -94.552     20.064    268.797
    -11.683    143.087    350.844   -604.152    -94.494     19.751    268.653
    -11.685    143.276    350.805   -604.689    -94.436     19.440    268.509
    -11.687    143.464    350.766   -605.226    -94.378     19.130    268.366
    -11.689    143.653    350.728   -605.762    -94.320     18.823    268.223
    -11.691    143.842    350.691   -606.299    -94.262     18.517    268.080
    -11.693    144.030    350.654   -606.835    -94.203     18.213    267.937
    -11.695    144.219    350.618   -607.370    -94.145     17.911    267.795
    -11.697    144.407    350.582   -607.906    -94.086     17.611    267.652
    -11.699    144.595    350.548   -608.441    -94.027     17.313    267.510
    -11.701    144.783    350.513   -608.976    -93.967     17.016    267.369
    -11.703    144.971    350.479   -609.511    -93.908     16.721    267.227
    -11.705    145.159    350.446   -610.045    -93.848     16.428    267.086
    -11.707    145.346    350.414   -610.579    -93.789     16.137    266.945
    -11.709    145.534    350.382   -611.113    -93.729     15.847    266.804
    -11.711    145.721    350.350   -611.646    -93.669     15.560    266.663
    -11.713    145.908    350.320   -612.179    -93.609     15.274    266.523
    -11.715    146.095    350.289   -612.712    -93.548     14.989    266.383
    -11.717    146.283    350.260   -613.245    -93.488     14.706    266.243
    -11.719    146.469    350.230   -613.777    -93.427     14.425    266.104
    -11.721    146.656    350.202   -614.309    -93.367     14.146    265.965
    -11.723    146.843    350.174   -614.841    -93.306     13.868    265.826
    -11.725    147.029    350.146   -615.373    -93.245     13.592    265.687
    -11.727    147.216    350.119   -615.904    -93.184     13.318    265.549
    -11.729    147.402    350.093   -616.435    -93.123     13.045    265.411
    -11.731    147.588    350.067   -616.965    -93.061     12.774    265.274
    -11.733    147.774    350.042   -617.496    -93.000     12.504    265.136
    -11.735    147.960    350.017   -618.026    -92.938     12.236    264.999
    -11.737    148.146    349.993   -618.556    -92.877     11.969    264.863
    -11.739    148.332    349.969   -619.085    -92.815     11.704    264.726
    -11.741    148.517    349.946   -619.615    -92.753     11.441    264.591
    -11.743    148.703    349.924   -620.144    -92.691     11.179    264.455
    -11.745    148.888    349.902   -620.673    -92.629     10.918    264.320
    -11.747    149.073    349.880   -621.201    -92.567     10.659    264.185
    -11.749    149.258    349.859   -621.729    -92.505     10.402    264.050
    -11.751    149.443    349.838   -622.257    -92.442     10.146    263.916
    -11.753    149.628    349.818   -622.785    -92.380      9.891    263.782
    -11.755    149.813    349.799   -623.312    -92.317      9.638    263.649
    -11.757    149.998    349.780   -623.840    -92.255      9.386    263.516
    -11.759    150.182    349.761   -624.366    -92.192      9.136    263.383
    -11.761    150.366    349.743   -624.893    -92.129      8.887    263.251
    -11.763    150.550    349.726   -625.419    -92.066      8.639    263.119
    -11.765    150.735    349.709   -625.946    -92.004      8.393    262.987
    -11.767    150.919    349.692   -626.471    -91.941      8.149    262.856
    -11.769    151.102    349.676   -626.997    -91.878      7.905    262.725
    -11.771    151.286    349.661   -627.522    -91.814      7.663    262.595
    -11.773    151.470    349.645   -628.047    -91.751      7.423    262.465
    -11.775    151.653    349.631   -628.572    -91.688      7.183    262.335
    -11.777    151.836    349.617   -629.097    -91.625      6.945    262.206
    -11.779    152.020    349.603   -629.621    -91.561      6.709    262.077
    -11.781    152.203    349.590   -630.145    -91.498      6.473    261.948
    -11.783    152.386    349.577   -630.669    -91.434      6.239    261.820
    -11.785    152.568    349.565   -631.192    -91.371      6.006    261.692
    -11.787    152.751    349.553   -631.716    -91.307      5.775    261.565
    -11.789    152.934    349.542   -632.239    -91.244      5.545    261.438
    -11.791    153.116    349.531   -632.761    -91.180      5.316    261.312
    -11.793    153.298    349.521   -633.284    -91.116      5.088    261.186
    -11.795    153.480    349.511   -633.806    -91.052      4.861    261.060
    -11.797    153.662    349.501   -634.328    -90.989      4.636    260.935
    -11.799    153.844    349.492   -634.850    -90.925      4.412    260.810
    -11.801    154.026    349.483   -635.371    -90.861      4.189    260.686
    -11.803    154.208    349.475   -635.893    -90.797      3.967    260.562
    -11.805    154.389    349.468   -636.414    -90.733      3.747    260.438
    -11.807    154.571    349.460   -636.934    -90.669      3.527    260.315
    -11.809    154.752    349.453   -637.455    -90.605      3.309    260.192
    -11.811    154.933    349.447   -637.975    -90.541      3.092    260.070
    -11.813    155.114    349.441   -638.495    -90.477      2.876    259.948
    -11.815    155.295    349.436   -639.015    -90.412      2.662    259.826
    -11.817    155.476    349.430   -639.534    -90.348      2.448    259.705
    -11.819    155.656    349.426   -640.054    -90.284      2.235    259.585
    -11.821    155.837    349.421   -640.573    -90.220      2.024    259.464
    -11.823    156.017    349.418   -641.092    -90.155      1.814    259.345
    -11.825    156.198    349.414   -641.610    -90.091      1.604    259.225
    -11.827    156.378    349.411   -642.128    -90.027      1.396    259.106
    -11.829    156.558    349.409   -642.647    -89.962      1.189    258.988
    -11.831    156.738    349.406   -643.164    -89.898      0.983    258.870
    -11.833    156.917    349.405   -643.682    -89.834      0.778    258.752
    -11.835    157.097    349.403   -644.199    -89.769      0.575    258.635
    -11.837    157.276    349.402   -644.717    -89.705      0.372    258.518
    -11.839    157.456    349.402   -645.233    -89.640      0.170    258.402
    -11.841    157.635    349.402   -645.750    -89.576     -0.031    258.286
    -11.843    157.814    349.402   -646.267    -89.511     -0.231    258.170
    -11.845    157.993    349.403   -646.783    -89.447     -0.429    258.055
    -11.847    158.172    349.404   -647.299    -89.382     -0.627    257.941
    -11.849    158.351    349.405   -647.815    -89.318     -0.824    257.826
    -11.851    158.529    349.407   -648.330    -89.253     -1.019    257.713
    -11.853    158.708    349.409   -648.845    -89.189     -1.214    257.599
    -11.855    158.886    349.412   -649.361    -89.124     -1.408    257.486
    -11.857    159.064    349.415   -649.875    -89.059     -1.601    257.374
    -11.859    159.242    349.418   -650.390    -88.995     -1.793    257.262
    -11.861    159.420    349.422   -650.904    -88.930     -1.984    257.150
    -11.863    159.598    349.426   -651.419    -88.866     -2.174    257.039
    -11.865    159.775    349.431   -651.933    -88.801     -2.363    256.928
    -11.867    159.953    349.436   -652.446    -88.736     -2.551    256.818
    -11.869    160.130    349.441   -652.960    -88.672     -2.738    256.708
    -11.871    160.308    349.447   -653.473    -88.607     -2.924    256.599
    -11.873    160.485    349.453   -653.986    -88.542     -3.110    256.490
    -11.875    160.662    349.459   -654.499    -88.478     -3.294    256.381
    -11.877    160.839    349.466   -655.012    -88.413     -3.478    256.273
    -11.879    161.016    349.473   -655.524    -88.348     -3.660    256.165
    -11.881    161.192    349.480   -656.036    -88.284     -3.842    256.058
    -11.883    161.369    349.488   -656.548    -88.219     -4.023    255.951
    -11.885    161.545    349.497   -657.060    -88.154     -4.203    255.844
    -11.887    161.721    349.505   -657.572    -88.090     -4.383    255.738
    -11.889    161.897    349.514   -658.083    -88.025     -4.561    255.633
    -11.891    162.073    349.523   -658.594    -87.960     -4.738    255.528
    -11.893    162.249    349.533   -659.105    -87.896     -4.915    255.423
    -11.895    162.425    349.543   -659.616    -87.831     -5.091    255.319
    -11.897    162.601    349.553   -660.127    -87.766     -5.266    255.215
    -11.899    162.776    349.564   -660.637    -87.702     -5.440    255.112
    -11.901    162.951    349.575   -661.147    -87.637     -5.614    255.009
    -11.903    163.127    349.587   -661.657    -87.572     -5.786    254.906
    -11.905    163.302    349.598   -662.167    -87.508     -5.958    254.804
    -11.907    163.477    349.610   -662.676    -87.443     -6.129    254.702
    -11.909    163.651    349.623   -663.185    -87.378     -6.299    254.601
    -11.911    163.826    349.636   -663.695    -87.314     -6.469    254.500
    -11.913    164.001    349.649   -664.203    -87.249     -6.637    254.400
    -11.915    164.175    349.662   -664.712    -87.184     -6.805    254.300
    -11.917    164.349    349.676   -665.221    -87.120     -6.972    254.200
    -11.919    164.524    349.690   -665.729    -87.055     -7.139    254.101
    -11.921    164.698    349.704   -666.237    -86.991     -7.304    254.002
    -11.923    164.872    349.719   -666.745    -86.926     -7.469    253.904
    -11.925    165.045    349.734   -667.253    -86.861     -7.633    253.806
    -11.927    165.219    349.750   -667.760    -86.797     -7.797    253.709
    -11.929    165.393    349.766   -668.268    -86.732     -7.959    253.612
    -11.931    165.566    349.782   -668.775    -86.668     -8.121    253.515
    -11.933    165.739    349.798   -669.282    -86.603     -8.282    253.419
    -11.935    165.912    349.815   -669.788    -86.538     -8.443    253.323
    -11.937    166.085    349.832   -670.295    -86.474     -8.602    253.228
    -11.939    166.258    349.849   -670.801    -86.409     -8.761    253.133
    -11.941    166.431    349.867   -671.307    -86.345     -8.920    253.038
    -11.943    166.604    349.885   -671.813    -86.280     -9.077    252.944
    -11.945    166.776    349.903   -672.319    -86.216     -9.234    252.850
    -11.947    166.948    349.922   -672.825    -86.151     -9.391    252.757
    -11.949    167.121    349.941   -673.330    -86.087     -9.546    252.664
    -11.951    167.293    349.960   -673.835    -86.022     -9.701    252.572
    -11.953    167.465    349.979   -674.341    -85.958     -9.855    252.480
    -11.955    167.637    349.999   -674.845    -85.893    -10.009    252.388
    -11.957    167.808    350.020   -675.350    -85.829    -10.162    252.297
    -11.959    167.980    350.040   -675.855    -85.764    -10.314    252.206
    -11.961    168.151    350.061   -676.359    -85.700    -10.466    252.116
    -11.963    168.323    350.082   -676.863    -85.635    -10.617    252.026
    -11.965    168.494    350.103   -677.367    -85.571    -10.767    251.936
    -11.967    168.665    350.125   -677.871    -85.507    -10.917    251.847
    -11.969    168.836    350.147   -678.374    -85.442    -11.066    251.758
    -11.971    169.007    350.169   -678.878    -85.378    -11.214    251.670
    -11.973    169.177    350.192   -679.381    -85.313    -11.362    251.582
    -11.975    169.348    350.215   -679.884    -85.249    -11.509    251.495
    -11.977    169.518    350.238   -680.387    -85.185    -11.656    251.407
    -11.979    169.689    350.261   -680.890    -85.120    -11.802    251.321
    -11.981    169.859    350.285   -681.392    -85.056    -11.947    251.234
    -11.983    170.029    350.309   -681.895    -84.992    -12.092    251.149
    -11.985    170.199    350.333   -682.397    -84.927    -12.236    251.063
    -11.987    170.369    350.358   -682.899    -84.863    -12.380    250.978
    -11.989    170.538    350.383   -683.401    -84.799    -12.523    250.893
    -11.991    170.708    350.408   -683.903    -84.735    -12.665    250.809
    -11.993    170.877    350.434   -684.404    -84.670    -12.807    250.725
    -11.995    171.047    350.459   -684.905    -84.606    -12.948    250.641
    -11.997    171.216    350.485   -685.407    -84.542    -13.089    250.558
    -11.999    171.385    350.512   -685.908    -84.478    -13.229    250.475
    -12.001    171.554    350.538   -686.409    -84.414    -13.369    250.393
    -12.003    171.722    350.565   -686.909    -84.349    -13.507    250.311
    -12.005    171.891    350.592   -687.410    -84.285    -13.646    250.230
    -12.007    172.060    350.620   -687.910    -84.221    -13.784    250.148
    -12.009    172.228    350.647   -688.410    -84.157    -13.921    250.068
    -12.011    172.396    350.675   -688.910    -84.093    -14.058    249.987
    -12.013    172.564    350.704   -689.410    -84.029    -14.194    249.907
    -12.015    172.732    350.732   -689.910    -83.965    -14.330    249.828
    -12.017    172.900    350.761   -690.410    -83.901    -14.465    249.748
    -12.019    173.068    350.790   -690.909    -83.836    -14.600    249.669
    -12.021    173.236    350.819   -691.408    -83.772    -14.734    249.591
    -12.023    173.403    350.849   -691.907    -83.708    -14.867    249.513
    -12.025    173.570    350.879   -692.406    -83.644    -15.001    249.435
    -12.027    173.738    350.909   -692.905    -83.580    -15.133    249.358
    -12.029    173.905    350.939   -693.404    -83.516    -15.265    249.281
    -12.031    174.072    350.970   -693.902    -83.452    -15.397    249.204
    -12.033    174.238    351.001   -694.401    -83.388    -15.528    249.128
    -12.035    174.405    351.032   -694.899    -83.324    -15.658    249.052
    -12.037    174.572    351.064   -695.397    -83.260    -15.788    248.977
    -12.039    174.738    351.095   -695.895    -83.196    -15.918    248.902
    -12.041    174.905    351.127   -696.392    -83.133    -16.047    248.827
    -12.043    175.071    351.160   -696.890    -83.069    -16.176    248.753
    -12.045    175.237    351.192   -697.387    -83.005    -16.304    248.679
    -12.047    175.403    351.225   -697.885    -82.941    -16.432    248.605
    -12.049    175.569    351.258   -698.382    -82.877    -16.559    248.532
    -12.051    175.734    351.291   -698.879    -82.813    -16.685    248.459
    -12.053    175.900    351.324   -699.376    -82.749    -16.812    248.387
    -12.055    176.065    351.358   -699.872    -82.685    -16.937    248.315
    -12.057    176.231    351.392   -700.369    -82.622    -17.063    248.243
    -12.059    176.396    351.426   -700.865    -82.558    -17.187    248.172
    -12.061    176.561    351.461   -701.362    -82.494    -17.312    248.101
    -12.063    176.726    351.496   -701.858    -82.430    -17.436    248.030
    -12.065    176.891    351.531   -702.354    -82.366    -17.559    247.960
    -12.067    177.055    351.566   -702.850    -82.303    -17.682    247.890
    -12.069    177.220    351.601   -703.345    -82.239    -17.805    247.820
    -12.071    177.384    351.637   -703.841    -82.175    -17.927    247.751
    -12.073    177.548    351.673   -704.336    -82.111    -18.049    247.682
    -12.075    177.713    351.709   -704.832    -82.048    -18.170    247.614
    -12.077    177.877    351.746   -705.327    -81.984    -18.291    247.546
    -12.079    178.041    351.783   -705.822    -81.920    -18.411    247.478
    -12.081    178.204    351.819   -706.317    -81.857    -18.531    247.410
    -12.083    178.368    351.857   -706.811    -81.793    -18.651    247.343
    -12.085    178.532    351.894   -707.306    -81.729    -18.770    247.277
    -12.087    178.695    351.932   -707.801    -81.666    -18.889    247.210
    -12.089    178.858    351.970   -708.295    -81.602    -19.007    247.144
    -12.091    179.021    352.008   -708.789    -81.538    -19.125    247.079
    -12.093    179.184    352.046   -709.283    -81.475    -19.242    247.013
    -12.095    179.347    352.085   -709.777    -81.411    -19.360    246.948
    -12.097    179.510    352.124   -710.271    -81.348    -19.476    246.884
    -12.099    179.673    352.163   -710.765    -81.284    -19.593    246.819
    -12.101    179.835    352.202   -711.258    -81.220    -19.708    246.756
    -12.103    179.997    352.241   -711.752    -81.157    -19.824    246.692
    -12.105    180.160    352.281   -712.245    -81.093    -19.939    246.629
    -12.107    180.322    352.321   -712.738    -81.030    -20.054    246.566
    -12.109    180.484    352.361   -713.231    -80.966    -20.168    246.503
    -12.111    180.646    352.402   -713.724    -80.903    -20.282    246.441
    -12.113    180.807    352.443   -714.217    -80.839    -20.396    246.379
    -12.115    180.969    352.483   -714.710    -80.776    -20.509    246.318
    -12.117    181.131    352.525   -715.202    -80.712    -20.622    246.256
    -12.119    181.292    352.566   -715.695    -80.649    -20.734    246.196
    -12.121    181.453    352.608   -716.187    -80.585    -20.846    246.135
    -12.123    181.614    352.649   -716.679    -80.522    -20.958    246.075
    -12.125    181.775    352.691   -717.171    -80.458    -21.069    246.015
    -12.127    181.936    352.734   -717.663    -80.395    -21.180    245.956
    -12.129    182.097    352.776   -718.155    -80.331    -21.291    245.896
    -12.131    182.257    352.819   -718.647    -80.268    -21.401    245.837
    -12.133    182.418    352.862   -719.139    -80.204    -21.511    245.779
    -12.135    182.578    352.905   -719.630    -80.141    -21.620    245.721
    -12.137    182.738    352.948   -720.122    -80.078    -21.729    245.663
    -12.139    182.899    352.992   -720.613    -80.014    -21.838    245.605
    -12.141    183.059    353.036   -721.104    -79.951    -21.947    245.548
    -12.143    183.218    353.080   -721.595    -79.887    -22.055    245.491
    -12.145    183.378    353.124   -722.086    -79.824    -22.163    245.435
    -12.147    183.538    353.168   -722.577    -79.761    -22.270    245.378
    -12.149    183.697    353.213   -723.067    -79.697    -22.377    245.322
    -12.151    183.856    353.258   -723.558    -79.634    -22.484    245.267
    -12.153    184.016    353.303   -724.048    -79.571    -22.590    245.211
    -12.155    184.175    353.348   -724.539    -79.507    -22.696    245.156
    -12.157    184.334    353.394   -725.029    -79.444    -22.802    245.102
    -12.159    184.492    353.439   -725.519    -79.380    -22.908    245.048
    -12.161    184.651    353.485   -726.009    -79.317    -23.013    244.993
    -12.163    184.810    353.531   -726.499    -79.254    -23.118    244.940
    -12.165    184.968    353.578   -726.989    -79.190    -23.222    244.886
    -12.167    185.127    353.624   -727.479    -79.127    -23.326    244.833
    -12.169    185.285    353.671   -727.968    -79.064    -23.430    244.781
    -12.171    185.443    353.718   -728.458    -79.001    -23.534    244.728
    -12.173    185.601    353.765   -728.947    -78.937    -23.637    244.676
    -12.175    185.759    353.812   -729.437    -78.874    -23.740    244.624
    -12.177    185.916    353.860   -729.926    -78.811    -23.842    244.573
    -12.179    186.074    353.908   -730.415    -78.747    -23.945    244.521
    -12.181    186.231    353.956   -730.904    -78.684    -24.047    244.470
    -12.183    186.389    354.004   -731.393    -78.621    -24.148    244.420
    -12.185    186.546    354.052   -731.882    -78.558    -24.250    244.370
    -12.187    186.703    354.101   -732.370    -78.494    -24.351    244.320
    -12.189    186.860    354.150   -732.859    -78.431    -24.451    244.270
    -12.191    187.016    354.199   -733.347    -78.368    -24.552    244.221
    -12.193    187.173    354.248   -733.836    -78.304    -24.652    244.171
    -12.195    187.330    354.297   -734.324    -78.241    -24.752    244.123
    -12.197    187.486    354.347   -734.812    -78.178    -24.852    244.074
    -12.199    187.642    354.397   -735.300    -78.115    -24.951    244.026
    -12.201    187.799    354.447   -735.788    -78.051    -25.050    243.978
    -12.203    187.955    354.497   -736.276    -77.988    -25.149    243.931
    -12.205    188.111    354.547   -736.764    -77.925    -25.247    243.883
    -12.207    188.266    354.598   -737.252    -77.862    -25.345    243.836
    -12.209    188.422    354.649   -737.739    -77.798    -25.443    243.790
    -12.211    188.577    354.700   -738.227    -77.735    -25.541    243.743
    -12.213    188.733    354.751   -738.714    -77.672    -25.638    243.697
    -12.215    188.888    354.802   -739.202    -77.609    -25.735    243.651
    -12.217    189.043    354.854   -739.689    -77.545    -25.832    243.606
    -12.219    189.198    354.906   -740.176    -77.482    -25.929    243.561
    -12.221    189.353    354.958   -740.663    -77.419    -26.025    243.516
    -12.223    189.508    355.010   -741.150    -77.356    -26.121    243.471
    -12.225    189.663    355.062   -741.637    -77.292    -26.217    243.427
    -12.227    189.817    355.115   -742.124    -77.229    -26.312    243.383
    -12.229    189.972    355.167   -742.611    -77.166    -26.407    243.339
    -12.231    190.126    355.220   -743.097    -77.103    -26.502    243.295
    -12.233    190.280    355.273   -743.584    -77.039    -26.597    243.252
    -12.235    190.434    355.327   -744.070    -76.976    -26.691    243.209
    -12.237    190.588    355.380   -744.557    -76.913    -26.786    243.166
    -12.239    190.742    355.434   -745.043    -76.850    -26.879    243.124
    -12.241    190.895    355.488   -745.529    -76.786    -26.973    243.082
    -12.243    191.049    355.542   -746.015    -76.723    -27.067    243.040
    -12.245    191.202    355.596   -746.501    -76.660    -27.160    242.999
    -12.247    191.355    355.650   -746.987    -76.596    -27.253    242.957
    -12.249    191.509    355.705   -747.473    -76.533    -27.345    242.916
    -12.251    191.662    355.760   -747.959    -76.470    -27.438    242.876
    -12.253    191.814    355.815   -748.445    -76.407    -27.530    242.835
    -12.255    191.967    355.870   -748.930    -76.343    -27.622    242.795
    -12.257    192.120    355.925   -749.416    -76.280    -27.714    242.755
    -12.259    192.272    355.981   -749.901    -76.217    -27.805    242.716
    -12.261    192.425    356.036   -750.387    -76.153    -27.896    242.676
    -12.263    192.577    356.092   -750.872    -76.090    -27.987    242.637
    -12.265    192.729    356.148   -751.357    -76.027    -28.078    242.599
    -12.267    192.881    356.205   -751.842    -75.964    -28.169    242.560
    -12.269    193.033    356.261   -752.327    -75.900    -28.259    242.522
    -12.271    193.185    356.318   -752.812    -75.837    -28.349    242.484
    -12.273    193.336    356.374   -753.297    -75.774    -28.439    242.446
    -12.275    193.488    356.431   -753.782    -75.710    -28.529    242.409
    -12.277    193.639    356.489   -754.267    -75.647    -28.618    242.372
    -12.279    193.790    356.546   -754.752    -75.584    -28.707    242.335
    -12.281    193.941    356.603   -755.236    -75.520    -28.796    242.298
    -12.283    194.092    356.661   -755.721    -75.457    -28.885    242.262
    -12.285    194.243    356.719   -756.205    -75.394    -28.974    242.226
    -12.287    194.394    356.777   -756.690    -75.330    -29.062    242.190
    -12.289    194.545    356.835   -757.174    -75.267    -29.150    242.154
    -12.291    194.695    356.894   -757.658    -75.203    -29.238    242.119
    -12.293    194.845    356.952   -758.143    -75.140    -29.326    242.084
    -12.295    194.996    357.011   -758.627    -75.077    -29.413    242.049
    -12.297    195.146    357.070   -759.111    -75.013    -29.500    242.015
    -12.299    195.296    357.129   -759.595    -74.950    -29.587    241.980
    -12.301    195.446    357.188   -760.079    -74.886    -29.674    241.946
    -12.303    195.595    357.248   -760.563    -74.823    -29.761    241.913
    -12.305    195.745    357.307   -761.046    -74.760    -29.847    241.879
    -12.307    195.894    357.367   -761.530    -74.696    -29.933    241.846
    -12.309    196.044    357.427   -762.014    -74.633    -30.019    241.813
    -12.311    196.193    357.487   -762.497    -74.569    -30.105    241.780
    -12.313    196.342    357.547   -762.981    -74.506    -30.191    241.748
    -12.315    196.491    357.608   -763.464    -74.442    -30.276    241.716
    -12.317    196.640    357.668   -763.948    -74.379    -30.361    241.684
    -12.319    196.788    357.729   -764.431    -74.315    -30.446    241.652
    -12.321    196.937    357.790   -764.914    -74.252    -30.531    241.621
    -12.323    197.085    357.851   -765.398    -74.188    -30.616    241.589
    -12.325    197.234    357.913   -765.881    -74.125    -30.700    241.558
    -12.327    197.382    357.974   -766.364    -74.061    -30.784    241.528
    -12.329    197.530    358.036   -766.847    -73.998    -30.869    241.497
    -12.331    197.678    358.098   -767.330    -73.934    -30.952    241.467
    -12.333    197.826    358.160   -767.813    -73.870    -31.036    241.437
    -12.335    197.973    358.222   -768.296    -73.807    -31.120    241.407
    -12.337    198.121    358.284   -768.778    -73.743    -31.203    241.377
    -12.339    198.268    358.347   -769.261    -73.679    -31.286    241.347
    -12.341    198.416    358.409   -769.744    -73.615    -31.369    241.318
    -12.343    198.563    358.472   -770.226    -73.551    -31.452    241.289
    -12.345    198.710    358.535   -770.709    -73.488    -31.534    241.260
    -12.347    198.857    358.598   -771.191    -73.424    -31.617    241.232
    -12.349    199.003    358.661   -771.674    -73.360    -31.699    241.204
    -12.351    199.150    358.725   -772.156    -73.296    -31.781    241.176
    -12.353    199.297    358.789   -772.639    -73.233    -31.862    241.149
    -12.355    199.443    358.852   -773.121    -73.169    -31.944    241.122
    -12.357    199.589    358.916   -773.603    -73.105    -32.025    241.095
    -12.359    199.735    358.980   -774.085    -73.042    -32.106    241.069
    -12.361    199.882    359.045   -774.567    -72.978    -32.187    241.043
    -12.363    200.027    359.109   -775.049    -72.915    -32.267    241.017
    -12.365    200.173    359.174   -775.531    -72.851    -32.347    240.992
    -12.367    200.319    359.239   -776.013    -72.787    -32.428    240.967
    -12.369    200.464    359.304   -776.495    -72.724    -32.507    240.942
    -12.371    200.610    359.369   -776.977    -72.660    -32.587    240.918
    -12.373    200.755    359.434   -777.459    -72.597    -32.667    240.894
    -12.375    200.900    359.499   -777.941    -72.533    -32.746    240.870
    -12.377    201.045    359.565   -778.422    -72.470    -32.825    240.847
    -12.379    201.190    359.631   -778.904    -72.406    -32.904    240.824
    -12.381    201.335    359.697   -779.386    -72.343    -32.983    240.801
    -12.383    201.479    359.763   -779.867    -72.279    -33.061    240.779
    -12.385    201.624    359.829   -780.349    -72.216    -33.139    240.757
    -12.387    201.768    359.895   -780.830    -72.152    -33.218    240.735
    -12.389    201.912    359.962   -781.312    -72.089    -33.296    240.713
    -12.391    202.057    360.028   -781.793    -72.025    -33.373    240.692
    -12.393    202.201    360.095   -782.275    -71.962    -33.451    240.671
    -12.395    202.344    360.162   -782.756    -71.898    -33.528    240.651
    -12.397    202.488    360.229   -783.237    -71.835    -33.605    240.631
    -12.399    202.632    360.297   -783.718    -71.771    -33.682    240.611
    -12.401    202.775    360.364   -784.200    -71.708    -33.759    240.591
    -12.403    202.919    360.432   -784.681    -71.644    -33.836    240.572
    -12.405    203.062    360.499   -785.162    -71.581    -33.912    240.553
    -12.407    203.205    360.567   -785.643    -71.518    -33.988    240.534
    -12.409    203.348    360.635   -786.124    -71.454    -34.065    240.516
    -12.411    203.491    360.703   -786.605    -71.391    -34.140    240.498
    -12.413    203.633    360.772   -787.086    -71.327    -34.216    240.480
    -12.415    203.776    360.840   -787.567    -71.264    -34.292    240.462
    -12.417    203.918    360.909   -788.048    -71.200    -34.367    240.445
    -12.419    204.061    360.978   -788.529    -71.137    -34.442    240.428
    -12.421    204.203    361.047   -789.010    -71.074    -34.517    240.411
    -12.423    204.345    361.116   -789.490    -71.010    -34.592    240.395
    -12.425    204.487    361.185   -789.971    -70.947    -34.667    240.379
    -12.427    204.629    361.255   -790.452    -70.883    -34.741    240.363
    -12.429    204.771    361.324   -790.933    -70.820    -34.816    240.348
    -12.431    204.912    361.394   -791.413    -70.757    -34.890    240.333
    -12.433    205.054    361.464   -791.894    -70.693    -34.964    240.318
    -12.435    205.195    361.534   -792.375    -70.630    -35.038    240.303
    -12.437    205.336    361.604   -792.855    -70.566    -35.111    240.289
    -12.439    205.477    361.674   -793.336    -70.503    -35.185    240.275
    -12.441    205.618    361.745   -793.816    -70.439    -35.258    240.261
    -12.443    205.759    361.815   -794.297    -70.376    -35.332    240.248
    -12.445    205.900    361.886   -794.777    -70.313    -35.405    240.235
    -12.447    206.040    361.957   -795.258    -70.249    -35.478    240.222
    -12.449    206.181    362.028   -795.738    -70.186    -35.550    240.209
    -12.451    206.321    362.099   -796.219    -70.122    -35.623    240.197
    -12.453    206.461    362.170   -796.699    -70.059    -35.695    240.185
    -12.455    206.601    362.242   -797.179    -69.995    -35.768    240.173
    -12.457    206.741    362.313   -797.660    -69.932    -35.840    240.161
    -12.459    206.881    362.385   -798.140    -69.868    -35.912    240.150
    -12.461    207.021    362.457   -798.620    -69.805    -35.984    240.139
    -12.463    207.160    362.529   -799.100    -69.741    -36.055    240.128
    -12.465    207.300    362.601   -799.581    -69.678    -36.127    240.118
    -12.467    207.439    362.674   -800.061    -69.614    -36.198    240.108
    -12.469    207.578    362.746   -800.541    -69.551    -36.270    240.098
    -12.471    207.717    362.819   -801.021    -69.487    -36.341    240.088
    -12.473    207.856    362.891   -801.501    -69.424    -36.412    240.079
    -12.475    207.995    362.964   -801.982    -69.360    -36.482    240.070
    -12.477    208.133    363.037   -802.462    -69.297    -36.553    240.061
    -12.479    208.272    363.110   -802.942    -69.233    -36.624    240.053
    -12.481    208.410    363.184   -803.422    -69.170    -36.694    240.044
    -12.483    208.549    363.257   -803.902    -69.106    -36.764    240.036
    -12.485    208.687    363.331   -804.382    -69.043    -36.835    240.029
    -12.487    208.825    363.405   -804.862    -68.979    -36.905    240.021
    -12.489    208.963    363.478   -805.342    -68.915    -36.974    240.014
    -12.491    209.100    363.552   -805.822    -68.852    -37.044    240.007
    -12.493    209.238    363.627   -806.302    -68.788    -37.114    240.000
    -12.495    209.376    363.701   -806.782    -68.724    -37.183    239.994
    -12.497    209.513    363.775   -807.262    -68.661    -37.253    239.988
    -12.499    209.650    363.850   -807.742    -68.597    -37.322    239.982
    -12.501    209.787    363.925   -808.222    -68.533    -37.391    239.976
    -12.503    209.924    364.000   -808.702    -68.470    -37.460    239.971
    -12.505    210.061    364.074   -809.182    -68.406    -37.529    239.965
    -12.507    210.198    364.150   -809.662    -68.342    -37.598    239.960
    -12.509    210.335    364.225   -810.142    -68.278    -37.666    239.956
    -12.511    210.471    364.300   -810.622    -68.215    -37.735    239.951
    -12.513    210.607    364.376   -811.102    -68.151    -37.803    239.947
    -12.515    210.744    364.452   -811.582    -68.087    -37.871    239.943
    -12.517    210.880    364.527   -812.061    -68.023    -37.939    239.940
    -12.519    211.016    364.603   -812.541    -67.959    -38.007    239.936
    -12.521    211.152    364.679   -813.021    -67.895    -38.075    239.933
    -12.523    211.287    364.756   -813.501    -67.832    -38.143    239.930
    -12.525    211.423    364.832   -813.981    -67.768    -38.211    239.927
    -12.527    211.558    364.908   -814.461    -67.704    -38.278    239.925
    -12.529    211.694    364.985   -814.941    -67.640    -38.345    239.923
    -12.531    211.829    365.062   -815.420    -67.576    -38.413    239.921
    -12.533    211.964    365.139   -815.900    -67.512    -38.480    239.919
    -12.535    212.099    365.216   -816.380    -67.448    -38.547    239.918
    -12.537    212.234    365.293   -816.860    -67.384    -38.614    239.916
    -12.539    212.369    365.370   -817.340    -67.320    -38.681    239.915
    -12.541    212.503    365.448   -817.820    -67.256    -38.748    239.915
    -12.543    212.638    365.525   -818.299    -67.192    -38.814    239.914
    -12.545    212.772    365.603   -818.779    -67.128    -38.881    239.914
    -12.547    212.906    365.681   -819.259    -67.063    -38.947    239.914
    -12.549    213.040    365.759   -819.739    -66.999    -39.013    239.914
    -12.551    213.174    365.837   -820.219    -66.935    -39.080    239.914
    -12.553    213.308    365.915   -820.699    -66.871    -39.146    239.915
    -12.555    213.442    365.993   -821.178    -66.807    -39.212    239.916
    -12.557    213.575    366.072   -821.658    -66.742    -39.278    239.917
    -12.559    213.709    366.150   -822.138    -66.678    -39.343    239.919
    -12.561    213.842    366.229   -822.618    -66.614    -39.409    239.920
    -12.563    213.975    366.308   -823.098    -66.549    -39.475    239.922
    -12.565    214.108    366.387   -823.578    -66.485    -39.540    239.924
    -12.567    214.241    366.466   -824.057    -66.421    -39.605    239.926
    -12.569    214.374    366.545   -824.537    -66.356    -39.671    239.929
    -12.571    214.506    366.625   -825.017    -66.292    -39.736    239.932
    -12.573    214.639    366.704   -825.497    -66.227    -39.801    239.934
    -12.575    214.771    366.784   -825.977    -66.163    -39.866    239.938
    -12.577    214.904    366.864   -826.457    -66.098    -39.931    239.941
    -12.579    215.036    366.944   -826.937    -66.034    -39.996    239.945
    -12.581    215.168    367.024   -827.417    -65.969    -40.060    239.949
    -12.583    215.300    367.104   -827.896    -65.904    -40.125    239.953
    -12.585    215.431    367.184   -828.376    -65.840    -40.189    239.957
    -12.587    215.563    367.265   -828.856    -65.775    -40.254    239.961
    -12.589    215.694    367.345   -829.336    -65.710    -40.318    239.966
    -12.591    215.826    367.426   -829.816    -65.646    -40.382    239.971
    -12.593    215.957    367.507   -830.296    -65.581    -40.447    239.976
    -12.595    216.088    367.588   -830.776    -65.516    -40.511    239.982
    -12.597    216.219    367.669   -831.256    -65.451    -40.575    239.987
    -12.599    216.350    367.750   -831.736    -65.386    -40.639    239.993
    -12.601    216.481    367.832   -832.216    -65.321    -40.702    239.999
    -12.603    216.611    367.913   -832.696    -65.256    -40.766    240.006
    -12.605    216.742    367.995   -833.176    -65.191    -40.830    240.012
    -12.607    216.872    368.076   -833.656    -65.126    -40.893    240.019
    -12.609    217.002    368.158   -834.136    -65.061    -40.957    240.026
    -12.611    217.132    368.240   -834.616    -64.996    -41.020    240.033
    -12.613    217.262    368.322   -835.096    -64.931    -41.083    240.040
    -12.615    217.392    368.404   -835.576    -64.866    -41.147    240.048
    -12.617    217.522    368.487   -836.056    -64.801    -41.210    240.056
    -12.619    217.651    368.569   -836.537    -64.735    -41.273    240.064
    -12.621    217.781    368.652   -837.017    -64.670    -41.336    240.072
    -12.623    217.910    368.735   -837.497    -64.605    -41.399    240.080
    -12.625    218.039    368.818   -837.977    -64.539    -41.461    240.089
    -12.627    218.168    368.900   -838.457    -64.474    -41.524    240.098
    -12.629    218.297    368.984   -838.937    -64.409    -41.587    240.107
    -12.631    218.426    369.067   -839.418    -64.343    -41.649    240.116
    -12.633    218.554    369.150   -839.898    -64.278    -41.712    240.125
    -12.635    218.683    369.234   -840.378    -64.212    -41.774    240.135
    -12.637    218.811    369.317   -840.858    -64.146    -41.837    240.145
    -12.639    218.939    369.401   -841.339    -64.081    -41.899    240.155
    -12.641    219.067    369.485   -841.819    -64.015    -41.961    240.165
    -12.643    219.195    369.569   -842.299    -63.949    -42.023    240.176
    -12.645    219.323    369.653   -842.780    -63.884    -42.086    240.186
    -12.647    219.451    369.737   -843.260    -63.818    -42.148    240.197
    -12.649    219.578    369.822   -843.741    -63.752    -42.209    240.208
    -12.651    219.706    369.906   -844.221    -63.686    -42.271    240.219
    -12.653    219.833    369.991   -844.701    -63.620    -42.333    240.231
    -12.655    219.960    370.075   -845.182    -63.554    -42.395    240.243
    -12.657    220.087    370.160   -845.662    -63.488    -42.456    240.255
    -12.659    220.214    370.245   -846.143    -63.422    -42.518    240.267
    -12.661    220.341    370.330   -846.623    -63.356    -42.580    240.279
    -12.663    220.468    370.416   -847.104    -63.290    -42.641    240.291
    -12.665    220.594    370.501   -847.585    -63.224    -42.702    240.304
    -12.667    220.721    370.586   -848.065    -63.157    -42.764    240.317
    -12.669    220.847    370.672   -848.546    -63.091    -42.825    240.330
    -12.671    220.973    370.758   -849.027    -63.025    -42.886    240.343
    -12.673    221.099    370.843   -849.507    -62.958    -42.947    240.357
    -12.675    221.225    370.929   -849.988    -62.892    -43.008    240.370
    -12.677    221.351    371.016   -850.469    -62.825    -43.069    240.384
    -12.679    221.476    371.102   -850.950    -62.759    -43.130    240.398
    -12.681    221.602    371.188   -851.430    -62.692    -43.191    240.412
    -12.683    221.727    371.274   -851.911    -62.626    -43.252    240.427
    -12.685    221.852    371.361   -852.392    -62.559    -43.313    240.441
    -12.687    221.977    371.448   -852.873    -62.492    -43.374    240.456
    -12.689    222.102    371.535   -853.354    -62.425    -43.434    240.471
    -12.691    222.227    371.621   -853.835    -62.359    -43.495    240.486
    -12.693    222.352    371.709   -854.316    -62.292    -43.555    240.502
    -12.695    222.476    371.796   -854.797    -62.225    -43.616    240.517
    -12.697    222.600    371.883   -855.278    -62.158    -43.676    240.533
    -12.699    222.725    371.970   -855.759    -62.091    -43.737    240.549
    -12.701    222.849    372.058   -856.240    -62.024    -43.797    240.565
    -12.703    222.973    372.146   -856.721    -61.956    -43.857    240.581
    -12.705    223.097    372.233   -857.202    -61.889    -43.917    240.598
    -12.707    223.220    372.321   -857.684    -61.822    -43.977    240.615
    -12.709    223.344    372.409   -858.165    -61.755    -44.038    240.632
    -12.711    223.467    372.497   -858.646    -61.687    -44.098    240.649
    -12.713    223.591    372.586   -859.127    -61.620    -44.158    240.666
    -12.715    223.714    372.674   -859.609    -61.552    -44.218    240.683
    -12.717    223.837    372.763   -860.090    -61.485    -44.277    240.701
    -12.719    223.960    372.851   -860.572    -61.417    -44.337    240.719
    -12.721    224.083    372.940   -861.053    -61.349    -44.397    240.737
    -12.723    224.205    373.029   -861.535    -61.282    -44.457    240.755
    -12.725    224.328    373.118   -862.016    -61.214    -44.516    240.773
    -12.727    224.450    373.207   -862.498    -61.146    -44.576    240.792
    -12.729    224.572    373.296   -862.979    -61.078    -44.636    240.810
    -12.731    224.694    373.385   -863.461    -61.010    -44.695    240.829
    -12.733    224.816    373.475   -863.943    -60.942    -44.755    240.848
    -12.735    224.938    373.564   -864.424    -60.874    -44.814    240.867
    -12.737    225.060    373.654   -864.906    -60.806    -44.874    240.887
    -12.739    225.181    373.744   -865.388    -60.738    -44.933    240.906
    -12.741    225.303    373.834   -865.870    -60.670    -44.992    240.926
    -12.743    225.424    373.924   -866.352    -60.601    -45.052    240.946
    -12.745    225.545    374.014   -866.833    -60.533    -45.111    240.966
    -12.747    225.666    374.104   -867.315    -60.465    -45.170    240.987
    -12.749    225.787    374.195   -867.797    -60.396    -45.229    241.007
    -12.751    225.908    374.285   -868.279    -60.328    -45.288    241.028
    -12.753    226.028    374.376   -868.762    -60.259    -45.347    241.049
    -12.755    226.149    374.467   -869.244    -60.190    -45.406    241.070
    -12.757    226.269    374.557   -869.726    -60.121    -45.465    241.091
    -12.759    226.389    374.648   -870.208    -60.053    -45.524    241.112
    -12.761    226.509    374.740   -870.690    -59.984    -45.583    241.134
    -12.763    226.629    374.831   -871.173    -59.915    -45.642    241.155
    -12.765    226.749    374.922   -871.655    -59.846    -45.701    241.177
    -12.767    226.869    375.014   -872.137    -59.777    -45.760    241.199
    -12.769    226.988    375.105   -872.620    -59.708    -45.818    241.221
    -12.771    227.107    375.197   -873.102    -59.638    -45.877    241.244
    -12.773    227.227    375.289   -873.585    -59.569    -45.936    241.266
    -12.775    227.346    375.381   -874.067    -59.500    -45.995    241.289
    -12.777    227.465    375.473   -874.550    -59.430    -46.053    241.312
    -12.779    227.583    375.565   -875.032    -59.361    -46.112    241.335
    -12.781    227.702    375.657   -875.515    -59.291    -46.170    241.358
    -12.783    227.821    375.749   -875.998    -59.222    -46.229    241.382
    -12.785    227.939    375.842   -876.481    -59.152    -46.287    241.405
    -12.787    228.057    375.935   -876.963    -59.082    -46.346    241.429
    -12.789    228.175    376.027   -877.446    -59.012    -46.404    241.453
    -12.791    228.293    376.120   -877.929    -58.942    -46.462    241.477
    -12.793    228.411    376.213   -878.412    -58.872    -46.521    241.501
    -12.795    228.529    376.306   -878.895    -58.802    -46.579    241.525
    -12.797    228.646    376.400   -879.378    -58.732    -46.637    241.550
    -12.799    228.764    376.493   -879.862    -58.662    -46.696    241.575
    -12.801    228.881    376.586   -880.345    -58.592    -46.754    241.600
    -12.803    228.998    376.680   -880.828    -58.521    -46.812    241.625
    -12.805    229.115    376.774   -881.311    -58.451    -46.870    241.650
    -12.807    229.232    376.867   -881.795    -58.380    -46.928    241.675
    -12.809    229.348    376.961   -882.278    -58.310    -46.987    241.701
    -12.811    229.465    377.055   -882.761    -58.239    -47.045    241.727
    -12.813    229.581    377.149   -883.245    -58.169    -47.103    241.752
    -12.815    229.698    377.244   -883.728    -58.098    -47.161    241.778
    -12.817    229.814    377.338   -884.212    -58.027    -47.219    241.805
    -12.819    229.930    377.433   -884.696    -57.956    -47.277    241.831
    -12.821    230.046    377.527   -885.179    -57.885    -47.335    241.857
    -12.823    230.161    377.622   -885.663    -57.814    -47.393    241.884
    -12.825    230.277    377.717   -886.147    -57.743    -47.450    241.911
    -12.827    230.392    377.812   -886.631    -57.671    -47.508    241.938
    -12.829    230.508    377.907   -887.115    -57.600    -47.566    241.965
    -12.831    230.623    378.002   -887.598    -57.528    -47.624    241.992
    -12.833    230.738    378.097   -888.082    -57.457    -47.682    242.020
    -12.835    230.853    378.193   -888.567    -57.385    -47.740    242.048
    -12.837    230.967    378.288   -889.051    -57.314    -47.797    242.075
    -12.839    231.082    378.384   -889.535    -57.242    -47.855    242.103
    -12.841    231.196    378.480   -890.019    -57.170    -47.913    242.131
    -12.843    231.310    378.576   -890.503    -57.098    -47.971    242.160
    -12.845    231.425    378.672   -890.988    -57.026    -48.028    242.188
    -12.847    231.539    378.768   -891.472    -56.954    -48.086    242.217
    -12.849    231.652    378.864   -891.957    -56.882    -48.144    242.245
    -12.851    231.766    378.960   -892.441    -56.810    -48.201    242.274
    -12.853    231.880    379.057   -892.926    -56.737    -48.259    242.303
    -12.855    231.993    379.153   -893.410    -56.665    -48.316    242.332
    -12.857    232.106    379.250   -893.895    -56.592    -48.374    242.362
    -12.859    232.219    379.347   -894.380    -56.520    -48.432    242.391
    -12.861    232.332    379.444   -894.865    -56.447    -48.489    242.421
    -12.863    232.445    379.541   -895.349    -56.374    -48.547    242.451
    -12.865    232.558    379.638   -895.834    -56.301    -48.604    242.481
    -12.867    232.670    379.735   -896.319    -56.229    -48.662    242.511
    -12.869    232.783    379.833   -896.804    -56.155    -48.719    242.541
    -12.871    232.895    379.930   -897.290    -56.082    -48.777    242.571
    -12.873    233.007    380.028   -897.775    -56.009    -48.834    242.602
    -12.875    233.119    380.125   -898.260    -55.936    -48.891    242.633
    -12.877    233.231    380.223   -898.745    -55.862    -48.949    242.663
    -12.879    233.343    380.321   -899.231    -55.789    -49.006    242.694
    -12.881    233.454    380.419   -899.716    -55.715    -49.064    242.726
    -12.883    233.565    380.517   -900.202    -55.642    -49.121    242.757
    -12.885    233.677    380.616   -900.687    -55.568    -49.178    242.788
    -12.887    233.788    380.714   -901.173    -55.494    -49.236    242.820
    -12.889    233.899    380.813   -901.658    -55.420    -49.293    242.852
    -12.891    234.009    380.911   -902.144    -55.346    -49.351    242.884
    -12.893    234.120    381.010   -902.630    -55.272    -49.408    242.916
    -12.895    234.230    381.109   -903.116    -55.198    -49.465    242.948
    -12.897    234.341    381.208   -903.602    -55.123    -49.522    242.980
    -12.899    234.451    381.307   -904.088    -55.049    -49.580    243.013
    -12.901    234.561    381.406   -904.574    -54.974    -49.637    243.045
    -12.903    234.671    381.506   -905.060    -54.900    -49.694    243.078
    -12.905    234.781    381.605   -905.546    -54.825    -49.752    243.111
    -12.907    234.890    381.705   -906.032    -54.750    -49.809    243.144
    -12.909    235.000    381.804   -906.519    -54.675    -49.866    243.177
    -12.911    235.109    381.904   -907.005    -54.600    -49.924    243.211
    -12.913    235.218    382.004   -907.491    -54.525    -49.981    243.244
    -12.915    235.327    382.104   -907.978    -54.450    -50.038    243.278
    -12.917    235.436    382.204   -908.465    -54.375    -50.095    243.312
    -12.919    235.544    382.304   -908.951    -54.299    -50.153    243.346
    -12.921    235.653    382.405   -909.438    -54.224    -50.210    243.380
    -12.923    235.761    382.505   -909.925    -54.148    -50.267    243.414
    -12.925    235.870    382.606   -910.412    -54.072    -50.324    243.448
    -12.927    235.978    382.706   -910.899    -53.996    -50.381    243.483
    -12.929    236.086    382.807   -911.386    -53.921    -50.439    243.517
    -12.931    236.193    382.908   -911.873    -53.845    -50.496    243.552
    -12.933    236.301    383.009   -912.360    -53.768    -50.553    243.587
    -12.935    236.408    383.110   -912.847    -53.692    -50.610    243.622
    -12.937    236.516    383.212   -913.334    -53.616    -50.668    243.657
    -12.939    236.623    383.313   -913.822    -53.539    -50.725    243.693
    -12.941    236.730    383.415   -914.309    -53.463    -50.782    243.728
    -12.943    236.837    383.516   -914.796    -53.386    -50.839    243.764
    -12.945    236.943    383.618   -915.284    -53.309    -50.897    243.800
    -12.947    237.050    383.720   -915.772    -53.232    -50.954    243.835
    -12.949    237.156    383.822   -916.259    -53.155    -51.011    243.872
    -12.951    237.263    383.924   -916.747    -53.078    -51.068    243.908
    -12.953    237.369    384.026   -917.235    -53.001    -51.125    243.944
    -12.955    237.475    384.128   -917.723    -52.924    -51.183    243.980
    -12.957    237.580    384.231   -918.211    -52.846    -51.240    244.017
    -12.959    237.686    384.333   -918.699    -52.769    -51.297    244.054
    -12.961    237.791    384.436   -919.187    -52.691    -51.354    244.091
    -12.963    237.897    384.539   -919.675    -52.613    -51.412    244.128
    -12.965    238.002    384.642   -920.164    -52.536    -51.469    244.165
    -12.967    238.107    384.745   -920.652    -52.458    -51.526    244.202
    -12.969    238.212    384.848   -921.140    -52.379    -51.583    244.240
    -12.971    238.316    384.951   -921.629    -52.301    -51.641    244.277
    -12.973    238.421    385.054   -922.118    -52.223    -51.698    244.315
    -12.975    238.525    385.158   -922.606    -52.144    -51.755    244.353
    -12.977    238.629    385.261   -923.095    -52.066    -51.812    244.391
    -12.979    238.734    385.365   -923.584    -51.987    -51.870    244.429
    -12.981    238.837    385.469   -924.073    -51.908    -51.927    244.467
    -12.983    238.941    385.573   -924.562    -51.829    -51.984    244.505
    -12.985    239.045    385.677   -925.051    -51.750    -52.042    244.544
    -12.987    239.148    385.781   -925.540    -51.671    -52.099    244.582
    -12.989    239.251    385.885   -926.029    -51.592    -52.156    244.621
    -12.991    239.355    385.990   -926.518    -51.513    -52.214    244.660
    -12.993    239.457    386.094   -927.008    -51.433    -52.271    244.699
    -12.995    239.560    386.199   -927.497    -51.353    -52.328    244.738
    -12.997    239.663    386.303   -927.987    -51.274    -52.386    244.777
    -12.999    239.765    386.408   -928.476    -51.194    -52.443    244.817
    -13.001    239.868    386.513   -928.966    -51.114    -52.501    244.856
    -13.003    239.970    386.618   -929.456    -51.034    -52.558    244.896
    -13.005    240.072    386.723   -929.945    -50.953    -52.615    244.936
    -13.007    240.174    386.829   -930.435    -50.873    -52.673    244.976
    -13.009    240.275    386.934   -930.925    -50.792    -52.730    245.016
    -13.011    240.377    387.040   -931.415    -50.712    -52.788    245.056
    -13.013    240.478    387.145   -931.906    -50.631    -52.845    245.096
    -13.015    240.579    387.251   -932.396    -50.550    -52.903    245.137
    -13.017    240.680    387.357   -932.886    -50.469    -52.960    245.177
    -13.019    240.781    387.463   -933.377    -50.388    -53.018    245.218
    -13.021    240.882    387.569   -933.867    -50.307    -53.075    245.259
    -13.023    240.982    387.675   -934.358    -50.225    -53.133    245.300
    -13.025    241.083    387.781   -934.848    -50.144    -53.190    245.341
    -13.027    241.183    387.888   -935.339    -50.062    -53.248    245.382
    -13.029    241.283    387.994   -935.830    -49.980    -53.305    245.424
    -13.031    241.383    388.101   -936.321    -49.898    -53.363    245.465
    -13.033    241.483    388.208   -936.812    -49.816    -53.421    245.507
    -13.035    241.582    388.315   -937.303    -49.734    -53.478    245.548
    -13.037    241.682    388.422   -937.794    -49.652    -53.536    245.590
    -13.039    241.781    388.529   -938.285    -49.569    -53.594    245.632
    -13.041    241.880    388.636   -938.776    -49.487    -53.651    245.674
    -13.043    241.979    388.743   -939.268    -49.404    -53.709    245.717
    -13.045    242.077    388.851   -939.759    -49.321    -53.767    245.759
    -13.047    242.176    388.959   -940.251    -49.238    -53.825    245.801
    -13.049    242.274    389.066   -940.742    -49.155    -53.882    245.844
    -13.051    242.373    389.174   -941.234    -49.072    -53.940    245.887
    -13.053    242.471    389.282   -941.726    -48.988    -53.998    245.930
    -13.055    242.569    389.390   -942.218    -48.905    -54.056    245.973
    -13.057    242.666    389.498   -942.710    -48.821    -54.114    246.016
    -13.059    242.764    389.607   -943.202    -48.737    -54.172    246.059
    -13.061    242.861    389.715   -943.694    -48.653    -54.229    246.102
    -13.063    242.958    389.823   -944.186    -48.569    -54.287    246.146
    -13.065    243.056    389.932   -944.679    -48.485    -54.345    246.189
    -13.067    243.152    390.041   -945.171    -48.400    -54.403    246.233
    -13.069    243.249    390.150   -945.664    -48.316    -54.461    246.277
    -13.071    243.346    390.259   -946.156    -48.231    -54.519    246.321
    -13.073    243.442    390.368   -946.649    -48.146    -54.577    246.365
    -13.075    243.538    390.477   -947.142    -48.061    -54.635    246.409
    -13.077    243.634    390.586   -947.635    -47.976    -54.694    246.453
    -13.079    243.730    390.696   -948.127    -47.891    -54.752    246.498
    -13.081    243.826    390.805   -948.621    -47.805    -54.810    246.542
    -13.083    243.921    390.915   -949.114    -47.720    -54.868    246.587
    -13.085    244.017    391.025   -949.607    -47.634    -54.926    246.632
    -13.087    244.112    391.135   -950.100    -47.548    -54.984    246.677
    -13.089    244.207    391.245   -950.594    -47.462    -55.043    246.722
    -13.091    244.302    391.355   -951.087    -47.376    -55.101    246.767
    -13.093    244.396    391.465   -951.581    -47.290    -55.159    246.812
    -13.095    244.491    391.575   -952.074    -47.203    -55.218    246.858
    -13.097    244.585    391.686   -952.568    -47.117    -55.276    246.903
    -13.099    244.679    391.797   -953.062    -47.030    -55.334    246.949
    -13.101    244.773    391.907   -953.556    -46.943    -55.393    246.995
    -13.103    244.867    392.018   -954.050    -46.856    -55.451    247.040
    -13.105    244.961    392.129   -954.544    -46.768    -55.510    247.086
    -13.107    245.054    392.240   -955.038    -46.681    -55.568    247.133
    -13.109    245.148    392.351   -955.533    -46.593    -55.627    247.179
    -13.111    245.241    392.463   -956.027    -46.506    -55.685    247.225
    -13.113    245.334    392.574   -956.521    -46.418    -55.744    247.272
    -13.115    245.426    392.686   -957.016    -46.330    -55.803    247.318
    -13.117    245.519    392.797   -957.511    -46.241    -55.861    247.365
    -13.119    245.611    392.909   -958.006    -46.153    -55.920    247.412
    -13.121    245.703    393.021   -958.500    -46.065    -55.979    247.458
    -13.123    245.795    393.133   -958.995    -45.976    -56.038    247.505
    -13.125    245.887    393.245   -959.490    -45.887    -56.096    247.553
    -13.127    245.979    393.357   -959.986    -45.798    -56.155    247.600
    -13.129    246.071    393.470   -960.481    -45.709    -56.214    247.647
    -13.131    246.162    393.582   -960.976    -45.619    -56.273    247.695
    -13.133    246.253    393.695   -961.472    -45.530    -56.332    247.742
    -13.135    246.344    393.808   -961.967    -45.440    -56.391    247.790
    -13.137    246.435    393.920   -962.463    -45.350    -56.450    247.838
    -13.139    246.525    394.033   -962.958    -45.260    -56.509    247.886
    -13.141    246.616    394.147   -963.454    -45.170    -56.568    247.934
    -13.143    246.706    394.260   -963.950    -45.080    -56.627    247.982
    -13.145    246.796    394.373   -964.446    -44.989    -56.687    248.030
    -13.147    246.886    394.486   -964.942    -44.898    -56.746    248.078
    -13.149    246.976    394.600   -965.439    -44.807    -56.805    248.127
    -13.151    247.065    394.714   -965.935    -44.716    -56.864    248.176
    -13.153    247.155    394.827   -966.431    -44.625    -56.924    248.224
    -13.155    247.244    394.941   -966.928    -44.534    -56.983    248.273
    -13.157    247.333    395.055   -967.424    -44.442    -57.042    248.322
    -13.159    247.422    395.170   -967.921    -44.350    -57.102    248.371
    -13.161    247.510    395.284   -968.418    -44.258    -57.161    248.420
    -13.163    247.599    395.398   -968.915    -44.166    -57.221    248.469
    -13.165    247.687    395.513   -969.412    -44.074    -57.281    248.519
    -13.167    247.775    395.627   -969.909    -43.981    -57.340    248.568
    -13.169    247.863    395.742   -970.406    -43.889    -57.400    248.618
    -13.171    247.950    395.857   -970.903    -43.796    -57.460    248.667
    -13.173    248.038    395.972   -971.401    -43.703    -57.519    248.717
    -13.175    248.125    396.087   -971.898    -43.610    -57.579    248.767
    -13.177    248.212    396.202   -972.396    -43.516    -57.639    248.817
    -13.179    248.299    396.318   -972.893    -43.423    -57.699    248.867
    -13.181    248.386    396.433   -973.391    -43.329    -57.759    248.917
    -13.183    248.473    396.549   -973.889    -43.235    -57.819    248.968
    -13.185    248.559    396.664   -974.387    -43.141    -57.879    249.018
    -13.187    248.645    396.780   -974.885    -43.046    -57.939    249.069
    -13.189    248.731    396.896   -975.383    -42.952    -57.999    249.119
    -13.191    248.817    397.012   -975.882    -42.857    -58.059    249.170
    -13.193    248.903    397.128   -976.380    -42.762    -58.119    249.221
    -13.195    248.988    397.245   -976.878    -42.667    -58.180    249.272
    -13.197    249.073    397.361   -977.377    -42.572    -58.240    249.323
    -13.199    249.158    397.478   -977.876    -42.476    -58.300    249.374
    -13.201    249.243    397.594   -978.375    -42.381    -58.361    249.425
    -13.203    249.328    397.711   -978.873    -42.285    -58.421    249.477
    -13.205    249.412    397.828   -979.372    -42.189    -58.481    249.528
    -13.207    249.497    397.945   -979.872    -42.092    -58.542    249.580
    -13.209    249.581    398.062   -980.371    -41.996    -58.603    249.631
    -13.211    249.665    398.179   -980.870    -41.899    -58.663    249.683
    -13.213    249.748    398.297   -981.370    -41.802    -58.724    249.735
    -13.215    249.832    398.414   -981.869    -41.705    -58.785    249.787
    -13.217    249.915    398.532   -982.369    -41.608    -58.845    249.839
    -13.219    249.998    398.650   -982.868    -41.511    -58.906    249.891
    -13.221    250.081    398.767   -983.368    -41.413    -58.967    249.943
    -13.223    250.164    398.885   -983.868    -41.315    -59.028    249.996
    -13.225    250.246    399.004   -984.368    -41.217    -59.089    250.048
    -13.227    250.329    399.122   -984.868    -41.119    -59.150    250.101
    -13.229    250.411    399.240   -985.369    -41.020    -59.211    250.153
    -13.231    250.493    399.359   -985.869    -40.921    -59.273    250.206
    -13.233    250.575    399.477   -986.369    -40.823    -59.334    250.259
    -13.235    250.656    399.596   -986.870    -40.723    -59.395    250.312
    -13.237    250.737    399.715   -987.371    -40.624    -59.456    250.365
    -13.239    250.819    399.834   -987.871    -40.525    -59.518    250.418
    -13.241    250.900    399.953   -988.372    -40.425    -59.579    250.472
    -13.243    250.980    400.072   -988.873    -40.325    -59.641    250.525
    -13.245    251.061    400.191   -989.374    -40.225    -59.702    250.578
    -13.247    251.141    400.311   -989.876    -40.124    -59.764    250.632
    -13.249    251.221    400.431   -990.377    -40.023    -59.826    250.685
    -13.251    251.301    400.550   -990.878    -39.923    -59.887    250.739
    -13.253    251.381    400.670   -991.380    -39.822    -59.949    250.793
    -13.255    251.461    400.790   -991.882    -39.720    -60.011    250.847
    -13.257    251.540    400.910   -992.383    -39.619    -60.073    250.901
    -13.259    251.619    401.030   -992.885    -39.517    -60.135    250.955
    -13.261    251.698    401.151   -993.387    -39.415    -60.197    251.009
    -13.263    251.777    401.271   -993.889    -39.313    -60.259    251.064
    -13.265    251.855    401.392   -994.391    -39.210    -60.321    251.118
    -13.267    251.934    401.512   -994.894    -39.108    -60.383    251.172
    -13.269    252.012    401.633   -995.396    -39.005    -60.446    251.227
    -13.271    252.090    401.754   -995.899    -38.902    -60.508    251.282
    -13.273    252.167    401.875   -996.401    -38.799    -60.570    251.336
    -13.275    252.245    401.996   -996.904    -38.695    -60.633    251.391
    -13.277    252.322    402.118   -997.407    -38.591    -60.695    251.446
    -13.279    252.399    402.239   -997.910    -38.487    -60.758    251.501
    -13.281    252.476    402.361   -998.413    -38.383    -60.821    251.556
    -13.283    252.553    402.483   -998.916    -38.278    -60.883    251.612
    -13.285    252.629    402.604   -999.419    -38.174    -60.946    251.667
    -13.287    252.705    402.726   -999.923    -38.069    -61.009    251.722
    -13.289    252.781    402.848  -1000.426    -37.964    -61.072    251.778
    -13.291    252.857    402.971  -1000.930    -37.858    -61.135    251.833
    -13.293    252.933    403.093  -1001.433    -37.752    -61.198    251.889
    -13.295    253.008    403.215  -1001.937    -37.646    -61.261    251.945
    -13.297    253.083    403.338  -1002.441    -37.540    -61.324    252.000
    -13.299    253.158    403.461  -1002.945    -37.434    -61.387    252.056
    -13.301    253.233    403.584  -1003.449    -37.327    -61.451    252.112
    -13.303    253.308    403.706  -1003.954    -37.220    -61.514    252.168
    -13.305    253.382    403.830  -1004.458    -37.113    -61.578    252.225
    -13.307    253.456    403.953  -1004.963    -37.006    -61.641    252.281
    -13.309    253.530    404.076  -1005.467    -36.898    -61.705    252.337
    -13.311    253.604    404.200  -1005.972    -36.790    -61.768    252.394
    -13.313    253.677    404.323  -1006.477    -36.682    -61.832    252.450
    -13.315    253.750    404.447  -1006.982    -36.574    -61.896    252.507
    -13.317    253.824    404.571  -1007.487    -36.465    -61.960    252.563
    -13.319    253.896    404.695  -1007.992    -36.356    -62.024    252.620
    -13.321    253.969    404.819  -1008.497    -36.247    -62.088    252.677
    -13.323    254.041    404.943  -1009.003    -36.137    -62.152    252.734
    -13.325    254.113    405.068  -1009.508    -36.028    -62.216    252.791
    -13.327    254.185    405.192  -1010.014    -35.918    -62.280    252.848
    -13.329    254.257    405.317  -1010.520    -35.808    -62.345    252.905
    -13.331    254.329    405.441  -1011.026    -35.697    -62.409    252.962
    -13.333    254.400    405.566  -1011.532    -35.586    -62.474    253.019
    -13.335    254.471    405.691  -1012.038    -35.475    -62.538    253.077
    -13.337    254.542    405.816  -1012.544    -35.364    -62.603    253.134
    -13.339    254.612    405.942  -1013.050    -35.253    -62.667    253.192
    -13.341    254.683    406.067  -1013.557    -35.141    -62.732    253.250
    -13.343    254.753    406.193  -1014.063    -35.029    -62.797    253.307
    -13.345    254.823    406.318  -1014.570    -34.916    -62.862    253.365
    -13.347    254.893    406.444  -1015.077    -34.804    -62.927    253.423
    -13.349    254.962    406.570  -1015.584    -34.691    -62.992    253.481
    -13.351    255.031    406.696  -1016.091    -34.578    -63.057    253.539
    -13.353    255.100    406.822  -1016.598    -34.464    -63.123    253.597
    -13.355    255.169    406.949  -1017.105    -34.350    -63.188    253.655
    -13.357    255.238    407.075  -1017.612    -34.236    -63.253    253.713
    -13.359    255.306    407.202  -1018.120    -34.122    -63.319    253.771
    -13.361    255.374    407.328  -1018.627    -34.008    -63.384    253.830
    -13.363    255.442    407.455  -1019.135    -33.893    -63.450    253.888
    -13.365    255.510    407.582  -1019.643    -33.778    -63.516    253.947
    -13.367    255.577    407.709  -1020.151    -33.662    -63.582    254.005
    -13.369    255.645    407.836  -1020.659    -33.546    -63.647    254.064
    -13.371    255.712    407.964  -1021.167    -33.430    -63.713    254.123
    -13.373    255.778    408.091  -1021.675    -33.314    -63.780    254.181
    -13.375    255.845    408.219  -1022.184    -33.197    -63.846    254.240
    -13.377    255.911    408.347  -1022.692    -33.081    -63.912    254.299
    -13.379    255.977    408.474  -1023.201    -32.963    -63.978    254.358
    -13.381    256.043    408.603  -1023.710    -32.846    -64.045    254.417
    -13.383    256.109    408.731  -1024.219    -32.728    -64.111    254.476
    -13.385    256.174    408.859  -1024.728    -32.610    -64.178    254.536
    -13.387    256.239    408.987  -1025.237    -32.492    -64.244    254.595
    -13.389    256.304    409.116  -1025.746    -32.373    -64.311    254.654
    -13.391    256.368    409.245  -1026.256    -32.254    -64.378    254.714
    -13.393    256.433    409.373  -1026.765    -32.135    -64.445    254.773
    -13.395    256.497    409.502  -1027.275    -32.015    -64.512    254.833
    -13.397    256.561    409.631  -1027.784    -31.895    -64.579    254.892
    -13.399    256.625    409.761  -1028.294    -31.775    -64.646    254.952
    -13.401    256.688    409.890  -1028.804    -31.655    -64.714    255.011
    -13.403    256.751    410.020  -1029.314    -31.534    -64.781    255.071
    -13.405    256.814    410.149  -1029.824    -31.413    -64.849    255.131
    -13.407    256.877    410.279  -1030.335    -31.291    -64.916    255.191
    -13.409    256.939    410.409  -1030.845    -31.169    -64.984    255.251
    -13.411    257.002    410.539  -1031.356    -31.047    -65.052    255.311
    -13.413    257.064    410.669  -1031.866    -30.925    -65.119    255.371
    -13.415    257.125    410.799  -1032.377    -30.802    -65.187    255.431
    -13.417    257.187    410.930  -1032.888    -30.679    -65.255    255.491
    -13.419    257.248    411.060  -1033.399    -30.556    -65.323    255.551
    -13.421    257.309    411.191  -1033.910    -30.432    -65.392    255.612
    -13.423    257.370    411.322  -1034.422    -30.308    -65.460    255.672
    -13.425    257.430    411.453  -1034.933    -30.184    -65.528    255.732
    -13.427    257.490    411.584  -1035.445    -30.059    -65.597    255.793
    -13.429    257.550    411.715  -1035.956    -29.934    -65.666    255.853
    -13.431    257.610    411.847  -1036.468    -29.808    -65.734    255.914
    -13.433    257.670    411.978  -1036.980    -29.683    -65.803    255.974
    -13.435    257.729    412.110  -1037.492    -29.557    -65.872    256.035
    -13.437    257.788    412.242  -1038.004    -29.430    -65.941    256.096
    -13.439    257.847    412.374  -1038.516    -29.304    -66.010    256.156
    -13.441    257.905    412.506  -1039.029    -29.177    -66.079    256.217
    -13.443    257.963    412.638  -1039.541    -29.049    -66.149    256.278
    -13.445    258.021    412.770  -1040.054    -28.921    -66.218    256.339
    -13.447    258.079    412.903  -1040.566    -28.793    -66.288    256.400
    -13.449    258.136    413.036  -1041.079    -28.665    -66.357    256.461
    -13.451    258.194    413.168  -1041.592    -28.536    -66.427    256.522
    -13.453    258.251    413.301  -1042.105    -28.407    -66.497    256.583
    -13.455    258.307    413.434  -1042.619    -28.277    -66.567    256.644
    -13.457    258.364    413.568  -1043.132    -28.148    -66.637    256.705
    -13.459    258.420    413.701  -1043.645    -28.017    -66.707    256.766
    -13.461    258.476    413.834  -1044.159    -27.887    -66.777    256.827
    -13.463    258.531    413.968  -1044.673    -27.756    -66.847    256.889
    -13.465    258.587    414.102  -1045.187    -27.625    -66.918    256.950
    -13.467    258.642    414.236  -1045.701    -27.493    -66.988    257.011
    -13.469    258.697    414.370  -1046.215    -27.361    -67.059    257.073
    -13.471    258.751    414.504  -1046.729    -27.228    -67.130    257.134
    -13.473    258.806    414.638  -1047.243    -27.096    -67.201    257.195
    -13.475    258.860    414.773  -1047.758    -26.963    -67.272    257.257
    -13.477    258.914    414.907  -1048.272    -26.829    -67.343    257.318
    -13.479    258.967    415.042  -1048.787    -26.695    -67.414    257.380
    -13.481    259.020    415.177  -1049.302    -26.561    -67.485    257.442
    -13.483    259.073    415.312  -1049.817    -26.426    -67.557    257.503
    -13.485    259.126    415.447  -1050.332    -26.291    -67.628    257.565
    -13.487    259.178    415.583  -1050.847    -26.156    -67.700    257.626
    -13.489    259.231    415.718  -1051.362    -26.020    -67.772    257.688
    -13.491    259.283    415.854  -1051.878    -25.884    -67.843    257.750
    -13.493    259.334    415.989  -1052.393    -25.747    -67.915    257.812
    -13.495    259.386    416.125  -1052.909    -25.610    -67.987    257.873
    -13.497    259.437    416.261  -1053.425    -25.473    -68.060    257.935
    -13.499    259.487    416.398  -1053.941    -25.335    -68.132    257.997
    -13.501    259.538    416.534  -1054.457    -25.197    -68.204    258.059
    -13.503    259.588    416.670  -1054.973    -25.058    -68.277    258.121
    -13.505    259.638    416.807  -1055.489    -24.919    -68.350    258.182
    -13.507    259.688    416.944  -1056.006    -24.780    -68.422    258.244
    -13.509    259.737    417.081  -1056.522    -24.640    -68.495    258.306
    -13.511    259.786    417.218  -1057.039    -24.500    -68.568    258.368
    -13.513    259.835    417.355  -1057.556    -24.360    -68.641    258.430
    -13.515    259.884    417.492  -1058.073    -24.219    -68.715    258.492
    -13.517    259.932    417.630  -1058.590    -24.077    -68.788    258.554
    -13.519    259.980    417.767  -1059.107    -23.935    -68.862    258.616
    -13.521    260.028    417.905  -1059.624    -23.793    -68.935    258.678
    -13.523    260.075    418.043  -1060.142    -23.650    -69.009    258.740
    -13.525    260.123    418.181  -1060.659    -23.507    -69.083    258.802
    -13.527    260.169    418.319  -1061.177    -23.364    -69.157    258.864
    -13.529    260.216    418.458  -1061.695    -23.220    -69.231    258.926
    -13.531    260.262    418.596  -1062.212    -23.076    -69.305    258.988
    -13.533    260.308    418.735  -1062.730    -22.931    -69.379    259.050
    -13.535    260.354    418.874  -1063.249    -22.786    -69.454    259.112
    -13.537    260.399    419.013  -1063.767    -22.640    -69.528    259.174
    -13.539    260.445    419.152  -1064.285    -22.494    -69.603    259.236
    -13.541    260.489    419.291  -1064.804    -22.347    -69.678    259.298
    -13.543    260.534    419.431  -1065.323    -22.200    -69.753    259.360
    -13.545    260.578    419.570  -1065.841    -22.053    -69.828    259.422
    -13.547    260.622    419.710  -1066.360    -21.905    -69.903    259.484
    -13.549    260.666    419.850  -1066.879    -21.757    -69.979    259.546
    -13.551    260.709    419.990  -1067.398    -21.608    -70.054    259.608
    -13.553    260.752    420.130  -1067.918    -21.459    -70.130    259.670
    -13.555    260.795    420.271  -1068.437    -21.309    -70.205    259.732
    -13.557    260.837    420.411  -1068.957    -21.159    -70.281    259.794
    -13.559    260.880    420.552  -1069.476    -21.008    -70.357    259.856
    -13.561    260.922    420.692  -1069.996    -20.857    -70.433    259.918
    -13.563    260.963    420.833  -1070.516    -20.706    -70.510    259.980
    -13.565    261.004    420.974  -1071.036    -20.554    -70.586    260.042
    -13.567    261.045    421.116  -1071.556    -20.401    -70.663    260.104
    -13.569    261.086    421.257  -1072.076    -20.248    -70.739    260.165
    -13.571    261.126    421.399  -1072.597    -20.095    -70.816    260.227
    -13.573    261.166    421.540  -1073.117    -19.941    -70.893    260.289
    -13.575    261.206    421.682  -1073.638    -19.787    -70.970    260.351
    -13.577    261.245    421.824  -1074.159    -19.632    -71.047    260.413
    -13.579    261.285    421.966  -1074.680    -19.477    -71.124    260.474
    -13.581    261.323    422.109  -1075.201    -19.321    -71.202    260.536
    -13.583    261.362    422.251  -1075.722    -19.165    -71.280    260.598
    -13.585    261.400    422.394  -1076.243    -19.008    -71.357    260.659
    -13.587    261.438    422.537  -1076.764    -18.851    -71.435    260.721
    -13.589    261.475    422.680  -1077.286    -18.693    -71.513    260.783
    -13.591    261.513    422.823  -1077.807    -18.535    -71.591    260.844
    -13.593    261.550    422.966  -1078.329    -18.376    -71.670    260.906
    -13.595    261.586    423.109  -1078.851    -18.216    -71.748    260.967
    -13.597    261.622    423.253  -1079.373    -18.057    -71.827    261.028
    -13.599    261.658    423.397  -1079.895    -17.896    -71.905    261.090
    -13.601    261.694    423.541  -1080.417    -17.736    -71.984    261.151
    -13.603    261.729    423.685  -1080.940    -17.574    -72.063    261.212
    -13.605    261.764    423.829  -1081.462    -17.412    -72.142    261.274
    -13.607    261.799    423.973  -1081.985    -17.250    -72.222    261.335
    -13.609    261.833    424.118  -1082.508    -17.087    -72.301    261.396
    -13.611    261.867    424.262  -1083.031    -16.924    -72.381    261.457
    -13.613    261.901    424.407  -1083.553    -16.760    -72.460    261.518
    -13.615    261.934    424.552  -1084.077    -16.595    -72.540    261.579
    -13.617    261.967    424.697  -1084.600    -16.430    -72.620    261.640
    -13.619    262.000    424.843  -1085.123    -16.265    -72.700    261.701
    -13.621    262.032    424.988  -1085.647    -16.099    -72.781    261.761
    -13.623    262.064    425.134  -1086.170    -15.932    -72.861    261.822
    -13.625    262.096    425.280  -1086.694    -15.765    -72.942    261.883
    -13.627    262.128    425.426  -1087.218    -15.597    -73.022    261.943
    -13.629    262.159    425.572  -1087.742    -15.429    -73.103    262.004
    -13.631    262.189    425.718  -1088.266    -15.260    -73.184    262.064
    -13.633    262.220    425.864  -1088.790    -15.091    -73.265    262.124
    -13.635    262.250    426.011  -1089.314    -14.921    -73.347    262.184
    -13.637    262.279    426.158  -1089.839    -14.751    -73.428    262.245
    -13.639    262.309    426.305  -1090.363    -14.580    -73.510    262.305
    -13.641    262.338    426.452  -1090.888    -14.408    -73.592    262.365
    -13.643    262.366    426.599  -1091.413    -14.236    -73.674    262.424
    -13.645    262.395    426.747  -1091.938    -14.063    -73.756    262.484
    -13.647    262.423    426.894  -1092.463    -13.890    -73.838    262.544
    -13.649    262.450    427.042  -1092.988    -13.716    -73.920    262.604
    -13.651    262.477    427.190  -1093.513    -13.541    -74.003    262.663
    -13.653    262.504    427.338  -1094.038    -13.366    -74.086    262.722
    -13.655    262.531    427.486  -1094.564    -13.190    -74.168    262.782
    -13.657    262.557    427.635  -1095.090    -13.014    -74.251    262.841
    -13.659    262.583    427.783  -1095.615    -12.837    -74.335    262.900
    -13.661    262.608    427.932  -1096.141    -12.660    -74.418    262.959
    -13.663    262.634    428.081  -1096.667    -12.482    -74.501    263.018
    -13.665    262.658    428.230  -1097.193    -12.303    -74.585    263.077
    -13.667    262.683    428.379  -1097.719    -12.124    -74.669    263.135
    -13.669    262.707    428.529  -1098.246    -11.944    -74.753    263.194
    -13.671    262.731    428.678  -1098.772    -11.764    -74.837    263.252
    -13.673    262.754    428.828  -1099.299    -11.582    -74.921    263.310
    -13.675    262.777    428.978  -1099.825    -11.401    -75.006    263.368
    -13.677    262.799    429.128  -1100.352    -11.218    -75.090    263.426
    -13.679    262.822    429.278  -1100.879    -11.035    -75.175    263.484
    -13.681    262.844    429.429  -1101.406    -10.852    -75.260    263.542
    -13.683    262.865    429.579  -1101.933    -10.668    -75.345    263.599
    -13.685    262.886    429.730  -1102.461    -10.483    -75.430    263.657
    -13.687    262.907    429.881  -1102.988    -10.297    -75.516    263.714
    -13.689    262.927    430.032  -1103.515    -10.111    -75.601    263.771
    -13.691    262.948    430.183  -1104.043     -9.924    -75.687    263.828
    -13.693    262.967    430.335  -1104.571     -9.737    -75.773    263.885
    -13.695    262.986    430.487  -1105.099     -9.549    -75.859    263.942
    -13.697    263.005    430.638  -1105.626     -9.360    -75.945    263.998
    -13.699    263.024    430.790  -1106.155     -9.171    -76.032    264.054
    -13.701    263.042    430.942  -1106.683     -8.980    -76.118    264.111
    -13.703    263.060    431.095  -1107.211     -8.790    -76.205    264.167
    -13.705    263.077    431.247  -1107.739     -8.598    -76.292    264.222
    -13.707    263.094    431.400  -1108.268     -8.406    -76.379    264.278
    -13.709    263.111    431.553  -1108.796     -8.213    -76.466    264.333
    -13.711    263.127    431.706  -1109.325     -8.020    -76.554    264.389
    -13.713    263.143    431.859  -1109.854     -7.826    -76.641    264.444
    -13.715    263.158    432.012  -1110.383     -7.631    -76.729    264.499
    -13.717    263.173    432.166  -1110.912     -7.436    -76.817    264.553
    -13.719    263.188    432.320  -1111.441     -7.239    -76.905    264.608
    -13.721    263.202    432.474  -1111.970     -7.042    -76.993    264.662
    -13.723    263.216    432.628  -1112.500     -6.845    -77.082    264.716
    -13.725    263.230    432.782  -1113.029     -6.647    -77.170    264.770
    -13.727    263.243    432.936  -1113.559     -6.448    -77.259    264.823
    -13.729    263.256    433.091  -1114.089     -6.248    -77.348    264.877
    -13.731    263.268    433.246  -1114.618     -6.047    -77.437    264.930
    -13.733    263.280    433.401  -1115.148     -5.846    -77.526    264.983
    -13.735    263.291    433.556  -1115.678     -5.644    -77.616    265.036
    -13.737    263.302    433.711  -1116.208     -5.442    -77.705    265.088
    -13.739    263.313    433.867  -1116.739     -5.238    -77.795    265.140
    -13.741    263.323    434.022  -1117.269     -5.034    -77.885    265.192
    -13.743    263.333    434.178  -1117.799     -4.830    -77.975    265.244
    -13.745    263.343    434.334  -1118.330     -4.624    -78.066    265.296
    -13.747    263.352    434.490  -1118.861     -4.418    -78.156    265.347
    -13.749    263.360    434.647  -1119.391     -4.211    -78.247    265.398
    -13.751    263.368    434.803  -1119.922     -4.003    -78.338    265.449
    -13.753    263.376    434.960  -1120.453     -3.794    -78.429    265.499
    -13.755    263.384    435.117  -1120.984     -3.585    -78.520    265.549
    -13.757    263.391    435.274  -1121.515     -3.375    -78.611    265.599
    -13.759    263.397    435.432  -1122.047     -3.164    -78.703    265.649
    -13.761    263.403    435.589  -1122.578     -2.952    -78.795    265.698
    -13.763    263.409    435.747  -1123.109     -2.740    -78.887    265.747
    -13.765    263.414    435.905  -1123.641     -2.527    -78.979    265.796
    -13.767    263.419    436.063  -1124.173     -2.313    -79.071    265.844
    -13.769    263.423    436.221  -1124.704     -2.098    -79.163    265.892
    -13.771    263.427    436.379  -1125.236     -1.883    -79.256    265.940
    -13.773    263.431    436.538  -1125.768     -1.666    -79.349    265.988
    -13.775    263.434    436.697  -1126.300     -1.449    -79.442    266.035
    -13.777    263.437    436.856  -1126.832     -1.231    -79.535    266.082
    -13.779    263.439    437.015  -1127.364     -1.012    -79.628    266.128
    -13.781    263.441    437.174  -1127.897     -0.793    -79.722    266.174
    -13.783    263.442    437.334  -1128.429     -0.573    -79.815    266.220
    -13.785    263.443    437.493  -1128.962     -0.351    -79.909    266.266
    -13.787    263.444    437.653  -1129.494     -0.129    -80.003    266.311
    -13.789    263.444    437.814  -1130.027      0.093    -80.097    266.356
    -13.791    263.443    437.974  -1130.560      0.317    -80.192    266.400
    -13.793    263.442    438.134  -1131.092      0.542    -80.286    266.444
    -13.795    263.441    438.295  -1131.625      0.767    -80.381    266.488
    -13.797    263.439    438.456  -1132.158      0.993    -80.476    266.531
    -13.799    263.437    438.617  -1132.692      1.220    -80.571    266.574
    -13.801    263.434    438.778  -1133.225      1.448    -80.667    266.616
    -13.803    263.431    438.940  -1133.758      1.677    -80.762    266.658
    -13.805    263.428    439.101  -1134.291      1.906    -80.858    266.700
    -13.807    263.424    439.263  -1134.825      2.137    -80.953    266.741
    -13.809    263.419    439.425  -1135.358      2.368    -81.049    266.782
    -13.811    263.414    439.587  -1135.892      2.600    -81.146    266.823
    -13.813    263.409    439.750  -1136.426      2.833    -81.242    266.863
    -13.815    263.403    439.912  -1136.959      3.067    -81.339    266.902
    -13.817    263.397    440.075  -1137.493      3.302    -81.435    266.941
    -13.819    263.390    440.238  -1138.027      3.538    -81.532    266.980
    -13.821    263.382    440.401  -1138.561      3.775    -81.629    267.018
    -13.823    263.375    440.564  -1139.095      4.012    -81.726    267.056
    -13.825    263.366    440.728  -1139.629      4.251    -81.824    267.093
    -13.827    263.358    440.892  -1140.164      4.490    -81.921    267.130
    -13.829    263.348    441.056  -1140.698      4.730    -82.019    267.166
    -13.831    263.339    441.220  -1141.232      4.971    -82.117    267.202
    -13.833    263.328    441.384  -1141.767      5.213    -82.215    267.237
    -13.835    263.318    441.549  -1142.301      5.456    -82.314    267.272
    -13.837    263.307    441.713  -1142.836      5.700    -82.412    267.306
    -13.839    263.295    441.878  -1143.370      5.945    -82.511    267.340
    -13.841    263.283    442.043  -1143.905      6.191    -82.610    267.373
    -13.843    263.270    442.209  -1144.440      6.437    -82.709    267.405
    -13.845    263.257    442.374  -1144.975      6.685    -82.808    267.437
    -13.847    263.243    442.540  -1145.510      6.934    -82.907    267.469
    -13.849    263.229    442.706  -1146.045      7.183    -83.007    267.500
    -13.851    263.215    442.872  -1146.580      7.434    -83.106    267.530
    -13.853    263.200    443.038  -1147.115      7.685    -83.206    267.560
    -13.855    263.184    443.205  -1147.650      7.937    -83.306    267.589
    -13.857    263.168    443.371  -1148.185      8.191    -83.406    267.618
    -13.859    263.151    443.538  -1148.720      8.445    -83.507    267.646
    -13.861    263.134    443.706  -1149.256      8.700    -83.607    267.673
    -13.863    263.116    443.873  -1149.791      8.957    -83.708    267.700
    -13.865    263.098    444.040  -1150.326      9.214    -83.809    267.726
    -13.867    263.080    444.208  -1150.862      9.472    -83.910    267.752
    -13.869    263.060    444.376  -1151.398      9.731    -84.011    267.777
    -13.871    263.041    444.544  -1151.933      9.991    -84.112    267.801
    -13.873    263.020    444.712  -1152.469     10.253    -84.214    267.824
    -13.875    263.000    444.881  -1153.004     10.515    -84.316    267.847
    -13.877    262.978    445.050  -1153.540     10.778    -84.417    267.869
    -13.879    262.957    445.219  -1154.076     11.042    -84.519    267.891
    -13.881    262.934    445.388  -1154.612     11.307    -84.622    267.912
    -13.883    262.911    445.557  -1155.148     11.574    -84.724    267.932
    -13.885    262.888    445.727  -1155.683     11.841    -84.826    267.951
    -13.887    262.864    445.896  -1156.219     12.109    -84.929    267.970
    -13.889    262.839    446.066  -1156.755     12.379    -85.032    267.987
    -13.891    262.814    446.237  -1157.291     12.649    -85.135    268.004
    -13.893    262.789    446.407  -1157.827     12.920    -85.238    268.021
    -13.895    262.763    446.578  -1158.363     13.193    -85.341    268.036
    -13.897    262.736    446.748  -1158.899     13.466    -85.444    268.051
    -13.899    262.709    446.919  -1159.436     13.740    -85.548    268.065
    -13.901    262.681    447.090  -1159.972     14.016    -85.652    268.078
    -13.903    262.653    447.262  -1160.508     14.293    -85.755    268.090
    -13.905    262.624    447.434  -1161.044     14.570    -85.859    268.102
    -13.907    262.595    447.605  -1161.580     14.849    -85.964    268.112
    -13.909    262.565    447.777  -1162.116     15.129    -86.068    268.122
    -13.911    262.534    447.950  -1162.653     15.409    -86.172    268.131
    -13.913    262.503    448.122  -1163.189     15.691    -86.277    268.139
    -13.915    262.471    448.295  -1163.725     15.974    -86.381    268.146
    -13.917    262.439    448.468  -1164.262     16.258    -86.486    268.152
    -13.919    262.406    448.641  -1164.798     16.543    -86.591    268.157
    -13.921    262.373    448.814  -1165.334     16.829    -86.696    268.162
    -13.923    262.339    448.987  -1165.871     17.116    -86.801    268.165
    -13.925    262.304    449.161  -1166.407     17.405    -86.907    268.168
    -13.927    262.269    449.335  -1166.943     17.694    -87.012    268.169
    -13.929    262.234    449.509  -1167.480     17.985    -87.117    268.170
    -13.931    262.197    449.684  -1168.016     18.276    -87.223    268.169
    -13.933    262.160    449.858  -1168.552     18.569    -87.329    268.168
    -13.935    262.123    450.033  -1169.089     18.862    -87.435    268.165
    -13.937    262.085    450.208  -1169.625     19.157    -87.541    268.161
    -13.939    262.046    450.383  -1170.161     19.453    -87.647    268.157
    -13.941    262.007    450.558  -1170.698     19.750    -87.753    268.151
    -13.943    261.967    450.734  -1171.234     20.048    -87.859    268.144
    -13.945    261.927    450.910  -1171.770     20.348    -87.966    268.137
    -13.947    261.886    451.086  -1172.306     20.648    -88.072    268.128
    -13.949    261.844    451.262  -1172.843     20.949    -88.179    268.118
    -13.951    261.802    451.439  -1173.379     21.252    -88.286    268.106
    -13.953    261.759    451.615  -1173.915     21.555    -88.392    268.094
    -13.955    261.716    451.792  -1174.451     21.860    -88.499    268.080
    -13.957    261.672    451.969  -1174.987     22.166    -88.606    268.066
    -13.959    261.627    452.147  -1175.523     22.473    -88.713    268.050
    -13.961    261.582    452.324  -1176.060     22.781    -88.820    268.033
    -13.963    261.536    452.502  -1176.596     23.090    -88.927    268.014
    -13.965    261.490    452.680  -1177.132     23.401    -89.035    267.995
    -13.967    261.443    452.858  -1177.668     23.712    -89.142    267.973
    -13.969    261.395    453.036  -1178.203     24.025    -89.249    267.951
    -13.971    261.347    453.215  -1178.739     24.338    -89.357    267.926
    -13.973    261.298    453.394  -1179.275     24.653    -89.464    267.901
    -13.975    261.248    453.573  -1179.811     24.969    -89.572    267.873
    -13.977    261.198    453.752  -1180.347     25.286    -89.679    267.845
    -13.979    261.147    453.932  -1180.882     25.604    -89.787    267.815
    -13.981    261.095    454.111  -1181.418     25.923    -89.894    267.784
    -13.983    261.043    454.291  -1181.953     26.243    -90.002    267.751
    -13.985    260.990    454.471  -1182.489     26.565    -90.110    267.717
    -13.987    260.937    454.652  -1183.024     26.887    -90.217    267.682
    -13.989    260.883    454.832  -1183.560     27.211    -90.325    267.645
    -13.991    260.828    455.013  -1184.095     27.535    -90.433    267.606
    -13.993    260.773    455.194  -1184.630     27.861    -90.540    267.567
    -13.995    260.717    455.375  -1185.165     28.188    -90.648    267.525
    -13.997    260.660    455.556  -1185.700     28.516    -90.756    267.482
    -13.999    260.602    455.738  -1186.235     28.844    -90.863    267.438
    -14.001    260.544    455.920  -1186.770     29.175    -90.971    267.392
    -14.003    260.486    456.102  -1187.305     29.506    -91.079    267.344
    -14.005    260.426    456.284  -1187.839     29.838    -91.186    267.295
    -14.007    260.366    456.467  -1188.374     30.171    -91.294    267.244
    -14.009    260.306    456.649  -1188.908     30.505    -91.401    267.192
    -14.011    260.244    456.832  -1189.443     30.841    -91.509    267.138
    -14.013    260.182    457.015  -1189.977     31.177    -91.616    267.082
    -14.015    260.120    457.199  -1190.511     31.515    -91.724    267.025
    -14.017    260.056    457.382  -1191.045     31.853    -91.831    266.966
    -14.019    259.992    457.566  -1191.579     32.193    -91.938    266.905
    -14.021    259.928    457.750  -1192.113     32.534    -92.046    266.843
    -14.023    259.862    457.934  -1192.646     32.875    -92.153    266.778
    -14.025    259.796    458.119  -1193.180     33.218    -92.260    266.712
    -14.027    259.729    458.303  -1193.713     33.562    -92.367    266.644
    -14.029    259.662    458.488  -1194.246     33.907    -92.473    266.575
    -14.031    259.594    458.673  -1194.779     34.252    -92.580    266.503
    -14.033    259.525    458.858  -1195.312     34.599    -92.687    266.430
    -14.035    259.455    459.044  -1195.845     34.947    -92.793    266.354
    -14.037    259.385    459.230  -1196.378     35.296    -92.899    266.277
    -14.039    259.314    459.416  -1196.910     35.645    -93.006    266.198
    -14.041    259.242    459.602  -1197.442     35.996    -93.112    266.117
    -14.043    259.170    459.788  -1197.975     36.348    -93.218    266.034
    -14.045    259.097    459.975  -1198.507     36.700    -93.323    265.949
    -14.047    259.023    460.161  -1199.038     37.054    -93.429    265.862
    -14.049    258.949    460.348  -1199.570     37.409    -93.534    265.773
    -14.051    258.874    460.535  -1200.102     37.764    -93.639    265.682
    -14.053    258.798    460.723  -1200.633     38.120    -93.744    265.589
    -14.055    258.721    460.910  -1201.164     38.478    -93.849    265.494
    -14.057    258.644    461.098  -1201.695     38.836    -93.954    265.396
    -14.059    258.566    461.286  -1202.225     39.195    -94.058    265.297
    -14.061    258.487    461.474  -1202.756     39.555    -94.162    265.195
    -14.063    258.408    461.663  -1203.286     39.916    -94.266    265.091
    -14.065    258.327    461.852  -1203.816     40.277    -94.370    264.985
    -14.067    258.246    462.040  -1204.346     40.640    -94.473    264.877
    -14.069    258.165    462.229  -1204.876     41.003    -94.576    264.767
    -14.071    258.082    462.419  -1205.405     41.367    -94.679    264.654
    -14.073    257.999    462.608  -1205.934     41.732    -94.782    264.539
    -14.075    257.916    462.798  -1206.463     42.098    -94.884    264.422
    -14.077    257.831    462.988  -1206.992     42.464    -94.986    264.302
    -14.079    257.746    463.178  -1207.521     42.831    -95.087    264.180
    -14.081    257.660    463.368  -1208.049     43.199    -95.189    264.056
    -14.083    257.573    463.558  -1208.577     43.568    -95.289    263.929
    -14.085    257.485    463.749  -1209.105     43.937    -95.390    263.800
    -14.087    257.397    463.940  -1209.632     44.307    -95.490    263.668
    -14.089    257.308    464.131  -1210.159     44.678    -95.590    263.534
    -14.091    257.218    464.322  -1210.686     45.049    -95.690    263.398
    -14.093    257.128    464.514  -1211.213     45.421    -95.789    263.259
    -14.095    257.037    464.706  -1211.739     45.794    -95.887    263.117
    -14.097    256.945    464.897  -1212.265     46.167    -95.986    262.973
    -14.099    256.852    465.090  -1212.791     46.541    -96.083    262.826
    -14.101    256.759    465.282  -1213.317     46.915    -96.181    262.677
    -14.103    256.664    465.474  -1213.842     47.290    -96.278    262.526
    -14.105    256.569    465.667  -1214.367     47.666    -96.374    262.371
    -14.107    256.474    465.860  -1214.891     48.041    -96.470    262.214
    -14.109    256.377    466.053  -1215.416     48.418    -96.565    262.054
    -14.111    256.280    466.246  -1215.939     48.794    -96.660    261.892
    -14.113    256.182    466.439  -1216.463     49.172    -96.755    261.727
    -14.115    256.083    466.633  -1216.986     49.549    -96.849    261.559
    -14.117    255.984    466.827  -1217.509     49.927    -96.942    261.389
    -14.119    255.884    467.021  -1218.032     50.305    -97.035    261.215
    -14.121    255.783    467.215  -1218.554     50.684    -97.127    261.039
    -14.123    255.681    467.409  -1219.076     51.063    -97.219    260.860
    -14.125    255.578    467.604  -1219.598     51.442    -97.310    260.679
    -14.127    255.475    467.799  -1220.119     51.822    -97.400    260.494
    -14.129    255.371    467.993  -1220.640     52.201    -97.490    260.307
    -14.131    255.266    468.188  -1221.160     52.581    -97.579    260.117
    -14.133    255.161    468.384  -1221.680     52.961    -97.668    259.924
    -14.135    255.055    468.579  -1222.200     53.341    -97.756    259.728
    -14.137    254.947    468.775  -1222.719     53.721    -97.843    259.529
    -14.139    254.840    468.971  -1223.238     54.101    -97.929    259.327
    -14.141    254.731    469.166  -1223.756     54.482    -98.015    259.122
    -14.143    254.622    469.363  -1224.274     54.862    -98.100    258.914
    -14.145    254.512    469.559  -1224.792     55.242    -98.184    258.704
    -14.147    254.401    469.755  -1225.309     55.622    -98.268    258.490
    -14.149    254.289    469.952  -1225.826     56.002    -98.351    258.273
    -14.151    254.177    470.149  -1226.342     56.382    -98.433    258.054
    -14.153    254.064    470.346  -1226.858     56.762    -98.514    257.831
    -14.155    253.950    470.543  -1227.374     57.142    -98.594    257.605
    -14.157    253.835    470.740  -1227.889     57.521    -98.674    257.376
    -14.159    253.720    470.937  -1228.403     57.900    -98.753    257.144
    -14.161    253.603    471.135  -1228.917     58.279    -98.831    256.909
    -14.163    253.486    471.333  -1229.431     58.657    -98.908    256.671
    -14.165    253.369    471.531  -1229.944     59.035    -98.984    256.430
    -14.167    253.250    471.729  -1230.456     59.413    -99.059    256.186
    -14.169    253.131    471.927  -1230.968     59.790    -99.133    255.938
    -14.171    253.011    472.125  -1231.480     60.167    -99.207    255.688
    -14.173    252.890    472.324  -1231.991     60.543    -99.279    255.434
    -14.175    252.769    472.522  -1232.502     60.919    -99.350    255.177
    -14.177    252.647    472.721  -1233.012     61.294    -99.421    254.917
    -14.179    252.524    472.920  -1233.522     61.668    -99.490    254.654
    -14.181    252.400    473.119  -1234.031     62.042    -99.559    254.388
    -14.183    252.276    473.318  -1234.539     62.414    -99.626    254.119
    -14.185    252.150    473.518  -1235.047     62.787    -99.693    253.846
    -14.187    252.025    473.717  -1235.554     63.158    -99.758    253.570
    -14.189    251.898    473.917  -1236.061     63.528    -99.822    253.292
    -14.191    251.770    474.116  -1236.568     63.898    -99.885    253.010
    -14.193    251.642    474.316  -1237.073     64.266    -99.948    252.724
    -14.195    251.513    474.516  -1237.579     64.634   -100.009    252.436
    -14.197    251.384    474.716  -1238.083     65.000   -100.068    252.144
    -14.199    251.253    474.916  -1238.587     65.366   -100.127    251.850
    -14.201    251.122    475.117  -1239.090     65.730   -100.185    251.552
    -14.203    250.990    475.317  -1239.593     66.093   -100.241    251.251
    -14.205    250.858    475.518  -1240.095     66.455   -100.296    250.947
    -14.207    250.725    475.718  -1240.597     66.816   -100.350    250.639
    -14.209    250.591    475.919  -1241.098     67.175   -100.403    250.329
    -14.211    250.456    476.120  -1241.598     67.534   -100.455    250.015
    -14.213    250.320    476.321  -1242.098     67.890   -100.505    249.699
    -14.215    250.184    476.522  -1242.597     68.245   -100.554    249.379
    -14.217    250.047    476.723  -1243.096     68.599   -100.602    249.056
    -14.219    249.910    476.924  -1243.593     68.951   -100.649    248.730
    -14.221    249.772    477.126  -1244.091     69.302   -100.694    248.401
    -14.223    249.633    477.327  -1244.587     69.651   -100.738    248.069
    -14.225    249.493    477.529  -1245.083     69.998   -100.780    247.734
    -14.227    249.353    477.730  -1245.578     70.344   -100.822    247.396
    -14.229    249.212    477.932  -1246.072     70.688   -100.862    247.054
    -14.231    249.070    478.134  -1246.566     71.030   -100.900    246.710
    -14.233    248.928    478.336  -1247.059     71.370   -100.938    246.363
    -14.235    248.785    478.537  -1247.552     71.708   -100.973    246.013
    -14.237    248.641    478.739  -1248.043     72.045   -101.008    245.660
    -14.239    248.496    478.941  -1248.534     72.379   -101.041    245.304
    -14.241    248.351    479.144  -1249.024     72.711   -101.073    244.945
    -14.243    248.205    479.346  -1249.514     73.042   -101.103    244.583
    -14.245    248.059    479.548  -1250.003     73.370   -101.132    244.218
    -14.247    247.912    479.750  -1250.491     73.696   -101.159    243.851
    -14.249    247.764    479.953  -1250.978     74.019   -101.185    243.480
    -14.251    247.616    480.155  -1251.465     74.341   -101.210    243.107
    -14.253    247.467    480.357  -1251.951     74.660   -101.233    242.732
    -14.255    247.317    480.560  -1252.436     74.977   -101.254    242.353
    -14.257    247.167    480.762  -1252.920     75.291   -101.274    241.972
    -14.259    247.016    480.965  -1253.404     75.603   -101.293    241.588
    -14.261    246.865    481.168  -1253.886     75.913   -101.310    241.201
    -14.263    246.712    481.370  -1254.368     76.220   -101.326    240.812
    -14.265    246.560    481.573  -1254.850     76.524   -101.340    240.421
    -14.267    246.406    481.776  -1255.330     76.826   -101.353    240.026
    -14.269    246.252    481.978  -1255.810     77.125   -101.364    239.630
    -14.271    246.098    482.181  -1256.289     77.422   -101.373    239.230
    -14.273    245.943    482.384  -1256.767     77.715   -101.381    238.829
    -14.275    245.787    482.587  -1257.244     78.007   -101.388    238.425
    -14.277    245.631    482.789  -1257.720     78.295   -101.393    238.019
    -14.279    245.474    482.992  -1258.196     78.580   -101.396    237.610
    -14.281    245.316    483.195  -1258.671     78.863   -101.398    237.199
    -14.283    245.158    483.398  -1259.145     79.142   -101.399    236.786
    -14.285    245.000    483.601  -1259.618     79.419   -101.398    236.371
    -14.287    244.841    483.803  -1260.090     79.693   -101.395    235.953
    -14.289    244.681    484.006  -1260.562     79.964   -101.391    235.533
    -14.291    244.521    484.209  -1261.032     80.231   -101.385    235.112
    -14.293    244.360    484.412  -1261.502     80.496   -101.378    234.688
    -14.295    244.199    484.614  -1261.971     80.757   -101.369    234.263
    -14.297    244.037    484.817  -1262.439     81.016   -101.358    233.835
    -14.299    243.875    485.020  -1262.906     81.271   -101.346    233.406
    -14.301    243.712    485.223  -1263.373     81.523   -101.333    232.974
    -14.303    243.549    485.425  -1263.838     81.772   -101.318    232.541
    -14.305    243.385    485.628  -1264.303     82.017   -101.301    232.106
    -14.307    243.221    485.830  -1264.767     82.260   -101.283    231.670
    -14.309    243.056    486.033  -1265.230     82.499   -101.263    231.232
    -14.311    242.891    486.235  -1265.692     82.734   -101.242    230.792
    -14.313    242.725    486.438  -1266.153     82.967   -101.219    230.351
    -14.315    242.559    486.640  -1266.613     83.195   -101.195    229.908
    -14.317    242.392    486.843  -1267.073     83.421   -101.169    229.464
    -14.319    242.225    487.045  -1267.531     83.643   -101.142    229.018
    -14.321    242.058    487.247  -1267.989     83.862   -101.113    228.571
    -14.323    241.890    487.449  -1268.445     84.077   -101.083    228.123
    -14.325    241.721    487.652  -1268.901     84.289   -101.051    227.673
    -14.327    241.553    487.854  -1269.356     84.497   -101.018    227.223
    -14.329    241.383    488.056  -1269.810     84.702   -100.983    226.771
    -14.331    241.214    488.258  -1270.263     84.903   -100.947    226.318
    -14.333    241.044    488.459  -1270.715     85.101   -100.909    225.864
    -14.335    240.873    488.661  -1271.166     85.296   -100.870    225.409
    -14.337    240.703    488.863  -1271.617     85.486   -100.830    224.953
    -14.339    240.531    489.065  -1272.066     85.673   -100.788    224.496
    -14.341    240.360    489.266  -1272.515     85.857   -100.744    224.039
    -14.343    240.188    489.468  -1272.962     86.037   -100.699    223.580
    -14.345    240.016    489.669  -1273.409     86.214   -100.653    223.121
    -14.347    239.843    489.870  -1273.855     86.386   -100.605    222.661
    -14.349    239.670    490.071  -1274.300     86.556   -100.556    222.201
    -14.351    239.497    490.272  -1274.744     86.721   -100.506    221.740
    -14.353    239.323    490.473  -1275.187     86.884   -100.454    221.278
    -14.355    239.149    490.674  -1275.629     87.042   -100.401    220.816
    -14.357    238.975    490.875  -1276.070     87.197   -100.346    220.353
    -14.359    238.801    491.076  -1276.510     87.348   -100.291    219.891
    -14.361    238.626    491.276  -1276.950     87.496   -100.233    219.427
    -14.363    238.451    491.477  -1277.388     87.640   -100.175    218.964
    -14.365    238.275    491.677  -1277.825     87.781   -100.115    218.500
    -14.367    238.100    491.877  -1278.262     87.918   -100.054    218.036
    -14.369    237.924    492.077  -1278.698     88.051    -99.992    217.572
    -14.371    237.747    492.277  -1279.132     88.181    -99.928    217.108
    -14.373    237.571    492.477  -1279.566     88.307    -99.864    216.644
    -14.375    237.394    492.676  -1279.999     88.430    -99.798    216.180
    -14.377    237.217    492.876  -1280.431     88.549    -99.730    215.716
    -14.379    237.040    493.075  -1280.862     88.664    -99.662    215.252
    -14.381    236.862    493.275  -1281.292     88.776    -99.592    214.788
    -14.383    236.685    493.474  -1281.721     88.885    -99.522    214.325
    -14.385    236.507    493.673  -1282.149     88.990    -99.450    213.861
    -14.387    236.329    493.871  -1282.576     89.091    -99.377    213.398
    -14.389    236.151    494.070  -1283.003     89.189    -99.302    212.935
    -14.391    235.972    494.269  -1283.428     89.284    -99.227    212.473
    -14.393    235.793    494.467  -1283.853     89.375    -99.151    212.011
    -14.395    235.615    494.665  -1284.276     89.463    -99.073    211.550
    -14.397    235.436    494.863  -1284.699     89.547    -98.995    211.089
    -14.399    235.256    495.061  -1285.120     89.628    -98.915    210.628
    -14.401    235.077    495.259  -1285.541     89.705    -98.835    210.168
    -14.403    234.898    495.457  -1285.961     89.779    -98.753    209.709
    -14.405    234.718    495.654  -1286.380     89.850    -98.671    209.251
    -14.407    234.538    495.851  -1286.798     89.917    -98.587    208.793
    -14.409    234.358    496.048  -1287.215     89.981    -98.503    208.336
    -14.411    234.178    496.245  -1287.631     90.042    -98.417    207.879
    -14.413    233.998    496.442  -1288.047     90.100    -98.331    207.424
    -14.415    233.818    496.639  -1288.461     90.154    -98.244    206.969
    -14.417    233.638    496.835  -1288.875     90.205    -98.156    206.515
    -14.419    233.457    497.031  -1289.287     90.253    -98.067    206.062
    -14.421    233.277    497.227  -1289.699     90.297    -97.977    205.611
    -14.423    233.096    497.423  -1290.110     90.339    -97.886    205.160
    -14.425    232.915    497.619  -1290.520     90.377    -97.794    204.710
    -14.427    232.734    497.814  -1290.929     90.412    -97.702    204.261
    -14.429    232.554    498.010  -1291.337     90.445    -97.609    203.813
    -14.431    232.373    498.205  -1291.744     90.474    -97.515    203.366
    -14.433    232.192    498.400  -1292.150     90.500    -97.420    202.921
    -14.435    232.011    498.594  -1292.555     90.523    -97.324    202.476
    -14.437    231.830    498.789  -1292.960     90.543    -97.228    202.033
    -14.439    231.648    498.983  -1293.364     90.560    -97.131    201.591
    -14.441    231.467    499.178  -1293.766     90.574    -97.033    201.151
    -14.443    231.286    499.371  -1294.168     90.586    -96.935    200.711
    -14.445    231.105    499.565  -1294.569     90.594    -96.836    200.273
    -14.447    230.924    499.759  -1294.969     90.600    -96.736    199.836
    -14.449    230.743    499.952  -1295.369     90.602    -96.636    199.401
    -14.451    230.561    500.145  -1295.767     90.602    -96.535    198.967
    -14.453    230.380    500.338  -1296.164     90.600    -96.433    198.534
    -14.455    230.199    500.531  -1296.561     90.594    -96.331    198.103
    -14.457    230.018    500.724  -1296.957     90.586    -96.228    197.673
    -14.459    229.837    500.916  -1297.352     90.575    -96.125    197.245
    -14.461    229.655    501.108  -1297.746     90.562    -96.021    196.818
    -14.463    229.474    501.300  -1298.139     90.545    -95.917    196.393
    -14.465    229.293    501.492  -1298.531     90.527    -95.812    195.969
    -14.467    229.112    501.683  -1298.923     90.505    -95.706    195.547
    -14.469    228.931    501.875  -1299.314     90.482    -95.600    195.126
    -14.471    228.750    502.066  -1299.703     90.455    -95.494    194.707
    -14.473    228.569    502.257  -1300.092     90.427    -95.387    194.289
    -14.475    228.389    502.447  -1300.481     90.395    -95.280    193.873
    -14.477    228.208    502.638  -1300.868     90.362    -95.172    193.459
    -14.479    228.027    502.828  -1301.254     90.326    -95.064    193.046
    -14.481    227.847    503.018  -1301.640     90.287    -94.955    192.635
    -14.483    227.666    503.208  -1302.025     90.247    -94.846    192.226
    -14.485    227.486    503.397  -1302.409     90.204    -94.737    191.818
    -14.487    227.305    503.587  -1302.792     90.158    -94.627    191.412
    -14.489    227.125    503.776  -1303.175     90.111    -94.517    191.008
    -14.491    226.945    503.965  -1303.556     90.061    -94.406    190.605
    -14.493    226.765    504.154  -1303.937     90.009    -94.295    190.204
    -14.495    226.585    504.342  -1304.317     89.955    -94.184    189.805
    -14.497    226.405    504.530  -1304.696     89.899    -94.073    189.407
    -14.499    226.225    504.718  -1305.075     89.841    -93.961    189.012
    -14.501    226.046    504.906  -1305.452     89.781    -93.849    188.618
    -14.503    225.866    505.094  -1305.829     89.718    -93.736    188.225
    -14.505    225.687    505.281  -1306.205     89.654    -93.624    187.835
    -14.507    225.507    505.468  -1306.580     89.588    -93.511    187.446
    -14.509    225.328    505.655  -1306.955     89.519    -93.398    187.059
    -14.511    225.149    505.842  -1307.329     89.449    -93.284    186.674
    -14.513    224.971    506.028  -1307.702     89.377    -93.171    186.291
    -14.515    224.792    506.214  -1308.074     89.303    -93.057    185.910
    -14.517    224.613    506.400  -1308.445     89.227    -92.943    185.530
    -14.519    224.435    506.586  -1308.816     89.150    -92.829    185.152
    -14.521    224.257    506.772  -1309.186     89.070    -92.715    184.776
    -14.523    224.079    506.957  -1309.555     88.989    -92.600    184.402
    -14.525    223.901    507.142  -1309.924     88.906    -92.485    184.029
    -14.527    223.723    507.327  -1310.291     88.822    -92.371    183.659
    -14.529    223.545    507.512  -1310.658     88.735    -92.256    183.290
    -14.531    223.368    507.696  -1311.024     88.647    -92.141    182.923
    -14.533    223.191    507.880  -1311.390     88.558    -92.025    182.558
    -14.535    223.014    508.064  -1311.755     88.467    -91.910    182.194
    -14.537    222.837    508.248  -1312.119     88.374    -91.795    181.833
    -14.539    222.660    508.431  -1312.482     88.280    -91.679    181.473
    -14.541    222.484    508.615  -1312.845     88.184    -91.563    181.115
    -14.543    222.308    508.798  -1313.206     88.086    -91.448    180.759
    -14.545    222.132    508.980  -1313.568     87.988    -91.332    180.405
    -14.547    221.956    509.163  -1313.928     87.887    -91.216    180.053
    -14.549    221.780    509.345  -1314.288     87.786    -91.100    179.702
    -14.551    221.605    509.527  -1314.647     87.682    -90.984    179.353
    -14.553    221.429    509.709  -1315.005     87.578    -90.868    179.007
    -14.555    221.254    509.891  -1315.363     87.472    -90.752    178.661
    -14.557    221.079    510.072  -1315.720     87.365    -90.636    178.318
    -14.559    220.905    510.253  -1316.076     87.256    -90.520    177.977
    -14.561    220.730    510.434  -1316.432     87.147    -90.404    177.637
    -14.563    220.556    510.615  -1316.787     87.035    -90.288    177.299
    -14.565    220.382    510.795  -1317.141     86.923    -90.172    176.963
    -14.567    220.208    510.976  -1317.495     86.810    -90.056    176.629
    -14.569    220.035    511.156  -1317.847     86.695    -89.940    176.297
    -14.571    219.862    511.335  -1318.200     86.579    -89.824    175.966
    -14.573    219.689    511.515  -1318.551     86.462    -89.708    175.637
    -14.575    219.516    511.694  -1318.902     86.344    -89.592    175.310
    -14.577    219.343    511.873  -1319.253     86.224    -89.476    174.985
    -14.579    219.171    512.052  -1319.602     86.104    -89.361    174.661
    -14.581    218.999    512.231  -1319.951     85.982    -89.245    174.339
    -14.583    218.827    512.409  -1320.300     85.860    -89.129    174.019
    -14.585    218.655    512.587  -1320.647     85.736    -89.013    173.701
    -14.587    218.484    512.765  -1320.994     85.611    -88.898    173.385
    -14.589    218.313    512.943  -1321.341     85.486    -88.782    173.070
    -14.591    218.142    513.120  -1321.687     85.359    -88.667    172.757
    -14.593    217.972    513.298  -1322.032     85.231    -88.552    172.446
    -14.595    217.801    513.474  -1322.376     85.103    -88.436    172.136
    -14.597    217.631    513.651  -1322.720     84.973    -88.321    171.829
    -14.599    217.461    513.828  -1323.064     84.843    -88.206    171.523
    -14.601    217.292    514.004  -1323.407     84.712    -88.091    171.218
    -14.603    217.123    514.180  -1323.749     84.580    -87.976    170.916
    -14.605    216.953    514.356  -1324.090     84.447    -87.862    170.615
    -14.607    216.785    514.532  -1324.431     84.313    -87.747    170.315
    -14.609    216.616    514.707  -1324.771     84.178    -87.633    170.018
    -14.611    216.448    514.882  -1325.111     84.043    -87.518    169.722
    -14.613    216.280    515.057  -1325.450     83.906    -87.404    169.428
    -14.615    216.112    515.232  -1325.789     83.769    -87.290    169.135
    -14.617    215.945    515.406  -1326.127     83.632    -87.176    168.845
    -14.619    215.778    515.580  -1326.464     83.493    -87.062    168.555
    -14.621    215.611    515.754  -1326.801     83.354    -86.949    168.268
    -14.623    215.444    515.928  -1327.137     83.214    -86.835    167.982
    -14.625    215.278    516.102  -1327.473     83.073    -86.722    167.698
    -14.627    215.112    516.275  -1327.808     82.932    -86.608    167.415
    -14.629    214.946    516.448  -1328.143     82.790    -86.495    167.134
    -14.631    214.781    516.621  -1328.477     82.647    -86.382    166.854
    -14.633    214.616    516.794  -1328.810     82.504    -86.270    166.577
    -14.635    214.451    516.966  -1329.143     82.360    -86.157    166.300
    -14.637    214.286    517.138  -1329.475     82.215    -86.045    166.026
    -14.639    214.122    517.310  -1329.807     82.070    -85.933    165.753
    -14.641    213.958    517.482  -1330.138     81.925    -85.821    165.481
    -14.643    213.794    517.654  -1330.469     81.778    -85.709    165.211
    -14.645    213.631    517.825  -1330.799     81.632    -85.597    164.943
    -14.647    213.468    517.996  -1331.129     81.484    -85.486    164.676
    -14.649    213.305    518.167  -1331.458     81.336    -85.374    164.410
    -14.651    213.143    518.338  -1331.786     81.188    -85.263    164.147
    -14.653    212.980    518.508  -1332.114     81.039    -85.152    163.884
    -14.655    212.818    518.678  -1332.442     80.890    -85.042    163.624
    -14.657    212.657    518.848  -1332.769     80.740    -84.931    163.364
    -14.659    212.495    519.018  -1333.095     80.590    -84.821    163.107
    -14.661    212.334    519.187  -1333.421     80.439    -84.711    162.850
    -14.663    212.174    519.357  -1333.747     80.288    -84.601    162.595
    -14.665    212.013    519.526  -1334.072     80.136    -84.491    162.342
    -14.667    211.853    519.695  -1334.396     79.984    -84.381    162.090
    -14.669    211.693    519.863  -1334.720     79.831    -84.272    161.840
    -14.671    211.534    520.032  -1335.044     79.678    -84.163    161.591
    -14.673    211.375    520.200  -1335.367     79.525    -84.054    161.343
    -14.675    211.216    520.368  -1335.689     79.371    -83.945    161.097
    -14.677    211.057    520.536  -1336.011     79.217    -83.837    160.853
    -14.679    210.899    520.703  -1336.332     79.063    -83.729    160.609
    -14.681    210.741    520.871  -1336.653     78.908    -83.621    160.368
    -14.683    210.583    521.038  -1336.974     78.753    -83.513    160.127
    -14.685    210.426    521.205  -1337.294     78.598    -83.405    159.888
    -14.687    210.269    521.371  -1337.613     78.442    -83.298    159.650
    -14.689    210.112    521.538  -1337.932     78.286    -83.191    159.414
    -14.691    209.956    521.704  -1338.251     78.130    -83.084    159.179
    -14.693    209.800    521.870  -1338.569     77.973    -82.977    158.946
    -14.695    209.644    522.036  -1338.887     77.816    -82.871    158.713
    -14.697    209.488    522.202  -1339.204     77.659    -82.764    158.482
    -14.699    209.333    522.367  -1339.521     77.501    -82.658    158.253
    -14.701    209.178    522.532  -1339.837     77.344    -82.552    158.025
    -14.703    209.024    522.697  -1340.153     77.186    -82.447    157.798
    -14.705    208.870    522.862  -1340.468     77.027    -82.342    157.572
    -14.707    208.716    523.027  -1340.783     76.869    -82.236    157.348
    -14.709    208.562    523.191  -1341.098     76.710    -82.132    157.125
    -14.711    208.409    523.355  -1341.412     76.551    -82.027    156.903
    -14.713    208.256    523.519  -1341.725     76.392    -81.922    156.683
    -14.715    208.103    523.683  -1342.038     76.233    -81.818    156.463
    -14.717    207.951    523.846  -1342.351     76.073    -81.714    156.246
    -14.719    207.799    524.010  -1342.663     75.914    -81.611    156.029
    -14.721    207.647    524.173  -1342.975     75.754    -81.507    155.813
    -14.723    207.496    524.336  -1343.287     75.594    -81.404    155.599
    -14.725    207.345    524.499  -1343.598     75.434    -81.301    155.386
    -14.727    207.194    524.661  -1343.908     75.273    -81.198    155.175
    -14.729    207.044    524.823  -1344.218     75.113    -81.096    154.964
    -14.731    206.894    524.985  -1344.528     74.952    -80.993    154.755
    -14.733    206.744    525.147  -1344.837     74.791    -80.891    154.547
    -14.735    206.595    525.309  -1345.146     74.630    -80.789    154.340
    -14.737    206.445    525.470  -1345.455     74.469    -80.688    154.134
    -14.739    206.297    525.632  -1345.763     74.308    -80.587    153.929
    -14.741    206.148    525.793  -1346.070     74.147    -80.485    153.726
    -14.743    206.000    525.954  -1346.378     73.985    -80.385    153.524
    -14.745    205.852    526.114  -1346.685     73.824    -80.284    153.323
    -14.747    205.705    526.275  -1346.991     73.662    -80.184    153.123
    -14.749    205.558    526.435  -1347.297     73.500    -80.083    152.924
    -14.751    205.411    526.595  -1347.603     73.338    -79.984    152.726
    -14.753    205.264    526.755  -1347.908     73.177    -79.884    152.530
    -14.755    205.118    526.915  -1348.213     73.015    -79.785    152.334
    -14.757    204.972    527.074  -1348.517     72.853    -79.685    152.140
    -14.759    204.827    527.233  -1348.821     72.690    -79.586    151.947
    -14.761    204.682    527.392  -1349.125     72.528    -79.488    151.755
    -14.763    204.537    527.551  -1349.428     72.366    -79.389    151.564
    -14.765    204.392    527.710  -1349.731     72.204    -79.291    151.374
    -14.767    204.248    527.869  -1350.034     72.041    -79.193    151.185
    -14.769    204.104    528.027  -1350.336     71.879    -79.095    150.997
    -14.771    203.960    528.185  -1350.638     71.717    -78.998    150.810
    -14.773    203.817    528.343  -1350.939     71.554    -78.901    150.625
    -14.775    203.674    528.501  -1351.240     71.392    -78.804    150.440
    -14.777    203.531    528.658  -1351.541     71.229    -78.707    150.256
    -14.779    203.389    528.815  -1351.841     71.067    -78.610    150.074
    -14.781    203.247    528.972  -1352.141     70.904    -78.514    149.892
    -14.783    203.106    529.129  -1352.441     70.742    -78.418    149.712
    -14.785    202.964    529.286  -1352.740     70.579    -78.322    149.532
    -14.787    202.823    529.443  -1353.039     70.417    -78.227    149.354
    -14.789    202.683    529.599  -1353.338     70.254    -78.131    149.176
    -14.791    202.542    529.755  -1353.636     70.092    -78.036    148.999
    -14.793    202.402    529.911  -1353.934     69.929    -77.941    148.824
    -14.795    202.262    530.067  -1354.231     69.766    -77.847    148.649
    -14.797    202.123    530.223  -1354.528     69.604    -77.752    148.476
    -14.799    201.984    530.378  -1354.825     69.442    -77.658    148.303
    -14.801    201.845    530.533  -1355.121     69.279    -77.564    148.131
    -14.803    201.707    530.688  -1355.417     69.117    -77.471    147.961
    -14.805    201.569    530.843  -1355.713     68.954    -77.377    147.791
    -14.807    201.431    530.998  -1356.009     68.792    -77.284    147.622
    -14.809    201.294    531.152  -1356.304     68.630    -77.191    147.454
    -14.811    201.157    531.307  -1356.598     68.467    -77.098    147.287
    -14.813    201.020    531.461  -1356.893     68.305    -77.006    147.121
    -14.815    200.883    531.615  -1357.187     68.143    -76.913    146.956
    -14.817    200.747    531.768  -1357.481     67.981    -76.821    146.792
    -14.819    200.611    531.922  -1357.774     67.819    -76.730    146.629
    -14.821    200.476    532.075  -1358.067     67.657    -76.638    146.466
    -14.823    200.341    532.228  -1358.360     67.495    -76.547    146.305
    -14.825    200.206    532.381  -1358.652     67.333    -76.456    146.144
    -14.827    200.072    532.534  -1358.945     67.171    -76.365    145.984
    -14.829    199.937    532.687  -1359.236     67.009    -76.274    145.825
    -14.831    199.803    532.839  -1359.528     66.847    -76.184    145.667
    -14.833    199.670    532.992  -1359.819     66.686    -76.094    145.510
    -14.835    199.537    533.144  -1360.110     66.524    -76.004    145.354
    -14.837    199.404    533.296  -1360.400     66.362    -75.914    145.199
    -14.839    199.271    533.447  -1360.691     66.201    -75.824    145.044
    -14.841    199.139    533.599  -1360.981     66.040    -75.735    144.890
    -14.843    199.007    533.750  -1361.270     65.878    -75.646    144.737
    -14.845    198.876    533.901  -1361.560     65.717    -75.557    144.585
    -14.847    198.744    534.053  -1361.849     65.556    -75.469    144.434
    -14.849    198.613    534.203  -1362.137     65.395    -75.380    144.284
    -14.851    198.483    534.354  -1362.426     65.234    -75.292    144.134
    -14.853    198.352    534.505  -1362.714     65.073    -75.204    143.985
    -14.855    198.222    534.655  -1363.002     64.913    -75.117    143.837
    -14.857    198.093    534.805  -1363.289     64.752    -75.029    143.690
    -14.859    197.963    534.955  -1363.576     64.592    -74.942    143.544
    -14.861    197.834    535.105  -1363.863     64.431    -74.855    143.398
    -14.863    197.706    535.254  -1364.150     64.271    -74.768    143.253
    -14.865    197.577    535.404  -1364.436     64.111    -74.682    143.109
    -14.867    197.449    535.553  -1364.722     63.951    -74.595    142.966
    -14.869    197.321    535.702  -1365.008     63.791    -74.509    142.823
    -14.871    197.194    535.851  -1365.294     63.631    -74.423    142.681
    -14.873    197.067    536.000  -1365.579     63.471    -74.338    142.540
    -14.875    196.940    536.148  -1365.864     63.311    -74.252    142.400
    -14.877    196.814    536.297  -1366.149     63.152    -74.167    142.261
    -14.879    196.688    536.445  -1366.433     62.992    -74.082    142.122
    -14.881    196.562    536.593  -1366.717     62.833    -73.997    141.984
    -14.883    196.436    536.741  -1367.001     62.674    -73.912    141.846
    -14.885    196.311    536.889  -1367.284     62.515    -73.828    141.710
    -14.887    196.186    537.036  -1367.568     62.356    -73.744    141.574
    -14.889    196.062    537.184  -1367.851     62.197    -73.660    141.439
    -14.891    195.937    537.331  -1368.134     62.038    -73.576    141.304
    -14.893    195.813    537.478  -1368.416     61.880    -73.493    141.171
    -14.895    195.690    537.625  -1368.698     61.721    -73.409    141.038
    -14.897    195.567    537.772  -1368.980     61.563    -73.326    140.905
    -14.899    195.444    537.918  -1369.262     61.405    -73.243    140.774
    -14.901    195.321    538.065  -1369.543     61.247    -73.161    140.643
    -14.903    195.199    538.211  -1369.824     61.089    -73.078    140.513
    -14.905    195.077    538.357  -1370.105     60.931    -72.996    140.383
    -14.907    194.955    538.503  -1370.386     60.774    -72.914    140.254
    -14.909    194.834    538.649  -1370.666     60.616    -72.832    140.126
    -14.911    194.712    538.794  -1370.946     60.459    -72.750    139.998
    -14.913    194.592    538.940  -1371.226     60.302    -72.669    139.872
    -14.915    194.471    539.085  -1371.506     60.145    -72.588    139.745
    -14.917    194.351    539.230  -1371.785     59.988    -72.507    139.620
    -14.919    194.231    539.375  -1372.064     59.831    -72.426    139.495
    -14.921    194.112    539.520  -1372.343     59.674    -72.345    139.371
    -14.923    193.993    539.664  -1372.622     59.518    -72.265    139.247
    -14.925    193.874    539.809  -1372.900     59.362    -72.185    139.124
    -14.927    193.755    539.953  -1373.178     59.205    -72.105    139.002
    -14.929    193.637    540.097  -1373.456     59.049    -72.025    138.880
    -14.931    193.519    540.241  -1373.734     58.893    -71.945    138.759
    -14.933    193.401    540.385  -1374.011     58.738    -71.866    138.639
    -14.935    193.284    540.529  -1374.288     58.582    -71.787    138.519
    -14.937    193.167    540.672  -1374.565     58.427    -71.708    138.399
    -14.939    193.050    540.816  -1374.842     58.271    -71.629    138.281
    -14.941    192.934    540.959  -1375.118     58.116    -71.550    138.163
    -14.943    192.818    541.102  -1375.395     57.961    -71.472    138.045
    -14.945    192.702    541.245  -1375.671     57.806    -71.393    137.929
    -14.947    192.587    541.387  -1375.946     57.652    -71.315    137.812
    -14.949    192.471    541.530  -1376.222     57.497    -71.238    137.697
    -14.951    192.357    541.672  -1376.497     57.343    -71.160    137.582
    -14.953    192.242    541.815  -1376.772     57.189    -71.082    137.467
    -14.955    192.128    541.957  -1377.047     57.035    -71.005    137.354
    -14.957    192.014    542.099  -1377.322     56.881    -70.928    137.240
    -14.959    191.900    542.240  -1377.596     56.727    -70.851    137.128
    -14.961    191.787    542.382  -1377.870     56.574    -70.775    137.015
    -14.963    191.674    542.523  -1378.144     56.420    -70.698    136.904
    -14.965    191.561    542.665  -1378.418     56.267    -70.622    136.793
    -14.967    191.449    542.806  -1378.691     56.114    -70.546    136.682
    -14.969    191.337    542.947  -1378.965     55.961    -70.470    136.573
    -14.971    191.225    543.088  -1379.238     55.808    -70.394    136.463
    -14.973    191.114    543.229  -1379.510     55.656    -70.318    136.354
    -14.975    191.002    543.369  -1379.783     55.503    -70.243    136.246
    -14.977    190.892    543.509  -1380.055     55.351    -70.168    136.138
    -14.979    190.781    543.650  -1380.328     55.199    -70.093    136.031
    -14.981    190.671    543.790  -1380.599     55.047    -70.018    135.925
    -14.983    190.561    543.930  -1380.871     54.895    -69.943    135.819
    -14.985    190.451    544.070  -1381.143     54.743    -69.869    135.713
    -14.987    190.342    544.209  -1381.414     54.592    -69.795    135.608
    -14.989    190.233    544.349  -1381.685     54.441    -69.720    135.504
    -14.991    190.124    544.488  -1381.956     54.290    -69.647    135.400
    -14.993    190.016    544.627  -1382.227     54.139    -69.573    135.296
    -14.995    189.908    544.766  -1382.497     53.988    -69.499    135.193
    -14.997    189.800    544.905  -1382.768     53.837    -69.426    135.091
    -14.999    189.692    545.044  -1383.038     53.687    -69.353    134.989
    -15.001    189.585    545.183  -1383.308     53.537    -69.280    134.887
