#         t          x          y          z         vx         vy         vz
      0.001     16.300    -37.920    -43.610     35.340   -162.470    170.980
     -0.001     16.229    -37.595    -43.951     36.123   -162.974    169.775
     -0.003     16.156    -37.268    -44.289     36.907   -163.473    168.558
     -0.005     16.081    -36.941    -44.625     37.695   -163.968    167.329
     -0.007     16.005    -36.612    -44.958     38.484   -164.459    166.088
     -0.009     15.927    -36.283    -45.289     39.276   -164.945    164.833
     -0.011     15.848    -35.952    -45.618     40.070   -165.428    163.566
     -0.013     15.767    -35.621    -45.944     40.867   -165.907    162.287
     -0.015     15.684    -35.289    -46.267     41.666   -166.381    160.993
     -0.017     15.600    -34.956    -46.588     42.467   -166.853    159.687
     -0.019     15.514    -34.621    -46.906     43.271   -167.320    158.367
     -0.021     15.427    -34.286    -47.221     44.077   -167.785    157.033
     -0.023     15.338    -33.950    -47.534     44.886   -168.246    155.685
     -0.025     15.247    -33.613    -47.844     45.697   -168.705    154.323
     -0.027     15.155    -33.275    -48.151     46.510   -169.160    152.947
     -0.029     15.061    -32.937    -48.455     47.326   -169.613    151.555
     -0.031     14.966    -32.597    -48.757     48.144   -170.064    150.148
     -0.033     14.869    -32.256    -49.056     48.964   -170.512    148.726
     -0.035     14.770    -31.915    -49.352     49.787   -170.959    147.289
     -0.037     14.670    -31.573    -49.645     50.612   -171.405    145.835
     -0.039     14.568    -31.229    -49.935     51.439   -171.849    144.365
     -0.041     14.464    -30.885    -50.223     52.268   -172.292    142.878
     -0.043     14.358    -30.540    -50.507     53.099   -172.735    141.374
     -0.045     14.251    -30.194    -50.788     53.932   -173.177    139.852
     -0.047     14.143    -29.847    -51.066     54.766   -173.620    138.313
     -0.049     14.032    -29.500    -51.341     55.602   -174.063    136.755
     -0.051     13.920    -29.151    -51.613     56.440   -174.508    135.179
     -0.053     13.807    -28.802    -51.882     57.279   -174.953    133.584
     -0.055     13.691    -28.451    -52.148     58.118   -175.402    131.969
     -0.057     13.574    -28.100    -52.410     58.958   -175.852    130.334
     -0.059     13.455    -27.748    -52.669     59.799   -176.306    128.679
     -0.061     13.335    -27.395    -52.925     60.640   -176.764    127.002
     -0.063     13.213    -27.041    -53.177     61.481   -177.226    125.305
     -0.065     13.089    -26.686    -53.426     62.320   -177.693    123.585
     -0.067     12.964    -26.330    -53.671     63.159   -178.166    121.843
     -0.069     12.836    -25.973    -53.913     63.996   -178.646    120.079
     -0.071     12.708    -25.616    -54.152     64.831   -179.134    118.291
     -0.073     12.577    -25.257    -54.386     65.663   -179.629    116.479
     -0.075     12.445    -24.897    -54.617     66.492   -180.135    114.643
     -0.077     12.311    -24.536    -54.845     67.316   -180.650    112.782
     -0.079     12.176    -24.174    -55.069     68.135   -181.177    110.896
     -0.081     12.039    -23.812    -55.288     68.948   -181.716    108.985
     -0.083     11.900    -23.448    -55.504     69.754   -182.269    107.048
     -0.085     11.760    -23.082    -55.717     70.551   -182.837    105.084
     -0.087     11.618    -22.716    -55.925     71.339   -183.421    103.095
     -0.089     11.474    -22.349    -56.129     72.117   -184.022    101.078
     -0.091     11.329    -21.980    -56.329     72.881   -184.642     99.035
     -0.093     11.183    -21.610    -56.525     73.632   -185.282     96.965
     -0.095     11.035    -21.239    -56.717     74.368   -185.944     94.869
     -0.097     10.885    -20.866    -56.904     75.085   -186.629     92.746
     -0.099     10.734    -20.492    -57.088     75.783   -187.338     90.598
     -0.101     10.582    -20.117    -57.267     76.460   -188.074     88.424
     -0.103     10.429    -19.740    -57.441     77.112   -188.837     86.226
     -0.105     10.274    -19.362    -57.612     77.738   -189.630     84.004
     -0.107     10.118    -18.982    -57.777     78.334   -190.453     81.760
     -0.109      9.960    -18.600    -57.939     78.899   -191.307     79.495
     -0.111      9.802    -18.216    -58.095     79.430   -192.195     77.212
     -0.113      9.643    -17.831    -58.248     79.923   -193.117     74.912
     -0.115      9.482    -17.444    -58.395     80.375   -194.074     72.597
     -0.117      9.321    -17.055    -58.538     80.784   -195.067     70.271
     -0.119      9.159    -16.663    -58.676     81.147   -196.096     67.937
     -0.121      8.997    -16.270    -58.810     81.461   -197.162     65.597
     -0.123      8.834    -15.875    -58.939     81.723   -198.264     63.257
     -0.125      8.670    -15.477    -59.063     81.931   -199.402     60.919
     -0.127      8.506    -15.077    -59.182     82.083   -200.575     58.588
     -0.129      8.342    -14.675    -59.297     82.175   -201.782     56.269
     -0.131      8.177    -14.270    -59.407     82.208   -203.021     53.966
     -0.133      8.013    -13.863    -59.513     82.179   -204.290     51.683
     -0.135      7.849    -13.453    -59.614     82.087   -205.587     49.427
     -0.137      7.685    -13.040    -59.711     81.934   -206.909     47.200
     -0.139      7.521    -12.625    -59.803     81.717   -208.253     45.008
     -0.141      7.358    -12.207    -59.891     81.440   -209.614     42.855
     -0.143      7.195    -11.787    -59.974     81.101   -210.991     40.744
     -0.145      7.033    -11.363    -60.054     80.705   -212.378     38.679
     -0.147      6.872    -10.937    -60.129     80.251   -213.772     36.663
     -0.149      6.712    -10.508    -60.200     79.744   -215.169     34.699
     -0.151      6.554    -10.076    -60.268     79.186   -216.565     32.789
     -0.153      6.396     -9.642    -60.332     78.580   -217.956     30.933
     -0.155      6.239     -9.205    -60.392     77.929   -219.339     29.133
     -0.157      6.084     -8.765    -60.448     77.238   -220.710     27.390
     -0.159      5.930     -8.322    -60.501     76.510   -222.066     25.704
     -0.161      5.778     -7.876    -60.551     75.748   -223.403     24.074
     -0.163      5.627     -7.428    -60.598     74.957   -224.719     22.499
     -0.165      5.478     -6.977    -60.641     74.139   -226.013     20.978
     -0.167      5.331     -6.524    -60.682     73.299   -227.281     19.510
     -0.169      5.185     -6.068    -60.719     72.439   -228.521     18.093
     -0.171      5.041     -5.610    -60.754     71.562   -229.733     16.725
     -0.173      4.899     -5.149    -60.786     70.672   -230.915     15.405
     -0.175      4.758     -4.687    -60.816     69.772   -232.066     14.131
     -0.177      4.620     -4.221    -60.843     68.863   -233.185     12.900
     -0.179      4.483     -3.754    -60.867     67.948   -234.272     11.710
     -0.181      4.348     -3.284    -60.890     67.030   -235.326     10.561
     -0.183      4.215     -2.813    -60.910     66.110   -236.346      9.452
     -0.185      4.084     -2.339    -60.928     65.189   -237.334      8.386
     -0.187      3.954     -1.863    -60.943     64.271   -238.287      7.370
     -0.189      3.826     -1.386    -60.957     63.358   -239.206      6.404
     -0.191      3.701     -0.906    -60.969     62.450   -240.090      5.473
     -0.193      3.577     -0.425    -60.979     61.549   -240.940      4.569
     -0.195      3.454      0.057    -60.987     60.655   -241.757      3.687
     -0.197      3.334      0.542    -60.994     59.770   -242.541      2.825
     -0.199      3.215      1.027    -60.999     58.893   -243.292      1.983
     -0.201      3.098      1.515    -61.002     58.025   -244.013      1.158
     -0.203      2.983      2.003    -61.003     57.166   -244.703      0.348
     -0.205      2.870      2.493    -61.003     56.316   -245.363     -0.446
     -0.207      2.758      2.985    -61.001     55.475   -245.994     -1.227
     -0.209      2.648      3.477    -60.998     54.644   -246.597     -1.994
     -0.211      2.539      3.971    -60.993     53.823   -247.171     -2.749
     -0.213      2.433      4.466    -60.987     53.010   -247.719     -3.493
     -0.215      2.327      4.962    -60.980     52.207   -248.240     -4.227
     -0.217      2.224      5.459    -60.970     51.414   -248.736     -4.950
     -0.219      2.122      5.957    -60.960     50.630   -249.206     -5.664
     -0.221      2.021      6.456    -60.948     49.856   -249.651     -6.369
     -0.223      1.922      6.956    -60.934     49.090   -250.073     -7.066
     -0.225      1.825      7.456    -60.919     48.334   -250.471     -7.755
     -0.227      1.729      7.957    -60.903     47.587   -250.846     -8.436
     -0.229      1.634      8.459    -60.886     46.849   -251.198     -9.110
     -0.231      1.542      8.962    -60.867     46.119   -251.529     -9.778
     -0.233      1.450      9.466    -60.847     45.399   -251.838    -10.438
     -0.235      1.360      9.970    -60.825     44.687   -252.126    -11.093
     -0.237      1.271     10.474    -60.802     43.983   -252.394    -11.741
     -0.239      1.184     10.979    -60.778     43.288   -252.641    -12.383
     -0.241      1.098     11.485    -60.753     42.601   -252.869    -13.020
     -0.243      1.014     11.991    -60.726     41.922   -253.077    -13.652
     -0.245      0.930     12.497    -60.698     41.251   -253.267    -14.278
     -0.247      0.849     13.004    -60.669     40.587   -253.438    -14.898
     -0.249      0.768     13.511    -60.639     39.932   -253.591    -15.514
     -0.251      0.689     14.018    -60.607     39.284   -253.727    -16.124
     -0.253      0.611     14.526    -60.574     38.643   -253.845    -16.730
     -0.255      0.534     15.033    -60.540     38.009   -253.947    -17.331
     -0.257      0.459     15.541    -60.505     37.383   -254.031    -17.927
     -0.259      0.385     16.049    -60.468     36.763   -254.100    -18.518
     -0.261      0.312     16.558    -60.431     36.151   -254.152    -19.105
     -0.263      0.240     17.066    -60.392     35.545   -254.189    -19.686
     -0.265      0.170     17.574    -60.352     34.946   -254.211    -20.264
     -0.267      0.100     18.083    -60.311     34.353   -254.218    -20.836
     -0.269      0.032     18.591    -60.269     33.767   -254.210    -21.404
     -0.271     -0.035     19.100    -60.225     33.187   -254.188    -21.967
     -0.273     -0.101     19.608    -60.181     32.613   -254.152    -22.525
     -0.275     -0.165     20.116    -60.135     32.045   -254.102    -23.079
     -0.277     -0.229     20.624    -60.088     31.483   -254.039    -23.628
     -0.279     -0.291     21.132    -60.041     30.927   -253.962    -24.173
     -0.281     -0.352     21.640    -59.992     30.377   -253.873    -24.712
     -0.283     -0.413     22.148    -59.942     29.832   -253.771    -25.247
     -0.285     -0.472     22.655    -59.891     29.293   -253.657    -25.777
     -0.287     -0.530     23.162    -59.839     28.760   -253.530    -26.303
     -0.289     -0.587     23.669    -59.786     28.232   -253.392    -26.823
     -0.291     -0.643     24.176    -59.731     27.709   -253.242    -27.339
     -0.293     -0.698     24.682    -59.676     27.191   -253.081    -27.850
     -0.295     -0.752     25.188    -59.620     26.679   -252.909    -28.356
     -0.297     -0.804     25.694    -59.563     26.171   -252.727    -28.857
     -0.299     -0.856     26.199    -59.505     25.669   -252.533    -29.353
     -0.301     -0.907     26.704    -59.445     25.171   -252.330    -29.845
     -0.303     -0.957     27.209    -59.385     24.678   -252.116    -30.331
     -0.305     -1.006     27.713    -59.324     24.190   -251.892    -30.812
     -0.307     -1.054     28.216    -59.262     23.707   -251.659    -31.288
     -0.309     -1.101     28.719    -59.199     23.228   -251.416    -31.759
     -0.311     -1.147     29.222    -59.135     22.754   -251.165    -32.225
     -0.313     -1.192     29.724    -59.070     22.284   -250.904    -32.686
     -0.315     -1.236     30.225    -59.004     21.818   -250.635    -33.141
     -0.317     -1.279     30.726    -58.937     21.357   -250.357    -33.592
     -0.319     -1.321     31.227    -58.870     20.901   -250.071    -34.037
     -0.321     -1.363     31.727    -58.801     20.448   -249.776    -34.477
     -0.323     -1.403     32.226    -58.732     20.000   -249.474    -34.912
     -0.325     -1.443     32.725    -58.662     19.555   -249.164    -35.342
     -0.327     -1.481     33.223    -58.591     19.115   -248.847    -35.766
     -0.329     -1.519     33.720    -58.519     18.679   -248.522    -36.186
     -0.331     -1.556     34.217    -58.446     18.247   -248.191    -36.599
     -0.333     -1.592     34.713    -58.372     17.818   -247.852    -37.008
     -0.335     -1.627     35.208    -58.298     17.394   -247.507    -37.411
     -0.337     -1.662     35.703    -58.223     16.973   -247.155    -37.809
     -0.339     -1.695     36.197    -58.147     16.556   -246.797    -38.202
     -0.341     -1.728     36.690    -58.070     16.143   -246.433    -38.590
     -0.343     -1.760     37.182    -57.992     15.733   -246.062    -38.972
     -0.345     -1.791     37.674    -57.914     15.327   -245.686    -39.349
     -0.347     -1.821     38.165    -57.835     14.925   -245.304    -39.720
     -0.349     -1.850     38.655    -57.755     14.526   -244.917    -40.087
     -0.351     -1.879     39.145    -57.674     14.131   -244.524    -40.448
     -0.353     -1.907     39.633    -57.593     13.739   -244.127    -40.803
     -0.355     -1.934     40.121    -57.511     13.350   -243.724    -41.154
     -0.357     -1.960     40.608    -57.429     12.965   -243.317    -41.499
     -0.359     -1.986     41.095    -57.345     12.583   -242.904    -41.839
     -0.361     -2.011     41.580    -57.261     12.204   -242.488    -42.174
     -0.363     -2.035     42.064    -57.177     11.829   -242.067    -42.504
     -0.365     -2.058     42.548    -57.091     11.457   -241.641    -42.828
     -0.367     -2.081     43.031    -57.005     11.088   -241.212    -43.147
     -0.369     -2.102     43.513    -56.919     10.722   -240.778    -43.461
     -0.371     -2.123     43.994    -56.831     10.359   -240.341    -43.770
     -0.373     -2.144     44.474    -56.744     10.000   -239.900    -44.074
     -0.375     -2.163     44.954    -56.655      9.643   -239.456    -44.373
     -0.377     -2.182     45.432    -56.566      9.289   -239.008    -44.667
     -0.379     -2.201     45.910    -56.476      8.939   -238.557    -44.955
     -0.381     -2.218     46.386    -56.386      8.591   -238.103    -45.239
     -0.383     -2.235     46.862    -56.295      8.246   -237.646    -45.518
     -0.385     -2.251     47.337    -56.204      7.904   -237.185    -45.791
     -0.387     -2.267     47.811    -56.112      7.565   -236.722    -46.060
     -0.389     -2.281     48.284    -56.020      7.229   -236.257    -46.324
     -0.391     -2.296     48.756    -55.927      6.895   -235.788    -46.583
     -0.393     -2.309     49.227    -55.834      6.564   -235.318    -46.837
     -0.395     -2.322     49.697    -55.740      6.236   -234.845    -47.087
     -0.397     -2.334     50.166    -55.645      5.911   -234.369    -47.331
     -0.399     -2.345     50.635    -55.550      5.588   -233.892    -47.571
     -0.401     -2.356     51.102    -55.455      5.268   -233.412    -47.806
     -0.403     -2.367     51.568    -55.359      4.951   -232.931    -48.037
     -0.405     -2.376     52.034    -55.263      4.636   -232.448    -48.263
     -0.407     -2.385     52.498    -55.166      4.324   -231.963    -48.484
     -0.409     -2.393     52.962    -55.069      4.014   -231.476    -48.701
     -0.411     -2.401     53.424    -54.971      3.707   -230.988    -48.913
     -0.413     -2.408     53.886    -54.873      3.402   -230.498    -49.121
     -0.415     -2.415     54.346    -54.775      3.100   -230.007    -49.325
     -0.417     -2.421     54.806    -54.676      2.800   -229.514    -49.524
     -0.419     -2.426     55.264    -54.577      2.503   -229.021    -49.718
     -0.421     -2.431     55.722    -54.477      2.208   -228.526    -49.908
     -0.423     -2.435     56.178    -54.377      1.915   -228.030    -50.094
     -0.425     -2.438     56.634    -54.277      1.625   -227.533    -50.276
     -0.427     -2.441     57.088    -54.176      1.337   -227.035    -50.454
     -0.429     -2.444     57.542    -54.075      1.051   -226.536    -50.627
     -0.431     -2.445     57.994    -53.973      0.768   -226.037    -50.796
     -0.433     -2.447     58.446    -53.872      0.487   -225.537    -50.962
     -0.435     -2.447     58.897    -53.770      0.208   -225.036    -51.123
     -0.437     -2.448     59.346    -53.667     -0.069   -224.534    -51.280
     -0.439     -2.447     59.795    -53.565     -0.343   -224.032    -51.433
     -0.441     -2.446     60.242    -53.462     -0.616   -223.530    -51.582
     -0.443     -2.445     60.689    -53.358     -0.886   -223.027    -51.728
     -0.445     -2.443     61.134    -53.255     -1.154   -222.524    -51.869
     -0.447     -2.440     61.579    -53.151     -1.420   -222.021    -52.007
     -0.449     -2.437     62.022    -53.047     -1.684   -221.517    -52.141
     -0.451     -2.433     62.465    -52.942     -1.946   -221.013    -52.272
     -0.453     -2.429     62.907    -52.838     -2.206   -220.510    -52.398
     -0.455     -2.425     63.347    -52.733     -2.464   -220.006    -52.521
     -0.457     -2.419     63.787    -52.627     -2.720   -219.502    -52.641
     -0.459     -2.414     64.225    -52.522     -2.973   -218.998    -52.756
     -0.461     -2.407     64.663    -52.416     -3.225   -218.494    -52.869
     -0.463     -2.401     65.099    -52.311     -3.475   -217.990    -52.978
     -0.465     -2.394     65.535    -52.205     -3.723   -217.487    -53.083
     -0.467     -2.386     65.969    -52.098     -3.969   -216.983    -53.185
     -0.469     -2.378     66.402    -51.992     -4.214   -216.480    -53.284
     -0.471     -2.369     66.835    -51.885     -4.456   -215.977    -53.379
     -0.473     -2.360     67.266    -51.778     -4.697   -215.475    -53.471
     -0.475     -2.350     67.697    -51.671     -4.935   -214.973    -53.560
     -0.477     -2.340     68.126    -51.564     -5.172   -214.471    -53.646
     -0.479     -2.330     68.555    -51.457     -5.407   -213.970    -53.728
     -0.481     -2.318     68.982    -51.349     -5.640   -213.469    -53.808
     -0.483     -2.307     69.409    -51.241     -5.872   -212.969    -53.884
     -0.485     -2.295     69.834    -51.134     -6.102   -212.469    -53.957
     -0.487     -2.283     70.258    -51.026     -6.330   -211.970    -54.027
     -0.489     -2.270     70.682    -50.917     -6.556   -211.472    -54.095
     -0.491     -2.256     71.104    -50.809     -6.781   -210.974    -54.159
     -0.493     -2.243     71.526    -50.701     -7.004   -210.477    -54.220
     -0.495     -2.228     71.946    -50.592     -7.225   -209.980    -54.279
     -0.497     -2.214     72.366    -50.484     -7.445   -209.484    -54.335
     -0.499     -2.199     72.784    -50.375     -7.663   -208.989    -54.388
     -0.501     -2.183     73.202    -50.266     -7.879   -208.495    -54.438
     -0.503     -2.167     73.618    -50.157     -8.094   -208.002    -54.485
     -0.505     -2.151     74.034    -50.048     -8.307   -207.509    -54.530
     -0.507     -2.134     74.448    -49.939     -8.518   -207.017    -54.572
     -0.509     -2.117     74.862    -49.830     -8.728   -206.526    -54.612
     -0.511     -2.099     75.274    -49.721     -8.937   -206.036    -54.649
     -0.513     -2.081     75.686    -49.611     -9.144   -205.547    -54.683
     -0.515     -2.062     76.096    -49.502     -9.349   -205.059    -54.715
     -0.517     -2.043     76.506    -49.392     -9.553   -204.572    -54.745
     -0.519     -2.024     76.915    -49.283     -9.756   -204.086    -54.772
     -0.521     -2.004     77.322    -49.173     -9.957   -203.600    -54.796
     -0.523     -1.984     77.729    -49.064    -10.156   -203.116    -54.818
     -0.525     -1.964     78.135    -48.954    -10.354   -202.633    -54.838
     -0.527     -1.943     78.540    -48.844    -10.551   -202.151    -54.856
     -0.529     -1.922     78.944    -48.735    -10.746   -201.669    -54.871
     -0.531     -1.900     79.346    -48.625    -10.940   -201.189    -54.884
     -0.533     -1.878     79.748    -48.515    -11.132   -200.710    -54.894
     -0.535     -1.855     80.149    -48.405    -11.323   -200.232    -54.903
     -0.537     -1.833     80.549    -48.296    -11.513   -199.756    -54.909
     -0.539     -1.809     80.948    -48.186    -11.701   -199.280    -54.913
     -0.541     -1.786     81.346    -48.076    -11.888   -198.805    -54.915
     -0.543     -1.762     81.743    -47.966    -12.074   -198.332    -54.915
     -0.545     -1.737     82.140    -47.856    -12.258   -197.860    -54.913
     -0.547     -1.713     82.535    -47.746    -12.441   -197.388    -54.909
     -0.549     -1.688     82.929    -47.637    -12.623   -196.918    -54.903
     -0.551     -1.662     83.323    -47.527    -12.803   -196.450    -54.895
     -0.553     -1.636     83.715    -47.417    -12.982   -195.982    -54.885
     -0.555     -1.610     84.107    -47.307    -13.160   -195.516    -54.873
     -0.557     -1.584     84.497    -47.198    -13.337   -195.050    -54.859
     -0.559     -1.557     84.887    -47.088    -13.512   -194.586    -54.844
     -0.561     -1.530     85.275    -46.978    -13.686   -194.124    -54.826
     -0.563     -1.502     85.663    -46.869    -13.859   -193.662    -54.807
     -0.565     -1.474     86.050    -46.759    -14.031   -193.202    -54.785
     -0.567     -1.446     86.436    -46.649    -14.201   -192.743    -54.763
     -0.569     -1.418     86.821    -46.540    -14.371   -192.285    -54.738
     -0.571     -1.389     87.205    -46.430    -14.539   -191.828    -54.712
     -0.573     -1.359     87.588    -46.321    -14.706   -191.373    -54.683
     -0.575     -1.330     87.971    -46.212    -14.872   -190.919    -54.654
     -0.577     -1.300     88.352    -46.102    -15.036   -190.466    -54.622
     -0.579     -1.270     88.733    -45.993    -15.200   -190.014    -54.589
     -0.581     -1.239     89.112    -45.884    -15.362   -189.564    -54.555
     -0.583     -1.208     89.491    -45.775    -15.524   -189.115    -54.518
     -0.585     -1.177     89.869    -45.666    -15.684   -188.668    -54.481
     -0.587     -1.145     90.245    -45.557    -15.843   -188.221    -54.441
     -0.589     -1.114     90.621    -45.448    -16.001   -187.776    -54.400
     -0.591     -1.081     90.997    -45.340    -16.158   -187.332    -54.358
     -0.593     -1.049     91.371    -45.231    -16.314   -186.890    -54.314
     -0.595     -1.016     91.744    -45.122    -16.469   -186.448    -54.269
     -0.597     -0.983     92.117    -45.014    -16.622   -186.008    -54.222
     -0.599     -0.950     92.488    -44.905    -16.775   -185.570    -54.174
     -0.601     -0.916     92.859    -44.797    -16.927   -185.132    -54.125
     -0.603     -0.882     93.229    -44.689    -17.078   -184.696    -54.074
     -0.605     -0.848     93.598    -44.581    -17.227   -184.261    -54.022
     -0.607     -0.813     93.966    -44.473    -17.376   -183.828    -53.968
     -0.609     -0.778     94.333    -44.365    -17.524   -183.396    -53.914
     -0.611     -0.743     94.699    -44.257    -17.670   -182.965    -53.857
     -0.613     -0.708     95.065    -44.149    -17.816   -182.535    -53.800
     -0.615     -0.672     95.429    -44.042    -17.961   -182.107    -53.741
     -0.617     -0.636     95.793    -43.935    -18.105   -181.680    -53.681
     -0.619     -0.599     96.156    -43.827    -18.247   -181.254    -53.620
     -0.621     -0.563     96.518    -43.720    -18.389   -180.830    -53.558
     -0.623     -0.526     96.880    -43.613    -18.530   -180.407    -53.494
     -0.625     -0.489     97.240    -43.506    -18.670   -179.985    -53.430
     -0.627     -0.451     97.599    -43.399    -18.809   -179.565    -53.364
     -0.629     -0.413     97.958    -43.293    -18.948   -179.146    -53.297
     -0.631     -0.375     98.316    -43.186    -19.085   -178.728    -53.229
     -0.633     -0.337     98.673    -43.080    -19.221   -178.311    -53.159
     -0.635     -0.298     99.029    -42.973    -19.357   -177.896    -53.089
     -0.637     -0.260     99.385    -42.867    -19.491   -177.482    -53.018
     -0.639     -0.220     99.739    -42.761    -19.625   -177.069    -52.945
     -0.641     -0.181    100.093    -42.656    -19.758   -176.658    -52.872
     -0.643     -0.141    100.446    -42.550    -19.890   -176.248    -52.797
     -0.645     -0.102    100.798    -42.444    -20.021   -175.839    -52.722
     -0.647     -0.061    101.149    -42.339    -20.151   -175.431    -52.645
     -0.649     -0.021    101.500    -42.234    -20.281   -175.025    -52.568
     -0.651      0.020    101.849    -42.129    -20.409   -174.620    -52.489
     -0.653      0.061    102.198    -42.024    -20.537   -174.216    -52.410
     -0.655      0.102    102.546    -41.919    -20.664   -173.814    -52.330
     -0.657      0.143    102.893    -41.815    -20.790   -173.412    -52.248
     -0.659      0.185    103.240    -41.710    -20.916   -173.013    -52.166
     -0.661      0.227    103.585    -41.606    -21.040   -172.614    -52.083
     -0.663      0.269    103.930    -41.502    -21.164   -172.216    -51.999
     -0.665      0.312    104.274    -41.398    -21.287   -171.820    -51.914
     -0.667      0.354    104.618    -41.294    -21.409   -171.425    -51.828
     -0.669      0.397    104.960    -41.191    -21.531   -171.032    -51.742
     -0.671      0.441    105.302    -41.087    -21.651   -170.639    -51.654
     -0.673      0.484    105.643    -40.984    -21.771   -170.248    -51.566
     -0.675      0.528    105.983    -40.881    -21.890   -169.858    -51.477
     -0.677      0.571    106.322    -40.778    -22.009   -169.470    -51.387
     -0.679      0.616    106.661    -40.675    -22.126   -169.082    -51.296
     -0.681      0.660    106.998    -40.573    -22.243   -168.696    -51.205
     -0.683      0.705    107.335    -40.471    -22.359   -168.311    -51.113
     -0.685      0.749    107.672    -40.368    -22.475   -167.927    -51.020
     -0.687      0.795    108.007    -40.266    -22.589   -167.545    -50.926
     -0.689      0.840    108.342    -40.165    -22.703   -167.164    -50.832
     -0.691      0.885    108.676    -40.063    -22.817   -166.783    -50.736
     -0.693      0.931    109.009    -39.962    -22.929   -166.405    -50.641
     -0.695      0.977    109.341    -39.861    -23.041   -166.027    -50.544
     -0.697      1.023    109.673    -39.760    -23.152   -165.650    -50.447
     -0.699      1.070    110.004    -39.659    -23.263   -165.275    -50.349
     -0.701      1.116    110.334    -39.558    -23.373   -164.901    -50.250
     -0.703      1.163    110.664    -39.458    -23.482   -164.528    -50.151
     -0.705      1.210    110.992    -39.358    -23.590   -164.156    -50.051
     -0.707      1.257    111.320    -39.258    -23.698   -163.786    -49.950
     -0.709      1.305    111.647    -39.158    -23.805   -163.417    -49.849
     -0.711      1.353    111.974    -39.058    -23.912   -163.048    -49.747
     -0.713      1.401    112.300    -38.959    -24.018   -162.681    -49.645
     -0.715      1.449    112.625    -38.860    -24.123   -162.316    -49.542
     -0.717      1.497    112.949    -38.761    -24.227   -161.951    -49.438
     -0.719      1.546    113.272    -38.662    -24.331   -161.587    -49.334
     -0.721      1.594    113.595    -38.563    -24.434   -161.225    -49.229
     -0.723      1.643    113.917    -38.465    -24.537   -160.864    -49.124
     -0.725      1.693    114.239    -38.367    -24.639   -160.504    -49.018
     -0.727      1.742    114.559    -38.269    -24.741   -160.145    -48.912
     -0.729      1.792    114.879    -38.171    -24.841   -159.787    -48.805
     -0.731      1.841    115.198    -38.074    -24.941   -159.430    -48.697
     -0.733      1.891    115.517    -37.976    -25.041   -159.075    -48.589
     -0.735      1.942    115.835    -37.879    -25.140   -158.721    -48.480
     -0.737      1.992    116.152    -37.782    -25.238   -158.367    -48.371
     -0.739      2.042    116.468    -37.686    -25.336   -158.015    -48.262
     -0.741      2.093    116.784    -37.589    -25.433   -157.664    -48.152
     -0.743      2.144    117.099    -37.493    -25.530   -157.314    -48.041
     -0.745      2.195    117.413    -37.397    -25.626   -156.965    -47.930
     -0.747      2.247    117.727    -37.301    -25.722   -156.618    -47.818
     -0.749      2.298    118.040    -37.206    -25.816   -156.271    -47.706
     -0.751      2.350    118.352    -37.111    -25.911   -155.925    -47.594
     -0.753      2.402    118.663    -37.016    -26.005   -155.581    -47.481
     -0.755      2.454    118.974    -36.921    -26.098   -155.238    -47.368
     -0.757      2.506    119.284    -36.826    -26.190   -154.895    -47.254
     -0.759      2.559    119.594    -36.732    -26.283   -154.554    -47.140
     -0.761      2.611    119.902    -36.638    -26.374   -154.214    -47.025
     -0.763      2.664    120.211    -36.544    -26.465   -153.875    -46.910
     -0.765      2.717    120.518    -36.450    -26.556   -153.537    -46.795
     -0.767      2.770    120.825    -36.356    -26.646   -153.200    -46.679
     -0.769      2.824    121.131    -36.263    -26.735   -152.864    -46.563
     -0.771      2.877    121.436    -36.170    -26.824   -152.529    -46.446
     -0.773      2.931    121.741    -36.077    -26.912   -152.195    -46.329
     -0.775      2.985    122.045    -35.985    -27.000   -151.862    -46.211
     -0.777      3.039    122.348    -35.893    -27.087   -151.530    -46.094
     -0.779      3.093    122.651    -35.800    -27.174   -151.200    -45.975
     -0.781      3.148    122.953    -35.709    -27.261   -150.870    -45.857
     -0.783      3.202    123.255    -35.617    -27.346   -150.541    -45.738
     -0.785      3.257    123.555    -35.526    -27.432   -150.214    -45.619
     -0.787      3.312    123.855    -35.435    -27.516   -149.887    -45.499
     -0.789      3.367    124.155    -35.344    -27.601   -149.561    -45.379
     -0.791      3.423    124.454    -35.253    -27.685   -149.237    -45.259
     -0.793      3.478    124.752    -35.163    -27.768   -148.913    -45.139
     -0.795      3.534    125.049    -35.073    -27.851   -148.590    -45.018
     -0.797      3.589    125.346    -34.983    -27.933   -148.269    -44.897
     -0.799      3.645    125.642    -34.893    -28.015   -147.948    -44.775
     -0.801      3.701    125.938    -34.803    -28.097   -147.628    -44.653
     -0.803      3.758    126.233    -34.714    -28.178   -147.310    -44.531
     -0.805      3.814    126.527    -34.625    -28.258   -146.992    -44.409
     -0.807      3.871    126.821    -34.537    -28.338   -146.675    -44.286
     -0.809      3.928    127.114    -34.448    -28.418   -146.359    -44.163
     -0.811      3.984    127.406    -34.360    -28.497   -146.044    -44.040
     -0.813      4.042    127.698    -34.272    -28.575   -145.731    -43.916
     -0.815      4.099    127.989    -34.184    -28.654   -145.418    -43.793
     -0.817      4.156    128.280    -34.097    -28.731   -145.106    -43.668
     -0.819      4.214    128.570    -34.010    -28.809   -144.795    -43.544
     -0.821      4.271    128.859    -33.923    -28.885   -144.484    -43.420
     -0.823      4.329    129.148    -33.836    -28.962   -144.175    -43.295
     -0.825      4.387    129.436    -33.750    -29.038   -143.867    -43.170
     -0.827      4.445    129.723    -33.663    -29.113   -143.560    -43.044
     -0.829      4.504    130.010    -33.577    -29.189   -143.253    -42.919
     -0.831      4.562    130.296    -33.492    -29.263   -142.948    -42.793
     -0.833      4.621    130.582    -33.406    -29.337   -142.643    -42.667
     -0.835      4.679    130.867    -33.321    -29.411   -142.340    -42.541
     -0.837      4.738    131.151    -33.236    -29.485   -142.037    -42.414
     -0.839      4.797    131.435    -33.151    -29.558   -141.735    -42.287
     -0.841      4.857    131.718    -33.067    -29.630   -141.434    -42.160
     -0.843      4.916    132.001    -32.983    -29.702   -141.134    -42.033
     -0.845      4.975    132.283    -32.899    -29.774   -140.835    -41.906
     -0.847      5.035    132.564    -32.815    -29.846   -140.537    -41.778
     -0.849      5.095    132.845    -32.732    -29.917   -140.240    -41.650
     -0.851      5.155    133.125    -32.648    -29.987   -139.943    -41.522
     -0.853      5.215    133.404    -32.566    -30.057   -139.647    -41.394
     -0.855      5.275    133.683    -32.483    -30.127   -139.353    -41.266
     -0.857      5.335    133.962    -32.400    -30.196   -139.059    -41.137
     -0.859      5.396    134.240    -32.318    -30.265   -138.766    -41.008
     -0.861      5.456    134.517    -32.236    -30.334   -138.474    -40.879
     -0.863      5.517    134.794    -32.155    -30.402   -138.183    -40.750
     -0.865      5.578    135.070    -32.073    -30.470   -137.892    -40.620
     -0.867      5.639    135.345    -31.992    -30.537   -137.603    -40.490
     -0.869      5.700    135.620    -31.911    -30.604   -137.314    -40.360
     -0.871      5.761    135.894    -31.831    -30.671   -137.026    -40.229
     -0.873      5.823    136.168    -31.751    -30.737   -136.739    -40.097
     -0.875      5.884    136.441    -31.671    -30.803   -136.453    -39.966
     -0.877      5.946    136.714    -31.591    -30.869   -136.167    -39.834
     -0.879      6.008    136.986    -31.511    -30.934   -135.883    -39.702
     -0.881      6.070    137.257    -31.432    -30.999   -135.599    -39.570
     -0.883      6.132    137.528    -31.353    -31.063   -135.316    -39.437
     -0.885      6.194    137.799    -31.274    -31.127   -135.034    -39.305
     -0.887      6.256    138.069    -31.196    -31.191   -134.753    -39.172
     -0.889      6.319    138.338    -31.117    -31.255   -134.473    -39.039
     -0.891      6.381    138.606    -31.040    -31.318   -134.193    -38.906
     -0.893      6.444    138.875    -30.962    -31.380   -133.914    -38.773
     -0.895      6.507    139.142    -30.884    -31.443   -133.636    -38.640
     -0.897      6.570    139.409    -30.807    -31.505   -133.359    -38.507
     -0.899      6.633    139.676    -30.730    -31.566   -133.083    -38.373
     -0.901      6.696    139.941    -30.654    -31.627   -132.807    -38.240
     -0.903      6.759    140.207    -30.577    -31.688   -132.532    -38.106
     -0.905      6.823    140.472    -30.501    -31.749   -132.258    -37.972
     -0.907      6.886    140.736    -30.426    -31.809   -131.985    -37.838
     -0.909      6.950    141.000    -30.350    -31.869   -131.713    -37.705
     -0.911      7.014    141.263    -30.275    -31.929   -131.441    -37.571
     -0.913      7.078    141.525    -30.200    -31.988   -131.170    -37.436
     -0.915      7.142    141.787    -30.125    -32.047   -130.900    -37.302
     -0.917      7.206    142.049    -30.051    -32.106   -130.631    -37.168
     -0.919      7.270    142.310    -29.976    -32.164   -130.362    -37.033
     -0.921      7.335    142.570    -29.902    -32.222   -130.094    -36.899
     -0.923      7.399    142.830    -29.829    -32.280   -129.827    -36.764
     -0.925      7.464    143.090    -29.755    -32.337   -129.561    -36.630
     -0.927      7.528    143.348    -29.682    -32.394   -129.295    -36.495
     -0.929      7.593    143.607    -29.609    -32.451   -129.030    -36.360
     -0.931      7.658    143.865    -29.537    -32.507   -128.766    -36.225
     -0.933      7.723    144.122    -29.464    -32.563   -128.503    -36.090
     -0.935      7.788    144.379    -29.392    -32.619   -128.240    -35.955
     -0.937      7.854    144.635    -29.321    -32.674   -127.978    -35.820
     -0.939      7.919    144.891    -29.249    -32.729   -127.717    -35.685
     -0.941      7.985    145.146    -29.178    -32.784   -127.457    -35.550
     -0.943      8.050    145.400    -29.107    -32.839   -127.197    -35.415
     -0.945      8.116    145.654    -29.036    -32.893   -126.938    -35.279
     -0.947      8.182    145.908    -28.966    -32.947   -126.680    -35.144
     -0.949      8.248    146.161    -28.896    -33.000   -126.422    -35.008
     -0.951      8.314    146.414    -28.826    -33.054   -126.165    -34.873
     -0.953      8.380    146.666    -28.756    -33.107   -125.909    -34.737
     -0.955      8.446    146.917    -28.687    -33.160   -125.654    -34.602
     -0.957      8.513    147.168    -28.618    -33.212   -125.399    -34.466
     -0.959      8.579    147.419    -28.549    -33.264   -125.145    -34.330
     -0.961      8.646    147.669    -28.480    -33.316   -124.891    -34.195
     -0.963      8.712    147.919    -28.412    -33.368   -124.639    -34.059
     -0.965      8.779    148.168    -28.344    -33.419   -124.387    -33.923
     -0.967      8.846    148.416    -28.276    -33.470   -124.135    -33.787
     -0.969      8.913    148.664    -28.209    -33.521   -123.885    -33.651
     -0.971      8.980    148.912    -28.142    -33.571   -123.635    -33.515
     -0.973      9.047    149.159    -28.075    -33.621   -123.386    -33.379
     -0.975      9.115    149.405    -28.008    -33.671   -123.137    -33.243
     -0.977      9.182    149.651    -27.942    -33.721   -122.889    -33.107
     -0.979      9.250    149.897    -27.876    -33.770   -122.642    -32.971
     -0.981      9.317    150.142    -27.810    -33.819   -122.395    -32.835
     -0.983      9.385    150.386    -27.745    -33.868   -122.149    -32.699
     -0.985      9.453    150.630    -27.679    -33.916   -121.904    -32.563
     -0.987      9.520    150.874    -27.614    -33.965   -121.659    -32.427
     -0.989      9.588    151.117    -27.550    -34.013   -121.415    -32.290
     -0.991      9.657    151.360    -27.485    -34.060   -121.172    -32.154
     -0.993      9.725    151.602    -27.421    -34.108   -120.929    -32.018
     -0.995      9.793    151.843    -27.357    -34.155   -120.687    -31.882
     -0.997      9.861    152.084    -27.293    -34.202   -120.446    -31.745
     -0.999      9.930    152.325    -27.230    -34.249   -120.205    -31.609
     -1.001      9.998    152.565    -27.167    -34.295   -119.965    -31.473
     -1.003     10.067    152.805    -27.104    -34.341   -119.725    -31.336
     -1.005     10.136    153.044    -27.042    -34.387   -119.486    -31.200
     -1.007     10.205    153.283    -26.979    -34.433   -119.248    -31.064
     -1.009     10.273    153.521    -26.917    -34.478   -119.010    -30.927
     -1.011     10.342    153.759    -26.856    -34.523   -118.773    -30.791
     -1.013     10.412    153.996    -26.794    -34.568   -118.537    -30.655
     -1.015     10.481    154.233    -26.733    -34.613   -118.301    -30.518
     -1.017     10.550    154.470    -26.672    -34.657   -118.066    -30.382
     -1.019     10.619    154.705    -26.612    -34.701   -117.831    -30.246
     -1.021     10.689    154.941    -26.551    -34.745   -117.597    -30.109
     -1.023     10.758    155.176    -26.491    -34.789   -117.364    -29.973
     -1.025     10.828    155.410    -26.431    -34.832   -117.131    -29.836
     -1.027     10.898    155.644    -26.372    -34.875   -116.899    -29.700
     -1.029     10.967    155.878    -26.313    -34.918   -116.667    -29.564
     -1.031     11.037    156.111    -26.254    -34.961   -116.436    -29.427
     -1.033     11.107    156.344    -26.195    -35.003   -116.206    -29.291
     -1.035     11.177    156.576    -26.136    -35.046   -115.976    -29.155
     -1.037     11.247    156.808    -26.078    -35.088   -115.747    -29.018
     -1.039     11.318    157.039    -26.020    -35.129   -115.518    -28.882
     -1.041     11.388    157.270    -25.963    -35.171   -115.290    -28.746
     -1.043     11.458    157.500    -25.905    -35.212   -115.063    -28.609
     -1.045     11.529    157.730    -25.848    -35.253   -114.836    -28.473
     -1.047     11.599    157.959    -25.791    -35.294   -114.609    -28.337
     -1.049     11.670    158.188    -25.735    -35.334   -114.384    -28.200
     -1.051     11.741    158.417    -25.679    -35.375   -114.158    -28.064
     -1.053     11.811    158.645    -25.623    -35.415   -113.934    -27.928
     -1.055     11.882    158.873    -25.567    -35.455   -113.710    -27.792
     -1.057     11.953    159.100    -25.511    -35.494   -113.486    -27.656
     -1.059     12.024    159.327    -25.456    -35.534   -113.263    -27.519
     -1.061     12.095    159.553    -25.401    -35.573   -113.041    -27.383
     -1.063     12.167    159.779    -25.347    -35.612   -112.819    -27.247
     -1.065     12.238    160.004    -25.292    -35.651   -112.598    -27.111
     -1.067     12.309    160.229    -25.238    -35.689   -112.377    -26.975
     -1.069     12.381    160.454    -25.185    -35.728   -112.157    -26.839
     -1.071     12.452    160.678    -25.131    -35.766   -111.937    -26.703
     -1.073     12.524    160.901    -25.078    -35.804   -111.718    -26.567
     -1.075     12.595    161.125    -25.025    -35.842   -111.499    -26.431
     -1.077     12.667    161.347    -24.972    -35.879   -111.281    -26.295
     -1.079     12.739    161.570    -24.920    -35.916   -111.064    -26.159
     -1.081     12.811    161.792    -24.867    -35.953   -110.847    -26.023
     -1.083     12.883    162.013    -24.815    -35.990   -110.631    -25.887
     -1.085     12.955    162.234    -24.764    -36.027   -110.415    -25.751
     -1.087     13.027    162.455    -24.712    -36.063   -110.199    -25.616
     -1.089     13.099    162.675    -24.661    -36.099   -109.984    -25.480
     -1.091     13.171    162.895    -24.611    -36.135   -109.770    -25.344
     -1.093     13.243    163.114    -24.560    -36.171   -109.556    -25.208
     -1.095     13.316    163.333    -24.510    -36.207   -109.343    -25.073
     -1.097     13.388    163.551    -24.460    -36.242   -109.130    -24.937
     -1.099     13.461    163.769    -24.410    -36.277   -108.918    -24.801
     -1.101     13.533    163.987    -24.360    -36.312   -108.706    -24.666
     -1.103     13.606    164.204    -24.311    -36.347   -108.495    -24.530
     -1.105     13.679    164.421    -24.262    -36.382   -108.284    -24.395
     -1.107     13.752    164.637    -24.214    -36.416   -108.074    -24.259
     -1.109     13.824    164.853    -24.165    -36.450   -107.864    -24.124
     -1.111     13.897    165.069    -24.117    -36.484   -107.655    -23.989
     -1.113     13.970    165.284    -24.069    -36.518   -107.446    -23.853
     -1.115     14.043    165.499    -24.022    -36.552   -107.238    -23.718
     -1.117     14.117    165.713    -23.974    -36.585   -107.030    -23.583
     -1.119     14.190    165.927    -23.927    -36.618   -106.823    -23.447
     -1.121     14.263    166.140    -23.881    -36.651   -106.616    -23.312
     -1.123     14.336    166.353    -23.834    -36.684   -106.410    -23.177
     -1.125     14.410    166.566    -23.788    -36.717   -106.204    -23.042
     -1.127     14.483    166.778    -23.742    -36.749   -105.998    -22.907
     -1.129     14.557    166.990    -23.696    -36.782   -105.793    -22.772
     -1.131     14.630    167.201    -23.651    -36.814   -105.589    -22.637
     -1.133     14.704    167.412    -23.606    -36.845   -105.385    -22.502
     -1.135     14.778    167.623    -23.561    -36.877   -105.182    -22.368
     -1.137     14.852    167.833    -23.516    -36.909   -104.979    -22.233
     -1.139     14.925    168.043    -23.472    -36.940   -104.776    -22.098
     -1.141     14.999    168.252    -23.428    -36.971   -104.574    -21.963
     -1.143     15.073    168.461    -23.384    -37.002   -104.373    -21.829
     -1.145     15.147    168.670    -23.341    -37.033   -104.172    -21.694
     -1.147     15.221    168.878    -23.297    -37.063   -103.971    -21.560
     -1.149     15.296    169.085    -23.254    -37.094   -103.771    -21.425
     -1.151     15.370    169.293    -23.212    -37.124   -103.571    -21.291
     -1.153     15.444    169.500    -23.169    -37.154   -103.372    -21.156
     -1.155     15.518    169.706    -23.127    -37.184   -103.173    -21.022
     -1.157     15.593    169.912    -23.085    -37.214   -102.975    -20.888
     -1.159     15.667    170.118    -23.043    -37.243   -102.777    -20.754
     -1.161     15.742    170.323    -23.002    -37.272   -102.580    -20.619
     -1.163     15.816    170.528    -22.961    -37.302   -102.383    -20.485
     -1.165     15.891    170.733    -22.920    -37.331   -102.186    -20.351
     -1.167     15.966    170.937    -22.880    -37.359   -101.990    -20.217
     -1.169     16.040    171.141    -22.839    -37.388   -101.794    -20.083
     -1.171     16.115    171.344    -22.799    -37.416   -101.599    -19.949
     -1.173     16.190    171.547    -22.760    -37.445   -101.404    -19.816
     -1.175     16.265    171.750    -22.720    -37.473   -101.210    -19.682
     -1.177     16.340    171.952    -22.681    -37.501   -101.016    -19.548
     -1.179     16.415    172.154    -22.642    -37.528   -100.823    -19.415
     -1.181     16.490    172.356    -22.603    -37.556   -100.630    -19.281
     -1.183     16.565    172.557    -22.565    -37.583   -100.437    -19.148
     -1.185     16.640    172.757    -22.527    -37.611   -100.245    -19.014
     -1.187     16.716    172.958    -22.489    -37.638   -100.053    -18.881
     -1.189     16.791    173.157    -22.451    -37.665    -99.862    -18.747
     -1.191     16.866    173.357    -22.414    -37.691    -99.671    -18.614
     -1.193     16.942    173.556    -22.377    -37.718    -99.480    -18.481
     -1.195     17.017    173.755    -22.340    -37.744    -99.290    -18.348
     -1.197     17.093    173.953    -22.303    -37.771    -99.101    -18.215
     -1.199     17.168    174.151    -22.267    -37.797    -98.911    -18.082
     -1.201     17.244    174.349    -22.231    -37.823    -98.723    -17.949
     -1.203     17.320    174.546    -22.195    -37.849    -98.534    -17.816
     -1.205     17.395    174.743    -22.160    -37.874    -98.346    -17.683
     -1.207     17.471    174.940    -22.124    -37.900    -98.159    -17.550
     -1.209     17.547    175.136    -22.089    -37.925    -97.971    -17.418
     -1.211     17.623    175.331    -22.055    -37.950    -97.785    -17.285
     -1.213     17.699    175.527    -22.020    -37.975    -97.598    -17.152
     -1.215     17.775    175.722    -21.986    -38.000    -97.412    -17.020
     -1.217     17.851    175.917    -21.952    -38.024    -97.227    -16.888
     -1.219     17.927    176.111    -21.919    -38.049    -97.042    -16.755
     -1.221     18.003    176.305    -21.885    -38.073    -96.857    -16.623
     -1.223     18.079    176.498    -21.852    -38.097    -96.672    -16.491
     -1.225     18.155    176.691    -21.819    -38.121    -96.488    -16.359
     -1.227     18.232    176.884    -21.787    -38.145    -96.305    -16.227
     -1.229     18.308    177.077    -21.754    -38.169    -96.122    -16.095
     -1.231     18.384    177.269    -21.722    -38.193    -95.939    -15.963
     -1.233     18.461    177.460    -21.690    -38.216    -95.756    -15.831
     -1.235     18.537    177.652    -21.659    -38.239    -95.574    -15.699
     -1.237     18.614    177.843    -21.628    -38.262    -95.393    -15.567
     -1.239     18.690    178.033    -21.597    -38.285    -95.212    -15.436
     -1.241     18.767    178.223    -21.566    -38.308    -95.031    -15.304
     -1.243     18.843    178.413    -21.535    -38.331    -94.850    -15.173
     -1.245     18.920    178.603    -21.505    -38.353    -94.670    -15.041
     -1.247     18.997    178.792    -21.475    -38.376    -94.490    -14.910
     -1.249     19.074    178.981    -21.446    -38.398    -94.311    -14.778
     -1.251     19.150    179.169    -21.416    -38.420    -94.132    -14.647
     -1.253     19.227    179.357    -21.387    -38.442    -93.953    -14.516
     -1.255     19.304    179.545    -21.358    -38.464    -93.775    -14.385
     -1.257     19.381    179.732    -21.329    -38.485    -93.597    -14.254
     -1.259     19.458    179.919    -21.301    -38.507    -93.420    -14.123
     -1.261     19.535    180.106    -21.273    -38.528    -93.243    -13.992
     -1.263     19.612    180.292    -21.245    -38.549    -93.066    -13.861
     -1.265     19.689    180.478    -21.217    -38.570    -92.890    -13.731
     -1.267     19.767    180.664    -21.190    -38.591    -92.713    -13.600
     -1.269     19.844    180.849    -21.163    -38.612    -92.538    -13.470
     -1.271     19.921    181.034    -21.136    -38.632    -92.362    -13.339
     -1.273     19.998    181.219    -21.110    -38.653    -92.188    -13.209
     -1.275     20.076    181.403    -21.083    -38.673    -92.013    -13.078
     -1.277     20.153    181.587    -21.057    -38.693    -91.839    -12.948
     -1.279     20.230    181.770    -21.032    -38.713    -91.665    -12.818
     -1.281     20.308    181.953    -21.006    -38.733    -91.491    -12.688
     -1.283     20.385    182.136    -20.981    -38.753    -91.318    -12.558
     -1.285     20.463    182.319    -20.956    -38.773    -91.145    -12.428
     -1.287     20.540    182.501    -20.931    -38.792    -90.973    -12.298
     -1.289     20.618    182.683    -20.907    -38.812    -90.801    -12.168
     -1.291     20.696    182.864    -20.882    -38.831    -90.629    -12.039
     -1.293     20.773    183.045    -20.859    -38.850    -90.457    -11.909
     -1.295     20.851    183.226    -20.835    -38.869    -90.286    -11.779
     -1.297     20.929    183.406    -20.811    -38.888    -90.115    -11.650
     -1.299     21.007    183.586    -20.788    -38.906    -89.945    -11.521
     -1.301     21.084    183.766    -20.765    -38.925    -89.775    -11.391
     -1.303     21.162    183.945    -20.743    -38.943    -89.605    -11.262
     -1.305     21.240    184.124    -20.720    -38.961    -89.436    -11.133
     -1.307     21.318    184.303    -20.698    -38.980    -89.267    -11.004
     -1.309     21.396    184.482    -20.676    -38.998    -89.098    -10.875
     -1.311     21.474    184.660    -20.655    -39.015    -88.930    -10.746
     -1.313     21.552    184.837    -20.633    -39.033    -88.762    -10.617
     -1.315     21.630    185.015    -20.612    -39.051    -88.594    -10.488
     -1.317     21.708    185.192    -20.591    -39.068    -88.426    -10.360
     -1.319     21.787    185.368    -20.571    -39.086    -88.259    -10.231
     -1.321     21.865    185.545    -20.550    -39.103    -88.093    -10.103
     -1.323     21.943    185.721    -20.530    -39.120    -87.926     -9.974
     -1.325     22.021    185.896    -20.511    -39.137    -87.760     -9.846
     -1.327     22.099    186.072    -20.491    -39.154    -87.594     -9.718
     -1.329     22.178    186.247    -20.472    -39.170    -87.429     -9.589
     -1.331     22.256    186.421    -20.453    -39.187    -87.264     -9.461
     -1.333     22.335    186.596    -20.434    -39.203    -87.099     -9.333
     -1.335     22.413    186.770    -20.415    -39.220    -86.934     -9.205
     -1.337     22.491    186.944    -20.397    -39.236    -86.770     -9.077
     -1.339     22.570    187.117    -20.379    -39.252    -86.606     -8.950
     -1.341     22.648    187.290    -20.361    -39.268    -86.443     -8.822
     -1.343     22.727    187.463    -20.344    -39.284    -86.279     -8.694
     -1.345     22.806    187.635    -20.326    -39.299    -86.116     -8.567
     -1.347     22.884    187.807    -20.309    -39.315    -85.954     -8.439
     -1.349     22.963    187.979    -20.293    -39.330    -85.791     -8.312
     -1.351     23.041    188.150    -20.276    -39.345    -85.629     -8.185
     -1.353     23.120    188.321    -20.260    -39.361    -85.468     -8.058
     -1.355     23.199    188.492    -20.244    -39.376    -85.306     -7.930
     -1.357     23.278    188.663    -20.228    -39.391    -85.145     -7.803
     -1.359     23.356    188.833    -20.213    -39.405    -84.984     -7.676
     -1.361     23.435    189.003    -20.197    -39.420    -84.824     -7.550
     -1.363     23.514    189.172    -20.183    -39.435    -84.664     -7.423
     -1.365     23.593    189.341    -20.168    -39.449    -84.504     -7.296
     -1.367     23.672    189.510    -20.153    -39.463    -84.344     -7.170
     -1.369     23.751    189.679    -20.139    -39.478    -84.185     -7.043
     -1.371     23.830    189.847    -20.125    -39.492    -84.026     -6.917
     -1.373     23.909    190.015    -20.111    -39.506    -83.867     -6.790
     -1.375     23.988    190.182    -20.098    -39.519    -83.709     -6.664
     -1.377     24.067    190.350    -20.085    -39.533    -83.551     -6.538
     -1.379     24.146    190.516    -20.072    -39.547    -83.393     -6.412
     -1.381     24.225    190.683    -20.059    -39.560    -83.235     -6.286
     -1.383     24.304    190.849    -20.047    -39.574    -83.078     -6.160
     -1.385     24.383    191.015    -20.035    -39.587    -82.921     -6.034
     -1.387     24.463    191.181    -20.023    -39.600    -82.764     -5.908
     -1.389     24.542    191.346    -20.011    -39.613    -82.608     -5.783
     -1.391     24.621    191.512    -19.999    -39.626    -82.452     -5.657
     -1.393     24.700    191.676    -19.988    -39.639    -82.296     -5.531
     -1.395     24.780    191.841    -19.977    -39.651    -82.140     -5.406
     -1.397     24.859    192.005    -19.967    -39.664    -81.985     -5.281
     -1.399     24.938    192.169    -19.956    -39.676    -81.830     -5.156
     -1.401     25.018    192.332    -19.946    -39.689    -81.676     -5.030
     -1.403     25.097    192.495    -19.936    -39.701    -81.521     -4.905
     -1.405     25.176    192.658    -19.926    -39.713    -81.367     -4.780
     -1.407     25.256    192.821    -19.917    -39.725    -81.213     -4.655
     -1.409     25.335    192.983    -19.908    -39.737    -81.060     -4.531
     -1.411     25.415    193.145    -19.899    -39.749    -80.906     -4.406
     -1.413     25.494    193.307    -19.890    -39.760    -80.753     -4.281
     -1.415     25.574    193.468    -19.882    -39.772    -80.600     -4.157
     -1.417     25.653    193.629    -19.874    -39.783    -80.448     -4.032
     -1.419     25.733    193.790    -19.866    -39.795    -80.296     -3.908
     -1.421     25.813    193.950    -19.858    -39.806    -80.144     -3.784
     -1.423     25.892    194.110    -19.850    -39.817    -79.992     -3.660
     -1.425     25.972    194.270    -19.843    -39.828    -79.841     -3.535
     -1.427     26.052    194.430    -19.836    -39.839    -79.689     -3.411
     -1.429     26.131    194.589    -19.830    -39.849    -79.538     -3.288
     -1.431     26.211    194.748    -19.823    -39.860    -79.388     -3.164
     -1.433     26.291    194.907    -19.817    -39.871    -79.237     -3.040
     -1.435     26.370    195.065    -19.811    -39.881    -79.087     -2.916
     -1.437     26.450    195.223    -19.805    -39.891    -78.937     -2.793
     -1.439     26.530    195.381    -19.800    -39.902    -78.788     -2.669
     -1.441     26.610    195.538    -19.795    -39.912    -78.639     -2.546
     -1.443     26.690    195.695    -19.790    -39.922    -78.489     -2.423
     -1.445     26.769    195.852    -19.785    -39.931    -78.341     -2.299
     -1.447     26.849    196.009    -19.780    -39.941    -78.192     -2.176
     -1.449     26.929    196.165    -19.776    -39.951    -78.044     -2.053
     -1.451     27.009    196.321    -19.772    -39.960    -77.896     -1.930
     -1.453     27.089    196.476    -19.768    -39.970    -77.748     -1.807
     -1.455     27.169    196.632    -19.765    -39.979    -77.600     -1.685
     -1.457     27.249    196.787    -19.762    -39.989    -77.453     -1.562
     -1.459     27.329    196.942    -19.759    -39.998    -77.306     -1.439
     -1.461     27.409    197.096    -19.756    -40.007    -77.159     -1.317
     -1.463     27.489    197.250    -19.753    -40.016    -77.013     -1.194
     -1.465     27.569    197.404    -19.751    -40.024    -76.866     -1.072
     -1.467     27.649    197.558    -19.749    -40.033    -76.720     -0.950
     -1.469     27.729    197.711    -19.747    -40.042    -76.574     -0.828
     -1.471     27.809    197.864    -19.746    -40.050    -76.429     -0.706
     -1.473     27.889    198.017    -19.745    -40.059    -76.283     -0.584
     -1.475     27.970    198.169    -19.744    -40.067    -76.138     -0.462
     -1.477     28.050    198.321    -19.743    -40.075    -75.994     -0.340
     -1.479     28.130    198.473    -19.742    -40.083    -75.849     -0.218
     -1.481     28.210    198.625    -19.742    -40.091    -75.705     -0.096
     -1.483     28.290    198.776    -19.742    -40.099    -75.560      0.025
     -1.485     28.370    198.927    -19.742    -40.107    -75.416      0.146
     -1.487     28.451    199.078    -19.742    -40.115    -75.273      0.268
     -1.489     28.531    199.228    -19.743    -40.122    -75.129      0.389
     -1.491     28.611    199.378    -19.744    -40.130    -74.986      0.510
     -1.493     28.691    199.528    -19.745    -40.137    -74.843      0.631
     -1.495     28.772    199.677    -19.746    -40.145    -74.700      0.752
     -1.497     28.852    199.827    -19.748    -40.152    -74.558      0.873
     -1.499     28.932    199.976    -19.750    -40.159    -74.416      0.994
     -1.501     29.013    200.124    -19.752    -40.166    -74.274      1.115
     -1.503     29.093    200.273    -19.754    -40.173    -74.132      1.235
     -1.505     29.173    200.421    -19.757    -40.180    -73.990      1.356
     -1.507     29.254    200.569    -19.760    -40.186    -73.849      1.476
     -1.509     29.334    200.716    -19.763    -40.193    -73.708      1.597
     -1.511     29.414    200.864    -19.766    -40.199    -73.567      1.717
     -1.513     29.495    201.011    -19.770    -40.206    -73.426      1.837
     -1.515     29.575    201.157    -19.774    -40.212    -73.286      1.957
     -1.517     29.656    201.304    -19.778    -40.218    -73.145      2.077
     -1.519     29.736    201.450    -19.782    -40.224    -73.005      2.197
     -1.521     29.817    201.596    -19.786    -40.230    -72.866      2.317
     -1.523     29.897    201.741    -19.791    -40.236    -72.726      2.437
     -1.525     29.978    201.887    -19.796    -40.242    -72.587      2.557
     -1.527     30.058    202.032    -19.801    -40.248    -72.448      2.676
     -1.529     30.139    202.176    -19.807    -40.253    -72.309      2.796
     -1.531     30.219    202.321    -19.813    -40.259    -72.170      2.915
     -1.533     30.300    202.465    -19.819    -40.264    -72.031      3.034
     -1.535     30.380    202.609    -19.825    -40.270    -71.893      3.154
     -1.537     30.461    202.753    -19.831    -40.275    -71.755      3.273
     -1.539     30.541    202.896    -19.838    -40.280    -71.617      3.392
     -1.541     30.622    203.039    -19.845    -40.285    -71.480      3.511
     -1.543     30.702    203.182    -19.852    -40.290    -71.342      3.630
     -1.545     30.783    203.325    -19.859    -40.295    -71.205      3.748
     -1.547     30.864    203.467    -19.867    -40.300    -71.068      3.867
     -1.549     30.944    203.609    -19.875    -40.305    -70.931      3.986
     -1.551     31.025    203.751    -19.883    -40.309    -70.795      4.104
     -1.553     31.105    203.892    -19.891    -40.314    -70.658      4.223
     -1.555     31.186    204.033    -19.900    -40.318    -70.522      4.341
     -1.557     31.267    204.174    -19.908    -40.322    -70.386      4.459
     -1.559     31.347    204.315    -19.917    -40.327    -70.250      4.577
     -1.561     31.428    204.455    -19.927    -40.331    -70.115      4.695
     -1.563     31.509    204.595    -19.936    -40.335    -69.979      4.813
     -1.565     31.589    204.735    -19.946    -40.339    -69.844      4.931
     -1.567     31.670    204.875    -19.956    -40.343    -69.709      5.049
     -1.569     31.751    205.014    -19.966    -40.346    -69.575      5.167
     -1.571     31.831    205.153    -19.977    -40.350    -69.440      5.284
     -1.573     31.912    205.292    -19.987    -40.354    -69.306      5.402
     -1.575     31.993    205.430    -19.998    -40.357    -69.171      5.519
     -1.577     32.073    205.568    -20.009    -40.361    -69.037      5.636
     -1.579     32.154    205.706    -20.021    -40.364    -68.904      5.754
     -1.581     32.235    205.844    -20.032    -40.367    -68.770      5.871
     -1.583     32.316    205.981    -20.044    -40.370    -68.637      5.988
     -1.585     32.396    206.118    -20.056    -40.373    -68.504      6.105
     -1.587     32.477    206.255    -20.069    -40.376    -68.371      6.222
     -1.589     32.558    206.392    -20.081    -40.379    -68.238      6.339
     -1.591     32.639    206.528    -20.094    -40.382    -68.105      6.455
     -1.593     32.719    206.664    -20.107    -40.385    -67.973      6.572
     -1.595     32.800    206.800    -20.120    -40.387    -67.841      6.689
     -1.597     32.881    206.936    -20.134    -40.390    -67.709      6.805
     -1.599     32.962    207.071    -20.148    -40.392    -67.577      6.921
     -1.601     33.043    207.206    -20.162    -40.394    -67.445      7.038
     -1.603     33.123    207.341    -20.176    -40.397    -67.314      7.154
     -1.605     33.204    207.475    -20.190    -40.399    -67.182      7.270
     -1.607     33.285    207.609    -20.205    -40.401    -67.051      7.386
     -1.609     33.366    207.743    -20.220    -40.403    -66.920      7.502
     -1.611     33.447    207.877    -20.235    -40.405    -66.790      7.618
     -1.613     33.527    208.011    -20.250    -40.407    -66.659      7.733
     -1.615     33.608    208.144    -20.266    -40.408    -66.529      7.849
     -1.617     33.689    208.277    -20.282    -40.410    -66.398      7.965
     -1.619     33.770    208.409    -20.298    -40.412    -66.268      8.080
     -1.621     33.851    208.542    -20.314    -40.413    -66.139      8.195
     -1.623     33.931    208.674    -20.330    -40.414    -66.009      8.311
     -1.625     34.012    208.806    -20.347    -40.416    -65.879      8.426
     -1.627     34.093    208.937    -20.364    -40.417    -65.750      8.541
     -1.629     34.174    209.069    -20.381    -40.418    -65.621      8.656
     -1.631     34.255    209.200    -20.399    -40.419    -65.492      8.771
     -1.633     34.336    209.331    -20.416    -40.420    -65.363      8.886
     -1.635     34.416    209.461    -20.434    -40.421    -65.235      9.000
     -1.637     34.497    209.592    -20.452    -40.422    -65.106      9.115
     -1.639     34.578    209.722    -20.471    -40.422    -64.978      9.230
     -1.641     34.659    209.852    -20.489    -40.423    -64.850      9.344
     -1.643     34.740    209.981    -20.508    -40.424    -64.722      9.459
     -1.645     34.821    210.111    -20.527    -40.424    -64.595      9.573
     -1.647     34.902    210.240    -20.546    -40.424    -64.467      9.687
     -1.649     34.982    210.368    -20.566    -40.425    -64.340      9.801
     -1.651     35.063    210.497    -20.586    -40.425    -64.212      9.915
     -1.653     35.144    210.625    -20.606    -40.425    -64.085     10.029
     -1.655     35.225    210.753    -20.626    -40.425    -63.959     10.143
     -1.657     35.306    210.881    -20.646    -40.425    -63.832     10.257
     -1.659     35.387    211.009    -20.667    -40.425    -63.705     10.371
     -1.661     35.468    211.136    -20.688    -40.425    -63.579     10.484
     -1.663     35.548    211.263    -20.709    -40.424    -63.453     10.598
     -1.665     35.629    211.390    -20.730    -40.424    -63.327     10.711
     -1.667     35.710    211.516    -20.752    -40.424    -63.201     10.824
     -1.669     35.791    211.643    -20.773    -40.423    -63.075     10.938
     -1.671     35.872    211.769    -20.795    -40.422    -62.950     11.051
     -1.673     35.953    211.894    -20.817    -40.422    -62.824     11.164
     -1.675     36.033    212.020    -20.840    -40.421    -62.699     11.277
     -1.677     36.114    212.145    -20.863    -40.420    -62.574     11.390
     -1.679     36.195    212.270    -20.885    -40.419    -62.449     11.503
     -1.681     36.276    212.395    -20.909    -40.418    -62.324     11.615
     -1.683     36.357    212.519    -20.932    -40.417    -62.200     11.728
     -1.685     36.438    212.644    -20.956    -40.416    -62.075     11.840
     -1.687     36.518    212.768    -20.979    -40.415    -61.951     11.953
     -1.689     36.599    212.892    -21.003    -40.413    -61.827     12.065
     -1.691     36.680    213.015    -21.028    -40.412    -61.703     12.178
     -1.693     36.761    213.138    -21.052    -40.410    -61.579     12.290
     -1.695     36.842    213.261    -21.077    -40.409    -61.456     12.402
     -1.697     36.923    213.384    -21.102    -40.407    -61.332     12.514
     -1.699     37.003    213.507    -21.127    -40.405    -61.209     12.626
     -1.701     37.084    213.629    -21.152    -40.404    -61.086     12.738
     -1.703     37.165    213.751    -21.178    -40.402    -60.962     12.849
     -1.705     37.246    213.873    -21.204    -40.400    -60.840     12.961
     -1.707     37.327    213.994    -21.230    -40.398    -60.717     13.073
     -1.709     37.407    214.116    -21.256    -40.395    -60.594     13.184
     -1.711     37.488    214.237    -21.282    -40.393    -60.472     13.295
     -1.713     37.569    214.358    -21.309    -40.391    -60.350     13.407
     -1.715     37.650    214.478    -21.336    -40.389    -60.227     13.518
     -1.717     37.730    214.599    -21.363    -40.386    -60.105     13.629
     -1.719     37.811    214.719    -21.390    -40.384    -59.984     13.740
     -1.721     37.892    214.838    -21.418    -40.381    -59.862     13.851
     -1.723     37.973    214.958    -21.446    -40.378    -59.740     13.962
     -1.725     38.054    215.077    -21.474    -40.376    -59.619     14.073
     -1.727     38.134    215.197    -21.502    -40.373    -59.498     14.183
     -1.729     38.215    215.315    -21.531    -40.370    -59.377     14.294
     -1.731     38.296    215.434    -21.559    -40.367    -59.256     14.404
     -1.733     38.377    215.552    -21.588    -40.364    -59.135     14.515
     -1.735     38.457    215.671    -21.617    -40.361    -59.014     14.625
     -1.737     38.538    215.788    -21.647    -40.358    -58.894     14.735
     -1.739     38.619    215.906    -21.676    -40.354    -58.773     14.846
     -1.741     38.699    216.024    -21.706    -40.351    -58.653     14.956
     -1.743     38.780    216.141    -21.736    -40.347    -58.533     15.066
     -1.745     38.861    216.258    -21.766    -40.344    -58.413     15.176
     -1.747     38.941    216.374    -21.797    -40.340    -58.293     15.285
     -1.749     39.022    216.491    -21.828    -40.337    -58.173     15.395
     -1.751     39.103    216.607    -21.858    -40.333    -58.054     15.505
     -1.753     39.183    216.723    -21.890    -40.329    -57.934     15.614
     -1.755     39.264    216.839    -21.921    -40.325    -57.815     15.724
     -1.757     39.345    216.954    -21.952    -40.321    -57.696     15.833
     -1.759     39.425    217.070    -21.984    -40.317    -57.577     15.942
     -1.761     39.506    217.185    -22.016    -40.313    -57.458     16.052
     -1.763     39.587    217.299    -22.048    -40.309    -57.339     16.161
     -1.765     39.667    217.414    -22.081    -40.305    -57.220     16.270
     -1.767     39.748    217.528    -22.114    -40.300    -57.102     16.379
     -1.769     39.828    217.642    -22.146    -40.296    -56.983     16.487
     -1.771     39.909    217.756    -22.179    -40.291    -56.865     16.596
     -1.773     39.990    217.870    -22.213    -40.287    -56.747     16.705
     -1.775     40.070    217.983    -22.246    -40.282    -56.629     16.814
     -1.777     40.151    218.096    -22.280    -40.278    -56.511     16.922
     -1.779     40.231    218.209    -22.314    -40.273    -56.393     17.030
     -1.781     40.312    218.322    -22.348    -40.268    -56.276     17.139
     -1.783     40.392    218.434    -22.383    -40.263    -56.158     17.247
     -1.785     40.473    218.547    -22.417    -40.258    -56.041     17.355
     -1.787     40.553    218.659    -22.452    -40.253    -55.924     17.463
     -1.789     40.634    218.770    -22.487    -40.248    -55.807     17.571
     -1.791     40.714    218.882    -22.522    -40.243    -55.690     17.679
     -1.793     40.795    218.993    -22.558    -40.237    -55.573     17.787
     -1.795     40.875    219.104    -22.593    -40.232    -55.456     17.895
     -1.797     40.956    219.215    -22.629    -40.226    -55.340     18.002
     -1.799     41.036    219.325    -22.665    -40.221    -55.223     18.110
     -1.801     41.117    219.436    -22.702    -40.215    -55.107     18.217
     -1.803     41.197    219.546    -22.738    -40.210    -54.991     18.325
     -1.805     41.278    219.656    -22.775    -40.204    -54.874     18.432
     -1.807     41.358    219.765    -22.812    -40.198    -54.758     18.539
     -1.809     41.438    219.875    -22.849    -40.192    -54.643     18.646
     -1.811     41.519    219.984    -22.887    -40.186    -54.527     18.753
     -1.813     41.599    220.093    -22.924    -40.180    -54.411     18.860
     -1.815     41.679    220.202    -22.962    -40.174    -54.296     18.967
     -1.817     41.760    220.310    -23.000    -40.168    -54.180     19.074
     -1.819     41.840    220.418    -23.038    -40.162    -54.065     19.181
     -1.821     41.920    220.526    -23.077    -40.156    -53.950     19.287
     -1.823     42.001    220.634    -23.115    -40.149    -53.835     19.394
     -1.825     42.081    220.742    -23.154    -40.143    -53.720     19.500
     -1.827     42.161    220.849    -23.193    -40.136    -53.605     19.606
     -1.829     42.242    220.956    -23.233    -40.130    -53.490     19.713
     -1.831     42.322    221.063    -23.272    -40.123    -53.376     19.819
     -1.833     42.402    221.170    -23.312    -40.116    -53.261     19.925
     -1.835     42.482    221.276    -23.352    -40.110    -53.147     20.031
     -1.837     42.562    221.382    -23.392    -40.103    -53.033     20.137
     -1.839     42.643    221.488    -23.433    -40.096    -52.918     20.243
     -1.841     42.723    221.594    -23.473    -40.089    -52.804     20.348
     -1.843     42.803    221.699    -23.514    -40.082    -52.690     20.454
     -1.845     42.883    221.805    -23.555    -40.075    -52.577     20.560
     -1.847     42.963    221.910    -23.596    -40.068    -52.463     20.665
     -1.849     43.043    222.014    -23.638    -40.060    -52.349     20.771
     -1.851     43.124    222.119    -23.679    -40.053    -52.236     20.876
     -1.853     43.204    222.223    -23.721    -40.046    -52.122     20.981
     -1.855     43.284    222.328    -23.763    -40.038    -52.009     21.086
     -1.857     43.364    222.431    -23.805    -40.031    -51.896     21.191
     -1.859     43.444    222.535    -23.848    -40.023    -51.783     21.296
     -1.861     43.524    222.639    -23.891    -40.015    -51.670     21.401
     -1.863     43.604    222.742    -23.934    -40.007    -51.557     21.506
     -1.865     43.684    222.845    -23.977    -40.000    -51.444     21.611
     -1.867     43.764    222.948    -24.020    -39.992    -51.332     21.715
     -1.869     43.844    223.050    -24.064    -39.984    -51.219     21.820
     -1.871     43.924    223.152    -24.107    -39.976    -51.107     21.924
     -1.873     44.004    223.255    -24.151    -39.968    -50.994     22.029
     -1.875     44.084    223.356    -24.195    -39.960    -50.882     22.133
     -1.877     44.164    223.458    -24.240    -39.951    -50.770     22.237
     -1.879     44.244    223.560    -24.284    -39.943    -50.658     22.341
     -1.881     44.323    223.661    -24.329    -39.935    -50.546     22.445
     -1.883     44.403    223.762    -24.374    -39.926    -50.434     22.549
     -1.885     44.483    223.862    -24.419    -39.918    -50.322     22.653
     -1.887     44.563    223.963    -24.465    -39.909    -50.211     22.757
     -1.889     44.643    224.063    -24.510    -39.901    -50.099     22.861
     -1.891     44.723    224.163    -24.556    -39.892    -49.988     22.964
     -1.893     44.802    224.263    -24.602    -39.883    -49.876     23.068
     -1.895     44.882    224.363    -24.648    -39.874    -49.765     23.171
     -1.897     44.962    224.462    -24.695    -39.865    -49.654     23.275
     -1.899     45.042    224.562    -24.742    -39.856    -49.543     23.378
     -1.901     45.121    224.660    -24.788    -39.847    -49.432     23.481
     -1.903     45.201    224.759    -24.835    -39.838    -49.321     23.584
     -1.905     45.281    224.858    -24.883    -39.829    -49.210     23.687
     -1.907     45.360    224.956    -24.930    -39.820    -49.100     23.790
     -1.909     45.440    225.054    -24.978    -39.811    -48.989     23.893
     -1.911     45.520    225.152    -25.026    -39.801    -48.878     23.996
     -1.913     45.599    225.250    -25.074    -39.792    -48.768     24.099
     -1.915     45.679    225.347    -25.122    -39.782    -48.658     24.201
     -1.917     45.758    225.444    -25.171    -39.773    -48.547     24.304
     -1.919     45.838    225.541    -25.219    -39.763    -48.437     24.406
     -1.921     45.917    225.638    -25.268    -39.753    -48.327     24.509
     -1.923     45.997    225.735    -25.317    -39.744    -48.217     24.611
     -1.925     46.076    225.831    -25.367    -39.734    -48.107     24.713
     -1.927     46.156    225.927    -25.416    -39.724    -47.998     24.815
     -1.929     46.235    226.023    -25.466    -39.714    -47.888     24.917
     -1.931     46.315    226.119    -25.516    -39.704    -47.778     25.019
     -1.933     46.394    226.214    -25.566    -39.694    -47.669     25.121
     -1.935     46.473    226.309    -25.616    -39.684    -47.559     25.223
     -1.937     46.553    226.404    -25.667    -39.674    -47.450     25.324
     -1.939     46.632    226.499    -25.718    -39.663    -47.341     25.426
     -1.941     46.711    226.594    -25.769    -39.653    -47.231     25.528
     -1.943     46.791    226.688    -25.820    -39.643    -47.122     25.629
     -1.945     46.870    226.782    -25.871    -39.632    -47.013     25.730
     -1.947     46.949    226.876    -25.923    -39.622    -46.904     25.832
     -1.949     47.028    226.970    -25.975    -39.611    -46.796     25.933
     -1.951     47.108    227.063    -26.027    -39.600    -46.687     26.034
     -1.953     47.187    227.156    -26.079    -39.590    -46.578     26.135
     -1.955     47.266    227.250    -26.131    -39.579    -46.469     26.236
     -1.957     47.345    227.342    -26.184    -39.568    -46.361     26.337
     -1.959     47.424    227.435    -26.236    -39.557    -46.252     26.438
     -1.961     47.503    227.527    -26.289    -39.546    -46.144     26.538
     -1.963     47.582    227.620    -26.343    -39.535    -46.036     26.639
     -1.965     47.661    227.712    -26.396    -39.524    -45.928     26.739
     -1.967     47.741    227.803    -26.450    -39.513    -45.819     26.840
     -1.969     47.820    227.895    -26.503    -39.501    -45.711     26.940
     -1.971     47.899    227.986    -26.557    -39.490    -45.603     27.040
     -1.973     47.978    228.077    -26.611    -39.479    -45.495     27.141
     -1.975     48.056    228.168    -26.666    -39.467    -45.388     27.241
     -1.977     48.135    228.259    -26.720    -39.456    -45.280     27.341
     -1.979     48.214    228.349    -26.775    -39.444    -45.172     27.441
     -1.981     48.293    228.439    -26.830    -39.433    -45.065     27.541
     -1.983     48.372    228.529    -26.885    -39.421    -44.957     27.640
     -1.985     48.451    228.619    -26.941    -39.409    -44.850     27.740
     -1.987     48.530    228.709    -26.996    -39.397    -44.742     27.840
     -1.989     48.608    228.798    -27.052    -39.386    -44.635     27.939
     -1.991     48.687    228.887    -27.108    -39.374    -44.528     28.039
     -1.993     48.766    228.976    -27.164    -39.362    -44.420     28.138
     -1.995     48.845    229.065    -27.221    -39.350    -44.313     28.238
     -1.997     48.923    229.154    -27.277    -39.337    -44.206     28.337
     -1.999     49.002    229.242    -27.334    -39.325    -44.099     28.436
     -2.001     49.081    229.330    -27.391    -39.313    -43.993     28.535
     -2.003     49.159    229.418    -27.448    -39.301    -43.886     28.634
     -2.005     49.238    229.506    -27.505    -39.288    -43.779     28.733
     -2.007     49.316    229.593    -27.563    -39.276    -43.672     28.832
     -2.009     49.395    229.680    -27.621    -39.263    -43.566     28.930
     -2.011     49.473    229.767    -27.679    -39.251    -43.459     29.029
     -2.013     49.552    229.854    -27.737    -39.238    -43.353     29.128
     -2.015     49.630    229.941    -27.795    -39.226    -43.246     29.226
     -2.017     49.709    230.027    -27.854    -39.213    -43.140     29.325
     -2.019     49.787    230.113    -27.913    -39.200    -43.034     29.423
     -2.021     49.866    230.199    -27.972    -39.187    -42.927     29.521
     -2.023     49.944    230.285    -28.031    -39.174    -42.821     29.619
     -2.025     50.022    230.370    -28.090    -39.161    -42.715     29.717
     -2.027     50.101    230.456    -28.150    -39.148    -42.609     29.815
     -2.029     50.179    230.541    -28.209    -39.135    -42.503     29.913
     -2.031     50.257    230.626    -28.269    -39.122    -42.397     30.011
     -2.033     50.335    230.711    -28.329    -39.109    -42.291     30.109
     -2.035     50.414    230.795    -28.390    -39.095    -42.186     30.207
     -2.037     50.492    230.879    -28.450    -39.082    -42.080     30.304
     -2.039     50.570    230.963    -28.511    -39.069    -41.974     30.402
     -2.041     50.648    231.047    -28.572    -39.055    -41.869     30.499
     -2.043     50.726    231.131    -28.633    -39.042    -41.763     30.597
     -2.045     50.804    231.214    -28.694    -39.028    -41.658     30.694
     -2.047     50.882    231.297    -28.756    -39.014    -41.552     30.791
     -2.049     50.960    231.380    -28.817    -39.001    -41.447     30.888
     -2.051     51.038    231.463    -28.879    -38.987    -41.342     30.985
     -2.053     51.116    231.546    -28.941    -38.973    -41.236     31.082
     -2.055     51.194    231.628    -29.003    -38.959    -41.131     31.179
     -2.057     51.272    231.710    -29.066    -38.945    -41.026     31.276
     -2.059     51.350    231.792    -29.129    -38.931    -40.921     31.373
     -2.061     51.428    231.874    -29.191    -38.917    -40.816     31.469
     -2.063     51.506    231.956    -29.254    -38.903    -40.711     31.566
     -2.065     51.583    232.037    -29.318    -38.889    -40.606     31.662
     -2.067     51.661    232.118    -29.381    -38.875    -40.501     31.759
     -2.069     51.739    232.199    -29.445    -38.860    -40.396     31.855
     -2.071     51.817    232.280    -29.509    -38.846    -40.292     31.951
     -2.073     51.894    232.360    -29.573    -38.831    -40.187     32.047
     -2.075     51.972    232.440    -29.637    -38.817    -40.082     32.144
     -2.077     52.050    232.520    -29.701    -38.802    -39.978     32.240
     -2.079     52.127    232.600    -29.766    -38.788    -39.873     32.335
     -2.081     52.205    232.680    -29.830    -38.773    -39.769     32.431
     -2.083     52.282    232.759    -29.895    -38.758    -39.664     32.527
     -2.085     52.360    232.838    -29.961    -38.744    -39.560     32.623
     -2.087     52.437    232.918    -30.026    -38.729    -39.456     32.718
     -2.089     52.515    232.996    -30.091    -38.714    -39.352     32.813
     -2.091     52.592    233.075    -30.157    -38.699    -39.248     32.909
     -2.093     52.669    233.153    -30.223    -38.683    -39.144     33.004
     -2.095     52.747    233.231    -30.289    -38.668    -39.040     33.099
     -2.097     52.824    233.309    -30.355    -38.653    -38.936     33.194
     -2.099     52.901    233.387    -30.422    -38.638    -38.832     33.289
     -2.101     52.979    233.465    -30.489    -38.622    -38.728     33.384
     -2.103     53.056    233.542    -30.555    -38.607    -38.624     33.479
     -2.105     53.133    233.619    -30.623    -38.591    -38.520     33.573
     -2.107     53.210    233.696    -30.690    -38.576    -38.416     33.668
     -2.109     53.287    233.773    -30.757    -38.560    -38.312     33.762
     -2.111     53.365    233.849    -30.825    -38.545    -38.208     33.857
     -2.113     53.442    233.926    -30.893    -38.529    -38.104     33.951
     -2.115     53.519    234.002    -30.961    -38.513    -38.001     34.045
     -2.117     53.596    234.078    -31.029    -38.497    -37.897     34.139
     -2.119     53.673    234.153    -31.097    -38.481    -37.793     34.233
     -2.121     53.750    234.229    -31.166    -38.466    -37.690     34.327
     -2.123     53.826    234.304    -31.234    -38.450    -37.586     34.421
     -2.125     53.903    234.379    -31.303    -38.433    -37.482     34.515
     -2.127     53.980    234.454    -31.373    -38.417    -37.379     34.608
     -2.129     54.057    234.529    -31.442    -38.401    -37.275     34.702
     -2.131     54.134    234.603    -31.511    -38.385    -37.171     34.795
     -2.133     54.211    234.677    -31.581    -38.369    -37.068     34.889
     -2.135     54.287    234.752    -31.651    -38.352    -36.964     34.982
     -2.137     54.364    234.825    -31.721    -38.336    -36.861     35.075
     -2.139     54.441    234.899    -31.791    -38.319    -36.757     35.168
     -2.141     54.517    234.972    -31.862    -38.303    -36.654     35.261
     -2.143     54.594    235.046    -31.932    -38.286    -36.550     35.354
     -2.145     54.670    235.119    -32.003    -38.269    -36.447     35.447
     -2.147     54.747    235.191    -32.074    -38.253    -36.344     35.540
     -2.149     54.823    235.264    -32.145    -38.236    -36.240     35.632
     -2.151     54.900    235.336    -32.217    -38.219    -36.137     35.725
     -2.153     54.976    235.409    -32.288    -38.202    -36.033     35.817
     -2.155     55.053    235.480    -32.360    -38.185    -35.930     35.910
     -2.157     55.129    235.552    -32.432    -38.168    -35.827     36.002
     -2.159     55.205    235.624    -32.504    -38.151    -35.724     36.094
     -2.161     55.282    235.695    -32.576    -38.134    -35.620     36.187
     -2.163     55.358    235.766    -32.649    -38.117    -35.517     36.279
     -2.165     55.434    235.837    -32.721    -38.100    -35.414     36.371
     -2.167     55.510    235.908    -32.794    -38.082    -35.310     36.462
     -2.169     55.586    235.978    -32.867    -38.065    -35.207     36.554
     -2.171     55.663    236.049    -32.940    -38.047    -35.104     36.646
     -2.173     55.739    236.119    -33.014    -38.030    -35.001     36.737
     -2.175     55.815    236.189    -33.087    -38.012    -34.898     36.829
     -2.177     55.891    236.258    -33.161    -37.995    -34.794     36.920
     -2.179     55.967    236.328    -33.235    -37.977    -34.691     37.012
     -2.181     56.043    236.397    -33.309    -37.959    -34.588     37.103
     -2.183     56.118    236.466    -33.383    -37.942    -34.485     37.194
     -2.185     56.194    236.535    -33.458    -37.924    -34.382     37.285
     -2.187     56.270    236.604    -33.532    -37.906    -34.279     37.376
     -2.189     56.346    236.672    -33.607    -37.888    -34.176     37.467
     -2.191     56.422    236.741    -33.682    -37.870    -34.073     37.558
     -2.193     56.497    236.809    -33.758    -37.852    -33.970     37.649
     -2.195     56.573    236.876    -33.833    -37.834    -33.866     37.740
     -2.197     56.649    236.944    -33.909    -37.816    -33.763     37.830
     -2.199     56.724    237.011    -33.984    -37.797    -33.660     37.921
     -2.201     56.800    237.079    -34.060    -37.779    -33.557     38.011
     -2.203     56.876    237.146    -34.136    -37.761    -33.454     38.101
     -2.205     56.951    237.212    -34.213    -37.742    -33.351     38.192
     -2.207     57.026    237.279    -34.289    -37.724    -33.248     38.282
     -2.209     57.102    237.345    -34.366    -37.705    -33.145     38.372
     -2.211     57.177    237.412    -34.443    -37.687    -33.042     38.462
     -2.213     57.253    237.478    -34.520    -37.668    -32.939     38.552
     -2.215     57.328    237.543    -34.597    -37.650    -32.836     38.642
     -2.217     57.403    237.609    -34.674    -37.631    -32.733     38.731
     -2.219     57.478    237.674    -34.752    -37.612    -32.630     38.821
     -2.221     57.554    237.740    -34.829    -37.593    -32.527     38.911
     -2.223     57.629    237.804    -34.907    -37.574    -32.424     39.000
     -2.225     57.704    237.869    -34.985    -37.555    -32.321     39.089
     -2.227     57.779    237.934    -35.064    -37.536    -32.218     39.179
     -2.229     57.854    237.998    -35.142    -37.517    -32.115     39.268
     -2.231     57.929    238.062    -35.221    -37.498    -32.012     39.357
     -2.233     58.004    238.126    -35.300    -37.479    -31.909     39.446
     -2.235     58.079    238.190    -35.379    -37.460    -31.806     39.535
     -2.237     58.154    238.253    -35.458    -37.440    -31.703     39.624
     -2.239     58.229    238.317    -35.537    -37.421    -31.601     39.713
     -2.241     58.304    238.380    -35.617    -37.401    -31.498     39.802
     -2.243     58.378    238.443    -35.696    -37.382    -31.395     39.890
     -2.245     58.453    238.505    -35.776    -37.363    -31.292     39.979
     -2.247     58.528    238.568    -35.856    -37.343    -31.189     40.068
     -2.249     58.603    238.630    -35.936    -37.323    -31.086     40.156
     -2.251     58.677    238.692    -36.017    -37.304    -30.983     40.244
     -2.253     58.752    238.754    -36.097    -37.284    -30.880     40.333
     -2.255     58.826    238.816    -36.178    -37.264    -30.777     40.421
     -2.257     58.901    238.877    -36.259    -37.244    -30.674     40.509
     -2.259     58.975    238.938    -36.340    -37.224    -30.571     40.597
     -2.261     59.050    238.999    -36.421    -37.204    -30.468     40.685
     -2.263     59.124    239.060    -36.503    -37.184    -30.365     40.773
     -2.265     59.198    239.121    -36.585    -37.164    -30.262     40.860
     -2.267     59.273    239.181    -36.666    -37.144    -30.159     40.948
     -2.269     59.347    239.241    -36.748    -37.124    -30.056     41.036
     -2.271     59.421    239.302    -36.830    -37.104    -29.953     41.123
     -2.273     59.495    239.361    -36.913    -37.083    -29.850     41.211
     -2.275     59.570    239.421    -36.995    -37.063    -29.747     41.298
     -2.277     59.644    239.480    -37.078    -37.043    -29.644     41.385
     -2.279     59.718    239.539    -37.161    -37.022    -29.541     41.473
     -2.281     59.792    239.598    -37.244    -37.002    -29.438     41.560
     -2.283     59.866    239.657    -37.327    -36.981    -29.335     41.647
     -2.285     59.940    239.716    -37.410    -36.960    -29.232     41.734
     -2.287     60.014    239.774    -37.494    -36.940    -29.129     41.821
     -2.289     60.087    239.832    -37.578    -36.919    -29.025     41.907
     -2.291     60.161    239.890    -37.662    -36.898    -28.922     41.994
     -2.293     60.235    239.948    -37.746    -36.877    -28.819     42.081
     -2.295     60.309    240.006    -37.830    -36.856    -28.716     42.167
     -2.297     60.382    240.063    -37.914    -36.835    -28.613     42.254
     -2.299     60.456    240.120    -37.999    -36.814    -28.510     42.340
     -2.301     60.530    240.177    -38.084    -36.793    -28.407     42.427
     -2.303     60.603    240.234    -38.169    -36.772    -28.304     42.513
     -2.305     60.677    240.290    -38.254    -36.751    -28.200     42.599
     -2.307     60.750    240.346    -38.339    -36.730    -28.097     42.685
     -2.309     60.824    240.403    -38.425    -36.709    -27.994     42.771
     -2.311     60.897    240.458    -38.510    -36.687    -27.891     42.857
     -2.313     60.971    240.514    -38.596    -36.666    -27.788     42.943
     -2.315     61.044    240.570    -38.682    -36.644    -27.684     43.029
     -2.317     61.117    240.625    -38.768    -36.623    -27.581     43.115
     -2.319     61.190    240.680    -38.854    -36.601    -27.478     43.200
     -2.321     61.263    240.735    -38.941    -36.580    -27.375     43.286
     -2.323     61.337    240.789    -39.028    -36.558    -27.271     43.372
     -2.325     61.410    240.844    -39.114    -36.536    -27.168     43.457
     -2.327     61.483    240.898    -39.201    -36.515    -27.065     43.542
     -2.329     61.556    240.952    -39.289    -36.493    -26.961     43.628
     -2.331     61.629    241.006    -39.376    -36.471    -26.858     43.713
     -2.333     61.702    241.059    -39.463    -36.449    -26.755     43.798
     -2.335     61.775    241.113    -39.551    -36.427    -26.651     43.883
     -2.337     61.847    241.166    -39.639    -36.405    -26.548     43.968
     -2.339     61.920    241.219    -39.727    -36.383    -26.444     44.053
     -2.341     61.993    241.272    -39.815    -36.361    -26.341     44.138
     -2.343     62.066    241.324    -39.904    -36.339    -26.237     44.222
     -2.345     62.138    241.377    -39.992    -36.316    -26.134     44.307
     -2.347     62.211    241.429    -40.081    -36.294    -26.030     44.392
     -2.349     62.283    241.481    -40.170    -36.272    -25.927     44.476
     -2.351     62.356    241.533    -40.259    -36.249    -25.823     44.561
     -2.353     62.428    241.584    -40.348    -36.227    -25.720     44.645
     -2.355     62.501    241.636    -40.437    -36.204    -25.616     44.729
     -2.357     62.573    241.687    -40.527    -36.182    -25.512     44.814
     -2.359     62.646    241.738    -40.616    -36.159    -25.409     44.898
     -2.361     62.718    241.788    -40.706    -36.136    -25.305     44.982
     -2.363     62.790    241.839    -40.796    -36.114    -25.201     45.066
     -2.365     62.862    241.889    -40.887    -36.091    -25.098     45.150
     -2.367     62.934    241.939    -40.977    -36.068    -24.994     45.234
     -2.369     63.007    241.989    -41.068    -36.045    -24.890     45.318
     -2.371     63.079    242.039    -41.158    -36.022    -24.786     45.401
     -2.373     63.151    242.088    -41.249    -35.999    -24.683     45.485
     -2.375     63.223    242.138    -41.340    -35.976    -24.579     45.569
     -2.377     63.295    242.187    -41.431    -35.953    -24.475     45.652
     -2.379     63.366    242.235    -41.523    -35.930    -24.371     45.735
     -2.381     63.438    242.284    -41.614    -35.907    -24.267     45.819
     -2.383     63.510    242.333    -41.706    -35.884    -24.163     45.902
     -2.385     63.582    242.381    -41.798    -35.860    -24.059     45.985
     -2.387     63.654    242.429    -41.890    -35.837    -23.955     46.068
     -2.389     63.725    242.477    -41.982    -35.813    -23.851     46.152
     -2.391     63.797    242.524    -42.075    -35.790    -23.747     46.235
     -2.393     63.868    242.572    -42.167    -35.766    -23.643     46.318
     -2.395     63.940    242.619    -42.260    -35.743    -23.539     46.400
     -2.397     64.011    242.666    -42.353    -35.719    -23.435     46.483
     -2.399     64.083    242.712    -42.446    -35.696    -23.331     46.566
     -2.401     64.154    242.759    -42.539    -35.672    -23.226     46.649
     -2.403     64.225    242.805    -42.632    -35.648    -23.122     46.731
     -2.405     64.297    242.851    -42.726    -35.624    -23.018     46.814
     -2.407     64.368    242.897    -42.820    -35.600    -22.914     46.896
     -2.409     64.439    242.943    -42.914    -35.576    -22.809     46.978
     -2.411     64.510    242.989    -43.008    -35.552    -22.705     47.061
     -2.413     64.581    243.034    -43.102    -35.528    -22.600     47.143
     -2.415     64.652    243.079    -43.196    -35.504    -22.496     47.225
     -2.417     64.723    243.124    -43.291    -35.480    -22.392     47.307
     -2.419     64.794    243.169    -43.385    -35.456    -22.287     47.389
     -2.421     64.865    243.213    -43.480    -35.432    -22.183     47.471
     -2.423     64.936    243.257    -43.575    -35.407    -22.078     47.553
     -2.425     65.007    243.301    -43.670    -35.383    -21.973     47.635
     -2.427     65.078    243.345    -43.766    -35.359    -21.869     47.717
     -2.429     65.148    243.389    -43.861    -35.334    -21.764     47.798
     -2.431     65.219    243.432    -43.957    -35.310    -21.659     47.880
     -2.433     65.289    243.476    -44.053    -35.285    -21.555     47.962
     -2.435     65.360    243.519    -44.149    -35.261    -21.450     48.043
     -2.437     65.431    243.561    -44.245    -35.236    -21.345     48.125
     -2.439     65.501    243.604    -44.341    -35.211    -21.240     48.206
     -2.441     65.571    243.646    -44.438    -35.186    -21.135     48.287
     -2.443     65.642    243.688    -44.535    -35.162    -21.030     48.368
     -2.445     65.712    243.730    -44.631    -35.137    -20.925     48.450
     -2.447     65.782    243.772    -44.728    -35.112    -20.820     48.531
     -2.449     65.852    243.814    -44.825    -35.087    -20.715     48.612
     -2.451     65.923    243.855    -44.923    -35.062    -20.610     48.693
     -2.453     65.993    243.896    -45.020    -35.037    -20.505     48.774
     -2.455     66.063    243.937    -45.118    -35.012    -20.400     48.854
     -2.457     66.133    243.978    -45.216    -34.986    -20.295     48.935
     -2.459     66.203    244.018    -45.314    -34.961    -20.189     49.016
     -2.461     66.273    244.058    -45.412    -34.936    -20.084     49.096
     -2.463     66.342    244.099    -45.510    -34.910    -19.979     49.177
     -2.465     66.412    244.138    -45.608    -34.885    -19.873     49.257
     -2.467     66.482    244.178    -45.707    -34.860    -19.768     49.338
     -2.469     66.552    244.217    -45.806    -34.834    -19.662     49.418
     -2.471     66.621    244.257    -45.905    -34.809    -19.557     49.499
     -2.473     66.691    244.296    -46.004    -34.783    -19.451     49.579
     -2.475     66.760    244.334    -46.103    -34.757    -19.346     49.659
     -2.477     66.830    244.373    -46.202    -34.732    -19.240     49.739
     -2.479     66.899    244.411    -46.302    -34.706    -19.134     49.819
     -2.481     66.969    244.450    -46.402    -34.680    -19.029     49.899
     -2.483     67.038    244.488    -46.502    -34.654    -18.923     49.979
     -2.485     67.107    244.525    -46.602    -34.628    -18.817     50.059
     -2.487     67.177    244.563    -46.702    -34.602    -18.711     50.139
     -2.489     67.246    244.600    -46.802    -34.576    -18.605     50.218
     -2.491     67.315    244.637    -46.903    -34.550    -18.499     50.298
     -2.493     67.384    244.674    -47.003    -34.524    -18.393     50.378
     -2.495     67.453    244.711    -47.104    -34.498    -18.287     50.457
     -2.497     67.522    244.747    -47.205    -34.472    -18.181     50.537
     -2.499     67.591    244.784    -47.306    -34.446    -18.075     50.616
     -2.501     67.660    244.820    -47.408    -34.419    -17.969     50.695
     -2.503     67.729    244.855    -47.509    -34.393    -17.863     50.775
     -2.505     67.797    244.891    -47.611    -34.367    -17.756     50.854
     -2.507     67.866    244.926    -47.713    -34.340    -17.650     50.933
     -2.509     67.935    244.962    -47.814    -34.314    -17.544     51.012
     -2.511     68.003    244.997    -47.917    -34.287    -17.437     51.091
     -2.513     68.072    245.031    -48.019    -34.260    -17.331     51.170
     -2.515     68.140    245.066    -48.121    -34.234    -17.224     51.249
     -2.517     68.209    245.100    -48.224    -34.207    -17.117     51.328
     -2.519     68.277    245.134    -48.327    -34.180    -17.011     51.407
     -2.521     68.345    245.168    -48.429    -34.153    -16.904     51.486
     -2.523     68.414    245.202    -48.533    -34.126    -16.797     51.564
     -2.525     68.482    245.236    -48.636    -34.100    -16.690     51.643
     -2.527     68.550    245.269    -48.739    -34.073    -16.584     51.721
     -2.529     68.618    245.302    -48.843    -34.046    -16.477     51.800
     -2.531     68.686    245.335    -48.946    -34.018    -16.370     51.878
     -2.533     68.754    245.367    -49.050    -33.991    -16.263     51.957
     -2.535     68.822    245.400    -49.154    -33.964    -16.156     52.035
     -2.537     68.890    245.432    -49.258    -33.937    -16.048     52.113
     -2.539     68.958    245.464    -49.363    -33.910    -15.941     52.192
     -2.541     69.026    245.496    -49.467    -33.882    -15.834     52.270
     -2.543     69.094    245.527    -49.572    -33.855    -15.727     52.348
     -2.545     69.161    245.559    -49.676    -33.827    -15.619     52.426
     -2.547     69.229    245.590    -49.781    -33.800    -15.512     52.504
     -2.549     69.296    245.621    -49.886    -33.772    -15.404     52.582
     -2.551     69.364    245.651    -49.992    -33.745    -15.297     52.660
     -2.553     69.431    245.682    -50.097    -33.717    -15.189     52.737
     -2.555     69.499    245.712    -50.203    -33.689    -15.082     52.815
     -2.557     69.566    245.742    -50.308    -33.662    -14.974     52.893
     -2.559     69.634    245.772    -50.414    -33.634    -14.866     52.970
     -2.561     69.701    245.802    -50.520    -33.606    -14.758     53.048
     -2.563     69.768    245.831    -50.626    -33.578    -14.650     53.125
     -2.565     69.835    245.860    -50.733    -33.550    -14.542     53.203
     -2.567     69.902    245.889    -50.839    -33.522    -14.434     53.280
     -2.569     69.969    245.918    -50.946    -33.494    -14.326     53.358
     -2.571     70.036    245.947    -51.053    -33.466    -14.218     53.435
     -2.573     70.103    245.975    -51.160    -33.438    -14.110     53.512
     -2.575     70.170    246.003    -51.267    -33.410    -14.002     53.589
     -2.577     70.237    246.031    -51.374    -33.381    -13.893     53.666
     -2.579     70.303    246.059    -51.481    -33.353    -13.785     53.744
     -2.581     70.370    246.086    -51.589    -33.325    -13.676     53.821
     -2.583     70.437    246.113    -51.697    -33.296    -13.568     53.898
     -2.585     70.503    246.140    -51.805    -33.268    -13.459     53.974
     -2.587     70.570    246.167    -51.913    -33.239    -13.351     54.051
     -2.589     70.636    246.194    -52.021    -33.211    -13.242     54.128
     -2.591     70.703    246.220    -52.129    -33.182    -13.133     54.205
     -2.593     70.769    246.246    -52.238    -33.154    -13.024     54.281
     -2.595     70.835    246.272    -52.346    -33.125    -12.916     54.358
     -2.597     70.901    246.298    -52.455    -33.096    -12.807     54.435
     -2.599     70.968    246.323    -52.564    -33.067    -12.698     54.511
     -2.601     71.034    246.349    -52.673    -33.038    -12.588     54.588
     -2.603     71.100    246.374    -52.782    -33.009    -12.479     54.664
     -2.605     71.166    246.399    -52.892    -32.980    -12.370     54.740
     -2.607     71.232    246.423    -53.001    -32.951    -12.261     54.817
     -2.609     71.298    246.448    -53.111    -32.922    -12.151     54.893
     -2.611     71.363    246.472    -53.221    -32.893    -12.042     54.969
     -2.613     71.429    246.496    -53.331    -32.864    -11.932     55.045
     -2.615     71.495    246.520    -53.441    -32.835    -11.823     55.121
     -2.617     71.560    246.543    -53.551    -32.806    -11.713     55.198
     -2.619     71.626    246.566    -53.662    -32.776    -11.603     55.274
     -2.621     71.692    246.590    -53.772    -32.747    -11.494     55.349
     -2.623     71.757    246.612    -53.883    -32.717    -11.384     55.425
     -2.625     71.822    246.635    -53.994    -32.688    -11.274     55.501
     -2.627     71.888    246.657    -54.105    -32.658    -11.164     55.577
     -2.629     71.953    246.680    -54.216    -32.629    -11.054     55.653
     -2.631     72.018    246.702    -54.328    -32.599    -10.944     55.728
     -2.633     72.083    246.723    -54.439    -32.569    -10.833     55.804
     -2.635     72.149    246.745    -54.551    -32.540    -10.723     55.880
     -2.637     72.214    246.766    -54.663    -32.510    -10.613     55.955
     -2.639     72.279    246.787    -54.775    -32.480    -10.502     56.031
     -2.641     72.344    246.808    -54.887    -32.450    -10.392     56.106
     -2.643     72.408    246.829    -54.999    -32.420    -10.281     56.182
     -2.645     72.473    246.850    -55.112    -32.390    -10.171     56.257
     -2.647     72.538    246.870    -55.224    -32.360    -10.060     56.332
     -2.649     72.603    246.890    -55.337    -32.330     -9.949     56.407
     -2.651     72.667    246.910    -55.450    -32.300     -9.838     56.483
     -2.653     72.732    246.929    -55.563    -32.270     -9.727     56.558
     -2.655     72.796    246.948    -55.676    -32.240     -9.616     56.633
     -2.657     72.861    246.968    -55.789    -32.209     -9.505     56.708
     -2.659     72.925    246.986    -55.903    -32.179     -9.394     56.783
     -2.661     72.990    247.005    -56.017    -32.148     -9.283     56.858
     -2.663     73.054    247.024    -56.130    -32.118     -9.171     56.933
     -2.665     73.118    247.042    -56.244    -32.087     -9.060     57.008
     -2.667     73.182    247.060    -56.358    -32.057     -8.948     57.082
     -2.669     73.246    247.078    -56.473    -32.026     -8.837     57.157
     -2.671     73.310    247.095    -56.587    -31.996     -8.725     57.232
     -2.673     73.374    247.113    -56.702    -31.965     -8.613     57.307
     -2.675     73.438    247.130    -56.816    -31.934     -8.502     57.381
     -2.677     73.502    247.147    -56.931    -31.903     -8.390     57.456
     -2.679     73.566    247.163    -57.046    -31.872     -8.278     57.530
     -2.681     73.629    247.180    -57.161    -31.842     -8.166     57.605
     -2.683     73.693    247.196    -57.277    -31.811     -8.054     57.679
     -2.685     73.757    247.212    -57.392    -31.780     -7.941     57.754
     -2.687     73.820    247.228    -57.508    -31.748     -7.829     57.828
     -2.689     73.884    247.243    -57.623    -31.717     -7.717     57.902
     -2.691     73.947    247.258    -57.739    -31.686     -7.604     57.977
     -2.693     74.010    247.274    -57.855    -31.655     -7.492     58.051
     -2.695     74.074    247.288    -57.971    -31.624     -7.379     58.125
     -2.697     74.137    247.303    -58.088    -31.592     -7.266     58.199
     -2.699     74.200    247.318    -58.204    -31.561     -7.153     58.273
     -2.701     74.263    247.332    -58.321    -31.529     -7.041     58.347
     -2.703     74.326    247.346    -58.438    -31.498     -6.928     58.421
     -2.705     74.389    247.359    -58.554    -31.466     -6.815     58.495
     -2.707     74.452    247.373    -58.672    -31.435     -6.701     58.569
     -2.709     74.515    247.386    -58.789    -31.403     -6.588     58.643
     -2.711     74.578    247.399    -58.906    -31.371     -6.475     58.717
     -2.713     74.640    247.412    -59.024    -31.340     -6.362     58.791
     -2.715     74.703    247.425    -59.141    -31.308     -6.248     58.864
     -2.717     74.766    247.437    -59.259    -31.276     -6.134     58.938
     -2.719     74.828    247.449    -59.377    -31.244     -6.021     59.012
     -2.721     74.891    247.461    -59.495    -31.212     -5.907     59.085
     -2.723     74.953    247.473    -59.613    -31.180     -5.793     59.159
     -2.725     75.015    247.484    -59.732    -31.148     -5.679     59.232
     -2.727     75.078    247.496    -59.850    -31.116     -5.565     59.306
     -2.729     75.140    247.507    -59.969    -31.084     -5.451     59.379
     -2.731     75.202    247.517    -60.088    -31.052     -5.337     59.453
     -2.733     75.264    247.528    -60.207    -31.019     -5.223     59.526
     -2.735     75.326    247.538    -60.326    -30.987     -5.108     59.599
     -2.737     75.388    247.548    -60.445    -30.955     -4.994     59.673
     -2.739     75.450    247.558    -60.565    -30.922     -4.879     59.746
     -2.741     75.512    247.568    -60.684    -30.890     -4.765     59.819
     -2.743     75.573    247.577    -60.804    -30.857     -4.650     59.892
     -2.745     75.635    247.587    -60.924    -30.825     -4.535     59.965
     -2.747     75.697    247.595    -61.044    -30.792     -4.420     60.038
     -2.749     75.758    247.604    -61.164    -30.759     -4.305     60.111
     -2.751     75.820    247.613    -61.284    -30.726     -4.190     60.185
     -2.753     75.881    247.621    -61.405    -30.694     -4.075     60.257
     -2.755     75.942    247.629    -61.525    -30.661     -3.960     60.330
     -2.757     76.004    247.637    -61.646    -30.628     -3.844     60.403
     -2.759     76.065    247.644    -61.767    -30.595     -3.729     60.476
     -2.761     76.126    247.652    -61.888    -30.562     -3.613     60.549
     -2.763     76.187    247.659    -62.009    -30.529     -3.498     60.622
     -2.765     76.248    247.666    -62.130    -30.496     -3.382     60.694
     -2.767     76.309    247.672    -62.252    -30.463     -3.266     60.767
     -2.769     76.370    247.679    -62.373    -30.429     -3.150     60.840
     -2.771     76.431    247.685    -62.495    -30.396     -3.034     60.912
     -2.773     76.492    247.691    -62.617    -30.363     -2.918     60.985
     -2.775     76.552    247.697    -62.739    -30.329     -2.802     61.058
     -2.777     76.613    247.702    -62.861    -30.296     -2.685     61.130
     -2.779     76.674    247.707    -62.984    -30.262     -2.569     61.203
     -2.781     76.734    247.712    -63.106    -30.229     -2.452     61.275
     -2.783     76.794    247.717    -63.229    -30.195     -2.336     61.347
     -2.785     76.855    247.722    -63.351    -30.162     -2.219     61.420
     -2.787     76.915    247.726    -63.474    -30.128     -2.102     61.492
     -2.789     76.975    247.730    -63.597    -30.094     -1.985     61.564
     -2.791     77.036    247.734    -63.721    -30.060     -1.868     61.637
     -2.793     77.096    247.738    -63.844    -30.026     -1.751     61.709
     -2.795     77.156    247.741    -63.967    -29.993     -1.634     61.781
     -2.797     77.216    247.744    -64.091    -29.959     -1.516     61.853
     -2.799     77.275    247.747    -64.215    -29.925     -1.399     61.925
     -2.801     77.335    247.750    -64.339    -29.890     -1.281     61.998
     -2.803     77.395    247.752    -64.463    -29.856     -1.164     62.070
     -2.805     77.455    247.754    -64.587    -29.822     -1.046     62.142
     -2.807     77.514    247.756    -64.711    -29.788     -0.928     62.214
     -2.809     77.574    247.758    -64.836    -29.754     -0.810     62.286
     -2.811     77.633    247.760    -64.961    -29.719     -0.692     62.358
     -2.813     77.693    247.761    -65.085    -29.685     -0.574     62.429
     -2.815     77.752    247.762    -65.210    -29.650     -0.456     62.501
     -2.817     77.811    247.763    -65.335    -29.616     -0.337     62.573
     -2.819     77.871    247.763    -65.461    -29.581     -0.219     62.645
     -2.821     77.930    247.764    -65.586    -29.547     -0.100     62.717
     -2.823     77.989    247.764    -65.711    -29.512      0.019     62.788
     -2.825     78.048    247.764    -65.837    -29.477      0.137     62.860
     -2.827     78.107    247.763    -65.963    -29.442      0.256     62.932
     -2.829     78.165    247.762    -66.089    -29.408      0.375     63.003
     -2.831     78.224    247.762    -66.215    -29.373      0.494     63.075
     -2.833     78.283    247.761    -66.341    -29.338      0.614     63.147
     -2.835     78.342    247.759    -66.467    -29.303      0.733     63.218
     -2.837     78.400    247.758    -66.594    -29.268      0.852     63.290
     -2.839     78.459    247.756    -66.721    -29.233      0.972     63.361
     -2.841     78.517    247.754    -66.847    -29.197      1.092     63.433
     -2.843     78.575    247.751    -66.974    -29.162      1.211     63.504
     -2.845     78.634    247.749    -67.101    -29.127      1.331     63.576
     -2.847     78.692    247.746    -67.229    -29.092      1.451     63.647
     -2.849     78.750    247.743    -67.356    -29.056      1.571     63.718
     -2.851     78.808    247.740    -67.484    -29.021      1.692     63.790
     -2.853     78.866    247.736    -67.611    -28.985      1.812     63.861
     -2.855     78.924    247.733    -67.739    -28.950      1.932     63.932
     -2.857     78.982    247.729    -67.867    -28.914      2.053     64.003
     -2.859     79.040    247.724    -67.995    -28.878      2.173     64.075
     -2.861     79.097    247.720    -68.123    -28.843      2.294     64.146
     -2.863     79.155    247.715    -68.252    -28.807      2.415     64.217
     -2.865     79.213    247.710    -68.380    -28.771      2.536     64.288
     -2.867     79.270    247.705    -68.509    -28.735      2.657     64.359
     -2.869     79.328    247.700    -68.638    -28.699      2.778     64.430
     -2.871     79.385    247.694    -68.766    -28.663      2.900     64.501
     -2.873     79.442    247.688    -68.896    -28.627      3.021     64.572
     -2.875     79.500    247.682    -69.025    -28.591      3.143     64.643
     -2.877     79.557    247.675    -69.154    -28.555      3.265     64.714
     -2.879     79.614    247.669    -69.284    -28.519      3.386     64.785
     -2.881     79.671    247.662    -69.413    -28.482      3.508     64.856
     -2.883     79.728    247.655    -69.543    -28.446      3.630     64.927
     -2.885     79.785    247.647    -69.673    -28.410      3.752     64.998
     -2.887     79.841    247.640    -69.803    -28.373      3.875     65.069
     -2.889     79.898    247.632    -69.933    -28.337      3.997     65.140
     -2.891     79.955    247.624    -70.064    -28.300      4.120     65.210
     -2.893     80.011    247.615    -70.194    -28.264      4.242     65.281
     -2.895     80.068    247.607    -70.325    -28.227      4.365     65.352
     -2.897     80.124    247.598    -70.455    -28.190      4.488     65.423
     -2.899     80.180    247.589    -70.586    -28.153      4.611     65.493
     -2.901     80.237    247.579    -70.717    -28.116      4.734     65.564
     -2.903     80.293    247.570    -70.849    -28.080      4.857     65.635
     -2.905     80.349    247.560    -70.980    -28.043      4.981     65.705
     -2.907     80.405    247.550    -71.111    -28.006      5.104     65.776
     -2.909     80.461    247.540    -71.243    -27.969      5.228     65.846
     -2.911     80.517    247.529    -71.375    -27.931      5.351     65.917
     -2.913     80.573    247.518    -71.507    -27.894      5.475     65.987
     -2.915     80.629    247.507    -71.639    -27.857      5.599     66.058
     -2.917     80.684    247.496    -71.771    -27.820      5.723     66.128
     -2.919     80.740    247.484    -71.903    -27.782      5.847     66.199
     -2.921     80.795    247.472    -72.036    -27.745      5.972     66.269
     -2.923     80.851    247.460    -72.168    -27.707      6.096     66.340
     -2.925     80.906    247.448    -72.301    -27.670      6.221     66.410
     -2.927     80.962    247.435    -72.434    -27.632      6.345     66.481
     -2.929     81.017    247.423    -72.567    -27.595      6.470     66.551
     -2.931     81.072    247.410    -72.700    -27.557      6.595     66.621
     -2.933     81.127    247.396    -72.834    -27.519      6.720     66.692
     -2.935     81.182    247.383    -72.967    -27.481      6.846     66.762
     -2.937     81.237    247.369    -73.101    -27.443      6.971     66.832
     -2.939     81.292    247.355    -73.234    -27.405      7.096     66.903
     -2.941     81.347    247.340    -73.368    -27.367      7.222     66.973
     -2.943     81.401    247.326    -73.502    -27.329      7.348     67.043
     -2.945     81.456    247.311    -73.636    -27.291      7.474     67.113
     -2.947     81.510    247.296    -73.771    -27.253      7.600     67.184
     -2.949     81.565    247.281    -73.905    -27.215      7.726     67.254
     -2.951     81.619    247.265    -74.040    -27.176      7.852     67.324
     -2.953     81.674    247.249    -74.174    -27.138      7.978     67.394
     -2.955     81.728    247.233    -74.309    -27.100      8.105     67.464
     -2.957     81.782    247.217    -74.444    -27.061      8.231     67.534
     -2.959     81.836    247.200    -74.579    -27.023      8.358     67.604
     -2.961     81.890    247.183    -74.715    -26.984      8.485     67.675
     -2.963     81.944    247.166    -74.850    -26.945      8.612     67.745
     -2.965     81.998    247.149    -74.986    -26.907      8.739     67.815
     -2.967     82.052    247.131    -75.121    -26.868      8.866     67.885
     -2.969     82.105    247.114    -75.257    -26.829      8.994     67.955
     -2.971     82.159    247.095    -75.393    -26.790      9.121     68.025
     -2.973     82.212    247.077    -75.529    -26.751      9.249     68.095
     -2.975     82.266    247.058    -75.666    -26.712      9.377     68.165
     -2.977     82.319    247.040    -75.802    -26.673      9.505     68.235
     -2.979     82.373    247.020    -75.939    -26.634      9.633     68.305
     -2.981     82.426    247.001    -76.075    -26.595      9.761     68.375
     -2.983     82.479    246.981    -76.212    -26.555      9.890     68.444
     -2.985     82.532    246.961    -76.349    -26.516     10.018     68.514
     -2.987     82.585    246.941    -76.486    -26.477     10.147     68.584
     -2.989     82.638    246.921    -76.623    -26.437     10.276     68.654
     -2.991     82.691    246.900    -76.761    -26.398     10.405     68.724
     -2.993     82.744    246.879    -76.898    -26.358     10.534     68.794
     -2.995     82.796    246.858    -77.036    -26.318     10.663     68.864
     -2.997     82.849    246.837    -77.174    -26.279     10.792     68.934
     -2.999     82.901    246.815    -77.312    -26.239     10.922     69.003
     -3.001     82.954    246.793    -77.450    -26.199     11.051     69.073
     -3.003     83.006    246.771    -77.588    -26.159     11.181     69.143
     -3.005     83.058    246.748    -77.726    -26.119     11.311     69.213
     -3.007     83.111    246.725    -77.865    -26.079     11.441     69.283
     -3.009     83.163    246.702    -78.003    -26.039     11.571     69.352
     -3.011     83.215    246.679    -78.142    -25.999     11.701     69.422
     -3.013     83.267    246.656    -78.281    -25.959     11.832     69.492
     -3.015     83.319    246.632    -78.420    -25.919     11.962     69.562
     -3.017     83.370    246.608    -78.559    -25.878     12.093     69.631
     -3.019     83.422    246.583    -78.699    -25.838     12.224     69.701
     -3.021     83.474    246.559    -78.838    -25.798     12.355     69.771
     -3.023     83.525    246.534    -78.978    -25.757     12.486     69.840
     -3.025     83.577    246.509    -79.117    -25.716     12.618     69.910
     -3.027     83.628    246.484    -79.257    -25.676     12.749     69.980
     -3.029     83.679    246.458    -79.397    -25.635     12.881     70.049
     -3.031     83.731    246.432    -79.538    -25.594     13.012     70.119
     -3.033     83.782    246.406    -79.678    -25.553     13.144     70.189
     -3.035     83.833    246.379    -79.818    -25.513     13.276     70.258
     -3.037     83.884    246.353    -79.959    -25.472     13.409     70.328
     -3.039     83.935    246.326    -80.100    -25.431     13.541     70.398
     -3.041     83.986    246.299    -80.241    -25.390     13.674     70.467
     -3.043     84.036    246.271    -80.382    -25.348     13.806     70.537
     -3.045     84.087    246.243    -80.523    -25.307     13.939     70.607
     -3.047     84.138    246.215    -80.664    -25.266     14.072     70.676
     -3.049     84.188    246.187    -80.805    -25.225     14.205     70.746
     -3.051     84.239    246.159    -80.947    -25.183     14.338     70.815
     -3.053     84.289    246.130    -81.089    -25.142     14.472     70.885
     -3.055     84.339    246.101    -81.230    -25.100     14.605     70.955
     -3.057     84.389    246.071    -81.372    -25.058     14.739     71.024
     -3.059     84.439    246.042    -81.515    -25.017     14.873     71.094
     -3.061     84.489    246.012    -81.657    -24.975     15.007     71.163
     -3.063     84.539    245.982    -81.799    -24.933     15.141     71.233
     -3.065     84.589    245.951    -81.942    -24.891     15.275     71.302
     -3.067     84.639    245.921    -82.084    -24.849     15.410     71.372
     -3.069     84.688    245.890    -82.227    -24.807     15.544     71.442
     -3.071     84.738    245.858    -82.370    -24.765     15.679     71.511
     -3.073     84.787    245.827    -82.513    -24.723     15.814     71.581
     -3.075     84.837    245.795    -82.657    -24.681     15.949     71.650
     -3.077     84.886    245.763    -82.800    -24.639     16.084     71.720
     -3.079     84.935    245.731    -82.943    -24.596     16.220     71.789
     -3.081     84.985    245.698    -83.087    -24.554     16.355     71.859
     -3.083     85.034    245.665    -83.231    -24.511     16.491     71.928
     -3.085     85.083    245.632    -83.375    -24.469     16.627     71.998
     -3.087     85.132    245.599    -83.519    -24.426     16.763     72.068
     -3.089     85.180    245.565    -83.663    -24.384     16.899     72.137
     -3.091     85.229    245.531    -83.807    -24.341     17.035     72.207
     -3.093     85.278    245.497    -83.952    -24.298     17.172     72.276
     -3.095     85.326    245.463    -84.096    -24.255     17.309     72.346
     -3.097     85.375    245.428    -84.241    -24.212     17.445     72.415
     -3.099     85.423    245.393    -84.386    -24.169     17.582     72.485
     -3.101     85.471    245.357    -84.531    -24.126     17.720     72.554
     -3.103     85.520    245.322    -84.676    -24.083     17.857     72.624
     -3.105     85.568    245.286    -84.822    -24.040     17.994     72.693
     -3.107     85.616    245.250    -84.967    -23.996     18.132     72.763
     -3.109     85.664    245.214    -85.113    -23.953     18.270     72.832
     -3.111     85.712    245.177    -85.258    -23.910     18.408     72.902
     -3.113     85.759    245.140    -85.404    -23.866     18.546     72.972
     -3.115     85.807    245.103    -85.550    -23.823     18.684     73.041
     -3.117     85.855    245.065    -85.696    -23.779     18.823     73.111
     -3.119     85.902    245.027    -85.843    -23.735     18.961     73.180
     -3.121     85.950    244.989    -85.989    -23.691     19.100     73.250
     -3.123     85.997    244.951    -86.136    -23.648     19.239     73.319
     -3.125     86.044    244.912    -86.282    -23.604     19.378     73.389
     -3.127     86.091    244.873    -86.429    -23.560     19.517     73.459
     -3.129     86.138    244.834    -86.576    -23.515     19.657     73.528
     -3.131     86.185    244.795    -86.723    -23.471     19.797     73.598
     -3.133     86.232    244.755    -86.871    -23.427     19.936     73.667
     -3.135     86.279    244.715    -87.018    -23.383     20.076     73.737
     -3.137     86.326    244.675    -87.166    -23.338     20.216     73.807
     -3.139     86.372    244.634    -87.313    -23.294     20.357     73.876
     -3.141     86.419    244.593    -87.461    -23.250     20.497     73.946
     -3.143     86.465    244.552    -87.609    -23.205     20.638     74.015
     -3.145     86.512    244.511    -87.757    -23.160     20.779     74.085
     -3.147     86.558    244.469    -87.905    -23.116     20.920     74.155
     -3.149     86.604    244.427    -88.054    -23.071     21.061     74.224
     -3.151     86.650    244.385    -88.202    -23.026     21.202     74.294
     -3.153     86.696    244.342    -88.351    -22.981     21.344     74.364
     -3.155     86.742    244.300    -88.500    -22.936     21.485     74.433
     -3.157     86.788    244.256    -88.649    -22.891     21.627     74.503
     -3.159     86.834    244.213    -88.798    -22.846     21.769     74.573
     -3.161     86.880    244.169    -88.947    -22.800     21.912     74.642
     -3.163     86.925    244.125    -89.096    -22.755     22.054     74.712
     -3.165     86.971    244.081    -89.246    -22.710     22.197     74.782
     -3.167     87.016    244.037    -89.396    -22.664     22.339     74.851
     -3.169     87.061    243.992    -89.545    -22.619     22.482     74.921
     -3.171     87.106    243.947    -89.695    -22.573     22.625     74.991
     -3.173     87.151    243.901    -89.845    -22.527     22.769     75.061
     -3.175     87.197    243.856    -89.995    -22.482     22.912     75.130
     -3.177     87.241    243.810    -90.146    -22.436     23.056     75.200
     -3.179     87.286    243.763    -90.296    -22.390     23.200     75.270
     -3.181     87.331    243.717    -90.447    -22.344     23.344     75.340
     -3.183     87.376    243.670    -90.598    -22.298     23.488     75.410
     -3.185     87.420    243.623    -90.748    -22.252     23.632     75.479
     -3.187     87.465    243.575    -90.900    -22.205     23.777     75.549
     -3.189     87.509    243.528    -91.051    -22.159     23.921     75.619
     -3.191     87.553    243.480    -91.202    -22.113     24.066     75.689
     -3.193     87.597    243.431    -91.353    -22.066     24.211     75.759
     -3.195     87.642    243.383    -91.505    -22.020     24.357     75.829
     -3.197     87.686    243.334    -91.657    -21.973     24.502     75.899
     -3.199     87.729    243.285    -91.809    -21.926     24.648     75.968
     -3.201     87.773    243.235    -91.961    -21.880     24.794     76.038
     -3.203     87.817    243.186    -92.113    -21.833     24.940     76.108
     -3.205     87.861    243.136    -92.265    -21.786     25.086     76.178
     -3.207     87.904    243.085    -92.417    -21.739     25.232     76.248
     -3.209     87.948    243.035    -92.570    -21.692     25.379     76.318
     -3.211     87.991    242.984    -92.723    -21.645     25.526     76.388
     -3.213     88.034    242.933    -92.876    -21.597     25.673     76.458
     -3.215     88.077    242.881    -93.029    -21.550     25.820     76.528
     -3.217     88.120    242.829    -93.182    -21.503     25.967     76.598
     -3.219     88.163    242.777    -93.335    -21.455     26.115     76.668
     -3.221     88.206    242.725    -93.488    -21.408     26.263     76.738
     -3.223     88.249    242.672    -93.642    -21.360     26.411     76.809
     -3.225     88.292    242.619    -93.796    -21.312     26.559     76.879
     -3.227     88.334    242.566    -93.949    -21.264     26.707     76.949
     -3.229     88.377    242.512    -94.103    -21.216     26.856     77.019
     -3.231     88.419    242.459    -94.258    -21.168     27.004     77.089
     -3.233     88.461    242.404    -94.412    -21.120     27.153     77.159
     -3.235     88.503    242.350    -94.566    -21.072     27.302     77.230
     -3.237     88.546    242.295    -94.721    -21.024     27.452     77.300
     -3.239     88.588    242.240    -94.875    -20.976     27.601     77.370
     -3.241     88.629    242.185    -95.030    -20.927     27.751     77.440
     -3.243     88.671    242.129    -95.185    -20.879     27.901     77.511
     -3.245     88.713    242.073    -95.340    -20.830     28.051     77.581
     -3.247     88.755    242.017    -95.495    -20.782     28.201     77.651
     -3.249     88.796    241.960    -95.651    -20.733     28.351     77.722
     -3.251     88.838    241.904    -95.806    -20.684     28.502     77.792
     -3.253     88.879    241.846    -95.962    -20.635     28.653     77.862
     -3.255     88.920    241.789    -96.118    -20.586     28.804     77.933
     -3.257     88.961    241.731    -96.274    -20.537     28.955     78.003
     -3.259     89.002    241.673    -96.430    -20.488     29.107     78.074
     -3.261     89.043    241.615    -96.586    -20.439     29.259     78.144
     -3.263     89.084    241.556    -96.742    -20.389     29.411     78.215
     -3.265     89.125    241.497    -96.899    -20.340     29.563     78.285
     -3.267     89.165    241.438    -97.056    -20.291     29.715     78.356
     -3.269     89.206    241.378    -97.212    -20.241     29.868     78.426
     -3.271     89.246    241.318    -97.369    -20.191     30.020     78.497
     -3.273     89.287    241.258    -97.526    -20.142     30.173     78.568
     -3.275     89.327    241.198    -97.684    -20.092     30.326     78.638
     -3.277     89.367    241.137    -97.841    -20.042     30.480     78.709
     -3.279     89.407    241.076    -97.998    -19.992     30.633     78.780
     -3.281     89.447    241.014    -98.156    -19.942     30.787     78.850
     -3.283     89.487    240.953    -98.314    -19.891     30.941     78.921
     -3.285     89.527    240.891    -98.472    -19.841     31.095     78.992
     -3.287     89.566    240.828    -98.630    -19.791     31.250     79.063
     -3.289     89.606    240.766    -98.788    -19.740     31.404     79.134
     -3.291     89.645    240.703    -98.946    -19.690     31.559     79.205
     -3.293     89.684    240.639    -99.105    -19.639     31.714     79.276
     -3.295     89.724    240.576    -99.263    -19.588     31.869     79.346
     -3.297     89.763    240.512    -99.422    -19.538     32.025     79.417
     -3.299     89.802    240.448    -99.581    -19.487     32.181     79.488
     -3.301     89.841    240.383    -99.740    -19.436     32.337     79.559
     -3.303     89.880    240.318    -99.899    -19.384     32.493     79.630
     -3.305     89.918    240.253   -100.059    -19.333     32.649     79.702
     -3.307     89.957    240.188   -100.218    -19.282     32.806     79.773
     -3.309     89.995    240.122   -100.378    -19.231     32.962     79.844
     -3.311     90.034    240.056   -100.537    -19.179     33.119     79.915
     -3.313     90.072    239.989   -100.697    -19.128     33.277     79.986
     -3.315     90.110    239.923   -100.857    -19.076     33.434     80.057
     -3.317     90.148    239.856   -101.018    -19.024     33.592     80.129
     -3.319     90.186    239.788   -101.178    -18.972     33.750     80.200
     -3.321     90.224    239.721   -101.338    -18.920     33.908     80.271
     -3.323     90.262    239.653   -101.499    -18.868     34.066     80.343
     -3.325     90.300    239.584   -101.660    -18.816     34.225     80.414
     -3.327     90.337    239.516   -101.821    -18.764     34.383     80.486
     -3.329     90.375    239.447   -101.982    -18.712     34.542     80.557
     -3.331     90.412    239.378   -102.143    -18.659     34.702     80.629
     -3.333     90.450    239.308   -102.304    -18.607     34.861     80.700
     -3.335     90.487    239.238   -102.466    -18.554     35.021     80.772
     -3.337     90.524    239.168   -102.627    -18.501     35.181     80.843
     -3.339     90.561    239.098   -102.789    -18.449     35.341     80.915
     -3.341     90.598    239.027   -102.951    -18.396     35.501     80.987
     -3.343     90.634    238.956   -103.113    -18.343     35.662     81.058
     -3.345     90.671    238.884   -103.275    -18.289     35.823     81.130
     -3.347     90.707    238.812   -103.438    -18.236     35.984     81.202
     -3.349     90.744    238.740   -103.600    -18.183     36.145     81.274
     -3.351     90.780    238.668   -103.763    -18.130     36.307     81.346
     -3.353     90.816    238.595   -103.925    -18.076     36.468     81.417
     -3.355     90.852    238.522   -104.088    -18.022     36.630     81.489
     -3.357     90.888    238.448   -104.251    -17.969     36.793     81.561
     -3.359     90.924    238.375   -104.415    -17.915     36.955     81.633
     -3.361     90.960    238.301   -104.578    -17.861     37.118     81.705
     -3.363     90.996    238.226   -104.741    -17.807     37.281     81.778
     -3.365     91.031    238.151   -104.905    -17.753     37.444     81.850
     -3.367     91.067    238.076   -105.069    -17.699     37.608     81.922
     -3.369     91.102    238.001   -105.233    -17.644     37.771     81.994
     -3.371     91.137    237.925   -105.397    -17.590     37.935     82.066
     -3.373     91.172    237.849   -105.561    -17.535     38.099     82.139
     -3.375     91.207    237.773   -105.725    -17.481     38.264     82.211
     -3.377     91.242    237.696   -105.890    -17.426     38.428     82.283
     -3.379     91.277    237.619   -106.054    -17.371     38.593     82.356
     -3.381     91.312    237.542   -106.219    -17.316     38.758     82.428
     -3.383     91.346    237.464   -106.384    -17.261     38.924     82.501
     -3.385     91.381    237.386   -106.549    -17.206     39.089     82.573
     -3.387     91.415    237.308   -106.714    -17.151     39.255     82.646
     -3.389     91.450    237.229   -106.880    -17.095     39.422     82.719
     -3.391     91.484    237.150   -107.045    -17.040     39.588     82.791
     -3.393     91.518    237.071   -107.211    -16.984     39.755     82.864
     -3.395     91.552    236.991   -107.377    -16.929     39.921     82.937
     -3.397     91.585    236.911   -107.543    -16.873     40.089     83.010
     -3.399     91.619    236.831   -107.709    -16.817     40.256     83.083
     -3.401     91.653    236.750   -107.875    -16.761     40.424     83.155
     -3.403     91.686    236.669   -108.041    -16.705     40.591     83.228
     -3.405     91.719    236.588   -108.208    -16.649     40.760     83.301
     -3.407     91.753    236.506   -108.375    -16.592     40.928     83.375
     -3.409     91.786    236.424   -108.541    -16.536     41.097     83.448
     -3.411     91.819    236.342   -108.708    -16.479     41.266     83.521
     -3.413     91.852    236.259   -108.876    -16.423     41.435     83.594
     -3.415     91.885    236.176   -109.043    -16.366     41.604     83.667
     -3.417     91.917    236.092   -109.210    -16.309     41.774     83.741
     -3.419     91.950    236.009   -109.378    -16.252     41.944     83.814
     -3.421     91.982    235.925   -109.545    -16.195     42.114     83.887
     -3.423     92.015    235.840   -109.713    -16.137     42.285     83.961
     -3.425     92.047    235.756   -109.881    -16.080     42.455     84.034
     -3.427     92.079    235.670   -110.049    -16.023     42.626     84.108
     -3.429     92.111    235.585   -110.218    -15.965     42.798     84.182
     -3.431     92.143    235.499   -110.386    -15.907     42.969     84.255
     -3.433     92.175    235.413   -110.555    -15.849     43.141     84.329
     -3.435     92.206    235.327   -110.723    -15.792     43.313     84.403
     -3.437     92.238    235.240   -110.892    -15.733     43.485     84.477
     -3.439     92.269    235.153   -111.061    -15.675     43.658     84.550
     -3.441     92.300    235.065   -111.231    -15.617     43.831     84.624
     -3.443     92.332    234.977   -111.400    -15.559     44.004     84.698
     -3.445     92.363    234.889   -111.569    -15.500     44.178     84.772
     -3.447     92.394    234.801   -111.739    -15.441     44.351     84.847
     -3.449     92.424    234.712   -111.909    -15.383     44.525     84.921
     -3.451     92.455    234.623   -112.079    -15.324     44.700     84.995
     -3.453     92.486    234.533   -112.249    -15.265     44.874     85.069
     -3.455     92.516    234.443   -112.419    -15.206     45.049     85.144
     -3.457     92.547    234.353   -112.589    -15.146     45.224     85.218
     -3.459     92.577    234.262   -112.760    -15.087     45.399     85.292
     -3.461     92.607    234.171   -112.930    -15.028     45.575     85.367
     -3.463     92.637    234.080   -113.101    -14.968     45.751     85.442
     -3.465     92.667    233.988   -113.272    -14.908     45.927     85.516
     -3.467     92.696    233.896   -113.443    -14.848     46.104     85.591
     -3.469     92.726    233.804   -113.615    -14.788     46.281     85.666
     -3.471     92.756    233.711   -113.786    -14.728     46.458     85.740
     -3.473     92.785    233.618   -113.958    -14.668     46.635     85.815
     -3.475     92.814    233.525   -114.129    -14.608     46.813     85.890
     -3.477     92.843    233.431   -114.301    -14.547     46.991     85.965
     -3.479     92.872    233.337   -114.473    -14.486     47.169     86.040
     -3.481     92.901    233.242   -114.645    -14.426     47.347     86.115
     -3.483     92.930    233.147   -114.818    -14.365     47.526     86.191
     -3.485     92.959    233.052   -114.990    -14.304     47.705     86.266
     -3.487     92.987    232.956   -115.163    -14.243     47.885     86.341
     -3.489     93.016    232.860   -115.335    -14.181     48.064     86.416
     -3.491     93.044    232.764   -115.508    -14.120     48.244     86.492
     -3.493     93.072    232.667   -115.681    -14.058     48.425     86.567
     -3.495     93.100    232.570   -115.855    -13.997     48.605     86.643
     -3.497     93.128    232.473   -116.028    -13.935     48.786     86.719
     -3.499     93.156    232.375   -116.201    -13.873     48.967     86.794
     -3.501     93.184    232.277   -116.375    -13.811     49.149     86.870
     -3.503     93.211    232.179   -116.549    -13.749     49.330     86.946
     -3.505     93.239    232.080   -116.723    -13.686     49.513     87.022
     -3.507     93.266    231.981   -116.897    -13.624     49.695     87.098
     -3.509     93.293    231.881   -117.071    -13.561     49.878     87.174
     -3.511     93.320    231.781   -117.246    -13.499     50.061     87.250
     -3.513     93.347    231.681   -117.420    -13.436     50.244     87.326
     -3.515     93.374    231.580   -117.595    -13.373     50.428     87.402
     -3.517     93.401    231.479   -117.770    -13.310     50.612     87.479
     -3.519     93.427    231.378   -117.945    -13.246     50.796     87.555
     -3.521     93.454    231.276   -118.120    -13.183     50.980     87.632
     -3.523     93.480    231.174   -118.295    -13.119     51.165     87.708
     -3.525     93.506    231.071   -118.471    -13.056     51.350     87.785
     -3.527     93.532    230.968   -118.647    -12.992     51.536     87.861
     -3.529     93.558    230.865   -118.822    -12.928     51.722     87.938
     -3.531     93.584    230.762   -118.998    -12.864     51.908     88.015
     -3.533     93.610    230.657   -119.174    -12.799     52.094     88.092
     -3.535     93.635    230.553   -119.351    -12.735     52.281     88.169
     -3.537     93.661    230.448   -119.527    -12.670     52.468     88.246
     -3.539     93.686    230.343   -119.704    -12.606     52.656     88.323
     -3.541     93.711    230.238   -119.880    -12.541     52.843     88.400
     -3.543     93.736    230.132   -120.057    -12.476     53.031     88.478
     -3.545     93.761    230.026   -120.234    -12.411     53.220     88.555
     -3.547     93.786    229.919   -120.412    -12.345     53.408     88.632
     -3.549     93.810    229.812   -120.589    -12.280     53.598     88.710
     -3.551     93.835    229.705   -120.766    -12.214     53.787     88.788
     -3.553     93.859    229.597   -120.944    -12.148     53.977     88.865
     -3.555     93.883    229.489   -121.122    -12.083     54.167     88.943
     -3.557     93.907    229.380   -121.300    -12.017     54.357     89.021
     -3.559     93.931    229.271   -121.478    -11.950     54.548     89.099
     -3.561     93.955    229.162   -121.656    -11.884     54.739     89.177
     -3.563     93.979    229.052   -121.835    -11.817     54.930     89.255
     -3.565     94.003    228.942   -122.013    -11.751     55.122     89.333
     -3.567     94.026    228.832   -122.192    -11.684     55.314     89.411
     -3.569     94.049    228.721   -122.371    -11.617     55.506     89.490
     -3.571     94.072    228.610   -122.550    -11.550     55.699     89.568
     -3.573     94.095    228.498   -122.729    -11.483     55.892     89.647
     -3.575     94.118    228.386   -122.908    -11.415     56.086     89.725
     -3.577     94.141    228.274   -123.088    -11.348     56.280     89.804
     -3.579     94.164    228.161   -123.268    -11.280     56.474     89.883
     -3.581     94.186    228.048   -123.448    -11.212     56.668     89.961
     -3.583     94.209    227.934   -123.628    -11.144     56.863     90.040
     -3.585     94.231    227.821   -123.808    -11.076     57.058     90.119
     -3.587     94.253    227.706   -123.988    -11.007     57.254     90.199
     -3.589     94.275    227.592   -124.169    -10.939     57.450     90.278
     -3.591     94.297    227.476   -124.349    -10.870     57.646     90.357
     -3.593     94.318    227.361   -124.530    -10.801     57.843     90.436
     -3.595     94.340    227.245   -124.711    -10.732     58.040     90.516
     -3.597     94.361    227.129   -124.892    -10.663     58.237     90.595
     -3.599     94.383    227.012   -125.073    -10.593     58.435     90.675
     -3.601     94.404    226.895   -125.255    -10.524     58.633     90.755
     -3.603     94.425    226.778   -125.436    -10.454     58.831     90.835
     -3.605     94.445    226.660   -125.618    -10.384     59.030     90.915
     -3.607     94.466    226.541   -125.800    -10.314     59.229     90.995
     -3.609     94.487    226.423   -125.982    -10.244     59.429     91.075
     -3.611     94.507    226.304   -126.164    -10.173     59.629     91.155
     -3.613     94.527    226.184   -126.347    -10.103     59.829     91.235
     -3.615     94.548    226.064   -126.529    -10.032     60.030     91.316
     -3.617     94.568    225.944   -126.712     -9.961     60.231     91.396
     -3.619     94.587    225.823   -126.895     -9.890     60.432     91.477
     -3.621     94.607    225.702   -127.078     -9.819     60.634     91.558
     -3.623     94.627    225.581   -127.261     -9.747     60.836     91.638
     -3.625     94.646    225.459   -127.444     -9.676     61.039     91.719
     -3.627     94.665    225.337   -127.628     -9.604     61.242     91.800
     -3.629     94.685    225.214   -127.812     -9.532     61.445     91.881
     -3.631     94.704    225.091   -127.995     -9.460     61.649     91.963
     -3.633     94.722    224.968   -128.179     -9.387     61.853     92.044
     -3.635     94.741    224.844   -128.364     -9.315     62.057     92.125
     -3.637     94.760    224.719   -128.548     -9.242     62.262     92.207
     -3.639     94.778    224.595   -128.732     -9.169     62.467     92.288
     -3.641     94.796    224.469   -128.917     -9.096     62.673     92.370
     -3.643     94.814    224.344   -129.102     -9.023     62.879     92.452
     -3.645     94.832    224.218   -129.287     -8.949     63.086     92.534
     -3.647     94.850    224.092   -129.472     -8.876     63.293     92.616
     -3.649     94.868    223.965   -129.657     -8.802     63.500     92.698
     -3.651     94.885    223.838   -129.843     -8.728     63.707     92.780
     -3.653     94.903    223.710   -130.028     -8.654     63.916     92.863
     -3.655     94.920    223.582   -130.214     -8.579     64.124     92.945
     -3.657     94.937    223.453   -130.400     -8.505     64.333     93.028
     -3.659     94.954    223.325   -130.586     -8.430     64.542     93.110
     -3.661     94.971    223.195   -130.773     -8.355     64.752     93.193
     -3.663     94.987    223.066   -130.959     -8.280     64.962     93.276
     -3.665     95.004    222.935   -131.146     -8.204     65.173     93.359
     -3.667     95.020    222.805   -131.333     -8.129     65.384     93.442
     -3.669     95.036    222.674   -131.520     -8.053     65.595     93.525
     -3.671     95.052    222.542   -131.707     -7.977     65.807     93.609
     -3.673     95.068    222.411   -131.894     -7.901     66.019     93.692
     -3.675     95.084    222.278   -132.081     -7.824     66.232     93.776
     -3.677     95.100    222.146   -132.269     -7.748     66.445     93.860
     -3.679     95.115    222.013   -132.457     -7.671     66.659     93.943
     -3.681     95.130    221.879   -132.645     -7.594     66.873     94.027
     -3.683     95.145    221.745   -132.833     -7.517     67.087     94.111
     -3.685     95.160    221.611   -133.021     -7.440     67.302     94.196
     -3.687     95.175    221.476   -133.210     -7.362     67.517     94.280
     -3.689     95.190    221.341   -133.398     -7.284     67.733     94.364
     -3.691     95.204    221.205   -133.587     -7.206     67.949     94.449
     -3.693     95.219    221.069   -133.776     -7.128     68.165     94.533
     -3.695     95.233    220.932   -133.965     -7.049     68.383     94.618
     -3.697     95.247    220.795   -134.155     -6.971     68.600     94.703
     -3.699     95.261    220.658   -134.344     -6.892     68.818     94.788
     -3.701     95.274    220.520   -134.534     -6.813     69.036     94.873
     -3.703     95.288    220.382   -134.724     -6.733     69.255     94.959
     -3.705     95.301    220.243   -134.914     -6.654     69.474     95.044
     -3.707     95.315    220.104   -135.104     -6.574     69.694     95.130
     -3.709     95.328    219.964   -135.294     -6.494     69.914     95.215
     -3.711     95.341    219.824   -135.485     -6.414     70.135     95.301
     -3.713     95.353    219.684   -135.675     -6.333     70.356     95.387
     -3.715     95.366    219.543   -135.866     -6.253     70.578     95.473
     -3.717     95.378    219.401   -136.057     -6.172     70.800     95.559
     -3.719     95.391    219.260   -136.248     -6.091     71.022     95.645
     -3.721     95.403    219.117   -136.440     -6.009     71.245     95.732
     -3.723     95.415    218.975   -136.631     -5.928     71.469     95.818
     -3.725     95.426    218.831   -136.823     -5.846     71.693     95.905
     -3.727     95.438    218.688   -137.015     -5.764     71.917     95.992
     -3.729     95.449    218.544   -137.207     -5.682     72.142     96.079
     -3.731     95.461    218.399   -137.399     -5.599     72.368     96.166
     -3.733     95.472    218.254   -137.592     -5.517     72.594     96.253
     -3.735     95.483    218.109   -137.784     -5.434     72.820     96.341
     -3.737     95.494    217.963   -137.977     -5.350     73.047     96.428
     -3.739     95.504    217.817   -138.170     -5.267     73.274     96.516
     -3.741     95.515    217.670   -138.363     -5.183     73.502     96.604
     -3.743     95.525    217.523   -138.557     -5.099     73.730     96.692
     -3.745     95.535    217.375   -138.750     -5.015     73.959     96.780
     -3.747     95.545    217.227   -138.944     -4.931     74.189     96.868
     -3.749     95.555    217.078   -139.137     -4.846     74.419     96.956
     -3.751     95.564    216.929   -139.331     -4.761     74.649     97.045
     -3.753     95.574    216.780   -139.526     -4.676     74.880     97.134
     -3.755     95.583    216.630   -139.720     -4.590     75.111     97.222
     -3.757     95.592    216.479   -139.915     -4.505     75.343     97.311
     -3.759     95.601    216.328   -140.109     -4.419     75.576     97.400
     -3.761     95.610    216.177   -140.304     -4.333     75.808     97.490
     -3.763     95.618    216.025   -140.499     -4.246     76.042     97.579
     -3.765     95.627    215.873   -140.694     -4.159     76.276     97.669
     -3.767     95.635    215.720   -140.890     -4.072     76.510     97.758
     -3.769     95.643    215.567   -141.085     -3.985     76.746     97.848
     -3.771     95.651    215.413   -141.281     -3.898     76.981     97.938
     -3.773     95.659    215.259   -141.477     -3.810     77.217     98.028
     -3.775     95.666    215.104   -141.673     -3.722     77.454     98.119
     -3.777     95.674    214.949   -141.870     -3.634     77.691     98.209
     -3.779     95.681    214.793   -142.066     -3.545     77.929     98.300
     -3.781     95.688    214.637   -142.263     -3.456     78.167     98.391
     -3.783     95.695    214.481   -142.460     -3.367     78.406     98.482
     -3.785     95.701    214.324   -142.657     -3.278     78.645     98.573
     -3.787     95.708    214.166   -142.854     -3.188     78.885     98.664
     -3.789     95.714    214.008   -143.051     -3.098     79.126     98.755
     -3.791     95.720    213.850   -143.249     -3.008     79.367     98.847
     -3.793     95.726    213.691   -143.447     -2.917     79.608     98.939
     -3.795     95.732    213.531   -143.645     -2.826     79.851     99.031
     -3.797     95.737    213.371   -143.843     -2.735     80.093     99.123
     -3.799     95.743    213.211   -144.041     -2.644     80.337     99.215
     -3.801     95.748    213.050   -144.240     -2.552     80.581     99.307
     -3.803     95.753    212.888   -144.439     -2.460     80.825     99.400
     -3.805     95.758    212.727   -144.637     -2.368     81.070     99.493
     -3.807     95.762    212.564   -144.837     -2.275     81.316     99.586
     -3.809     95.767    212.401   -145.036     -2.183     81.562     99.679
     -3.811     95.771    212.238   -145.235     -2.089     81.809     99.772
     -3.813     95.775    212.074   -145.435     -1.996     82.056     99.866
     -3.815     95.779    211.910   -145.635     -1.902     82.304     99.959
     -3.817     95.783    211.745   -145.835     -1.808     82.553    100.053
     -3.819     95.786    211.579   -146.035     -1.714     82.802    100.147
     -3.821     95.790    211.414   -146.235     -1.619     83.052    100.241
     -3.823     95.793    211.247   -146.436     -1.524     83.302    100.336
     -3.825     95.796    211.080   -146.637     -1.429     83.554    100.430
     -3.827     95.799    210.913   -146.838     -1.333     83.805    100.525
     -3.829     95.801    210.745   -147.039     -1.237     84.057    100.620
     -3.831     95.804    210.577   -147.240     -1.141     84.310    100.715
     -3.833     95.806    210.408   -147.442     -1.044     84.564    100.810
     -3.835     95.808    210.239   -147.643     -0.947     84.818    100.906
     -3.837     95.809    210.069   -147.845     -0.850     85.073    101.001
     -3.839     95.811    209.898   -148.047     -0.753     85.328    101.097
     -3.841     95.812    209.727   -148.250     -0.655     85.584    101.193
     -3.843     95.814    209.556   -148.452     -0.557     85.841    101.289
     -3.845     95.815    209.384   -148.655     -0.458     86.098    101.386
     -3.847     95.816    209.212   -148.858     -0.359     86.356    101.482
     -3.849     95.816    209.039   -149.061     -0.260     86.615    101.579
     -3.851     95.817    208.865   -149.264     -0.160     86.874    101.676
     -3.853     95.817    208.691   -149.467     -0.061     87.134    101.773
     -3.855     95.817    208.517   -149.671      0.040     87.395    101.871
     -3.857     95.817    208.341   -149.875      0.140     87.656    101.968
     -3.859     95.816    208.166   -150.079      0.241     87.918    102.066
     -3.861     95.816    207.990   -150.283      0.343     88.181    102.164
     -3.863     95.815    207.813   -150.488      0.444     88.444    102.262
     -3.865     95.814    207.636   -150.692      0.546     88.708    102.360
     -3.867     95.813    207.458   -150.897      0.649     88.973    102.459
     -3.869     95.811    207.280   -151.102      0.751     89.238    102.558
     -3.871     95.810    207.101   -151.307      0.854     89.504    102.657
     -3.873     95.808    206.922   -151.513      0.958     89.771    102.756
     -3.875     95.806    206.742   -151.718      1.062     90.039    102.856
     -3.877     95.804    206.562   -151.924      1.166     90.307    102.955
     -3.879     95.801    206.381   -152.130      1.271     90.576    103.055
     -3.881     95.799    206.200   -152.336      1.376     90.845    103.155
     -3.883     95.796    206.018   -152.543      1.481     91.116    103.255
     -3.885     95.793    205.835   -152.749      1.587     91.387    103.356
     -3.887     95.789    205.652   -152.956      1.693     91.659    103.457
     -3.889     95.786    205.469   -153.163      1.799     91.931    103.558
     -3.891     95.782    205.284   -153.370      1.906     92.204    103.659
     -3.893     95.778    205.100   -153.578      2.013     92.478    103.760
     -3.895     95.774    204.914   -153.785      2.121     92.753    103.862
     -3.897     95.770    204.729   -153.993      2.229     93.029    103.964
     -3.899     95.765    204.542   -154.201      2.338     93.305    104.066
     -3.901     95.760    204.355   -154.410      2.446     93.582    104.168
     -3.903     95.755    204.168   -154.618      2.556     93.860    104.271
     -3.905     95.750    203.980   -154.827      2.665     94.138    104.373
     -3.907     95.745    203.792   -155.035      2.776     94.418    104.476
     -3.909     95.739    203.602   -155.244      2.886     94.698    104.580
     -3.911     95.733    203.413   -155.454      2.997     94.979    104.683
     -3.913     95.727    203.222   -155.663      3.109     95.260    104.787
     -3.915     95.721    203.032   -155.873      3.220     95.543    104.891
     -3.917     95.714    202.840   -156.083      3.333     95.826    104.995
     -3.919     95.707    202.648   -156.293      3.445     96.110    105.099
     -3.921     95.700    202.456   -156.503      3.558     96.395    105.204
     -3.923     95.693    202.263   -156.714      3.672     96.681    105.309
     -3.925     95.686    202.069   -156.924      3.786     96.967    105.414
     -3.927     95.678    201.875   -157.135      3.900     97.254    105.520
     -3.929     95.670    201.680   -157.347      4.015     97.542    105.625
     -3.931     95.662    201.485   -157.558      4.131     97.831    105.731
     -3.933     95.654    201.289   -157.769      4.246     98.121    105.838
     -3.935     95.645    201.092   -157.981      4.363     98.412    105.944
     -3.937     95.636    200.895   -158.193      4.479     98.703    106.051
     -3.939     95.627    200.697   -158.405      4.597     98.996    106.158
     -3.941     95.618    200.499   -158.618      4.714     99.289    106.265
     -3.943     95.608    200.300   -158.830      4.832     99.583    106.372
     -3.945     95.598    200.101   -159.043      4.951     99.878    106.480
     -3.947     95.588    199.901   -159.256      5.070    100.174    106.588
     -3.949     95.578    199.700   -159.470      5.190    100.470    106.697
     -3.951     95.568    199.499   -159.683      5.310    100.768    106.805
     -3.953     95.557    199.297   -159.897      5.430    101.067    106.914
     -3.955     95.546    199.095   -160.111      5.551    101.366    107.023
     -3.957     95.535    198.892   -160.325      5.673    101.666    107.133
     -3.959     95.523    198.688   -160.539      5.795    101.967    107.242
     -3.961     95.512    198.484   -160.754      5.918    102.269    107.352
     -3.963     95.500    198.279   -160.969      6.041    102.572    107.462
     -3.965     95.487    198.073   -161.184      6.164    102.876    107.573
     -3.967     95.475    197.867   -161.399      6.288    103.181    107.684
     -3.969     95.462    197.661   -161.615      6.413    103.487    107.795
     -3.971     95.449    197.453   -161.830      6.538    103.794    107.906
     -3.973     95.436    197.246   -162.046      6.664    104.102    108.018
     -3.975     95.423    197.037   -162.262      6.790    104.410    108.130
     -3.977     95.409    196.828   -162.479      6.917    104.720    108.242
     -3.979     95.395    196.618   -162.695      7.044    105.031    108.355
     -3.981     95.381    196.408   -162.912      7.172    105.342    108.468
     -3.983     95.366    196.197   -163.129      7.301    105.655    108.581
     -3.985     95.352    195.985   -163.346      7.430    105.968    108.694
     -3.987     95.337    195.773   -163.564      7.559    106.283    108.808
     -3.989     95.321    195.560   -163.782      7.690    106.599    108.922
     -3.991     95.306    195.346   -164.000      7.820    106.915    109.037
     -3.993     95.290    195.132   -164.218      7.952    107.233    109.152
     -3.995     95.274    194.918   -164.436      8.084    107.551    109.267
     -3.997     95.258    194.702   -164.655      8.216    107.871    109.382
     -3.999     95.241    194.486   -164.874      8.349    108.192    109.498
     -4.001     95.224    194.269   -165.093      8.483    108.514    109.614
     -4.003     95.207    194.052   -165.312      8.617    108.837    109.730
     -4.005     95.190    193.834   -165.532      8.752    109.160    109.847
     -4.007     95.172    193.615   -165.752      8.888    109.485    109.964
     -4.009     95.154    193.396   -165.972      9.024    109.811    110.081
     -4.011     95.136    193.176   -166.192      9.161    110.139    110.199
     -4.013     95.118    192.956   -166.412      9.298    110.467    110.317
     -4.015     95.099    192.734   -166.633      9.436    110.796    110.435
     -4.017     95.080    192.512   -166.854      9.575    111.127    110.554
     -4.019     95.061    192.290   -167.075      9.714    111.458    110.673
     -4.021     95.041    192.067   -167.297      9.854    111.791    110.792
     -4.023     95.021    191.843   -167.519      9.995    112.125    110.912
     -4.025     95.001    191.618   -167.741     10.136    112.460    111.032
     -4.027     94.981    191.393   -167.963     10.278    112.796    111.152
     -4.029     94.960    191.167   -168.185     10.421    113.133    111.273
     -4.031     94.939    190.940   -168.408     10.564    113.472    111.394
     -4.033     94.918    190.713   -168.631     10.708    113.811    111.516
     -4.035     94.896    190.485   -168.854     10.853    114.152    111.638
     -4.037     94.874    190.256   -169.077     10.998    114.494    111.760
     -4.039     94.852    190.027   -169.301     11.145    114.837    111.883
     -4.041     94.830    189.797   -169.525     11.291    115.182    112.006
     -4.043     94.807    189.566   -169.749     11.439    115.527    112.129
     -4.045     94.784    189.335   -169.973     11.587    115.874    112.253
     -4.047     94.761    189.103   -170.198     11.737    116.222    112.377
     -4.049     94.737    188.870   -170.423     11.886    116.572    112.502
     -4.051     94.713    188.636   -170.648     12.037    116.922    112.627
     -4.053     94.689    188.402   -170.873     12.188    117.274    112.752
     -4.055     94.664    188.167   -171.099     12.340    117.627    112.878
     -4.057     94.639    187.932   -171.325     12.493    117.982    113.004
     -4.059     94.614    187.695   -171.551     12.647    118.338    113.130
     -4.061     94.589    187.458   -171.777     12.801    118.695    113.257
     -4.063     94.563    187.221   -172.004     12.957    119.053    113.385
     -4.065     94.537    186.982   -172.231     13.113    119.413    113.512
     -4.067     94.511    186.743   -172.458     13.270    119.774    113.641
     -4.069     94.484    186.503   -172.685     13.427    120.137    113.769
     -4.071     94.457    186.262   -172.913     13.586    120.500    113.898
     -4.073     94.430    186.021   -173.141     13.745    120.866    114.028
     -4.075     94.402    185.779   -173.369     13.905    121.232    114.157
     -4.077     94.374    185.536   -173.598     14.066    121.600    114.288
     -4.079     94.346    185.293   -173.826     14.228    121.970    114.419
     -4.081     94.317    185.048   -174.055     14.391    122.340    114.550
     -4.083     94.288    184.803   -174.285     14.555    122.713    114.681
     -4.085     94.259    184.557   -174.514     14.719    123.086    114.813
     -4.087     94.229    184.311   -174.744     14.885    123.461    114.946
     -4.089     94.199    184.064   -174.974     15.051    123.838    115.079
     -4.091     94.169    183.816   -175.204     15.219    124.216    115.212
     -4.093     94.138    183.567   -175.435     15.387    124.596    115.346
     -4.095     94.107    183.317   -175.666     15.556    124.977    115.481
     -4.097     94.076    183.067   -175.897     15.726    125.359    115.615
     -4.099     94.045    182.816   -176.128     15.897    125.744    115.751
     -4.101     94.013    182.564   -176.360     16.069    126.129    115.886
     -4.103     93.980    182.311   -176.592     16.242    126.517    116.023
     -4.105     93.948    182.058   -176.824     16.416    126.905    116.159
     -4.107     93.915    181.804   -177.056     16.591    127.296    116.297
     -4.109     93.881    181.549   -177.289     16.767    127.688    116.434
     -4.111     93.848    181.293   -177.522     16.944    128.081    116.573
     -4.113     93.814    181.036   -177.755     17.122    128.477    116.711
     -4.115     93.779    180.779   -177.989     17.301    128.874    116.851
     -4.117     93.744    180.521   -178.223     17.481    129.272    116.990
     -4.119     93.709    180.262   -178.457     17.662    129.672    117.131
     -4.121     93.674    180.002   -178.691     17.844    130.074    117.271
     -4.123     93.638    179.742   -178.926     18.028    130.478    117.413
     -4.125     93.602    179.480   -179.161     18.212    130.883    117.555
     -4.127     93.565    179.218   -179.396     18.398    131.290    117.697
     -4.129     93.528    178.955   -179.632     18.584    131.699    117.840
     -4.131     93.491    178.691   -179.867     18.772    132.110    117.983
     -4.133     93.453    178.427   -180.104     18.961    132.522    118.127
     -4.135     93.415    178.161   -180.340     19.151    132.936    118.272
     -4.137     93.376    177.895   -180.577     19.342    133.352    118.417
     -4.139     93.337    177.628   -180.814     19.535    133.770    118.563
     -4.141     93.298    177.360   -181.051     19.729    134.189    118.709
     -4.143     93.258    177.091   -181.288     19.924    134.611    118.856
     -4.145     93.218    176.821   -181.526     20.120    135.034    119.003
     -4.147     93.178    176.551   -181.764     20.317    135.459    119.151
     -4.149     93.137    176.279   -182.003     20.516    135.887    119.300
     -4.151     93.096    176.007   -182.242     20.716    136.316    119.449
     -4.153     93.054    175.734   -182.481     20.917    136.747    119.599
     -4.155     93.012    175.460   -182.720     21.119    137.180    119.749
     -4.157     92.970    175.185   -182.960     21.323    137.615    119.900
     -4.159     92.927    174.910   -183.200     21.528    138.052    120.052
     -4.161     92.884    174.633   -183.440     21.735    138.491    120.204
     -4.163     92.840    174.356   -183.680     21.943    138.932    120.357
     -4.165     92.796    174.078   -183.921     22.152    139.375    120.510
     -4.167     92.751    173.798   -184.162     22.363    139.820    120.664
     -4.169     92.706    173.518   -184.404     22.575    140.268    120.819
     -4.171     92.661    173.237   -184.646     22.788    140.717    120.974
     -4.173     92.615    172.955   -184.888     23.003    141.169    121.131
     -4.175     92.569    172.673   -185.130     23.220    141.623    121.287
     -4.177     92.522    172.389   -185.373     23.438    142.079    121.445
     -4.179     92.475    172.104   -185.616     23.657    142.537    121.603
     -4.181     92.428    171.819   -185.859     23.878    142.997    121.762
     -4.183     92.380    171.532   -186.103     24.101    143.460    121.921
     -4.185     92.331    171.245   -186.347     24.325    143.925    122.081
     -4.187     92.283    170.957   -186.591     24.550    144.393    122.242
     -4.189     92.233    170.667   -186.836     24.778    144.862    122.404
     -4.191     92.183    170.377   -187.081     25.007    145.334    122.566
     -4.193     92.133    170.086   -187.326     25.237    145.809    122.729
     -4.195     92.082    169.794   -187.572     25.470    146.286    122.893
     -4.197     92.031    169.501   -187.818     25.704    146.765    123.058
     -4.199     91.980    169.207   -188.064     25.939    147.247    123.223
     -4.201     91.928    168.912   -188.311     26.177    147.731    123.389
     -4.203     91.875    168.616   -188.558     26.416    148.218    123.556
     -4.205     91.822    168.319   -188.805     26.657    148.707    123.723
     -4.207     91.768    168.021   -189.053     26.900    149.199    123.892
     -4.209     91.714    167.722   -189.301     27.145    149.693    124.061
     -4.211     91.660    167.422   -189.549     27.391    150.190    124.231
     -4.213     91.605    167.121   -189.798     27.640    150.690    124.402
     -4.215     91.549    166.820   -190.047     27.890    151.193    124.573
     -4.217     91.493    166.517   -190.296     28.143    151.698    124.746
     -4.219     91.437    166.213   -190.545     28.397    152.206    124.919
     -4.221     91.380    165.908   -190.796     28.653    152.716    125.093
     -4.223     91.322    165.602   -191.046     28.912    153.230    125.268
     -4.225     91.264    165.295   -191.297     29.172    153.746    125.444
     -4.227     91.205    164.987   -191.548     29.435    154.265    125.620
     -4.229     91.146    164.678   -191.799     29.700    154.787    125.798
     -4.231     91.086    164.368   -192.051     29.966    155.312    125.976
     -4.233     91.026    164.057   -192.303     30.235    155.840    126.156
     -4.235     90.966    163.744   -192.555     30.507    156.371    126.336
     -4.237     90.904    163.431   -192.808     30.780    156.906    126.517
     -4.239     90.842    163.117   -193.062     31.056    157.443    126.699
     -4.241     90.780    162.801   -193.315     31.334    157.983    126.882
     -4.243     90.717    162.485   -193.569     31.615    158.526    127.066
     -4.245     90.654    162.167   -193.823     31.898    159.073    127.251
     -4.247     90.589    161.849   -194.078     32.183    159.623    127.437
     -4.249     90.525    161.529   -194.333     32.471    160.176    127.624
     -4.251     90.460    161.208   -194.589     32.762    160.733    127.812
     -4.253     90.394    160.886   -194.844     33.054    161.293    128.001
     -4.255     90.327    160.563   -195.101     33.350    161.856    128.191
     -4.257     90.260    160.238   -195.357     33.648    162.422    128.382
     -4.259     90.193    159.913   -195.614     33.949    162.993    128.574
     -4.261     90.125    159.586   -195.871     34.253    163.566    128.767
     -4.263     90.056    159.259   -196.129     34.559    164.144    128.961
     -4.265     89.986    158.930   -196.387     34.868    164.724    129.156
     -4.267     89.916    158.600   -196.646     35.180    165.309    129.353
     -4.269     89.846    158.269   -196.905     35.495    165.897    129.550
     -4.271     89.774    157.936   -197.164     35.813    166.489    129.749
     -4.273     89.702    157.603   -197.424     36.134    167.085    129.948
     -4.275     89.630    157.268   -197.684     36.459    167.685    130.149
     -4.277     89.557    156.932   -197.944     36.786    168.288    130.351
     -4.279     89.483    156.595   -198.205     37.116    168.896    130.554
     -4.281     89.408    156.256   -198.467     37.450    169.508    130.759
     -4.283     89.333    155.917   -198.728     37.787    170.123    130.964
     -4.285     89.257    155.576   -198.990     38.127    170.743    131.171
     -4.287     89.180    155.234   -199.253     38.471    171.367    131.379
     -4.289     89.103    154.890   -199.516     38.818    171.995    131.588
     -4.291     89.025    154.546   -199.779     39.168    172.628    131.799
     -4.293     88.946    154.200   -200.043     39.523    173.265    132.011
     -4.295     88.867    153.853   -200.307     39.881    173.906    132.224
     -4.297     88.787    153.504   -200.572     40.242    174.552    132.439
     -4.299     88.706    153.154   -200.837     40.608    175.203    132.654
     -4.301     88.624    152.803   -201.103     40.977    175.858    132.872
     -4.303     88.542    152.451   -201.369     41.351    176.517    133.090
     -4.305     88.459    152.097   -201.635     41.728    177.182    133.310
     -4.307     88.375    151.742   -201.902     42.110    177.851    133.531
     -4.309     88.291    151.386   -202.169     42.496    178.525    133.754
     -4.311     88.205    151.028   -202.437     42.886    179.205    133.978
     -4.313     88.119    150.669   -202.705     43.280    179.889    134.204
     -4.315     88.032    150.309   -202.974     43.679    180.578    134.431
     -4.317     87.944    149.947   -203.243     44.082    181.273    134.660
     -4.319     87.856    149.583   -203.512     44.490    181.973    134.890
     -4.321     87.766    149.219   -203.782     44.903    182.678    135.122
     -4.323     87.676    148.853   -204.053     45.321    183.389    135.356
     -4.325     87.585    148.485   -204.324     45.743    184.105    135.591
     -4.327     87.493    148.116   -204.595     46.171    184.827    135.827
     -4.329     87.400    147.746   -204.867     46.604    185.554    136.066
     -4.331     87.307    147.374   -205.139     47.042    186.288    136.306
     -4.333     87.212    147.001   -205.412     47.485    187.027    136.547
     -4.335     87.117    146.626   -205.686     47.934    187.772    136.791
     -4.337     87.020    146.250   -205.959     48.389    188.523    137.036
     -4.339     86.923    145.872   -206.234     48.849    189.281    137.283
     -4.341     86.825    145.493   -206.509     49.316    190.045    137.531
     -4.343     86.726    145.112   -206.784     49.788    190.815    137.782
     -4.345     86.626    144.729   -207.060     50.266    191.592    138.034
     -4.347     86.525    144.345   -207.336     50.751    192.375    138.289
     -4.349     86.423    143.960   -207.613     51.243    193.165    138.545
     -4.351     86.320    143.573   -207.890     51.740    193.962    138.803
     -4.353     86.216    143.184   -208.168     52.245    194.766    139.063
     -4.355     86.111    142.794   -208.446     52.757    195.577    139.325
     -4.357     86.005    142.402   -208.725     53.275    196.395    139.589
     -4.359     85.898    142.008   -209.005     53.801    197.221    139.856
     -4.361     85.790    141.613   -209.285     54.335    198.054    140.124
     -4.363     85.680    141.216   -209.565     54.876    198.895    140.394
     -4.365     85.570    140.817   -209.846     55.425    199.743    140.667
     -4.367     85.459    140.417   -210.128     55.982    200.600    140.942
     -4.369     85.346    140.015   -210.410     56.548    201.464    141.219
     -4.371     85.232    139.611   -210.693     57.122    202.337    141.499
     -4.373     85.118    139.205   -210.976     57.704    203.218    141.780
     -4.375     85.002    138.798   -211.260     58.296    204.107    142.064
     -4.377     84.884    138.389   -211.544     58.897    205.005    142.351
     -4.379     84.766    137.978   -211.829     59.508    205.912    142.640
     -4.381     84.646    137.565   -212.115     60.128    206.828    142.931
     -4.383     84.526    137.151   -212.401     60.758    207.754    143.225
     -4.385     84.403    136.734   -212.688     61.399    208.688    143.522
     -4.387     84.280    136.316   -212.975     62.050    209.632    143.821
     -4.389     84.155    135.896   -213.263     62.712    210.586    144.123
     -4.391     84.029    135.474   -213.552     63.386    211.550    144.427
     -4.393     83.902    135.049   -213.841     64.071    212.524    144.735
     -4.395     83.773    134.623   -214.131     64.768    213.509    145.045
     -4.397     83.643    134.195   -214.421     65.478    214.504    145.358
     -4.399     83.511    133.765   -214.712     66.200    215.510    145.674
     -4.401     83.378    133.333   -215.004     66.936    216.527    145.993
     -4.403     83.243    132.899   -215.296     67.685    217.555    146.315
     -4.405     83.107    132.463   -215.589     68.448    218.595    146.640
     -4.407     82.969    132.025   -215.883     69.226    219.646    146.968
     -4.409     82.830    131.585   -216.177     70.019    220.710    147.299
     -4.411     82.689    131.142   -216.472     70.828    221.786    147.634
     -4.413     82.547    130.697   -216.767     71.653    222.874    147.972
     -4.415     82.403    130.251   -217.064     72.494    223.975    148.313
     -4.417     82.257    129.801   -217.361     73.353    225.090    148.658
     -4.419     82.109    129.350   -217.658     74.229    226.218    149.006
     -4.421     81.960    128.897   -217.957     75.125    227.360    149.358
     -4.423     81.809    128.441   -218.256     76.039    228.515    149.713
     -4.425     81.656    127.983   -218.556     76.974    229.686    150.073
     -4.427     81.501    127.522   -218.856     77.930    230.871    150.436
     -4.429     81.344    127.059   -219.157     78.907    232.071    150.803
     -4.431     81.185    126.594   -219.459     79.907    233.286    151.174
     -4.433     81.024    126.126   -219.762     80.930    234.517    151.548
     -4.435     80.861    125.656   -220.065     81.978    235.765    151.928
     -4.437     80.696    125.183   -220.370     83.052    237.029    152.311
     -4.439     80.529    124.707   -220.675     84.152    238.310    152.698
     -4.441     80.360    124.230   -220.980     85.280    239.609    153.090
     -4.443     80.188    123.749   -221.287     86.438    240.925    153.486
     -4.445     80.014    123.266   -221.594     87.625    242.259    153.887
     -4.447     79.837    122.780   -221.903     88.845    243.613    154.293
     -4.449     79.658    122.291   -222.212     90.098    244.985    154.703
     -4.451     79.477    121.800   -222.521     91.387    246.377    155.118
     -4.453     79.293    121.306   -222.832     92.712    247.789    155.538
     -4.455     79.106    120.809   -223.144     94.076    249.221    155.962
     -4.457     78.917    120.309   -223.456     95.480    250.674    156.392
     -4.459     78.724    119.806   -223.769     96.928    252.149    156.827
     -4.461     78.529    119.300   -224.083     98.420    253.646    157.267
     -4.463     78.330    118.791   -224.398     99.961    255.165    157.712
     -4.465     78.129    118.280   -224.714    101.551    256.707    158.163
     -4.467     77.924    117.765   -225.031    103.196    258.272    158.619
     -4.469     77.716    117.247   -225.349    104.896    259.861    159.080
     -4.471     77.504    116.725   -225.667    106.657    261.474    159.547
     -4.473     77.289    116.201   -225.987    108.481    263.111    160.019
     -4.475     77.070    115.673   -226.307    110.373    264.773    160.497
     -4.477     76.848    115.141   -226.629    112.337    266.460    160.980
     -4.479     76.621    114.607   -226.951    114.378    268.172    161.469
     -4.481     76.390    114.069   -227.275    116.502    269.909    161.962
     -4.483     76.155    113.527   -227.599    118.713    271.672    162.461
     -4.485     75.915    112.982   -227.925    121.018    273.458    162.964
     -4.487     75.671    112.433   -228.251    123.425    275.269    163.472
     -4.489     75.421    111.881   -228.578    125.940    277.104    163.983
     -4.491     75.167    111.325   -228.907    128.573    278.961    164.497
     -4.493     74.907    110.765   -229.236    131.331    280.838    165.012
     -4.495     74.641    110.202   -229.567    134.227    282.734    165.527
     -4.497     74.370    109.634   -229.899    137.270    284.646    166.038
     -4.499     74.092    109.063   -230.231    140.472    286.570    166.539
     -4.501     73.808    108.488   -230.565    143.848    288.502    167.020
     -4.503     73.517    107.909   -230.899    147.412    290.434    167.459
     -4.505     73.218    107.326   -231.234    151.176    292.359    167.811
     -4.507     72.912    106.739   -231.570    155.156    294.264    167.994
     -4.509     72.597    106.149   -231.906    159.361    296.135    167.917
     -4.511     72.274    105.555   -232.242    163.799    297.953    167.565
     -4.513     71.942    104.957   -232.576    168.477    299.694    166.977
     -4.515     71.600    104.356   -232.909    173.402    301.335    166.180
     -4.517     71.248    103.752   -233.241    178.578    302.845    165.178
     -4.519     70.885    103.145   -233.570    184.007    304.192    163.965
     -4.521     70.512    102.536   -233.896    189.686    305.337    162.529
     -4.523     70.126    101.924   -234.220    195.604    306.237    160.853
     -4.525     69.729    101.311   -234.539    201.745    306.846    158.923
     -4.527     69.319    100.697   -234.855    208.079    307.114    156.725
     -4.529     68.897    100.083   -235.166    214.565    306.990    154.248
     -4.531     68.461     99.469   -235.472    221.150    306.425    151.489
     -4.533     68.012     98.858   -235.772    227.768    305.376    148.452
     -4.535     67.550     98.248   -236.065    234.342    303.809    145.150
     -4.537     67.075     97.643   -236.352    240.783    301.703    141.608
     -4.539     66.587     97.042   -236.632    247.003    299.055    137.861
     -4.541     66.087     96.447   -236.903    252.911    295.883    133.953
     -4.543     65.576     95.859   -237.167    258.428    292.221    129.935
     -4.545     65.054     95.279   -237.423    263.486    288.126    125.862
     -4.547     64.522     94.707   -237.671    268.037    283.664    121.791
     -4.549     63.982     94.144   -237.910    272.052    278.912    117.771
     -4.551     63.435     93.592   -238.142    275.525    273.950    113.849
     -4.553     62.881     93.049   -238.366    278.465    268.852    110.061
     -4.555     62.321     92.516   -238.582    280.897    263.689    106.434
     -4.557     61.757     91.994   -238.792    282.855    258.520    102.988
     -4.559     61.190     91.482   -238.994    284.381    253.396     99.733
     -4.561     60.620     90.980   -239.191    285.518    248.355     96.673
     -4.563     60.048     90.489   -239.381    286.311    243.427     93.807
     -4.565     59.475     90.007   -239.566    286.803    238.633     91.129
     -4.567     58.901     89.534   -239.746    287.032    233.988     88.632
     -4.569     58.327     89.070   -239.921    287.036    229.500     86.307
     -4.571     57.754     88.616   -240.091    286.845    225.173     84.141
     -4.573     57.180     88.170   -240.258    286.490    221.007     82.126
     -4.575     56.608     87.732   -240.420    285.995    217.001     80.249
     -4.577     56.036     87.301   -240.579    285.381    213.151     78.500
     -4.579     55.466     86.879   -240.734    284.668    209.451     76.868
     -4.581     54.898     86.463   -240.886    283.871    205.896     75.345
     -4.583     54.331     86.055   -241.036    283.005    202.479     73.922
     -4.585     53.766     85.653   -241.182    282.082    199.195     72.590
     -4.587     53.203     85.258   -241.326    281.110    196.037     71.342
     -4.589     52.641     84.869   -241.468    280.100    192.997     70.172
     -4.591     52.082     84.486   -241.607    279.058    190.071     69.072
     -4.593     51.525     84.109   -241.744    277.991    187.252     68.037
     -4.595     50.970     83.737   -241.879    276.905    184.533     67.062
     -4.597     50.418     83.371   -242.012    275.802    181.911     66.142
     -4.599     49.867     83.009   -242.144    274.689    179.379     65.274
     -4.601     49.319     82.653   -242.273    273.567    176.932     64.452
     -4.603     48.773     82.301   -242.402    272.440    174.567     63.674
     -4.605     48.229     81.955   -242.528    271.310    172.278     62.937
     -4.607     47.688     81.612   -242.653    270.179    170.062     62.237
     -4.609     47.148     81.274   -242.777    269.049    167.915     61.572
     -4.611     46.611     80.940   -242.900    267.922    165.834     60.939
     -4.613     46.077     80.611   -243.021    266.798    163.814     60.336
     -4.615     45.544     80.285   -243.141    265.679    161.853     59.761
     -4.617     45.014     79.963   -243.260    264.566    159.949     59.213
     -4.619     44.486     79.645   -243.378    263.459    158.098     58.690
     -4.621     43.960     79.331   -243.495    262.360    156.297     58.189
     -4.623     43.436     79.020   -243.611    261.268    154.545     57.710
     -4.625     42.915     78.713   -243.726    260.184    152.839     57.251
     -4.627     42.396     78.409   -243.840    259.108    151.177     56.811
     -4.629     41.879     78.108   -243.953    258.041    149.558     56.389
     -4.631     41.364     77.810   -244.065    256.983    147.978     55.984
     -4.633     40.851     77.516   -244.177    255.934    146.437     55.595
     -4.635     40.340     77.225   -244.288    254.894    144.932     55.221
     -4.637     39.831     76.936   -244.398    253.864    143.463     54.860
     -4.639     39.324     76.651   -244.507    252.843    142.028     54.514
     -4.641     38.820     76.368   -244.616    251.831    140.625     54.180
     -4.643     38.317     76.088   -244.724    250.829    139.254     53.858
     -4.645     37.816     75.811   -244.831    249.837    137.912     53.547
     -4.647     37.318     75.537   -244.938    248.854    136.599     53.248
     -4.649     36.821     75.265   -245.044    247.880    135.313     52.958
     -4.651     36.326     74.995   -245.150    246.916    134.054     52.679
     -4.653     35.833     74.728   -245.255    245.960    132.821     52.408
     -4.655     35.342     74.464   -245.360    245.014    131.613     52.147
     -4.657     34.853     74.202   -245.464    244.078    130.428     51.894
     -4.659     34.366     73.942   -245.567    243.150    129.266     51.649
     -4.661     33.881     73.685   -245.670    242.231    128.126     51.412
     -4.663     33.397     73.430   -245.773    241.321    127.008     51.182
     -4.665     32.915     73.177   -245.875    240.420    125.911     50.959
     -4.667     32.435     72.926   -245.977    239.527    124.833     50.743
     -4.669     31.957     72.677   -246.078    238.643    123.775     50.533
     -4.671     31.481     72.431   -246.179    237.767    122.735     50.329
     -4.673     31.006     72.186   -246.279    236.900    121.713     50.132
     -4.675     30.533     71.944   -246.379    236.040    120.709     49.939
     -4.677     30.062     71.704   -246.479    235.189    119.722     49.753
     -4.679     29.592     71.465   -246.578    234.346    118.752     49.571
     -4.681     29.125     71.229   -246.677    233.510    117.797     49.395
     -4.683     28.658     70.994   -246.776    232.683    116.858     49.224
     -4.685     28.194     70.761   -246.874    231.863    115.933     49.057
     -4.687     27.731     70.530   -246.972    231.050    115.024     48.894
     -4.689     27.270     70.301   -247.070    230.245    114.128     48.736
     -4.691     26.810     70.074   -247.167    229.447    113.246     48.582
     -4.693     26.352     69.848   -247.264    228.656    112.378     48.432
     -4.695     25.895     69.624   -247.361    227.872    111.522     48.285
     -4.697     25.440     69.402   -247.457    227.095    110.680     48.143
     -4.699     24.987     69.181   -247.553    226.325    109.849     48.004
     -4.701     24.535     68.963   -247.649    225.562    109.031     47.868
     -4.703     24.085     68.745   -247.745    224.805    108.224     47.736
     -4.705     23.636     68.530   -247.840    224.055    107.428     47.607
     -4.707     23.188     68.316   -247.935    223.312    106.643     47.481
     -4.709     22.743     68.103   -248.030    222.574    105.870     47.358
     -4.711     22.298     67.892   -248.125    221.843    105.106     47.238
     -4.713     21.855     67.683   -248.219    221.118    104.353     47.120
     -4.715     21.414     67.475   -248.313    220.399    103.610     47.006
     -4.717     20.974     67.268   -248.407    219.686    102.877     46.894
     -4.719     20.535     67.063   -248.501    218.979    102.153     46.784
     -4.721     20.098     66.860   -248.594    218.278    101.438     46.677
     -4.723     19.662     66.657   -248.687    217.582    100.733     46.573
     -4.725     19.227     66.457   -248.781    216.892    100.036     46.471
     -4.727     18.794     66.257   -248.873    216.208     99.348     46.371
     -4.729     18.362     66.059   -248.966    215.529     98.668     46.273
     -4.731     17.932     65.863   -249.058    214.855     97.997     46.177
     -4.733     17.503     65.667   -249.151    214.187     97.333     46.083
     -4.735     17.075     65.473   -249.243    213.523     96.678     45.992
     -4.737     16.649     65.280   -249.335    212.865     96.030     45.902
     -4.739     16.224     65.089   -249.426    212.212     95.389     45.814
     -4.741     15.800     64.899   -249.518    211.564     94.756     45.728
     -4.743     15.378     64.710   -249.609    210.921     94.131     45.644
     -4.745     14.956     64.522   -249.701    210.283     93.512     45.561
     -4.747     14.536     64.336   -249.792    209.649     92.900     45.480
     -4.749     14.118     64.151   -249.882    209.021     92.295     45.401
     -4.751     13.700     63.967   -249.973    208.396     91.697     45.324
     -4.753     13.284     63.784   -250.064    207.777     91.105     45.247
     -4.755     12.869     63.602   -250.154    207.162     90.519     45.173
     -4.757     12.456     63.422   -250.244    206.551     89.940     45.100
     -4.759     12.043     63.243   -250.335    205.945     89.367     45.028
     -4.761     11.632     63.064   -250.425    205.343     88.800     44.958
     -4.763     11.222     62.887   -250.514    204.745     88.238     44.889
     -4.765     10.813     62.711   -250.604    204.151     87.683     44.821
     -4.767     10.405     62.537   -250.694    203.562     87.133     44.755
     -4.769      9.999     62.363   -250.783    202.977     86.588     44.690
     -4.771      9.593     62.190   -250.872    202.395     86.049     44.626
     -4.773      9.189     62.019   -250.962    201.818     85.515     44.563
     -4.775      8.786     61.848   -251.051    201.245     84.987     44.501
     -4.777      8.384     61.679   -251.140    200.675     84.464     44.441
     -4.779      7.983     61.510   -251.228    200.109     83.945     44.382
     -4.781      7.583     61.343   -251.317    199.547     83.432     44.324
     -4.783      7.185     61.177   -251.406    198.989     82.924     44.266
     -4.785      6.788     61.011   -251.494    198.435     82.420     44.210
     -4.787      6.391     60.847   -251.583    197.884     81.921     44.155
     -4.789      5.996     60.684   -251.671    197.336     81.427     44.101
     -4.791      5.602     60.521   -251.759    196.793     80.937     44.048
     -4.793      5.209     60.360   -251.847    196.252     80.451     43.996
     -4.795      4.817     60.199   -251.935    195.715     79.970     43.944
     -4.797      4.426     60.040   -252.023    195.182     79.493     43.894
     -4.799      4.036     59.881   -252.111    194.652     79.021     43.844
     -4.801      3.647     59.724   -252.198    194.125     78.553     43.796
     -4.803      3.260     59.567   -252.286    193.601     78.088     43.748
     -4.805      2.873     59.412   -252.373    193.081     77.628     43.701
     -4.807      2.487     59.257   -252.461    192.564     77.172     43.655
     -4.809      2.103     59.103   -252.548    192.050     76.719     43.609
     -4.811      1.719     58.950   -252.635    191.539     76.271     43.564
     -4.813      1.337     58.798   -252.722    191.031     75.826     43.520
     -4.815      0.955     58.647   -252.809    190.526     75.385     43.477
     -4.817      0.574     58.496   -252.896    190.025     74.947     43.435
     -4.819      0.195     58.347   -252.983    189.526     74.513     43.393
     -4.821     -0.184     58.198   -253.070    189.030     74.083     43.352
     -4.823     -0.561     58.050   -253.156    188.537     73.656     43.312
     -4.825     -0.938     57.904   -253.243    188.047     73.232     43.272
     -4.827     -1.313     57.757   -253.329    187.559     72.812     43.233
     -4.829     -1.688     57.612   -253.416    187.075     72.395     43.194
     -4.831     -2.062     57.468   -253.502    186.593     71.982     43.157
     -4.833     -2.434     57.324   -253.588    186.114     71.572     43.119
     -4.835     -2.806     57.182   -253.675    185.638     71.165     43.083
     -4.837     -3.177     57.040   -253.761    185.164     70.761     43.047
     -4.839     -3.547     56.899   -253.847    184.693     70.360     43.011
     -4.841     -3.916     56.758   -253.933    184.225     69.962     42.976
     -4.843     -4.284     56.619   -254.019    183.759     69.567     42.942
     -4.845     -4.651     56.480   -254.105    183.296     69.175     42.908
     -4.847     -5.017     56.342   -254.190    182.835     68.786     42.875
     -4.849     -5.382     56.205   -254.276    182.377     68.400     42.842
     -4.851     -5.746     56.068   -254.362    181.921     68.016     42.810
     -4.853     -6.110     55.933   -254.447    181.468     67.636     42.778
     -4.855     -6.472     55.798   -254.533    181.017     67.258     42.747
     -4.857     -6.834     55.664   -254.618    180.568     66.883     42.717
     -4.859     -7.195     55.530   -254.704    180.122     66.510     42.686
     -4.861     -7.554     55.398   -254.789    179.678     66.141     42.657
     -4.863     -7.913     55.266   -254.874    179.236     65.773     42.627
     -4.865     -8.271     55.135   -254.959    178.797     65.409     42.598
     -4.867     -8.629     55.004   -255.045    178.360     65.047     42.570
     -4.869     -8.985     54.874   -255.130    177.925     64.687     42.542
     -4.871     -9.340     54.745   -255.215    177.493     64.330     42.514
     -4.873     -9.695     54.617   -255.300    177.062     63.975     42.487
     -4.875    -10.048     54.489   -255.385    176.634     63.623     42.461
     -4.877    -10.401     54.363   -255.470    176.208     63.273     42.434
     -4.879    -10.753     54.236   -255.555    175.784     62.925     42.408
     -4.881    -11.104     54.111   -255.639    175.362     62.580     42.383
     -4.883    -11.455     53.986   -255.724    174.942     62.237     42.358
     -4.885    -11.804     53.862   -255.809    174.525     61.896     42.333
     -4.887    -12.153     53.738   -255.893    174.109     61.558     42.308
     -4.889    -12.501     53.616   -255.978    173.695     61.221     42.284
     -4.891    -12.848     53.494   -256.063    173.284     60.887     42.261
     -4.893    -13.194     53.372   -256.147    172.874     60.555     42.237
     -4.895    -13.539     53.251   -256.231    172.466     60.225     42.214
     -4.897    -13.884     53.131   -256.316    172.060     59.897     42.192
     -4.899    -14.227     53.012   -256.400    171.657     59.571     42.170
     -4.901    -14.570     52.893   -256.485    171.255     59.248     42.148
     -4.903    -14.912     52.775   -256.569    170.854     58.926     42.126
     -4.905    -15.254     52.657   -256.653    170.456     58.606     42.105
     -4.907    -15.594     52.540   -256.737    170.060     58.288     42.084
     -4.909    -15.934     52.424   -256.821    169.665     57.972     42.063
     -4.911    -16.273     52.308   -256.906    169.272     57.658     42.042
     -4.913    -16.611     52.193   -256.990    168.881     57.346     42.022
     -4.915    -16.948     52.079   -257.074    168.492     57.036     42.003
     -4.917    -17.285     51.965   -257.158    168.105     56.728     41.983
     -4.919    -17.621     51.852   -257.242    167.719     56.421     41.964
     -4.921    -17.956     51.740   -257.325    167.335     56.116     41.945
     -4.923    -18.290     51.628   -257.409    166.953     55.813     41.926
     -4.925    -18.624     51.516   -257.493    166.572     55.512     41.908
     -4.927    -18.956     51.406   -257.577    166.193     55.213     41.890
     -4.929    -19.288     51.296   -257.661    165.816     54.915     41.872
     -4.931    -19.620     51.186   -257.744    165.440     54.619     41.854
     -4.933    -19.950     51.077   -257.828    165.066     54.325     41.837
     -4.935    -20.280     50.969   -257.912    164.694     54.032     41.820
     -4.937    -20.609     50.861   -257.995    164.323     53.741     41.803
     -4.939    -20.937     50.754   -258.079    163.954     53.452     41.786
     -4.941    -21.265     50.647   -258.163    163.586     53.164     41.770
     -4.943    -21.592     50.541   -258.246    163.220     52.878     41.754
     -4.945    -21.918     50.436   -258.330    162.856     52.593     41.738
     -4.947    -22.243     50.331   -258.413    162.493     52.310     41.722
     -4.949    -22.568     50.226   -258.496    162.131     52.029     41.707
     -4.951    -22.892     50.123   -258.580    161.771     51.749     41.692
     -4.953    -23.215     50.019   -258.663    161.413     51.471     41.677
     -4.955    -23.537     49.917   -258.747    161.056     51.194     41.662
     -4.957    -23.859     49.815   -258.830    160.700     50.918     41.648
     -4.959    -24.180     49.713   -258.913    160.346     50.644     41.633
     -4.961    -24.500     49.612   -258.996    159.993     50.372     41.619
     -4.963    -24.820     49.512   -259.080    159.642     50.101     41.605
     -4.965    -25.139     49.412   -259.163    159.292     49.831     41.591
     -4.967    -25.457     49.312   -259.246    158.944     49.563     41.578
     -4.969    -25.775     49.213   -259.329    158.597     49.296     41.565
     -4.971    -26.092     49.115   -259.412    158.251     49.030     41.551
     -4.973    -26.408     49.017   -259.495    157.907     48.766     41.539
     -4.975    -26.723     48.920   -259.578    157.564     48.503     41.526
     -4.977    -27.038     48.823   -259.661    157.222     48.242     41.513
     -4.979    -27.352     48.727   -259.744    156.882     47.982     41.501
     -4.981    -27.666     48.631   -259.827    156.543     47.723     41.489
     -4.983    -27.978     48.536   -259.910    156.206     47.465     41.477
     -4.985    -28.290     48.441   -259.993    155.869     47.209     41.465
     -4.987    -28.602     48.347   -260.076    155.534     46.954     41.453
     -4.989    -28.913     48.254   -260.159    155.200     46.700     41.442
     -4.991    -29.223     48.160   -260.242    154.868     46.448     41.430
     -4.993    -29.532     48.068   -260.325    154.537     46.197     41.419
     -4.995    -29.841     47.976   -260.408    154.207     45.947     41.408
     -4.997    -30.149     47.884   -260.491    153.878     45.698     41.397
     -4.999    -30.456     47.793   -260.573    153.550     45.450     41.387
     -5.001    -30.763     47.702   -260.656    153.224     45.204     41.376
     -5.003    -31.069     47.612   -260.739    152.899     44.959     41.366
     -5.005    -31.375     47.522   -260.822    152.575     44.714     41.356
     -5.007    -31.679     47.433   -260.904    152.252     44.472     41.346
     -5.009    -31.984     47.344   -260.987    151.930     44.230     41.336
     -5.011    -32.287     47.256   -261.070    151.610     43.989     41.326
     -5.013    -32.590     47.169   -261.152    151.291     43.750     41.316
     -5.015    -32.892     47.081   -261.235    150.973     43.511     41.307
     -5.017    -33.194     46.994   -261.317    150.656     43.274     41.298
     -5.019    -33.495     46.908   -261.400    150.340     43.038     41.288
     -5.021    -33.795     46.822   -261.483    150.025     42.802     41.279
     -5.023    -34.095     46.737   -261.565    149.712     42.568     41.271
     -5.025    -34.394     46.652   -261.648    149.399     42.335     41.262
     -5.027    -34.693     46.568   -261.730    149.088     42.103     41.253
     -5.029    -34.991     46.484   -261.813    148.777     41.872     41.245
     -5.031    -35.288     46.400   -261.895    148.468     41.642     41.236
     -5.033    -35.584     46.317   -261.978    148.160     41.413     41.228
     -5.035    -35.880     46.234   -262.060    147.853     41.186     41.220
     -5.037    -36.176     46.152   -262.143    147.547     40.959     41.212
     -5.039    -36.471     46.071   -262.225    147.242     40.733     41.204
     -5.041    -36.765     45.989   -262.307    146.938     40.508     41.196
     -5.043    -37.058     45.909   -262.390    146.635     40.284     41.189
     -5.045    -37.351     45.828   -262.472    146.333     40.061     41.181
     -5.047    -37.644     45.748   -262.554    146.032     39.839     41.174
     -5.049    -37.935     45.669   -262.637    145.732     39.618     41.167
     -5.051    -38.227     45.590   -262.719    145.434     39.398     41.160
     -5.053    -38.517     45.511   -262.801    145.136     39.179     41.153
     -5.055    -38.807     45.433   -262.884    144.839     38.961     41.146
     -5.057    -39.097     45.355   -262.966    144.543     38.743     41.139
     -5.059    -39.385     45.278   -263.048    144.248     38.527     41.132
     -5.061    -39.674     45.201   -263.131    143.954     38.312     41.126
     -5.063    -39.961     45.125   -263.213    143.661     38.097     41.119
     -5.065    -40.248     45.049   -263.295    143.369     37.883     41.113
     -5.067    -40.535     44.973   -263.377    143.078     37.671     41.107
     -5.069    -40.820     44.898   -263.459    142.788     37.459     41.101
     -5.071    -41.106     44.824   -263.542    142.498     37.248     41.095
     -5.073    -41.390     44.749   -263.624    142.210     37.037     41.089
     -5.075    -41.675     44.675   -263.706    141.923     36.828     41.083
     -5.077    -41.958     44.602   -263.788    141.636     36.620     41.077
     -5.079    -42.241     44.529   -263.870    141.351     36.412     41.072
     -5.081    -42.524     44.456   -263.952    141.066     36.205     41.066
     -5.083    -42.805     44.384   -264.035    140.782     35.999     41.061
     -5.085    -43.087     44.312   -264.117    140.499     35.794     41.055
     -5.087    -43.367     44.241   -264.199    140.217     35.590     41.050
     -5.089    -43.648     44.170   -264.281    139.936     35.386     41.045
     -5.091    -43.927     44.099   -264.363    139.656     35.183     41.040
     -5.093    -44.206     44.029   -264.445    139.376     34.981     41.035
     -5.095    -44.485     43.959   -264.527    139.098     34.780     41.030
     -5.097    -44.763     43.890   -264.609    138.820     34.580     41.025
     -5.099    -45.040     43.821   -264.691    138.543     34.380     41.021
     -5.101    -45.317     43.753   -264.773    138.267     34.181     41.016
     -5.103    -45.593     43.684   -264.855    137.992     33.983     41.012
     -5.105    -45.869     43.617   -264.937    137.718     33.786     41.007
     -5.107    -46.144     43.549   -265.019    137.444     33.589     41.003
     -5.109    -46.418     43.482   -265.101    137.172     33.393     40.999
     -5.111    -46.693     43.416   -265.183    136.900     33.198     40.994
     -5.113    -46.966     43.350   -265.265    136.629     33.004     40.990
     -5.115    -47.239     43.284   -265.347    136.358     32.810     40.986
     -5.117    -47.512     43.218   -265.429    136.089     32.617     40.983
     -5.119    -47.783     43.153   -265.511    135.820     32.425     40.979
     -5.121    -48.055     43.089   -265.593    135.552     32.234     40.975
     -5.123    -48.326     43.024   -265.675    135.285     32.043     40.971
     -5.125    -48.596     42.960   -265.757    135.019     31.853     40.968
     -5.127    -48.866     42.897   -265.839    134.753     31.663     40.964
     -5.129    -49.135     42.834   -265.921    134.488     31.475     40.961
     -5.131    -49.404     42.771   -266.003    134.224     31.287     40.958
     -5.133    -49.672     42.709   -266.085    133.961     31.099     40.955
     -5.135    -49.940     42.647   -266.167    133.698     30.913     40.952
     -5.137    -50.207     42.585   -266.249    133.436     30.727     40.949
     -5.139    -50.473     42.524   -266.330    133.175     30.541     40.946
     -5.141    -50.739     42.463   -266.412    132.915     30.357     40.943
     -5.143    -51.005     42.402   -266.494    132.655     30.173     40.940
     -5.145    -51.270     42.342   -266.576    132.396     29.989     40.937
     -5.147    -51.535     42.282   -266.658    132.138     29.807     40.935
     -5.149    -51.799     42.223   -266.740    131.881     29.625     40.932
     -5.151    -52.062     42.164   -266.822    131.624     29.443     40.930
     -5.153    -52.325     42.105   -266.904    131.368     29.262     40.927
     -5.155    -52.588     42.047   -266.985    131.112     29.082     40.925
     -5.157    -52.849     41.989   -267.067    130.858     28.903     40.923
     -5.159    -53.111     41.931   -267.149    130.604     28.724     40.921
     -5.161    -53.372     41.874   -267.231    130.351     28.545     40.919
     -5.163    -53.632     41.817   -267.313    130.098     28.368     40.917
     -5.165    -53.892     41.760   -267.395    129.846     28.191     40.915
     -5.167    -54.152     41.704   -267.476    129.595     28.014     40.914
     -5.169    -54.411     41.648   -267.558    129.344     27.838     40.912
     -5.171    -54.669     41.593   -267.640    129.094     27.663     40.911
     -5.173    -54.927     41.538   -267.722    128.845     27.488     40.909
     -5.175    -55.184     41.483   -267.804    128.597     27.314     40.908
     -5.177    -55.441     41.428   -267.886    128.349     27.140     40.906
     -5.179    -55.698     41.374   -267.967    128.101     26.967     40.905
     -5.181    -55.954     41.321   -268.049    127.855     26.795     40.904
     -5.183    -56.209     41.267   -268.131    127.609     26.623     40.903
     -5.185    -56.464     41.214   -268.213    127.364     26.452     40.902
     -5.187    -56.719     41.161   -268.295    127.119     26.281     40.902
     -5.189    -56.973     41.109   -268.376    126.875     26.111     40.901
     -5.191    -57.226     41.057   -268.458    126.631     25.941     40.900
     -5.193    -57.479     41.005   -268.540    126.389     25.772     40.900
     -5.195    -57.732     40.954   -268.622    126.146     25.604     40.899
     -5.197    -57.984     40.903   -268.704    125.905     25.436     40.899
     -5.199    -58.235     40.852   -268.785    125.664     25.268     40.898
     -5.201    -58.487     40.802   -268.867    125.424     25.101     40.898
     -5.203    -58.737     40.752   -268.949    125.184     24.935     40.898
     -5.205    -58.987     40.702   -269.031    124.945     24.769     40.897
     -5.207    -59.237     40.653   -269.113    124.706     24.604     40.897
     -5.209    -59.486     40.604   -269.194    124.468     24.439     40.897
     -5.211    -59.735     40.555   -269.276    124.231     24.275     40.897
     -5.213    -59.983     40.506   -269.358    123.994     24.111     40.897
     -5.215    -60.231     40.458   -269.440    123.758     23.948     40.897
     -5.217    -60.478     40.411   -269.521    123.523     23.785     40.897
     -5.219    -60.725     40.363   -269.603    123.288     23.623     40.898
     -5.221    -60.971     40.316   -269.685    123.053     23.461     40.898
     -5.223    -61.217     40.269   -269.767    122.819     23.300     40.898
     -5.225    -61.462     40.223   -269.849    122.586     23.139     40.898
     -5.227    -61.707     40.177   -269.930    122.354     22.979     40.899
     -5.229    -61.952     40.131   -270.012    122.121     22.819     40.899
     -5.231    -62.196     40.086   -270.094    121.890     22.660     40.900
     -5.233    -62.439     40.040   -270.176    121.659     22.501     40.900
     -5.235    -62.683     39.996   -270.258    121.428     22.343     40.901
     -5.237    -62.925     39.951   -270.339    121.198     22.185     40.901
     -5.239    -63.167     39.907   -270.421    120.969     22.027     40.902
     -5.241    -63.409     39.863   -270.503    120.740     21.870     40.903
     -5.243    -63.650     39.819   -270.585    120.512     21.714     40.903
     -5.245    -63.891     39.776   -270.667    120.284     21.558     40.904
     -5.247    -64.131     39.733   -270.748    120.057     21.402     40.905
     -5.249    -64.371     39.690   -270.830    119.830     21.247     40.906
     -5.251    -64.611     39.648   -270.912    119.604     21.093     40.907
     -5.253    -64.850     39.606   -270.994    119.379     20.939     40.907
     -5.255    -65.088     39.564   -271.076    119.153     20.785     40.908
     -5.257    -65.326     39.523   -271.158    118.929     20.632     40.909
     -5.259    -65.564     39.482   -271.239    118.705     20.479     40.910
     -5.261    -65.801     39.441   -271.321    118.481     20.326     40.911
     -5.263    -66.038     39.400   -271.403    118.258     20.174     40.913
     -5.265    -66.274     39.360   -271.485    118.036     20.023     40.914
     -5.267    -66.510     39.320   -271.567    117.814     19.872     40.915
     -5.269    -66.745     39.281   -271.649    117.592     19.721     40.916
     -5.271    -66.980     39.242   -271.730    117.371     19.571     40.917
     -5.273    -67.215     39.203   -271.812    117.151     19.421     40.918
     -5.275    -67.449     39.164   -271.894    116.931     19.272     40.920
     -5.277    -67.683     39.125   -271.976    116.711     19.123     40.921
     -5.279    -67.916     39.087   -272.058    116.492     18.974     40.922
     -5.281    -68.149     39.050   -272.140    116.274     18.826     40.924
     -5.283    -68.381     39.012   -272.221    116.056     18.678     40.925
     -5.285    -68.613     38.975   -272.303    115.838     18.531     40.927
     -5.287    -68.844     38.938   -272.385    115.621     18.384     40.928
     -5.289    -69.075     38.901   -272.467    115.404     18.238     40.930
     -5.291    -69.306     38.865   -272.549    115.188     18.092     40.931
     -5.293    -69.536     38.829   -272.631    114.972     17.946     40.933
     -5.295    -69.766     38.793   -272.713    114.757     17.801     40.934
     -5.297    -69.995     38.758   -272.794    114.542     17.656     40.936
     -5.299    -70.224     38.723   -272.876    114.328     17.511     40.938
     -5.301    -70.452     38.688   -272.958    114.114     17.367     40.939
     -5.303    -70.680     38.653   -273.040    113.901     17.223     40.941
     -5.305    -70.908     38.619   -273.122    113.688     17.080     40.943
     -5.307    -71.135     38.585   -273.204    113.476     16.937     40.944
     -5.309    -71.362     38.551   -273.286    113.264     16.795     40.946
     -5.311    -71.588     38.518   -273.368    113.052     16.652     40.948
     -5.313    -71.814     38.484   -273.450    112.841     16.511     40.950
     -5.315    -72.040     38.452   -273.531    112.630     16.369     40.952
     -5.317    -72.265     38.419   -273.613    112.420     16.228     40.954
     -5.319    -72.489     38.387   -273.695    112.210     16.087     40.956
     -5.321    -72.714     38.355   -273.777    112.001     15.947     40.958
     -5.323    -72.937     38.323   -273.859    111.792     15.807     40.959
     -5.325    -73.161     38.291   -273.941    111.584     15.667     40.961
     -5.327    -73.384     38.260   -274.023    111.376     15.528     40.963
     -5.329    -73.606     38.229   -274.105    111.168     15.389     40.966
     -5.331    -73.828     38.199   -274.187    110.961     15.251     40.968
     -5.333    -74.050     38.168   -274.269    110.754     15.113     40.970
     -5.335    -74.271     38.138   -274.351    110.548     14.975     40.972
     -5.337    -74.492     38.108   -274.433    110.342     14.837     40.974
     -5.339    -74.713     38.079   -274.515    110.137     14.700     40.976
     -5.341    -74.933     38.050   -274.596    109.932     14.563     40.978
     -5.343    -75.152     38.021   -274.678    109.727     14.427     40.981
     -5.345    -75.372     37.992   -274.760    109.523     14.291     40.983
     -5.347    -75.591     37.963   -274.842    109.319     14.155     40.985
     -5.349    -75.809     37.935   -274.924    109.116     14.020     40.987
     -5.351    -76.027     37.907   -275.006    108.913     13.885     40.990
     -5.353    -76.245     37.880   -275.088    108.710     13.750     40.992
     -5.355    -76.462     37.852   -275.170    108.508     13.616     40.994
     -5.357    -76.679     37.825   -275.252    108.306     13.482     40.997
     -5.359    -76.895     37.798   -275.334    108.105     13.348     40.999
     -5.361    -77.111     37.772   -275.416    107.904     13.215     41.001
     -5.363    -77.327     37.746   -275.498    107.703     13.082     41.004
     -5.365    -77.542     37.719   -275.580    107.503     12.949     41.006
     -5.367    -77.757     37.694   -275.662    107.303     12.816     41.009
     -5.369    -77.971     37.668   -275.744    107.103     12.684     41.011
     -5.371    -78.185     37.643   -275.826    106.904     12.553     41.014
     -5.373    -78.399     37.618   -275.908    106.706     12.421     41.016
     -5.375    -78.612     37.593   -275.990    106.508     12.290     41.019
     -5.377    -78.825     37.569   -276.072    106.310     12.159     41.022
     -5.379    -79.037     37.545   -276.155    106.112     12.029     41.024
     -5.381    -79.249     37.521   -276.237    105.915     11.899     41.027
     -5.383    -79.461     37.497   -276.319    105.718     11.769     41.029
     -5.385    -79.672     37.474   -276.401    105.522     11.639     41.032
     -5.387    -79.883     37.451   -276.483    105.326     11.510     41.035
     -5.389    -80.093     37.428   -276.565    105.130     11.381     41.037
     -5.391    -80.303     37.405   -276.647    104.935     11.252     41.040
     -5.393    -80.513     37.383   -276.729    104.740     11.124     41.043
     -5.395    -80.722     37.361   -276.811    104.545     10.996     41.046
     -5.397    -80.931     37.339   -276.893    104.351     10.868     41.048
     -5.399    -81.140     37.317   -276.975    104.157     10.741     41.051
     -5.401    -81.348     37.296   -277.057    103.964     10.614     41.054
     -5.403    -81.556     37.275   -277.139    103.771     10.487     41.057
     -5.405    -81.763     37.254   -277.222    103.578     10.360     41.060
     -5.407    -81.970     37.233   -277.304    103.386     10.234     41.063
     -5.409    -82.177     37.213   -277.386    103.194     10.108     41.065
     -5.411    -82.383     37.193   -277.468    103.002      9.982     41.068
     -5.413    -82.589     37.173   -277.550    102.811      9.857     41.071
     -5.415    -82.794     37.153   -277.632    102.620      9.732     41.074
     -5.417    -82.999     37.134   -277.714    102.429      9.607     41.077
     -5.419    -83.204     37.115   -277.797    102.239      9.482     41.080
     -5.421    -83.408     37.096   -277.879    102.049      9.358     41.083
     -5.423    -83.612     37.077   -277.961    101.859      9.234     41.086
     -5.425    -83.815     37.059   -278.043    101.670      9.110     41.089
     -5.427    -84.019     37.041   -278.125    101.481      8.987     41.092
     -5.429    -84.221     37.023   -278.207    101.293      8.864     41.095
     -5.431    -84.424     37.006   -278.290    101.104      8.741     41.098
     -5.433    -84.626     36.988   -278.372    100.916      8.618     41.101
     -5.435    -84.827     36.971   -278.454    100.729      8.496     41.105
     -5.437    -85.029     36.954   -278.536    100.542      8.374     41.108
     -5.439    -85.230     36.938   -278.618    100.355      8.252     41.111
     -5.441    -85.430     36.921   -278.701    100.168      8.131     41.114
     -5.443    -85.630     36.905   -278.783     99.982      8.009     41.117
     -5.445    -85.830     36.889   -278.865     99.796      7.888     41.120
     -5.447    -86.029     36.873   -278.947     99.610      7.768     41.123
     -5.449    -86.228     36.858   -279.030     99.425      7.647     41.127
     -5.451    -86.427     36.843   -279.112     99.240      7.527     41.130
     -5.453    -86.625     36.828   -279.194     99.055      7.407     41.133
     -5.455    -86.823     36.813   -279.276     98.871      7.287     41.136
     -5.457    -87.021     36.799   -279.359     98.687      7.168     41.140
     -5.459    -87.218     36.785   -279.441     98.503      7.049     41.143
     -5.461    -87.415     36.771   -279.523     98.320      6.930     41.146
     -5.463    -87.611     36.757   -279.606     98.137      6.811     41.150
     -5.465    -87.807     36.743   -279.688     97.954      6.693     41.153
     -5.467    -88.003     36.730   -279.770     97.771      6.574     41.156
     -5.469    -88.199     36.717   -279.853     97.589      6.456     41.160
     -5.471    -88.394     36.704   -279.935     97.407      6.339     41.163
     -5.473    -88.588     36.692   -280.017     97.226      6.221     41.166
     -5.475    -88.782     36.679   -280.100     97.045      6.104     41.170
     -5.477    -88.976     36.667   -280.182     96.864      5.987     41.173
     -5.479    -89.170     36.655   -280.264     96.683      5.871     41.177
     -5.481    -89.363     36.644   -280.347     96.503      5.754     41.180
     -5.483    -89.556     36.632   -280.429     96.323      5.638     41.183
     -5.485    -89.748     36.621   -280.511     96.143      5.522     41.187
     -5.487    -89.940     36.610   -280.594     95.963      5.406     41.190
     -5.489    -90.132     36.600   -280.676     95.784      5.291     41.194
     -5.491    -90.324     36.589   -280.758     95.605      5.175     41.197
     -5.493    -90.515     36.579   -280.841     95.427      5.060     41.201
     -5.495    -90.705     36.569   -280.923     95.249      4.946     41.204
     -5.497    -90.896     36.559   -281.006     95.071      4.831     41.208
     -5.499    -91.086     36.550   -281.088     94.893      4.717     41.212
     -5.501    -91.275     36.540   -281.171     94.716      4.603     41.215
     -5.503    -91.464     36.531   -281.253     94.538      4.489     41.219
     -5.505    -91.653     36.522   -281.335     94.362      4.375     41.222
     -5.507    -91.842     36.514   -281.418     94.185      4.262     41.226
     -5.509    -92.030     36.505   -281.500     94.009      4.149     41.230
     -5.511    -92.218     36.497   -281.583     93.833      4.036     41.233
     -5.513    -92.405     36.489   -281.665     93.657      3.923     41.237
     -5.515    -92.593     36.481   -281.748     93.482      3.810     41.240
     -5.517    -92.779     36.474   -281.830     93.306      3.698     41.244
     -5.519    -92.966     36.467   -281.913     93.132      3.586     41.248
     -5.521    -93.152     36.460   -281.995     92.957      3.474     41.251
     -5.523    -93.338     36.453   -282.078     92.783      3.363     41.255
     -5.525    -93.523     36.446   -282.160     92.609      3.251     41.259
     -5.527    -93.708     36.440   -282.243     92.435      3.140     41.263
     -5.529    -93.893     36.434   -282.325     92.261      3.029     41.266
     -5.531    -94.077     36.428   -282.408     92.088      2.918     41.270
     -5.533    -94.261     36.422   -282.490     91.915      2.808     41.274
     -5.535    -94.445     36.416   -282.573     91.742      2.697     41.278
     -5.537    -94.628     36.411   -282.655     91.570      2.587     41.281
     -5.539    -94.811     36.406   -282.738     91.398      2.477     41.285
     -5.541    -94.994     36.401   -282.821     91.226      2.368     41.289
     -5.543    -95.176     36.397   -282.903     91.054      2.258     41.293
     -5.545    -95.358     36.392   -282.986     90.883      2.149     41.297
     -5.547    -95.539     36.388   -283.068     90.711      2.040     41.300
     -5.549    -95.721     36.384   -283.151     90.541      1.931     41.304
     -5.551    -95.902     36.380   -283.234     90.370      1.822     41.308
     -5.553    -96.082     36.377   -283.316     90.200      1.714     41.312
     -5.555    -96.262     36.373   -283.399     90.029      1.606     41.316
     -5.557    -96.442     36.370   -283.481     89.860      1.498     41.320
     -5.559    -96.622     36.367   -283.564     89.690      1.390     41.324
     -5.561    -96.801     36.365   -283.647     89.521      1.282     41.328
     -5.563    -96.980     36.362   -283.729     89.352      1.175     41.332
     -5.565    -97.159     36.360   -283.812     89.183      1.068     41.335
     -5.567    -97.337     36.358   -283.895     89.014      0.961     41.339
     -5.569    -97.515     36.356   -283.977     88.846      0.854     41.343
     -5.571    -97.692     36.355   -284.060     88.678      0.747     41.347
     -5.573    -97.869     36.353   -284.143     88.510      0.641     41.351
     -5.575    -98.046     36.352   -284.226     88.342      0.534     41.355
     -5.577    -98.223     36.351   -284.308     88.175      0.428     41.359
     -5.579    -98.399     36.350   -284.391     88.008      0.322     41.363
     -5.581    -98.575     36.350   -284.474     87.841      0.217     41.367
     -5.583    -98.750     36.349   -284.556     87.674      0.111     41.371
     -5.585    -98.925     36.349   -284.639     87.508      0.006     41.375
     -5.587    -99.100     36.349   -284.722     87.342     -0.099     41.379
     -5.589    -99.275     36.350   -284.805     87.176     -0.204     41.383
     -5.591    -99.449     36.350   -284.887     87.010     -0.309     41.387
     -5.593    -99.623     36.351   -284.970     86.844     -0.413     41.391
     -5.595    -99.796     36.352   -285.053     86.679     -0.518     41.396
     -5.597    -99.969     36.353   -285.136     86.514     -0.622     41.400
     -5.599   -100.142     36.354   -285.219     86.350     -0.726     41.404
     -5.601   -100.315     36.356   -285.301     86.185     -0.830     41.408
     -5.603   -100.487     36.358   -285.384     86.021     -0.933     41.412
     -5.605   -100.659     36.360   -285.467     85.857     -1.037     41.416
     -5.607   -100.831     36.362   -285.550     85.693     -1.140     41.420
     -5.609   -101.002     36.364   -285.633     85.529     -1.243     41.424
     -5.611   -101.173     36.367   -285.716     85.366     -1.346     41.428
     -5.613   -101.343     36.370   -285.798     85.203     -1.448     41.433
     -5.615   -101.513     36.373   -285.881     85.040     -1.551     41.437
     -5.617   -101.683     36.376   -285.964     84.877     -1.653     41.441
     -5.619   -101.853     36.379   -286.047     84.715     -1.755     41.445
     -5.621   -102.022     36.383   -286.130     84.552     -1.857     41.449
     -5.623   -102.191     36.387   -286.213     84.390     -1.959     41.453
     -5.625   -102.360     36.391   -286.296     84.229     -2.061     41.458
     -5.627   -102.528     36.395   -286.379     84.067     -2.162     41.462
     -5.629   -102.696     36.399   -286.462     83.906     -2.264     41.466
     -5.631   -102.864     36.404   -286.545     83.745     -2.365     41.470
     -5.633   -103.031     36.409   -286.628     83.584     -2.466     41.475
     -5.635   -103.198     36.414   -286.711     83.423     -2.566     41.479
     -5.637   -103.365     36.419   -286.793     83.262     -2.667     41.483
     -5.639   -103.531     36.424   -286.876     83.102     -2.767     41.487
     -5.641   -103.697     36.430   -286.959     82.942     -2.868     41.492
     -5.643   -103.863     36.436   -287.042     82.782     -2.968     41.496
     -5.645   -104.028     36.442   -287.125     82.623     -3.068     41.500
     -5.647   -104.193     36.448   -287.208     82.463     -3.168     41.504
     -5.649   -104.358     36.455   -287.291     82.304     -3.267     41.509
     -5.651   -104.523     36.461   -287.374     82.145     -3.367     41.513
     -5.653   -104.687     36.468   -287.457     81.986     -3.466     41.517
     -5.655   -104.851     36.475   -287.541     81.828     -3.565     41.522
     -5.657   -105.014     36.482   -287.624     81.669     -3.664     41.526
     -5.659   -105.177     36.490   -287.707     81.511     -3.763     41.530
     -5.661   -105.340     36.497   -287.790     81.353     -3.861     41.535
     -5.663   -105.503     36.505   -287.873     81.195     -3.960     41.539
     -5.665   -105.665     36.513   -287.956     81.038     -4.058     41.543
     -5.667   -105.827     36.521   -288.039     80.881     -4.156     41.548
     -5.669   -105.988     36.530   -288.122     80.723     -4.254     41.552
     -5.671   -106.150     36.538   -288.205     80.566     -4.352     41.557
     -5.673   -106.311     36.547   -288.288     80.410     -4.450     41.561
     -5.675   -106.471     36.556   -288.371     80.253     -4.547     41.565
     -5.677   -106.632     36.565   -288.455     80.097     -4.644     41.570
     -5.679   -106.792     36.575   -288.538     79.941     -4.742     41.574
     -5.681   -106.951     36.584   -288.621     79.785     -4.839     41.579
     -5.683   -107.111     36.594   -288.704     79.629     -4.935     41.583
     -5.685   -107.270     36.604   -288.787     79.473     -5.032     41.587
     -5.687   -107.429     36.614   -288.870     79.318     -5.129     41.592
     -5.689   -107.587     36.625   -288.954     79.163     -5.225     41.596
     -5.691   -107.745     36.635   -289.037     79.008     -5.321     41.601
     -5.693   -107.903     36.646   -289.120     78.853     -5.417     41.605
     -5.695   -108.061     36.657   -289.203     78.699     -5.513     41.610
     -5.697   -108.218     36.668   -289.286     78.544     -5.609     41.614
     -5.699   -108.375     36.679   -289.370     78.390     -5.705     41.619
     -5.701   -108.532     36.691   -289.453     78.236     -5.800     41.623
     -5.703   -108.688     36.703   -289.536     78.082     -5.896     41.628
     -5.705   -108.844     36.714   -289.619     77.929     -5.991     41.632
     -5.707   -109.000     36.726   -289.703     77.775     -6.086     41.637
     -5.709   -109.155     36.739   -289.786     77.622     -6.181     41.641
     -5.711   -109.310     36.751   -289.869     77.469     -6.276     41.646
     -5.713   -109.465     36.764   -289.952     77.316     -6.370     41.650
     -5.715   -109.619     36.777   -290.036     77.164     -6.465     41.655
     -5.717   -109.774     36.790   -290.119     77.011     -6.559     41.659
     -5.719   -109.927     36.803   -290.202     76.859     -6.653     41.664
     -5.721   -110.081     36.816   -290.286     76.707     -6.747     41.668
     -5.723   -110.234     36.830   -290.369     76.555     -6.841     41.673
     -5.725   -110.387     36.844   -290.452     76.403     -6.935     41.677
     -5.727   -110.540     36.858   -290.536     76.251     -7.028     41.682
     -5.729   -110.692     36.872   -290.619     76.100     -7.122     41.686
     -5.731   -110.844     36.886   -290.703     75.949     -7.215     41.691
     -5.733   -110.996     36.901   -290.786     75.798     -7.308     41.696
     -5.735   -111.147     36.915   -290.869     75.647     -7.401     41.700
     -5.737   -111.299     36.930   -290.953     75.496     -7.494     41.705
     -5.739   -111.449     36.945   -291.036     75.346     -7.587     41.709
     -5.741   -111.600     36.961   -291.120     75.195     -7.680     41.714
     -5.743   -111.750     36.976   -291.203     75.045     -7.772     41.719
     -5.745   -111.900     36.992   -291.286     74.895     -7.865     41.723
     -5.747   -112.050     37.008   -291.370     74.745     -7.957     41.728
     -5.749   -112.199     37.024   -291.453     74.596     -8.049     41.732
     -5.751   -112.348     37.040   -291.537     74.446     -8.141     41.737
     -5.753   -112.497     37.056   -291.620     74.297     -8.233     41.742
     -5.755   -112.645     37.073   -291.704     74.148     -8.324     41.746
     -5.757   -112.794     37.089   -291.787     73.999     -8.416     41.751
     -5.759   -112.941     37.106   -291.871     73.850     -8.507     41.756
     -5.761   -113.089     37.123   -291.954     73.702     -8.598     41.760
     -5.763   -113.236     37.141   -292.038     73.553     -8.690     41.765
     -5.765   -113.383     37.158   -292.121     73.405     -8.781     41.770
     -5.767   -113.530     37.176   -292.205     73.257     -8.871     41.774
     -5.769   -113.676     37.194   -292.288     73.109     -8.962     41.779
     -5.771   -113.822     37.212   -292.372     72.961     -9.053     41.784
     -5.773   -113.968     37.230   -292.456     72.814     -9.143     41.788
     -5.775   -114.113     37.248   -292.539     72.666     -9.234     41.793
     -5.777   -114.259     37.267   -292.623     72.519     -9.324     41.798
     -5.779   -114.404     37.286   -292.706     72.372     -9.414     41.803
     -5.781   -114.548     37.304   -292.790     72.225     -9.504     41.807
     -5.783   -114.692     37.324   -292.874     72.078     -9.594     41.812
     -5.785   -114.836     37.343   -292.957     71.932     -9.684     41.817
     -5.787   -114.980     37.362   -293.041     71.785     -9.773     41.821
     -5.789   -115.124     37.382   -293.125     71.639     -9.863     41.826
     -5.791   -115.267     37.402   -293.208     71.493     -9.952     41.831
     -5.793   -115.410     37.422   -293.292     71.347    -10.041     41.836
     -5.795   -115.552     37.442   -293.376     71.201    -10.130     41.840
     -5.797   -115.694     37.462   -293.459     71.056    -10.219     41.845
     -5.799   -115.836     37.483   -293.543     70.910    -10.308     41.850
     -5.801   -115.978     37.503   -293.627     70.765    -10.397     41.855
     -5.803   -116.119     37.524   -293.710     70.620    -10.485     41.860
     -5.805   -116.261     37.545   -293.794     70.475    -10.574     41.864
     -5.807   -116.401     37.567   -293.878     70.330    -10.662     41.869
     -5.809   -116.542     37.588   -293.962     70.185    -10.750     41.874
     -5.811   -116.682     37.610   -294.045     70.041    -10.838     41.879
     -5.813   -116.822     37.631   -294.129     69.896    -10.926     41.883
     -5.815   -116.962     37.653   -294.213     69.752    -11.014     41.888
     -5.817   -117.101     37.675   -294.297     69.608    -11.102     41.893
     -5.819   -117.240     37.698   -294.380     69.464    -11.190     41.898
     -5.821   -117.379     37.720   -294.464     69.321    -11.277     41.903
     -5.823   -117.517     37.743   -294.548     69.177    -11.365     41.908
     -5.825   -117.656     37.766   -294.632     69.033    -11.452     41.912
     -5.827   -117.793     37.789   -294.716     68.890    -11.539     41.917
     -5.829   -117.931     37.812   -294.799     68.747    -11.626     41.922
     -5.831   -118.068     37.835   -294.883     68.604    -11.713     41.927
     -5.833   -118.206     37.859   -294.967     68.461    -11.800     41.932
     -5.835   -118.342     37.882   -295.051     68.319    -11.887     41.937
     -5.837   -118.479     37.906   -295.135     68.176    -11.973     41.941
     -5.839   -118.615     37.930   -295.219     68.034    -12.060     41.946
     -5.841   -118.751     37.955   -295.303     67.891    -12.146     41.951
     -5.843   -118.887     37.979   -295.387     67.749    -12.232     41.956
     -5.845   -119.022     38.003   -295.471     67.607    -12.318     41.961
     -5.847   -119.157     38.028   -295.554     67.465    -12.404     41.966
     -5.849   -119.292     38.053   -295.638     67.324    -12.490     41.971
     -5.851   -119.426     38.078   -295.722     67.182    -12.576     41.976
     -5.853   -119.561     38.103   -295.806     67.041    -12.662     41.980
     -5.855   -119.694     38.129   -295.890     66.900    -12.747     41.985
     -5.857   -119.828     38.154   -295.974     66.759    -12.833     41.990
     -5.859   -119.962     38.180   -296.058     66.618    -12.918     41.995
     -5.861   -120.095     38.206   -296.142     66.477    -13.003     42.000
     -5.863   -120.227     38.232   -296.226     66.336    -13.088     42.005
     -5.865   -120.360     38.258   -296.310     66.196    -13.173     42.010
     -5.867   -120.492     38.285   -296.394     66.055    -13.258     42.015
     -5.869   -120.624     38.311   -296.478     65.915    -13.343     42.020
     -5.871   -120.756     38.338   -296.562     65.775    -13.428     42.025
     -5.873   -120.887     38.365   -296.646     65.635    -13.512     42.030
     -5.875   -121.018     38.392   -296.730     65.495    -13.597     42.035
     -5.877   -121.149     38.420   -296.815     65.355    -13.681     42.039
     -5.879   -121.280     38.447   -296.899     65.216    -13.765     42.044
     -5.881   -121.410     38.475   -296.983     65.076    -13.850     42.049
     -5.883   -121.540     38.502   -297.067     64.937    -13.934     42.054
     -5.885   -121.670     38.530   -297.151     64.798    -14.018     42.059
     -5.887   -121.799     38.558   -297.235     64.659    -14.101     42.064
     -5.889   -121.928     38.587   -297.319     64.520    -14.185     42.069
     -5.891   -122.057     38.615   -297.403     64.381    -14.269     42.074
     -5.893   -122.186     38.644   -297.487     64.243    -14.352     42.079
     -5.895   -122.314     38.673   -297.572     64.104    -14.436     42.084
     -5.897   -122.442     38.702   -297.656     63.966    -14.519     42.089
     -5.899   -122.570     38.731   -297.740     63.828    -14.602     42.094
     -5.901   -122.698     38.760   -297.824     63.690    -14.685     42.099
     -5.903   -122.825     38.789   -297.908     63.552    -14.768     42.104
     -5.905   -122.952     38.819   -297.993     63.414    -14.851     42.109
     -5.907   -123.079     38.849   -298.077     63.276    -14.934     42.114
     -5.909   -123.205     38.879   -298.161     63.139    -15.017     42.119
     -5.911   -123.331     38.909   -298.245     63.001    -15.099     42.124
     -5.913   -123.457     38.939   -298.330     62.864    -15.182     42.129
     -5.915   -123.583     38.970   -298.414     62.727    -15.264     42.134
     -5.917   -123.708     39.000   -298.498     62.590    -15.346     42.139
     -5.919   -123.833     39.031   -298.582     62.453    -15.429     42.144
     -5.921   -123.958     39.062   -298.667     62.316    -15.511     42.149
     -5.923   -124.082     39.093   -298.751     62.180    -15.593     42.154
     -5.925   -124.207     39.124   -298.835     62.043    -15.675     42.159
     -5.927   -124.330     39.156   -298.920     61.907    -15.757     42.164
     -5.929   -124.454     39.187   -299.004     61.770    -15.838     42.169
     -5.931   -124.578     39.219   -299.088     61.634    -15.920     42.174
     -5.933   -124.701     39.251   -299.173     61.498    -16.001     42.179
     -5.935   -124.824     39.283   -299.257     61.362    -16.083     42.185
     -5.937   -124.946     39.315   -299.341     61.227    -16.164     42.190
     -5.939   -125.068     39.348   -299.426     61.091    -16.245     42.195
     -5.941   -125.190     39.380   -299.510     60.956    -16.326     42.200
     -5.943   -125.312     39.413   -299.595     60.820    -16.408     42.205
     -5.945   -125.434     39.446   -299.679     60.685    -16.488     42.210
     -5.947   -125.555     39.479   -299.763     60.550    -16.569     42.215
     -5.949   -125.676     39.512   -299.848     60.415    -16.650     42.220
     -5.951   -125.797     39.546   -299.932     60.280    -16.731     42.225
     -5.953   -125.917     39.579   -300.017     60.145    -16.811     42.230
     -5.955   -126.037     39.613   -300.101     60.010    -16.892     42.235
     -5.957   -126.157     39.647   -300.186     59.876    -16.972     42.240
     -5.959   -126.277     39.681   -300.270     59.741    -17.052     42.246
     -5.961   -126.396     39.715   -300.355     59.607    -17.133     42.251
     -5.963   -126.515     39.749   -300.439     59.473    -17.213     42.256
     -5.965   -126.634     39.784   -300.524     59.339    -17.293     42.261
     -5.967   -126.753     39.818   -300.608     59.205    -17.373     42.266
     -5.969   -126.871     39.853   -300.693     59.071    -17.453     42.271
     -5.971   -126.989     39.888   -300.777     58.937    -17.532     42.276
     -5.973   -127.107     39.923   -300.862     58.804    -17.612     42.281
     -5.975   -127.224     39.959   -300.946     58.670    -17.692     42.286
     -5.977   -127.341     39.994   -301.031     58.537    -17.771     42.292
     -5.979   -127.458     40.030   -301.116     58.404    -17.850     42.297
     -5.981   -127.575     40.066   -301.200     58.270    -17.930     42.302
     -5.983   -127.691     40.101   -301.285     58.137    -18.009     42.307
     -5.985   -127.807     40.138   -301.369     58.004    -18.088     42.312
     -5.987   -127.923     40.174   -301.454     57.872    -18.167     42.317
     -5.989   -128.039     40.210   -301.539     57.739    -18.246     42.322
     -5.991   -128.154     40.247   -301.623     57.606    -18.325     42.328
     -5.993   -128.269     40.284   -301.708     57.474    -18.404     42.333
     -5.995   -128.384     40.320   -301.793     57.342    -18.482     42.338
     -5.997   -128.499     40.357   -301.877     57.209    -18.561     42.343
     -5.999   -128.613     40.395   -301.962     57.077    -18.639     42.348
     -6.001   -128.727     40.432   -302.047     56.945    -18.718     42.353
     -6.003   -128.841     40.470   -302.131     56.813    -18.796     42.359
     -6.005   -128.954     40.507   -302.216     56.682    -18.874     42.364
     -6.007   -129.067     40.545   -302.301     56.550    -18.953     42.369
     -6.009   -129.180     40.583   -302.386     56.418    -19.031     42.374
     -6.011   -129.293     40.621   -302.470     56.287    -19.109     42.379
     -6.013   -129.406     40.659   -302.555     56.155    -19.187     42.385
     -6.015   -129.518     40.698   -302.640     56.024    -19.264     42.390
     -6.017   -129.630     40.737   -302.725     55.893    -19.342     42.395
     -6.019   -129.741     40.775   -302.810     55.762    -19.420     42.400
     -6.021   -129.853     40.814   -302.894     55.631    -19.497     42.405
     -6.023   -129.964     40.853   -302.979     55.500    -19.575     42.411
     -6.025   -130.075     40.892   -303.064     55.370    -19.652     42.416
     -6.027   -130.185     40.932   -303.149     55.239    -19.730     42.421
     -6.029   -130.296     40.971   -303.234     55.108    -19.807     42.426
     -6.031   -130.406     41.011   -303.319     54.978    -19.884     42.431
     -6.033   -130.516     41.051   -303.403     54.848    -19.961     42.437
     -6.035   -130.625     41.091   -303.488     54.718    -20.038     42.442
     -6.037   -130.734     41.131   -303.573     54.588    -20.115     42.447
     -6.039   -130.844     41.171   -303.658     54.458    -20.192     42.452
     -6.041   -130.952     41.212   -303.743     54.328    -20.269     42.458
     -6.043   -131.061     41.252   -303.828     54.198    -20.345     42.463
     -6.045   -131.169     41.293   -303.913     54.068    -20.422     42.468
     -6.047   -131.277     41.334   -303.998     53.939    -20.499     42.473
     -6.049   -131.385     41.375   -304.083     53.809    -20.575     42.479
     -6.051   -131.492     41.416   -304.168     53.680    -20.651     42.484
     -6.053   -131.600     41.458   -304.253     53.551    -20.728     42.489
     -6.055   -131.707     41.499   -304.338     53.421    -20.804     42.494
     -6.057   -131.813     41.541   -304.423     53.292    -20.880     42.500
     -6.059   -131.920     41.583   -304.508     53.163    -20.956     42.505
     -6.061   -132.026     41.625   -304.593     53.035    -21.032     42.510
     -6.063   -132.132     41.667   -304.678     52.906    -21.108     42.515
     -6.065   -132.238     41.709   -304.763     52.777    -21.184     42.521
     -6.067   -132.343     41.752   -304.848     52.649    -21.259     42.526
     -6.069   -132.448     41.794   -304.933     52.520    -21.335     42.531
     -6.071   -132.553     41.837   -305.018     52.392    -21.411     42.536
     -6.073   -132.658     41.880   -305.103     52.263    -21.486     42.542
     -6.075   -132.762     41.923   -305.188     52.135    -21.562     42.547
     -6.077   -132.866     41.966   -305.273     52.007    -21.637     42.552
     -6.079   -132.970     42.010   -305.358     51.879    -21.712     42.558
     -6.081   -133.074     42.053   -305.443     51.751    -21.788     42.563
     -6.083   -133.177     42.097   -305.529     51.624    -21.863     42.568
     -6.085   -133.280     42.141   -305.614     51.496    -21.938     42.573
     -6.087   -133.383     42.185   -305.699     51.368    -22.013     42.579
     -6.089   -133.486     42.229   -305.784     51.241    -22.088     42.584
     -6.091   -133.588     42.273   -305.869     51.113    -22.163     42.589
     -6.093   -133.690     42.317   -305.954     50.986    -22.237     42.595
     -6.095   -133.792     42.362   -306.040     50.859    -22.312     42.600
     -6.097   -133.894     42.406   -306.125     50.732    -22.387     42.605
     -6.099   -133.995     42.451   -306.210     50.605    -22.461     42.611
     -6.101   -134.096     42.496   -306.295     50.478    -22.536     42.616
     -6.103   -134.197     42.541   -306.380     50.351    -22.610     42.621
     -6.105   -134.297     42.587   -306.466     50.224    -22.685     42.627
     -6.107   -134.398     42.632   -306.551     50.098    -22.759     42.632
     -6.109   -134.498     42.678   -306.636     49.971    -22.833     42.637
     -6.111   -134.598     42.724   -306.721     49.845    -22.907     42.643
     -6.113   -134.697     42.769   -306.807     49.718    -22.981     42.648
     -6.115   -134.797     42.815   -306.892     49.592    -23.055     42.653
     -6.117   -134.896     42.862   -306.977     49.466    -23.129     42.659
     -6.119   -134.994     42.908   -307.063     49.340    -23.203     42.664
     -6.121   -135.093     42.954   -307.148     49.213    -23.277     42.669
     -6.123   -135.191     43.001   -307.233     49.088    -23.350     42.675
     -6.125   -135.289     43.048   -307.319     48.962    -23.424     42.680
     -6.127   -135.387     43.095   -307.404     48.836    -23.498     42.685
     -6.129   -135.485     43.142   -307.489     48.710    -23.571     42.691
     -6.131   -135.582     43.189   -307.575     48.585    -23.645     42.696
     -6.133   -135.679     43.236   -307.660     48.459    -23.718     42.702
     -6.135   -135.776     43.284   -307.746     48.334    -23.791     42.707
     -6.137   -135.872     43.332   -307.831     48.209    -23.864     42.712
     -6.139   -135.969     43.379   -307.916     48.083    -23.938     42.718
     -6.141   -136.065     43.427   -308.002     47.958    -24.011     42.723
     -6.143   -136.160     43.475   -308.087     47.833    -24.084     42.728
     -6.145   -136.256     43.524   -308.173     47.708    -24.157     42.734
     -6.147   -136.351     43.572   -308.258     47.583    -24.230     42.739
     -6.149   -136.446     43.621   -308.344     47.458    -24.302     42.745
     -6.151   -136.541     43.669   -308.429     47.334    -24.375     42.750
     -6.153   -136.636     43.718   -308.515     47.209    -24.448     42.755
     -6.155   -136.730     43.767   -308.600     47.085    -24.520     42.761
     -6.157   -136.824     43.816   -308.686     46.960    -24.593     42.766
     -6.159   -136.918     43.865   -308.771     46.836    -24.665     42.772
     -6.161   -137.011     43.915   -308.857     46.711    -24.738     42.777
     -6.163   -137.105     43.964   -308.942     46.587    -24.810     42.782
     -6.165   -137.198     44.014   -309.028     46.463    -24.883     42.788
     -6.167   -137.290     44.064   -309.114     46.339    -24.955     42.793
     -6.169   -137.383     44.114   -309.199     46.215    -25.027     42.799
     -6.171   -137.475     44.164   -309.285     46.091    -25.099     42.804
     -6.173   -137.567     44.214   -309.370     45.967    -25.171     42.809
     -6.175   -137.659     44.265   -309.456     45.844    -25.243     42.815
     -6.177   -137.751     44.315   -309.542     45.720    -25.315     42.820
     -6.179   -137.842     44.366   -309.627     45.597    -25.387     42.826
     -6.181   -137.933     44.417   -309.713     45.473    -25.459     42.831
     -6.183   -138.024     44.468   -309.799     45.350    -25.530     42.837
     -6.185   -138.115     44.519   -309.884     45.226    -25.602     42.842
     -6.187   -138.205     44.570   -309.970     45.103    -25.674     42.848
     -6.189   -138.295     44.622   -310.056     44.980    -25.745     42.853
     -6.191   -138.385     44.673   -310.141     44.857    -25.817     42.858
     -6.193   -138.474     44.725   -310.227     44.734    -25.888     42.864
     -6.195   -138.564     44.777   -310.313     44.611    -25.959     42.869
     -6.197   -138.653     44.829   -310.399     44.488    -26.031     42.875
     -6.199   -138.742     44.881   -310.484     44.365    -26.102     42.880
     -6.201   -138.830     44.933   -310.570     44.243    -26.173     42.886
     -6.203   -138.919     44.986   -310.656     44.120    -26.244     42.891
     -6.205   -139.007     45.038   -310.742     43.998    -26.315     42.897
     -6.207   -139.095     45.091   -310.828     43.875    -26.386     42.902
     -6.209   -139.182     45.144   -310.913     43.753    -26.457     42.908
     -6.211   -139.270     45.197   -310.999     43.631    -26.528     42.913
     -6.213   -139.357     45.250   -311.085     43.508    -26.599     42.918
     -6.215   -139.444     45.303   -311.171     43.386    -26.669     42.924
     -6.217   -139.530     45.356   -311.257     43.264    -26.740     42.929
     -6.219   -139.617     45.410   -311.343     43.142    -26.811     42.935
     -6.221   -139.703     45.464   -311.428     43.020    -26.881     42.940
     -6.223   -139.789     45.518   -311.514     42.898    -26.952     42.946
     -6.225   -139.874     45.572   -311.600     42.777    -27.022     42.951
     -6.227   -139.960     45.626   -311.686     42.655    -27.093     42.957
     -6.229   -140.045     45.680   -311.772     42.533    -27.163     42.962
     -6.231   -140.130     45.734   -311.858     42.412    -27.233     42.968
     -6.233   -140.215     45.789   -311.944     42.290    -27.303     42.973
     -6.235   -140.299     45.843   -312.030     42.169    -27.373     42.979
     -6.237   -140.383     45.898   -312.116     42.048    -27.444     42.984
     -6.239   -140.467     45.953   -312.202     41.926    -27.514     42.990
     -6.241   -140.551     46.008   -312.288     41.805    -27.584     42.995
     -6.243   -140.635     46.064   -312.374     41.684    -27.653     43.001
     -6.245   -140.718     46.119   -312.460     41.563    -27.723     43.006
     -6.247   -140.801     46.174   -312.546     41.442    -27.793     43.012
     -6.249   -140.884     46.230   -312.632     41.321    -27.863     43.017
     -6.251   -140.966     46.286   -312.718     41.200    -27.933     43.023
     -6.253   -141.048     46.342   -312.804     41.080    -28.002     43.028
     -6.255   -141.130     46.398   -312.890     40.959    -28.072     43.034
     -6.257   -141.212     46.454   -312.976     40.838    -28.141     43.040
     -6.259   -141.294     46.511   -313.062     40.718    -28.211     43.045
     -6.261   -141.375     46.567   -313.148     40.597    -28.280     43.051
     -6.263   -141.456     46.624   -313.234     40.477    -28.350     43.056
     -6.265   -141.537     46.680   -313.320     40.357    -28.419     43.062
     -6.267   -141.618     46.737   -313.407     40.236    -28.488     43.067
     -6.269   -141.698     46.794   -313.493     40.116    -28.557     43.073
     -6.271   -141.778     46.852   -313.579     39.996    -28.626     43.078
     -6.273   -141.858     46.909   -313.665     39.876    -28.696     43.084
     -6.275   -141.938     46.966   -313.751     39.756    -28.765     43.089
     -6.277   -142.017     47.024   -313.837     39.636    -28.834     43.095
     -6.279   -142.096     47.082   -313.924     39.516    -28.903     43.100
     -6.281   -142.175     47.140   -314.010     39.396    -28.971     43.106
     -6.283   -142.254     47.198   -314.096     39.277    -29.040     43.112
     -6.285   -142.332     47.256   -314.182     39.157    -29.109     43.117
     -6.287   -142.410     47.314   -314.269     39.037    -29.178     43.123
     -6.289   -142.488     47.372   -314.355     38.918    -29.246     43.128
     -6.291   -142.566     47.431   -314.441     38.798    -29.315     43.134
     -6.293   -142.644     47.490   -314.527     38.679    -29.383     43.139
     -6.295   -142.721     47.549   -314.614     38.560    -29.452     43.145
     -6.297   -142.798     47.607   -314.700     38.440    -29.520     43.151
     -6.299   -142.875     47.667   -314.786     38.321    -29.589     43.156
     -6.301   -142.951     47.726   -314.873     38.202    -29.657     43.162
     -6.303   -143.027     47.785   -314.959     38.083    -29.725     43.167
     -6.305   -143.103     47.845   -315.045     37.962    -29.794     43.173
     -6.307   -143.179     47.904   -315.132     37.841    -29.863     43.179
     -6.309   -143.255     47.964   -315.218     37.720    -29.932     43.185
     -6.311   -143.330     48.024   -315.304     37.599    -30.000     43.191
     -6.313   -143.405     48.084   -315.391     37.478    -30.069     43.196
     -6.315   -143.480     48.144   -315.477     37.357    -30.138     43.202
     -6.317   -143.555     48.205   -315.563     37.237    -30.206     43.208
     -6.319   -143.629     48.265   -315.650     37.116    -30.274     43.214
     -6.321   -143.703     48.326   -315.736     36.996    -30.343     43.220
     -6.323   -143.777     48.387   -315.823     36.875    -30.411     43.226
     -6.325   -143.851     48.447   -315.909     36.755    -30.479     43.231
     -6.327   -143.924     48.509   -315.996     36.635    -30.547     43.237
     -6.329   -143.997     48.570   -316.082     36.515    -30.615     43.243
     -6.331   -144.070     48.631   -316.169     36.395    -30.683     43.249
     -6.333   -144.143     48.692   -316.255     36.275    -30.751     43.255
     -6.335   -144.215     48.754   -316.342     36.155    -30.819     43.261
     -6.337   -144.287     48.816   -316.428     36.035    -30.887     43.266
     -6.339   -144.359     48.878   -316.515     35.916    -30.955     43.272
     -6.341   -144.431     48.939   -316.601     35.796    -31.022     43.278
     -6.343   -144.502     49.002   -316.688     35.677    -31.090     43.284
     -6.345   -144.574     49.064   -316.774     35.557    -31.157     43.290
     -6.347   -144.645     49.126   -316.861     35.438    -31.225     43.296
     -6.349   -144.715     49.189   -316.948     35.319    -31.292     43.302
     -6.351   -144.786     49.251   -317.034     35.200    -31.360     43.307
     -6.353   -144.856     49.314   -317.121     35.081    -31.427     43.313
     -6.355   -144.926     49.377   -317.207     34.962    -31.494     43.319
     -6.357   -144.996     49.440   -317.294     34.843    -31.561     43.325
     -6.359   -145.066     49.503   -317.381     34.724    -31.628     43.331
     -6.361   -145.135     49.567   -317.467     34.605    -31.695     43.337
     -6.363   -145.204     49.630   -317.554     34.487    -31.762     43.343
     -6.365   -145.273     49.694   -317.641     34.368    -31.829     43.348
     -6.367   -145.342     49.757   -317.728     34.249    -31.896     43.354
     -6.369   -145.410     49.821   -317.814     34.131    -31.963     43.360
     -6.371   -145.478     49.885   -317.901     34.013    -32.030     43.366
     -6.373   -145.546     49.949   -317.988     33.895    -32.097     43.372
     -6.375   -145.614     50.014   -318.074     33.776    -32.163     43.378
     -6.377   -145.681     50.078   -318.161     33.658    -32.230     43.384
     -6.379   -145.748     50.143   -318.248     33.540    -32.296     43.389
     -6.381   -145.815     50.207   -318.335     33.422    -32.363     43.395
     -6.383   -145.882     50.272   -318.422     33.305    -32.429     43.401
     -6.385   -145.948     50.337   -318.508     33.187    -32.495     43.407
     -6.387   -146.015     50.402   -318.595     33.069    -32.562     43.413
     -6.389   -146.081     50.467   -318.682     32.952    -32.628     43.419
     -6.391   -146.146     50.533   -318.769     32.834    -32.694     43.425
     -6.393   -146.212     50.598   -318.856     32.717    -32.760     43.430
     -6.395   -146.277     50.664   -318.943     32.599    -32.826     43.436
     -6.397   -146.342     50.729   -319.029     32.482    -32.892     43.442
     -6.399   -146.407     50.795   -319.116     32.365    -32.958     43.448
     -6.401   -146.472     50.861   -319.203     32.248    -33.024     43.454
     -6.403   -146.536     50.927   -319.290     32.131    -33.090     43.460
     -6.405   -146.600     50.994   -319.377     32.014    -33.156     43.466
     -6.407   -146.664     51.060   -319.464     31.897    -33.221     43.472
     -6.409   -146.728     51.126   -319.551     31.780    -33.287     43.478
     -6.411   -146.791     51.193   -319.638     31.663    -33.353     43.483
     -6.413   -146.855     51.260   -319.725     31.547    -33.418     43.489
     -6.415   -146.918     51.327   -319.812     31.430    -33.484     43.495
     -6.417   -146.980     51.394   -319.899     31.313    -33.549     43.501
     -6.419   -147.043     51.461   -319.986     31.197    -33.614     43.507
     -6.421   -147.105     51.528   -320.073     31.081    -33.680     43.513
     -6.423   -147.167     51.596   -320.160     30.964    -33.745     43.519
     -6.425   -147.229     51.663   -320.247     30.848    -33.810     43.525
     -6.427   -147.291     51.731   -320.334     30.732    -33.875     43.531
     -6.429   -147.352     51.799   -320.421     30.616    -33.940     43.536
     -6.431   -147.413     51.867   -320.508     30.500    -34.005     43.542
     -6.433   -147.474     51.935   -320.595     30.384    -34.070     43.548
     -6.435   -147.535     52.003   -320.682     30.268    -34.135     43.554
     -6.437   -147.595     52.071   -320.770     30.152    -34.200     43.560
     -6.439   -147.655     52.140   -320.857     30.036    -34.265     43.566
     -6.441   -147.715     52.208   -320.944     29.921    -34.330     43.572
     -6.443   -147.775     52.277   -321.031     29.805    -34.395     43.578
     -6.445   -147.834     52.346   -321.118     29.690    -34.459     43.584
     -6.447   -147.894     52.415   -321.205     29.574    -34.524     43.590
     -6.449   -147.953     52.484   -321.292     29.459    -34.588     43.595
     -6.451   -148.011     52.553   -321.380     29.344    -34.653     43.601
     -6.453   -148.070     52.623   -321.467     29.228    -34.717     43.607
     -6.455   -148.128     52.692   -321.554     29.113    -34.782     43.613
     -6.457   -148.187     52.762   -321.641     28.998    -34.846     43.619
     -6.459   -148.244     52.831   -321.729     28.883    -34.911     43.625
     -6.461   -148.302     52.901   -321.816     28.768    -34.975     43.631
     -6.463   -148.359     52.971   -321.903     28.653    -35.039     43.637
     -6.465   -148.417     53.042   -321.990     28.538    -35.103     43.643
     -6.467   -148.474     53.112   -322.078     28.424    -35.167     43.649
     -6.469   -148.530     53.182   -322.165     28.309    -35.231     43.655
     -6.471   -148.587     53.253   -322.252     28.194    -35.295     43.661
     -6.473   -148.643     53.323   -322.340     28.080    -35.359     43.666
     -6.475   -148.699     53.394   -322.427     27.965    -35.423     43.672
     -6.477   -148.755     53.465   -322.514     27.851    -35.487     43.678
     -6.479   -148.811     53.536   -322.602     27.737    -35.551     43.684
     -6.481   -148.866     53.607   -322.689     27.622    -35.615     43.690
     -6.483   -148.921     53.679   -322.776     27.508    -35.678     43.696
     -6.485   -148.976     53.750   -322.864     27.394    -35.742     43.702
     -6.487   -149.031     53.822   -322.951     27.280    -35.806     43.708
     -6.489   -149.085     53.893   -323.039     27.166    -35.869     43.714
     -6.491   -149.139     53.965   -323.126     27.052    -35.933     43.720
     -6.493   -149.193     54.037   -323.214     26.938    -35.996     43.726
     -6.495   -149.247     54.109   -323.301     26.824    -36.060     43.732
     -6.497   -149.301     54.181   -323.388     26.710    -36.123     43.738
     -6.499   -149.354     54.253   -323.476     26.597    -36.186     43.744
     -6.501   -149.407     54.326   -323.563     26.483    -36.250     43.750
     -6.503   -149.460     54.398   -323.651     26.369    -36.313     43.756
     -6.505   -149.512     54.471   -323.738     26.256    -36.376     43.761
     -6.507   -149.565     54.544   -323.826     26.142    -36.439     43.767
     -6.509   -149.617     54.617   -323.914     26.029    -36.502     43.773
     -6.511   -149.669     54.690   -324.001     25.916    -36.565     43.779
     -6.513   -149.721     54.763   -324.089     25.802    -36.628     43.785
     -6.515   -149.772     54.836   -324.176     25.689    -36.691     43.791
     -6.517   -149.823     54.910   -324.264     25.576    -36.754     43.797
     -6.519   -149.874     54.984   -324.351     25.463    -36.817     43.803
     -6.521   -149.925     55.057   -324.439     25.350    -36.880     43.809
     -6.523   -149.976     55.131   -324.527     25.237    -36.942     43.815
     -6.525   -150.026     55.205   -324.614     25.124    -37.005     43.821
     -6.527   -150.076     55.279   -324.702     25.011    -37.068     43.827
     -6.529   -150.126     55.353   -324.790     24.898    -37.130     43.833
     -6.531   -150.176     55.428   -324.877     24.786    -37.193     43.839
     -6.533   -150.225     55.502   -324.965     24.673    -37.256     43.845
     -6.535   -150.275     55.577   -325.053     24.560    -37.318     43.851
     -6.537   -150.324     55.651   -325.140     24.448    -37.381     43.857
     -6.539   -150.372     55.726   -325.228     24.335    -37.443     43.863
     -6.541   -150.421     55.801   -325.316     24.223    -37.505     43.869
     -6.543   -150.469     55.876   -325.404     24.111    -37.568     43.875
     -6.545   -150.517     55.951   -325.491     23.998    -37.630     43.881
     -6.547   -150.565     56.027   -325.579     23.886    -37.692     43.887
     -6.549   -150.613     56.102   -325.667     23.774    -37.754     43.893
     -6.551   -150.660     56.178   -325.755     23.662    -37.816     43.899
     -6.553   -150.708     56.253   -325.842     23.550    -37.879     43.905
     -6.555   -150.755     56.329   -325.930     23.438    -37.941     43.911
     -6.557   -150.801     56.405   -326.018     23.326    -38.003     43.917
     -6.559   -150.848     56.481   -326.106     23.214    -38.065     43.923
     -6.561   -150.894     56.557   -326.194     23.102    -38.126     43.929
     -6.563   -150.940     56.634   -326.282     22.990    -38.188     43.935
     -6.565   -150.986     56.710   -326.369     22.878    -38.250     43.941
     -6.567   -151.032     56.787   -326.457     22.766    -38.312     43.946
     -6.569   -151.077     56.863   -326.545     22.655    -38.374     43.952
     -6.571   -151.122     56.940   -326.633     22.543    -38.435     43.958
     -6.573   -151.167     57.017   -326.721     22.432    -38.497     43.964
     -6.575   -151.212     57.094   -326.809     22.320    -38.559     43.970
     -6.577   -151.257     57.171   -326.897     22.209    -38.620     43.976
     -6.579   -151.301     57.249   -326.985     22.097    -38.682     43.982
     -6.581   -151.345     57.326   -327.073     21.986    -38.743     43.988
     -6.583   -151.389     57.404   -327.161     21.875    -38.805     43.994
     -6.585   -151.433     57.481   -327.249     21.764    -38.866     44.000
     -6.587   -151.476     57.559   -327.337     21.652    -38.928     44.006
     -6.589   -151.519     57.637   -327.425     21.541    -38.989     44.012
     -6.591   -151.562     57.715   -327.513     21.430    -39.050     44.018
     -6.593   -151.605     57.793   -327.601     21.319    -39.112     44.025
     -6.595   -151.647     57.872   -327.689     21.208    -39.173     44.031
     -6.597   -151.690     57.950   -327.777     21.097    -39.234     44.037
     -6.599   -151.732     58.028   -327.865     20.986    -39.295     44.043
     -6.601   -151.774     58.107   -327.953     20.876    -39.356     44.049
     -6.603   -151.815     58.186   -328.041     20.765    -39.417     44.055
     -6.605   -151.857     58.265   -328.130     20.654    -39.478     44.061
     -6.607   -151.898     58.344   -328.218     20.544    -39.539     44.067
     -6.609   -151.939     58.423   -328.306     20.433    -39.600     44.073
     -6.611   -151.980     58.502   -328.394     20.322    -39.661     44.079
     -6.613   -152.020     58.582   -328.482     20.212    -39.722     44.085
     -6.615   -152.061     58.661   -328.570     20.101    -39.783     44.091
     -6.617   -152.101     58.741   -328.658     19.991    -39.844     44.097
     -6.619   -152.141     58.820   -328.747     19.881    -39.904     44.103
     -6.621   -152.180     58.900   -328.835     19.770    -39.965     44.109
     -6.623   -152.220     58.980   -328.923     19.660    -40.026     44.115
     -6.625   -152.259     59.060   -329.011     19.550    -40.086     44.121
     -6.627   -152.298     59.141   -329.100     19.440    -40.147     44.127
     -6.629   -152.337     59.221   -329.188     19.330    -40.208     44.133
     -6.631   -152.375     59.301   -329.276     19.219    -40.268     44.139
     -6.633   -152.413     59.382   -329.364     19.109    -40.329     44.145
     -6.635   -152.452     59.463   -329.453     18.999    -40.389     44.151
     -6.637   -152.489     59.544   -329.541     18.889    -40.449     44.157
     -6.639   -152.527     59.625   -329.629     18.780    -40.510     44.163
     -6.641   -152.565     59.706   -329.718     18.670    -40.570     44.169
     -6.643   -152.602     59.787   -329.806     18.560    -40.630     44.175
     -6.645   -152.639     59.868   -329.894     18.450    -40.691     44.181
     -6.647   -152.676     59.950   -329.983     18.341    -40.751     44.187
     -6.649   -152.712     60.031   -330.071     18.231    -40.811     44.193
     -6.651   -152.749     60.113   -330.159     18.121    -40.871     44.199
     -6.653   -152.785     60.195   -330.248     18.012    -40.931     44.206
     -6.655   -152.821     60.277   -330.336     17.902    -40.992     44.212
     -6.657   -152.856     60.359   -330.425     17.793    -41.052     44.218
     -6.659   -152.892     60.441   -330.513     17.683    -41.112     44.224
     -6.661   -152.927     60.523   -330.602     17.574    -41.172     44.230
     -6.663   -152.962     60.606   -330.690     17.465    -41.232     44.236
     -6.665   -152.997     60.688   -330.779     17.355    -41.291     44.242
     -6.667   -153.031     60.771   -330.867     17.246    -41.351     44.248
     -6.669   -153.066     60.853   -330.956     17.137    -41.411     44.254
     -6.671   -153.100     60.936   -331.044     17.028    -41.471     44.260
     -6.673   -153.134     61.019   -331.133     16.918    -41.531     44.266
     -6.675   -153.168     61.102   -331.221     16.809    -41.590     44.272
     -6.677   -153.201     61.186   -331.310     16.700    -41.650     44.278
     -6.679   -153.234     61.269   -331.398     16.591    -41.710     44.284
     -6.681   -153.268     61.353   -331.487     16.482    -41.769     44.290
     -6.683   -153.300     61.436   -331.575     16.373    -41.829     44.297
     -6.685   -153.333     61.520   -331.664     16.265    -41.889     44.303
     -6.687   -153.365     61.604   -331.753     16.156    -41.948     44.309
     -6.689   -153.398     61.688   -331.841     16.047    -42.008     44.315
     -6.691   -153.430     61.772   -331.930     15.938    -42.067     44.321
     -6.693   -153.461     61.856   -332.019     15.830    -42.127     44.327
     -6.695   -153.493     61.940   -332.107     15.721    -42.186     44.333
     -6.697   -153.524     62.025   -332.196     15.612    -42.245     44.339
     -6.699   -153.555     62.109   -332.285     15.504    -42.305     44.345
     -6.701   -153.586     62.194   -332.373     15.395    -42.364     44.351
     -6.703   -153.617     62.279   -332.462     15.287    -42.423     44.357
     -6.705   -153.647     62.364   -332.551     15.178    -42.482     44.364
     -6.707   -153.678     62.449   -332.639     15.070    -42.542     44.370
     -6.709   -153.708     62.534   -332.728     14.961    -42.601     44.376
     -6.711   -153.738     62.619   -332.817     14.853    -42.660     44.382
     -6.713   -153.767     62.704   -332.906     14.745    -42.719     44.388
     -6.715   -153.797     62.790   -332.994     14.636    -42.778     44.394
     -6.717   -153.826     62.875   -333.083     14.528    -42.837     44.400
     -6.719   -153.855     62.961   -333.172     14.420    -42.896     44.406
     -6.721   -153.883     63.047   -333.261     14.312    -42.955     44.412
     -6.723   -153.912     63.133   -333.350     14.204    -43.014     44.419
     -6.725   -153.940     63.219   -333.439     14.096    -43.073     44.425
     -6.727   -153.968     63.305   -333.527     13.988    -43.132     44.431
     -6.729   -153.996     63.392   -333.616     13.880    -43.191     44.437
     -6.731   -154.024     63.478   -333.705     13.772    -43.250     44.443
     -6.733   -154.051     63.565   -333.794     13.664    -43.308     44.449
     -6.735   -154.078     63.651   -333.883     13.556    -43.367     44.455
     -6.737   -154.105     63.738   -333.972     13.448    -43.426     44.461
     -6.739   -154.132     63.825   -334.061     13.340    -43.485     44.467
     -6.741   -154.159     63.912   -334.150     13.232    -43.543     44.474
     -6.743   -154.185     63.999   -334.239     13.124    -43.602     44.480
     -6.745   -154.211     64.086   -334.328     13.017    -43.660     44.486
     -6.747   -154.237     64.174   -334.417     12.909    -43.719     44.492
     -6.749   -154.263     64.261   -334.506     12.801    -43.778     44.498
     -6.751   -154.288     64.349   -334.595     12.694    -43.836     44.504
     -6.753   -154.314     64.437   -334.684     12.586    -43.895     44.510
     -6.755   -154.339     64.525   -334.773     12.479    -43.953     44.517
     -6.757   -154.364     64.612   -334.862     12.371    -44.011     44.523
     -6.759   -154.388     64.701   -334.951     12.264    -44.070     44.529
     -6.761   -154.413     64.789   -335.040     12.156    -44.128     44.535
     -6.763   -154.437     64.877   -335.129     12.049    -44.187     44.541
     -6.765   -154.461     64.966   -335.218     11.942    -44.245     44.547
     -6.767   -154.485     65.054   -335.307     11.834    -44.303     44.554
     -6.769   -154.508     65.143   -335.396     11.727    -44.361     44.560
     -6.771   -154.532     65.231   -335.485     11.620    -44.420     44.566
     -6.773   -154.555     65.320   -335.574     11.512    -44.478     44.572
     -6.775   -154.578     65.409   -335.664     11.405    -44.536     44.578
     -6.777   -154.600     65.499   -335.753     11.298    -44.594     44.584
     -6.779   -154.623     65.588   -335.842     11.191    -44.652     44.590
     -6.781   -154.645     65.677   -335.931     11.084    -44.710     44.597
     -6.783   -154.667     65.767   -336.020     10.977    -44.768     44.603
     -6.785   -154.689     65.856   -336.110     10.870    -44.826     44.609
     -6.787   -154.711     65.946   -336.199     10.763    -44.884     44.615
     -6.789   -154.732     66.036   -336.288     10.656    -44.942     44.621
     -6.791   -154.753     66.126   -336.377     10.549    -45.000     44.628
     -6.793   -154.774     66.216   -336.467     10.442    -45.058     44.634
     -6.795   -154.795     66.306   -336.556     10.335    -45.116     44.640
     -6.797   -154.816     66.396   -336.645     10.228    -45.174     44.646
     -6.799   -154.836     66.487   -336.734     10.121    -45.232     44.652
     -6.801   -154.856     66.577   -336.824     10.014    -45.290     44.658
     -6.803   -154.876     66.668   -336.913      9.908    -45.347     44.665
     -6.805   -154.896     66.759   -337.002      9.801    -45.405     44.671
     -6.807   -154.915     66.849   -337.092      9.694    -45.463     44.677
     -6.809   -154.934     66.940   -337.181      9.587    -45.521     44.683
     -6.811   -154.954     67.031   -337.270      9.481    -45.578     44.689
     -6.813   -154.972     67.123   -337.360      9.374    -45.636     44.696
     -6.815   -154.991     67.214   -337.449      9.268    -45.694     44.702
     -6.817   -155.009     67.305   -337.539      9.161    -45.751     44.708
     -6.819   -155.028     67.397   -337.628      9.055    -45.809     44.714
     -6.821   -155.046     67.489   -337.717      8.948    -45.866     44.720
     -6.823   -155.063     67.581   -337.807      8.842    -45.924     44.727
     -6.825   -155.081     67.672   -337.896      8.735    -45.981     44.733
     -6.827   -155.098     67.764   -337.986      8.629    -46.039     44.739
     -6.829   -155.116     67.857   -338.075      8.522    -46.096     44.745
     -6.831   -155.133     67.949   -338.165      8.416    -46.154     44.751
     -6.833   -155.149     68.041   -338.254      8.310    -46.211     44.758
     -6.835   -155.166     68.134   -338.344      8.203    -46.269     44.764
     -6.837   -155.182     68.226   -338.433      8.097    -46.326     44.770
     -6.839   -155.198     68.319   -338.523      7.991    -46.383     44.776
     -6.841   -155.214     68.412   -338.613      7.884    -46.441     44.783
     -6.843   -155.230     68.505   -338.702      7.778    -46.498     44.789
     -6.845   -155.245     68.598   -338.792      7.672    -46.555     44.795
     -6.847   -155.260     68.691   -338.881      7.566    -46.612     44.801
     -6.849   -155.275     68.784   -338.971      7.460    -46.670     44.808
     -6.851   -155.290     68.878   -339.060      7.354    -46.727     44.814
     -6.853   -155.305     68.971   -339.150      7.248    -46.784     44.820
     -6.855   -155.319     69.065   -339.240      7.142    -46.841     44.826
     -6.857   -155.333     69.159   -339.329      7.036    -46.898     44.832
     -6.859   -155.347     69.252   -339.419      6.930    -46.955     44.839
     -6.861   -155.361     69.346   -339.509      6.824    -47.012     44.845
     -6.863   -155.375     69.440   -339.598      6.718    -47.069     44.851
     -6.865   -155.388     69.535   -339.688      6.612    -47.126     44.857
     -6.867   -155.401     69.629   -339.778      6.506    -47.183     44.864
     -6.869   -155.414     69.723   -339.868      6.400    -47.240     44.870
     -6.871   -155.427     69.818   -339.957      6.294    -47.297     44.876
     -6.873   -155.439     69.913   -340.047      6.188    -47.354     44.883
     -6.875   -155.451     70.007   -340.137      6.082    -47.411     44.889
     -6.877   -155.463     70.102   -340.227      5.977    -47.468     44.895
     -6.879   -155.475     70.197   -340.317      5.871    -47.525     44.901
     -6.881   -155.487     70.292   -340.406      5.765    -47.582     44.908
     -6.883   -155.498     70.387   -340.496      5.659    -47.638     44.914
     -6.885   -155.510     70.483   -340.586      5.554    -47.695     44.920
     -6.887   -155.521     70.578   -340.676      5.448    -47.752     44.926
     -6.889   -155.531     70.674   -340.766      5.342    -47.809     44.933
     -6.891   -155.542     70.770   -340.856      5.237    -47.865     44.939
     -6.893   -155.552     70.865   -340.945      5.131    -47.922     44.945
     -6.895   -155.563     70.961   -341.035      5.026    -47.979     44.952
     -6.897   -155.572     71.057   -341.125      4.920    -48.035     44.958
     -6.899   -155.582     71.153   -341.215      4.815    -48.092     44.964
     -6.901   -155.592     71.250   -341.305      4.709    -48.149     44.970
     -6.903   -155.601     71.346   -341.395      4.604    -48.205     44.977
     -6.905   -155.610     71.442   -341.485      4.498    -48.262     44.983
     -6.907   -155.619     71.539   -341.575      4.393    -48.318     44.989
     -6.909   -155.628     71.636   -341.665      4.287    -48.375     44.996
     -6.911   -155.636     71.732   -341.755      4.182    -48.432     45.002
     -6.913   -155.644     71.829   -341.845      4.076    -48.488     45.008
     -6.915   -155.652     71.926   -341.935      3.971    -48.544     45.015
     -6.917   -155.660     72.024   -342.025      3.866    -48.601     45.021
     -6.919   -155.668     72.121   -342.115      3.760    -48.657     45.027
     -6.921   -155.675     72.218   -342.205      3.655    -48.714     45.033
     -6.923   -155.683     72.316   -342.295      3.550    -48.770     45.040
     -6.925   -155.690     72.413   -342.385      3.444    -48.827     45.046
     -6.927   -155.696     72.511   -342.475      3.339    -48.883     45.052
     -6.929   -155.703     72.609   -342.566      3.234    -48.939     45.059
     -6.931   -155.709     72.707   -342.656      3.129    -48.996     45.065
     -6.933   -155.715     72.805   -342.746      3.023    -49.052     45.071
     -6.935   -155.721     72.903   -342.836      2.918    -49.108     45.078
     -6.937   -155.727     73.001   -342.926      2.813    -49.164     45.084
     -6.939   -155.733     73.100   -343.016      2.708    -49.221     45.090
     -6.941   -155.738     73.198   -343.106      2.603    -49.277     45.097
     -6.943   -155.743     73.297   -343.197      2.498    -49.333     45.103
     -6.945   -155.748     73.395   -343.287      2.393    -49.389     45.109
     -6.947   -155.753     73.494   -343.377      2.288    -49.445     45.116
     -6.949   -155.757     73.593   -343.467      2.182    -49.501     45.122
     -6.951   -155.761     73.692   -343.558      2.077    -49.558     45.128
     -6.953   -155.765     73.791   -343.648      1.972    -49.614     45.135
     -6.955   -155.769     73.891   -343.738      1.867    -49.670     45.141
     -6.957   -155.773     73.990   -343.828      1.762    -49.726     45.148
     -6.959   -155.776     74.090   -343.919      1.657    -49.782     45.154
     -6.961   -155.779     74.189   -344.009      1.552    -49.838     45.160
     -6.963   -155.782     74.289   -344.099      1.448    -49.894     45.167
     -6.965   -155.785     74.389   -344.190      1.343    -49.950     45.173
     -6.967   -155.788     74.489   -344.280      1.238    -50.006     45.179
     -6.969   -155.790     74.589   -344.370      1.133    -50.062     45.186
     -6.971   -155.792     74.689   -344.461      1.028    -50.118     45.192
     -6.973   -155.794     74.789   -344.551      0.923    -50.174     45.198
     -6.975   -155.796     74.890   -344.642      0.818    -50.230     45.205
     -6.977   -155.798     74.990   -344.732      0.713    -50.285     45.211
     -6.979   -155.799     75.091   -344.822      0.609    -50.341     45.218
     -6.981   -155.800     75.192   -344.913      0.504    -50.397     45.224
     -6.983   -155.801     75.292   -345.003      0.399    -50.453     45.230
     -6.985   -155.802     75.393   -345.094      0.294    -50.509     45.237
     -6.987   -155.802     75.494   -345.184      0.189    -50.565     45.243
     -6.989   -155.802     75.596   -345.275      0.085    -50.620     45.250
     -6.991   -155.802     75.697   -345.365     -0.020    -50.676     45.256
     -6.993   -155.802     75.798   -345.456     -0.125    -50.732     45.262
     -6.995   -155.802     75.900   -345.546     -0.230    -50.788     45.269
     -6.997   -155.801     76.002   -345.637     -0.334    -50.843     45.275
     -6.999   -155.801     76.103   -345.727     -0.439    -50.899     45.282
     -7.001   -155.800     76.205   -345.818     -0.544    -50.955     45.288
     -7.003   -155.798     76.307   -345.909     -0.648    -51.010     45.294
     -7.005   -155.797     76.409   -345.999     -0.753    -51.066     45.301
     -7.007   -155.795     76.511   -346.090     -0.858    -51.122     45.307
     -7.009   -155.794     76.614   -346.180     -0.962    -51.177     45.314
     -7.011   -155.792     76.716   -346.271     -1.067    -51.233     45.320
     -7.013   -155.789     76.819   -346.362     -1.171    -51.288     45.327
     -7.015   -155.787     76.921   -346.452     -1.276    -51.344     45.333
     -7.017   -155.784     77.024   -346.543     -1.381    -51.400     45.339
     -7.019   -155.781     77.127   -346.634     -1.485    -51.455     45.346
     -7.021   -155.778     77.230   -346.724     -1.590    -51.511     45.352
     -7.023   -155.775     77.333   -346.815     -1.694    -51.566     45.359
     -7.025   -155.772     77.436   -346.906     -1.799    -51.622     45.365
     -7.027   -155.768     77.539   -346.997     -1.903    -51.677     45.372
     -7.029   -155.764     77.643   -347.087     -2.008    -51.733     45.378
     -7.031   -155.760     77.746   -347.178     -2.112    -51.788     45.384
     -7.033   -155.755     77.850   -347.269     -2.217    -51.843     45.391
     -7.035   -155.751     77.954   -347.360     -2.321    -51.899     45.397
     -7.037   -155.746     78.058   -347.450     -2.426    -51.954     45.404
     -7.039   -155.741     78.161   -347.541     -2.530    -52.010     45.410
     -7.041   -155.736     78.266   -347.632     -2.635    -52.065     45.417
     -7.043   -155.731     78.370   -347.723     -2.739    -52.120     45.423
     -7.045   -155.725     78.474   -347.814     -2.844    -52.176     45.430
     -7.047   -155.719     78.578   -347.905     -2.948    -52.231     45.436
     -7.049   -155.713     78.683   -347.995     -3.053    -52.286     45.443
     -7.051   -155.707     78.788   -348.086     -3.157    -52.342     45.449
     -7.053   -155.701     78.892   -348.177     -3.261    -52.397     45.456
     -7.055   -155.694     78.997   -348.268     -3.366    -52.452     45.462
     -7.057   -155.687     79.102   -348.359     -3.470    -52.508     45.469
     -7.059   -155.680     79.207   -348.450     -3.575    -52.563     45.475
     -7.061   -155.673     79.312   -348.541     -3.679    -52.618     45.482
     -7.063   -155.665     79.418   -348.632     -3.783    -52.673     45.488
     -7.065   -155.658     79.523   -348.723     -3.888    -52.728     45.495
     -7.067   -155.650     79.629   -348.814     -3.992    -52.784     45.501
     -7.069   -155.642     79.734   -348.905     -4.096    -52.839     45.508
     -7.071   -155.634     79.840   -348.996     -4.201    -52.894     45.514
     -7.073   -155.625     79.946   -349.087     -4.305    -52.949     45.521
     -7.075   -155.616     80.052   -349.178     -4.409    -53.004     45.527
     -7.077   -155.607     80.158   -349.269     -4.514    -53.059     45.534
     -7.079   -155.598     80.264   -349.360     -4.618    -53.115     45.540
     -7.081   -155.589     80.370   -349.451     -4.722    -53.170     45.547
     -7.083   -155.579     80.477   -349.542     -4.827    -53.225     45.553
     -7.085   -155.570     80.583   -349.634     -4.931    -53.280     45.560
     -7.087   -155.560     80.690   -349.725     -5.035    -53.335     45.566
     -7.089   -155.549     80.796   -349.816     -5.139    -53.390     45.573
     -7.091   -155.539     80.903   -349.907     -5.244    -53.445     45.579
     -7.093   -155.528     81.010   -349.998     -5.348    -53.500     45.586
     -7.095   -155.518     81.117   -350.089     -5.452    -53.555     45.592
     -7.097   -155.507     81.224   -350.180     -5.556    -53.610     45.599
     -7.099   -155.495     81.332   -350.272     -5.661    -53.665     45.605
     -7.101   -155.484     81.439   -350.363     -5.765    -53.720     45.612
     -7.103   -155.472     81.547   -350.454     -5.869    -53.775     45.618
     -7.105   -155.461     81.654   -350.545     -5.973    -53.830     45.625
     -7.107   -155.449     81.762   -350.637     -6.078    -53.885     45.632
     -7.109   -155.436     81.870   -350.728     -6.182    -53.940     45.638
     -7.111   -155.424     81.978   -350.819     -6.286    -53.995     45.645
     -7.113   -155.411     82.086   -350.910     -6.390    -54.050     45.651
     -7.115   -155.398     82.194   -351.002     -6.495    -54.105     45.658
     -7.117   -155.385     82.302   -351.093     -6.599    -54.160     45.664
     -7.119   -155.372     82.411   -351.184     -6.703    -54.214     45.671
     -7.121   -155.358     82.519   -351.276     -6.807    -54.269     45.678
     -7.123   -155.345     82.628   -351.367     -6.912    -54.324     45.684
     -7.125   -155.331     82.736   -351.459     -7.016    -54.379     45.691
     -7.127   -155.317     82.845   -351.550     -7.120    -54.434     45.697
     -7.129   -155.302     82.954   -351.641     -7.224    -54.489     45.704
     -7.131   -155.288     83.063   -351.733     -7.328    -54.543     45.710
     -7.133   -155.273     83.172   -351.824     -7.433    -54.598     45.717
     -7.135   -155.258     83.282   -351.916     -7.537    -54.653     45.724
     -7.137   -155.243     83.391   -352.007     -7.641    -54.708     45.730
     -7.139   -155.227     83.500   -352.099     -7.745    -54.763     45.737
     -7.141   -155.212     83.610   -352.190     -7.849    -54.817     45.743
     -7.143   -155.196     83.720   -352.282     -7.954    -54.872     45.750
     -7.145   -155.180     83.829   -352.373     -8.058    -54.927     45.757
     -7.147   -155.164     83.939   -352.465     -8.162    -54.982     45.763
     -7.149   -155.147     84.049   -352.556     -8.266    -55.036     45.770
     -7.151   -155.131     84.159   -352.648     -8.370    -55.091     45.777
     -7.153   -155.114     84.270   -352.739     -8.475    -55.146     45.783
     -7.155   -155.097     84.380   -352.831     -8.579    -55.201     45.790
     -7.157   -155.079     84.491   -352.922     -8.683    -55.255     45.796
     -7.159   -155.062     84.601   -353.014     -8.787    -55.310     45.803
     -7.161   -155.044     84.712   -353.106     -8.891    -55.365     45.810
     -7.163   -155.026     84.823   -353.197     -8.996    -55.419     45.816
     -7.165   -155.008     84.933   -353.289     -9.100    -55.474     45.823
     -7.167   -154.990     85.044   -353.380     -9.204    -55.529     45.830
     -7.169   -154.972     85.156   -353.472     -9.308    -55.583     45.836
     -7.171   -154.953     85.267   -353.564     -9.412    -55.638     45.843
     -7.173   -154.934     85.378   -353.655     -9.517    -55.693     45.850
     -7.175   -154.915     85.490   -353.747     -9.621    -55.747     45.856
     -7.177   -154.895     85.601   -353.839     -9.725    -55.802     45.863
     -7.179   -154.876     85.713   -353.931     -9.829    -55.856     45.870
     -7.181   -154.856     85.825   -354.022     -9.933    -55.911     45.876
     -7.183   -154.836     85.936   -354.114    -10.038    -55.966     45.883
     -7.185   -154.816     86.048   -354.206    -10.142    -56.020     45.890
     -7.187   -154.796     86.160   -354.298    -10.246    -56.075     45.896
     -7.189   -154.775     86.273   -354.390    -10.350    -56.129     45.903
     -7.191   -154.754     86.385   -354.481    -10.454    -56.184     45.910
     -7.193   -154.733     86.497   -354.573    -10.559    -56.238     45.916
     -7.195   -154.712     86.610   -354.665    -10.663    -56.293     45.923
     -7.197   -154.690     86.723   -354.757    -10.767    -56.347     45.930
     -7.199   -154.669     86.835   -354.849    -10.871    -56.402     45.936
     -7.201   -154.647     86.948   -354.941    -10.976    -56.456     45.943
     -7.203   -154.625     87.061   -355.032    -11.080    -56.511     45.950
     -7.205   -154.603     87.174   -355.124    -11.184    -56.565     45.956
     -7.207   -154.580     87.287   -355.216    -11.288    -56.620     45.963
     -7.209   -154.558     87.401   -355.308    -11.393    -56.674     45.970
     -7.211   -154.535     87.514   -355.400    -11.497    -56.729     45.977
     -7.213   -154.512     87.628   -355.492    -11.601    -56.783     45.983
     -7.215   -154.488     87.741   -355.584    -11.705    -56.838     45.990
     -7.217   -154.465     87.855   -355.676    -11.810    -56.892     45.997
     -7.219   -154.441     87.969   -355.768    -11.914    -56.947     46.004
     -7.221   -154.417     88.083   -355.860    -12.018    -57.001     46.010
     -7.223   -154.393     88.197   -355.952    -12.123    -57.056     46.017
     -7.225   -154.369     88.311   -356.044    -12.227    -57.110     46.024
     -7.227   -154.344     88.425   -356.136    -12.331    -57.165     46.030
     -7.229   -154.319     88.540   -356.228    -12.435    -57.219     46.037
     -7.231   -154.294     88.654   -356.320    -12.540    -57.273     46.044
     -7.233   -154.269     88.769   -356.412    -12.644    -57.328     46.051
     -7.235   -154.244     88.883   -356.505    -12.748    -57.382     46.057
     -7.237   -154.218     88.998   -356.597    -12.853    -57.437     46.064
     -7.239   -154.192     89.113   -356.689    -12.957    -57.491     46.071
     -7.241   -154.166     89.228   -356.781    -13.061    -57.545     46.078
     -7.243   -154.140     89.343   -356.873    -13.166    -57.600     46.085
     -7.245   -154.114     89.459   -356.965    -13.270    -57.654     46.091
     -7.247   -154.087     89.574   -357.058    -13.375    -57.709     46.098
     -7.249   -154.060     89.689   -357.150    -13.479    -57.763     46.105
     -7.251   -154.033     89.805   -357.242    -13.583    -57.817     46.112
     -7.253   -154.006     89.921   -357.334    -13.688    -57.872     46.118
     -7.255   -153.978     90.037   -357.426    -13.792    -57.926     46.125
     -7.257   -153.951     90.152   -357.519    -13.896    -57.980     46.132
     -7.259   -153.923     90.268   -357.611    -14.001    -58.035     46.139
     -7.261   -153.895     90.385   -357.703    -14.105    -58.089     46.146
     -7.263   -153.866     90.501   -357.796    -14.210    -58.143     46.152
     -7.265   -153.838     90.617   -357.888    -14.314    -58.198     46.159
     -7.267   -153.809     90.734   -357.980    -14.419    -58.252     46.166
     -7.269   -153.780     90.850   -358.073    -14.523    -58.306     46.173
     -7.271   -153.751     90.967   -358.165    -14.628    -58.361     46.180
     -7.273   -153.722     91.084   -358.257    -14.732    -58.415     46.187
     -7.275   -153.692     91.200   -358.350    -14.837    -58.469     46.193
     -7.277   -153.662     91.317   -358.442    -14.941    -58.524     46.200
     -7.279   -153.632     91.435   -358.534    -15.046    -58.578     46.207
     -7.281   -153.602     91.552   -358.627    -15.150    -58.632     46.214
     -7.283   -153.572     91.669   -358.719    -15.255    -58.687     46.221
     -7.285   -153.541     91.787   -358.812    -15.359    -58.741     46.228
     -7.287   -153.510     91.904   -358.904    -15.464    -58.795     46.234
     -7.289   -153.479     92.022   -358.997    -15.568    -58.850     46.241
     -7.291   -153.448     92.139   -359.089    -15.673    -58.904     46.248
     -7.293   -153.416     92.257   -359.182    -15.777    -58.958     46.255
     -7.295   -153.385     92.375   -359.274    -15.882    -59.012     46.262
     -7.297   -153.353     92.493   -359.367    -15.987    -59.067     46.269
     -7.299   -153.321     92.612   -359.459    -16.091    -59.121     46.276
     -7.301   -153.289     92.730   -359.552    -16.196    -59.175     46.282
     -7.303   -153.256     92.848   -359.644    -16.301    -59.229     46.289
     -7.305   -153.223     92.967   -359.737    -16.405    -59.284     46.296
     -7.307   -153.190     93.085   -359.830    -16.510    -59.338     46.303
     -7.309   -153.157     93.204   -359.922    -16.615    -59.392     46.310
     -7.311   -153.124     93.323   -360.015    -16.719    -59.447     46.317
     -7.313   -153.090     93.442   -360.107    -16.824    -59.501     46.324
     -7.315   -153.057     93.561   -360.200    -16.929    -59.555     46.331
     -7.317   -153.023     93.680   -360.293    -17.033    -59.609     46.338
     -7.319   -152.989     93.799   -360.385    -17.138    -59.664     46.344
     -7.321   -152.954     93.919   -360.478    -17.243    -59.718     46.351
     -7.323   -152.920     94.038   -360.571    -17.348    -59.772     46.358
     -7.325   -152.885     94.158   -360.664    -17.452    -59.826     46.365
     -7.327   -152.850     94.278   -360.756    -17.557    -59.881     46.372
     -7.329   -152.815     94.397   -360.849    -17.662    -59.935     46.379
     -7.331   -152.779     94.517   -360.942    -17.767    -59.989     46.386
     -7.333   -152.744     94.637   -361.035    -17.872    -60.043     46.393
     -7.335   -152.708     94.758   -361.127    -17.977    -60.097     46.400
     -7.337   -152.672     94.878   -361.220    -18.081    -60.152     46.407
     -7.339   -152.635     94.998   -361.313    -18.186    -60.206     46.414
     -7.341   -152.599     95.119   -361.406    -18.291    -60.260     46.421
     -7.343   -152.562     95.239   -361.499    -18.396    -60.314     46.428
     -7.345   -152.525     95.360   -361.592    -18.501    -60.369     46.435
     -7.347   -152.488     95.481   -361.684    -18.606    -60.423     46.442
     -7.349   -152.451     95.602   -361.777    -18.711    -60.477     46.449
     -7.351   -152.413     95.723   -361.870    -18.816    -60.531     46.456
     -7.353   -152.376     95.844   -361.963    -18.921    -60.586     46.463
     -7.355   -152.338     95.965   -362.056    -19.026    -60.640     46.470
     -7.357   -152.299     96.086   -362.149    -19.131    -60.694     46.477
     -7.359   -152.261     96.208   -362.242    -19.236    -60.748     46.483
     -7.361   -152.223     96.329   -362.335    -19.341    -60.802     46.490
     -7.363   -152.184     96.451   -362.428    -19.446    -60.857     46.497
     -7.365   -152.145     96.573   -362.521    -19.551    -60.911     46.504
     -7.367   -152.106     96.695   -362.614    -19.656    -60.965     46.511
     -7.369   -152.066     96.816   -362.707    -19.762    -61.019     46.518
     -7.371   -152.027     96.939   -362.800    -19.867    -61.074     46.526
     -7.373   -151.987     97.061   -362.893    -19.972    -61.128     46.533
     -7.375   -151.947     97.183   -362.986    -20.077    -61.182     46.540
     -7.377   -151.906     97.306   -363.079    -20.182    -61.236     46.547
     -7.379   -151.866     97.428   -363.172    -20.288    -61.291     46.554
     -7.381   -151.825     97.551   -363.265    -20.393    -61.345     46.561
     -7.383   -151.784     97.673   -363.359    -20.498    -61.399     46.568
     -7.385   -151.743     97.796   -363.452    -20.603    -61.453     46.575
     -7.387   -151.702     97.919   -363.545    -20.709    -61.507     46.582
     -7.389   -151.660     98.042   -363.638    -20.814    -61.562     46.589
     -7.391   -151.619     98.165   -363.731    -20.919    -61.616     46.596
     -7.393   -151.577     98.289   -363.824    -21.025    -61.670     46.603
     -7.395   -151.535     98.412   -363.918    -21.130    -61.724     46.610
     -7.397   -151.492     98.536   -364.011    -21.235    -61.779     46.617
     -7.399   -151.450     98.659   -364.104    -21.341    -61.833     46.624
     -7.401   -151.407     98.783   -364.197    -21.446    -61.887     46.631
     -7.403   -151.364     98.907   -364.291    -21.552    -61.941     46.638
     -7.405   -151.321     99.031   -364.384    -21.657    -61.996     46.645
     -7.407   -151.277     99.155   -364.477    -21.763    -62.050     46.652
     -7.409   -151.234     99.279   -364.571    -21.868    -62.104     46.660
     -7.411   -151.190     99.403   -364.664    -21.974    -62.158     46.667
     -7.413   -151.146     99.528   -364.757    -22.079    -62.213     46.674
     -7.415   -151.101     99.652   -364.851    -22.185    -62.267     46.681
     -7.417   -151.057     99.777   -364.944    -22.291    -62.321     46.688
     -7.419   -151.012     99.901   -365.037    -22.396    -62.375     46.695
     -7.421   -150.967    100.026   -365.131    -22.502    -62.430     46.702
     -7.423   -150.922    100.151   -365.224    -22.608    -62.484     46.709
     -7.425   -150.877    100.276   -365.318    -22.713    -62.538     46.716
     -7.427   -150.831    100.401   -365.411    -22.819    -62.592     46.724
     -7.429   -150.786    100.526   -365.504    -22.925    -62.647     46.731
     -7.431   -150.740    100.652   -365.598    -23.030    -62.701     46.738
     -7.433   -150.694    100.777   -365.691    -23.136    -62.755     46.745
     -7.435   -150.647    100.903   -365.785    -23.242    -62.810     46.752
     -7.437   -150.601    101.029   -365.878    -23.348    -62.864     46.759
     -7.439   -150.554    101.154   -365.972    -23.454    -62.918     46.766
     -7.441   -150.507    101.280   -366.065    -23.560    -62.972     46.774
     -7.443   -150.460    101.406   -366.159    -23.665    -63.027     46.781
     -7.445   -150.412    101.532   -366.253    -23.771    -63.081     46.788
     -7.447   -150.364    101.659   -366.346    -23.877    -63.135     46.795
     -7.449   -150.317    101.785   -366.440    -23.983    -63.190     46.802
     -7.451   -150.268    101.911   -366.533    -24.089    -63.244     46.809
     -7.453   -150.220    102.038   -366.627    -24.195    -63.298     46.817
     -7.455   -150.172    102.164   -366.721    -24.301    -63.353     46.824
     -7.457   -150.123    102.291   -366.814    -24.408    -63.407     46.831
     -7.459   -150.074    102.418   -366.908    -24.514    -63.461     46.838
     -7.461   -150.025    102.545   -367.002    -24.620    -63.515     46.845
     -7.463   -149.976    102.672   -367.095    -24.726    -63.570     46.853
     -7.465   -149.926    102.799   -367.189    -24.832    -63.624     46.860
     -7.467   -149.876    102.927   -367.283    -24.938    -63.678     46.867
     -7.469   -149.826    103.054   -367.377    -25.045    -63.733     46.874
     -7.471   -149.776    103.182   -367.470    -25.151    -63.787     46.882
     -7.473   -149.726    103.309   -367.564    -25.257    -63.842     46.889
     -7.475   -149.675    103.437   -367.658    -25.363    -63.896     46.896
     -7.477   -149.624    103.565   -367.752    -25.470    -63.950     46.903
     -7.479   -149.573    103.693   -367.845    -25.576    -64.005     46.910
     -7.481   -149.522    103.821   -367.939    -25.682    -64.059     46.918
     -7.483   -149.470    103.949   -368.033    -25.789    -64.113     46.925
     -7.485   -149.419    104.077   -368.127    -25.895    -64.168     46.932
     -7.487   -149.367    104.206   -368.221    -26.002    -64.222     46.940
     -7.489   -149.315    104.334   -368.315    -26.108    -64.277     46.947
     -7.491   -149.262    104.463   -368.409    -26.215    -64.331     46.954
     -7.493   -149.210    104.591   -368.503    -26.321    -64.385     46.961
     -7.495   -149.157    104.720   -368.597    -26.428    -64.440     46.969
     -7.497   -149.104    104.849   -368.690    -26.535    -64.494     46.976
     -7.499   -149.051    104.978   -368.784    -26.641    -64.549     46.983
     -7.501   -148.998    105.107   -368.878    -26.748    -64.603     46.991
     -7.503   -148.944    105.237   -368.972    -26.855    -64.657     46.998
     -7.505   -148.890    105.366   -369.066    -26.961    -64.712     47.005
     -7.507   -148.836    105.496   -369.160    -27.068    -64.766     47.012
     -7.509   -148.782    105.625   -369.254    -27.175    -64.821     47.020
     -7.511   -148.727    105.755   -369.348    -27.282    -64.875     47.027
     -7.513   -148.673    105.885   -369.443    -27.389    -64.930     47.034
     -7.515   -148.618    106.015   -369.537    -27.495    -64.984     47.042
     -7.517   -148.563    106.145   -369.631    -27.602    -65.039     47.049
     -7.519   -148.508    106.275   -369.725    -27.709    -65.093     47.056
     -7.521   -148.452    106.405   -369.819    -27.816    -65.148     47.064
     -7.523   -148.396    106.535   -369.913    -27.923    -65.202     47.071
     -7.525   -148.340    106.666   -370.007    -28.030    -65.257     47.078
     -7.527   -148.284    106.796   -370.101    -28.137    -65.311     47.086
     -7.529   -148.228    106.927   -370.196    -28.245    -65.366     47.093
     -7.531   -148.171    107.058   -370.290    -28.352    -65.420     47.101
     -7.533   -148.114    107.189   -370.384    -28.459    -65.475     47.108
     -7.535   -148.057    107.320   -370.478    -28.566    -65.529     47.115
     -7.537   -148.000    107.451   -370.572    -28.673    -65.584     47.123
     -7.539   -147.943    107.582   -370.667    -28.781    -65.638     47.130
     -7.541   -147.885    107.713   -370.761    -28.888    -65.693     47.138
     -7.543   -147.827    107.845   -370.855    -28.995    -65.748     47.145
     -7.545   -147.769    107.976   -370.950    -29.103    -65.802     47.152
     -7.547   -147.711    108.108   -371.044    -29.210    -65.857     47.160
     -7.549   -147.652    108.240   -371.138    -29.317    -65.911     47.167
     -7.551   -147.593    108.372   -371.232    -29.425    -65.966     47.175
     -7.553   -147.534    108.504   -371.327    -29.532    -66.021     47.182
     -7.555   -147.475    108.636   -371.421    -29.640    -66.075     47.189
     -7.557   -147.416    108.768   -371.516    -29.747    -66.130     47.197
     -7.559   -147.356    108.900   -371.610    -29.855    -66.184     47.204
     -7.561   -147.296    109.033   -371.704    -29.963    -66.239     47.212
     -7.563   -147.236    109.165   -371.799    -30.070    -66.294     47.219
     -7.565   -147.176    109.298   -371.893    -30.178    -66.348     47.227
     -7.567   -147.116    109.431   -371.988    -30.286    -66.403     47.234
     -7.569   -147.055    109.563   -372.082    -30.394    -66.458     47.242
     -7.571   -146.994    109.696   -372.177    -30.501    -66.512     47.249
     -7.573   -146.933    109.829   -372.271    -30.609    -66.567     47.257
     -7.575   -146.872    109.963   -372.366    -30.717    -66.622     47.264
     -7.577   -146.810    110.096   -372.460    -30.825    -66.677     47.272
     -7.579   -146.748    110.229   -372.555    -30.933    -66.731     47.279
     -7.581   -146.686    110.363   -372.649    -31.041    -66.786     47.287
     -7.583   -146.624    110.497   -372.744    -31.149    -66.841     47.294
     -7.585   -146.562    110.630   -372.839    -31.257    -66.896     47.302
     -7.587   -146.499    110.764   -372.933    -31.365    -66.950     47.309
     -7.589   -146.436    110.898   -373.028    -31.473    -67.005     47.317
     -7.591   -146.373    111.032   -373.122    -31.581    -67.060     47.324
     -7.593   -146.310    111.166   -373.217    -31.690    -67.115     47.332
     -7.595   -146.247    111.301   -373.312    -31.798    -67.169     47.339
     -7.597   -146.183    111.435   -373.406    -31.906    -67.224     47.347
     -7.599   -146.119    111.569   -373.501    -32.015    -67.279     47.354
     -7.601   -146.055    111.704   -373.596    -32.123    -67.334     47.362
     -7.603   -145.990    111.839   -373.691    -32.231    -67.389     47.369
     -7.605   -145.926    111.974   -373.785    -32.340    -67.444     47.377
     -7.607   -145.861    112.109   -373.880    -32.448    -67.499     47.385
     -7.609   -145.796    112.244   -373.975    -32.557    -67.553     47.392
     -7.611   -145.731    112.379   -374.070    -32.665    -67.608     47.400
     -7.613   -145.665    112.514   -374.165    -32.774    -67.663     47.407
     -7.615   -145.600    112.649   -374.259    -32.883    -67.718     47.415
     -7.617   -145.534    112.785   -374.354    -32.991    -67.773     47.423
     -7.619   -145.468    112.921   -374.449    -33.100    -67.828     47.430
     -7.621   -145.401    113.056   -374.544    -33.209    -67.883     47.438
     -7.623   -145.335    113.192   -374.639    -33.318    -67.938     47.445
     -7.625   -145.268    113.328   -374.734    -33.426    -67.993     47.453
     -7.627   -145.201    113.464   -374.829    -33.535    -68.048     47.461
     -7.629   -145.134    113.600   -374.924    -33.644    -68.103     47.468
     -7.631   -145.067    113.736   -375.018    -33.753    -68.158     47.476
     -7.633   -144.999    113.873   -375.113    -33.862    -68.213     47.484
     -7.635   -144.931    114.009   -375.208    -33.971    -68.268     47.491
     -7.637   -144.863    114.146   -375.303    -34.080    -68.323     47.499
     -7.639   -144.795    114.283   -375.398    -34.190    -68.378     47.507
     -7.641   -144.726    114.419   -375.493    -34.299    -68.433     47.514
     -7.643   -144.658    114.556   -375.588    -34.408    -68.488     47.522
     -7.645   -144.589    114.693   -375.683    -34.517    -68.543     47.530
     -7.647   -144.520    114.831   -375.779    -34.627    -68.598     47.537
     -7.649   -144.450    114.968   -375.874    -34.736    -68.654     47.545
     -7.651   -144.381    115.105   -375.969    -34.845    -68.709     47.553
     -7.653   -144.311    115.243   -376.064    -34.955    -68.764     47.560
     -7.655   -144.241    115.380   -376.159    -35.064    -68.819     47.568
     -7.657   -144.171    115.518   -376.254    -35.174    -68.874     47.576
     -7.659   -144.100    115.656   -376.349    -35.283    -68.929     47.584
     -7.661   -144.030    115.794   -376.444    -35.393    -68.985     47.591
     -7.663   -143.959    115.932   -376.540    -35.503    -69.040     47.599
     -7.665   -143.887    116.070   -376.635    -35.612    -69.095     47.607
     -7.667   -143.816    116.208   -376.730    -35.722    -69.150     47.614
     -7.669   -143.745    116.346   -376.825    -35.832    -69.205     47.622
     -7.671   -143.673    116.485   -376.921    -35.942    -69.261     47.630
     -7.673   -143.601    116.623   -377.016    -36.052    -69.316     47.638
     -7.675   -143.529    116.762   -377.111    -36.162    -69.371     47.646
     -7.677   -143.456    116.901   -377.206    -36.272    -69.427     47.653
     -7.679   -143.384    117.040   -377.302    -36.382    -69.482     47.661
     -7.681   -143.311    117.179   -377.397    -36.492    -69.537     47.669
     -7.683   -143.238    117.318   -377.492    -36.602    -69.593     47.677
     -7.685   -143.164    117.457   -377.588    -36.712    -69.648     47.684
     -7.687   -143.091    117.597   -377.683    -36.822    -69.703     47.692
     -7.689   -143.017    117.736   -377.779    -36.932    -69.759     47.700
     -7.691   -142.943    117.876   -377.874    -37.043    -69.814     47.708
     -7.693   -142.869    118.015   -377.969    -37.153    -69.870     47.716
     -7.695   -142.794    118.155   -378.065    -37.264    -69.925     47.724
     -7.697   -142.720    118.295   -378.160    -37.374    -69.981     47.731
     -7.699   -142.645    118.435   -378.256    -37.485    -70.036     47.739
     -7.701   -142.570    118.575   -378.351    -37.595    -70.091     47.747
     -7.703   -142.495    118.715   -378.447    -37.706    -70.147     47.755
     -7.705   -142.419    118.856   -378.542    -37.816    -70.203     47.763
     -7.707   -142.343    118.996   -378.638    -37.927    -70.258     47.771
     -7.709   -142.267    119.137   -378.733    -38.038    -70.314     47.779
     -7.711   -142.191    119.277   -378.829    -38.149    -70.369     47.786
     -7.713   -142.115    119.418   -378.924    -38.259    -70.425     47.794
     -7.715   -142.038    119.559   -379.020    -38.370    -70.480     47.802
     -7.717   -141.961    119.700   -379.116    -38.481    -70.536     47.810
     -7.719   -141.884    119.841   -379.211    -38.592    -70.592     47.818
     -7.721   -141.807    119.982   -379.307    -38.703    -70.647     47.826
     -7.723   -141.729    120.124   -379.403    -38.815    -70.703     47.834
     -7.725   -141.652    120.265   -379.498    -38.926    -70.759     47.842
     -7.727   -141.574    120.407   -379.594    -39.037    -70.814     47.850
     -7.729   -141.495    120.549   -379.690    -39.148    -70.870     47.858
     -7.731   -141.417    120.690   -379.785    -39.259    -70.926     47.866
     -7.733   -141.338    120.832   -379.881    -39.371    -70.981     47.874
     -7.735   -141.260    120.974   -379.977    -39.482    -71.037     47.881
     -7.737   -141.180    121.116   -380.073    -39.594    -71.093     47.889
     -7.739   -141.101    121.259   -380.168    -39.705    -71.149     47.897
     -7.741   -141.022    121.401   -380.264    -39.817    -71.205     47.905
     -7.743   -140.942    121.543   -380.360    -39.929    -71.260     47.913
     -7.745   -140.862    121.686   -380.456    -40.040    -71.316     47.921
     -7.747   -140.782    121.829   -380.552    -40.152    -71.372     47.929
     -7.749   -140.701    121.972   -380.648    -40.264    -71.428     47.937
     -7.751   -140.621    122.114   -380.744    -40.376    -71.484     47.945
     -7.753   -140.540    122.257   -380.839    -40.488    -71.540     47.953
     -7.755   -140.459    122.401   -380.935    -40.599    -71.596     47.961
     -7.757   -140.377    122.544   -381.031    -40.712    -71.652     47.969
     -7.759   -140.296    122.687   -381.127    -40.824    -71.708     47.978
     -7.761   -140.214    122.831   -381.223    -40.936    -71.764     47.986
     -7.763   -140.132    122.974   -381.319    -41.048    -71.820     47.994
     -7.765   -140.050    123.118   -381.415    -41.160    -71.876     48.002
     -7.767   -139.967    123.262   -381.511    -41.272    -71.932     48.010
     -7.769   -139.885    123.406   -381.607    -41.385    -71.988     48.018
     -7.771   -139.802    123.550   -381.703    -41.497    -72.044     48.026
     -7.773   -139.719    123.694   -381.799    -41.610    -72.100     48.034
     -7.775   -139.636    123.838   -381.895    -41.722    -72.156     48.042
     -7.777   -139.552    123.982   -381.991    -41.835    -72.212     48.050
     -7.779   -139.468    124.127   -382.088    -41.947    -72.269     48.058
     -7.781   -139.384    124.272   -382.184    -42.060    -72.325     48.066
     -7.783   -139.300    124.416   -382.280    -42.173    -72.381     48.075
     -7.785   -139.215    124.561   -382.376    -42.286    -72.437     48.083
     -7.787   -139.131    124.706   -382.472    -42.399    -72.493     48.091
     -7.789   -139.046    124.851   -382.568    -42.512    -72.550     48.099
     -7.791   -138.961    124.996   -382.665    -42.625    -72.606     48.107
     -7.793   -138.875    125.141   -382.761    -42.738    -72.662     48.115
     -7.795   -138.790    125.287   -382.857    -42.851    -72.719     48.123
     -7.797   -138.704    125.432   -382.953    -42.964    -72.775     48.132
     -7.799   -138.618    125.578   -383.050    -43.077    -72.831     48.140
     -7.801   -138.532    125.724   -383.146    -43.190    -72.888     48.148
     -7.803   -138.445    125.870   -383.242    -43.304    -72.944     48.156
     -7.805   -138.358    126.015   -383.338    -43.417    -73.001     48.164
     -7.807   -138.272    126.162   -383.435    -43.531    -73.057     48.173
     -7.809   -138.184    126.308   -383.531    -43.644    -73.114     48.181
     -7.811   -138.097    126.454   -383.628    -43.758    -73.170     48.189
     -7.813   -138.009    126.600   -383.724    -43.871    -73.227     48.197
     -7.815   -137.921    126.747   -383.820    -43.985    -73.283     48.205
     -7.817   -137.833    126.894   -383.917    -44.099    -73.340     48.214
     -7.819   -137.745    127.040   -384.013    -44.213    -73.396     48.222
     -7.821   -137.657    127.187   -384.110    -44.327    -73.453     48.230
     -7.823   -137.568    127.334   -384.206    -44.441    -73.509     48.238
     -7.825   -137.479    127.481   -384.303    -44.555    -73.566     48.247
     -7.827   -137.390    127.628   -384.399    -44.669    -73.623     48.255
     -7.829   -137.300    127.776   -384.496    -44.783    -73.679     48.263
     -7.831   -137.210    127.923   -384.592    -44.897    -73.736     48.272
     -7.833   -137.120    128.071   -384.689    -45.012    -73.793     48.280
     -7.835   -137.030    128.218   -384.785    -45.126    -73.850     48.288
     -7.837   -136.940    128.366   -384.882    -45.240    -73.906     48.296
     -7.839   -136.849    128.514   -384.978    -45.355    -73.963     48.305
     -7.841   -136.759    128.662   -385.075    -45.469    -74.020     48.313
     -7.843   -136.668    128.810   -385.172    -45.584    -74.077     48.321
     -7.845   -136.576    128.958   -385.268    -45.699    -74.134     48.330
     -7.847   -136.485    129.106   -385.365    -45.814    -74.191     48.338
     -7.849   -136.393    129.255   -385.462    -45.928    -74.248     48.347
     -7.851   -136.301    129.403   -385.558    -46.043    -74.305     48.355
     -7.853   -136.209    129.552   -385.655    -46.158    -74.362     48.363
     -7.855   -136.116    129.701   -385.752    -46.273    -74.419     48.372
     -7.857   -136.024    129.850   -385.849    -46.388    -74.476     48.380
     -7.859   -135.931    129.999   -385.945    -46.503    -74.533     48.388
     -7.861   -135.838    130.148   -386.042    -46.619    -74.590     48.397
     -7.863   -135.744    130.297   -386.139    -46.734    -74.647     48.405
     -7.865   -135.651    130.446   -386.236    -46.849    -74.704     48.414
     -7.867   -135.557    130.596   -386.333    -46.965    -74.761     48.422
     -7.869   -135.463    130.746   -386.429    -47.080    -74.818     48.431
     -7.871   -135.369    130.895   -386.526    -47.196    -74.875     48.439
     -7.873   -135.274    131.045   -386.623    -47.312    -74.933     48.447
     -7.875   -135.179    131.195   -386.720    -47.427    -74.990     48.456
     -7.877   -135.084    131.345   -386.817    -47.543    -75.047     48.464
     -7.879   -134.989    131.495   -386.914    -47.659    -75.104     48.473
     -7.881   -134.894    131.645   -387.011    -47.775    -75.162     48.481
     -7.883   -134.798    131.796   -387.108    -47.891    -75.219     48.490
     -7.885   -134.702    131.946   -387.205    -48.007    -75.276     48.498
     -7.887   -134.606    132.097   -387.302    -48.123    -75.334     48.507
     -7.889   -134.510    132.248   -387.399    -48.239    -75.391     48.515
     -7.891   -134.413    132.398   -387.496    -48.356    -75.449     48.524
     -7.893   -134.316    132.549   -387.593    -48.472    -75.506     48.532
     -7.895   -134.219    132.700   -387.690    -48.588    -75.564     48.541
     -7.897   -134.122    132.852   -387.787    -48.705    -75.621     48.550
     -7.899   -134.024    133.003   -387.884    -48.821    -75.679     48.558
     -7.901   -133.927    133.154   -387.981    -48.938    -75.736     48.567
     -7.903   -133.829    133.306   -388.079    -49.055    -75.794     48.575
     -7.905   -133.730    133.458   -388.176    -49.172    -75.851     48.584
     -7.907   -133.632    133.609   -388.273    -49.288    -75.909     48.592
     -7.909   -133.533    133.761   -388.370    -49.405    -75.967     48.601
     -7.911   -133.434    133.913   -388.467    -49.522    -76.024     48.610
     -7.913   -133.335    134.065   -388.565    -49.639    -76.082     48.618
     -7.915   -133.236    134.218   -388.662    -49.757    -76.140     48.627
     -7.917   -133.136    134.370   -388.759    -49.874    -76.198     48.636
     -7.919   -133.036    134.522   -388.856    -49.991    -76.256     48.644
     -7.921   -132.936    134.675   -388.954    -50.109    -76.313     48.653
     -7.923   -132.836    134.828   -389.051    -50.226    -76.371     48.662
     -7.925   -132.735    134.980   -389.148    -50.344    -76.429     48.670
     -7.927   -132.634    135.133   -389.246    -50.461    -76.487     48.679
     -7.929   -132.533    135.286   -389.343    -50.579    -76.545     48.688
     -7.931   -132.432    135.439   -389.440    -50.697    -76.603     48.696
     -7.933   -132.331    135.593   -389.538    -50.815    -76.661     48.705
     -7.935   -132.229    135.746   -389.635    -50.933    -76.719     48.714
     -7.937   -132.127    135.900   -389.733    -51.051    -76.777     48.722
     -7.939   -132.025    136.053   -389.830    -51.169    -76.835     48.731
     -7.941   -131.922    136.207   -389.928    -51.287    -76.893     48.740
     -7.943   -131.820    136.361   -390.025    -51.405    -76.951     48.749
     -7.945   -131.717    136.515   -390.123    -51.524    -77.010     48.757
     -7.947   -131.613    136.669   -390.220    -51.642    -77.068     48.766
     -7.949   -131.510    136.823   -390.318    -51.760    -77.126     48.775
     -7.951   -131.406    136.977   -390.415    -51.879    -77.184     48.784
     -7.953   -131.303    137.132   -390.513    -51.998    -77.243     48.792
     -7.955   -131.198    137.286   -390.610    -52.116    -77.301     48.801
     -7.957   -131.094    137.441   -390.708    -52.235    -77.359     48.810
     -7.959   -130.989    137.596   -390.806    -52.354    -77.418     48.819
     -7.961   -130.885    137.751   -390.903    -52.473    -77.476     48.828
     -7.963   -130.780    137.906   -391.001    -52.592    -77.535     48.837
     -7.965   -130.674    138.061   -391.099    -52.711    -77.593     48.845
     -7.967   -130.569    138.216   -391.196    -52.831    -77.652     48.854
     -7.969   -130.463    138.371   -391.294    -52.950    -77.710     48.863
     -7.971   -130.357    138.527   -391.392    -53.069    -77.769     48.872
     -7.973   -130.251    138.682   -391.489    -53.189    -77.827     48.881
     -7.975   -130.144    138.838   -391.587    -53.308    -77.886     48.890
     -7.977   -130.037    138.994   -391.685    -53.428    -77.945     48.899
     -7.979   -129.930    139.150   -391.783    -53.548    -78.003     48.908
     -7.981   -129.823    139.306   -391.881    -53.668    -78.062     48.917
     -7.983   -129.716    139.462   -391.978    -53.788    -78.121     48.925
     -7.985   -129.608    139.618   -392.076    -53.908    -78.180     48.934
     -7.987   -129.500    139.775   -392.174    -54.028    -78.239     48.943
     -7.989   -129.392    139.931   -392.272    -54.148    -78.297     48.952
     -7.991   -129.284    140.088   -392.370    -54.268    -78.356     48.961
     -7.993   -129.175    140.245   -392.468    -54.389    -78.415     48.970
     -7.995   -129.066    140.402   -392.566    -54.509    -78.474     48.979
     -7.997   -128.957    140.559   -392.664    -54.630    -78.533     48.988
     -7.999   -128.848    140.716   -392.762    -54.750    -78.592     48.997
     -8.001   -128.738    140.873   -392.860    -54.871    -78.651     49.006
     -8.003   -128.628    141.031   -392.958    -54.992    -78.710     49.015
     -8.005   -128.518    141.188   -393.056    -55.113    -78.770     49.024
     -8.007   -128.408    141.346   -393.154    -55.234    -78.829     49.033
     -8.009   -128.297    141.503   -393.252    -55.355    -78.888     49.042
     -8.011   -128.186    141.661   -393.350    -55.476    -78.947     49.051
     -8.013   -128.075    141.819   -393.448    -55.597    -79.006     49.060
     -8.015   -127.964    141.977   -393.546    -55.718    -79.066     49.070
     -8.017   -127.852    142.135   -393.645    -55.840    -79.125     49.079
     -8.019   -127.740    142.294   -393.743    -55.961    -79.184     49.088
     -8.021   -127.628    142.452   -393.841    -56.083    -79.244     49.097
     -8.023   -127.516    142.611   -393.939    -56.205    -79.303     49.106
     -8.025   -127.404    142.769   -394.037    -56.326    -79.363     49.115
     -8.027   -127.291    142.928   -394.136    -56.448    -79.422     49.124
     -8.029   -127.178    143.087   -394.234    -56.570    -79.482     49.133
     -8.031   -127.064    143.246   -394.332    -56.692    -79.541     49.143
     -8.033   -126.951    143.405   -394.430    -56.815    -79.601     49.152
     -8.035   -126.837    143.564   -394.529    -56.937    -79.661     49.161
     -8.037   -126.723    143.724   -394.627    -57.059    -79.720     49.170
     -8.039   -126.609    143.883   -394.725    -57.182    -79.780     49.179
     -8.041   -126.495    144.043   -394.824    -57.304    -79.840     49.189
     -8.043   -126.380    144.203   -394.922    -57.427    -79.900     49.198
     -8.045   -126.265    144.363   -395.021    -57.550    -79.959     49.207
     -8.047   -126.150    144.522   -395.119    -57.673    -80.019     49.216
     -8.049   -126.034    144.683   -395.217    -57.795    -80.079     49.225
     -8.051   -125.918    144.843   -395.316    -57.918    -80.139     49.235
     -8.053   -125.802    145.003   -395.414    -58.042    -80.199     49.244
     -8.055   -125.686    145.164   -395.513    -58.165    -80.259     49.253
     -8.057   -125.570    145.324   -395.611    -58.288    -80.319     49.263
     -8.059   -125.453    145.485   -395.710    -58.412    -80.379     49.272
     -8.061   -125.336    145.646   -395.808    -58.535    -80.439     49.281
     -8.063   -125.219    145.807   -395.907    -58.659    -80.500     49.290
     -8.065   -125.101    145.968   -396.006    -58.783    -80.560     49.300
     -8.067   -124.984    146.129   -396.104    -58.906    -80.620     49.309
     -8.069   -124.866    146.290   -396.203    -59.030    -80.680     49.319
     -8.071   -124.748    146.452   -396.301    -59.154    -80.741     49.328
     -8.073   -124.629    146.613   -396.400    -59.278    -80.801     49.337
     -8.075   -124.511    146.775   -396.499    -59.403    -80.861     49.347
     -8.077   -124.392    146.937   -396.598    -59.527    -80.922     49.356
     -8.079   -124.272    147.098   -396.696    -59.651    -80.982     49.365
     -8.081   -124.153    147.261   -396.795    -59.776    -81.043     49.375
     -8.083   -124.033    147.423   -396.894    -59.901    -81.103     49.384
     -8.085   -123.913    147.585   -396.993    -60.025    -81.164     49.394
     -8.087   -123.793    147.747   -397.091    -60.150    -81.225     49.403
     -8.089   -123.673    147.910   -397.190    -60.275    -81.285     49.413
     -8.091   -123.552    148.072   -397.289    -60.400    -81.346     49.422
     -8.093   -123.431    148.235   -397.388    -60.525    -81.407     49.432
     -8.095   -123.310    148.398   -397.487    -60.651    -81.467     49.441
     -8.097   -123.189    148.561   -397.586    -60.776    -81.528     49.451
     -8.099   -123.067    148.724   -397.685    -60.902    -81.589     49.460
     -8.101   -122.945    148.887   -397.783    -61.027    -81.650     49.470
     -8.103   -122.823    149.051   -397.882    -61.153    -81.711     49.479
     -8.105   -122.700    149.214   -397.981    -61.279    -81.772     49.489
     -8.107   -122.578    149.378   -398.080    -61.405    -81.833     49.498
     -8.109   -122.455    149.542   -398.179    -61.531    -81.894     49.508
     -8.111   -122.332    149.705   -398.278    -61.657    -81.955     49.517
     -8.113   -122.208    149.869   -398.377    -61.785    -82.018     49.527
     -8.115   -122.084    150.034   -398.476    -61.913    -82.080     49.537
     -8.117   -121.961    150.198   -398.576    -62.041    -82.142     49.547
     -8.119   -121.836    150.362   -398.675    -62.169    -82.205     49.556
     -8.121   -121.712    150.527   -398.774    -62.297    -82.267     49.566
     -8.123   -121.587    150.691   -398.873    -62.425    -82.330     49.576
     -8.125   -121.462    150.856   -398.972    -62.554    -82.392     49.586
     -8.127   -121.337    151.021   -399.071    -62.682    -82.455     49.596
     -8.129   -121.211    151.186   -399.170    -62.811    -82.517     49.605
     -8.131   -121.086    151.351   -399.270    -62.939    -82.580     49.615
     -8.133   -120.960    151.516   -399.369    -63.068    -82.642     49.625
     -8.135   -120.833    151.681   -399.468    -63.197    -82.705     49.635
     -8.137   -120.707    151.847   -399.567    -63.326    -82.768     49.645
     -8.139   -120.580    152.012   -399.667    -63.455    -82.830     49.655
     -8.141   -120.453    152.178   -399.766    -63.584    -82.893     49.664
     -8.143   -120.326    152.344   -399.865    -63.713    -82.956     49.674
     -8.145   -120.198    152.510   -399.965    -63.842    -83.019     49.684
     -8.147   -120.070    152.676   -400.064    -63.972    -83.081     49.694
     -8.149   -119.942    152.842   -400.164    -64.101    -83.144     49.704
     -8.151   -119.814    153.009   -400.263    -64.231    -83.207     49.714
     -8.153   -119.685    153.175   -400.362    -64.360    -83.270     49.724
     -8.155   -119.557    153.342   -400.462    -64.490    -83.333     49.734
     -8.157   -119.427    153.508   -400.561    -64.620    -83.396     49.744
     -8.159   -119.298    153.675   -400.661    -64.750    -83.459     49.754
     -8.161   -119.168    153.842   -400.760    -64.880    -83.522     49.764
     -8.163   -119.039    154.009   -400.860    -65.010    -83.585     49.774
     -8.165   -118.908    154.177   -400.959    -65.140    -83.648     49.784
     -8.167   -118.778    154.344   -401.059    -65.270    -83.711     49.794
     -8.169   -118.647    154.512   -401.159    -65.400    -83.775     49.804
     -8.171   -118.516    154.679   -401.258    -65.531    -83.838     49.814
     -8.173   -118.385    154.847   -401.358    -65.661    -83.901     49.824
     -8.175   -118.254    155.015   -401.458    -65.792    -83.964     49.834
     -8.177   -118.122    155.183   -401.557    -65.923    -84.028     49.844
     -8.179   -117.990    155.351   -401.657    -66.054    -84.091     49.854
     -8.181   -117.858    155.519   -401.757    -66.185    -84.155     49.864
     -8.183   -117.725    155.687   -401.856    -66.316    -84.218     49.874
     -8.185   -117.593    155.856   -401.956    -66.447    -84.281     49.884
     -8.187   -117.460    156.025   -402.056    -66.578    -84.345     49.894
     -8.189   -117.326    156.193   -402.156    -66.709    -84.409     49.904
     -8.191   -117.193    156.362   -402.256    -66.841    -84.472     49.914
     -8.193   -117.059    156.531   -402.355    -66.972    -84.536     49.924
     -8.195   -116.925    156.700   -402.455    -67.104    -84.599     49.935
     -8.197   -116.790    156.870   -402.555    -67.235    -84.663     49.945
     -8.199   -116.656    157.039   -402.655    -67.367    -84.727     49.955
     -8.201   -116.521    157.209   -402.755    -67.499    -84.790     49.965
     -8.203   -116.386    157.378   -402.855    -67.631    -84.854     49.975
     -8.205   -116.250    157.548   -402.955    -67.763    -84.918     49.985
     -8.207   -116.115    157.718   -403.055    -67.895    -84.982     49.996
     -8.209   -115.979    157.888   -403.155    -68.028    -85.046     50.006
     -8.211   -115.843    158.058   -403.255    -68.160    -85.110     50.016
     -8.213   -115.706    158.228   -403.355    -68.292    -85.174     50.026
     -8.215   -115.570    158.399   -403.455    -68.425    -85.238     50.037
     -8.217   -115.433    158.569   -403.555    -68.558    -85.302     50.047
     -8.219   -115.295    158.740   -403.655    -68.691    -85.366     50.057
     -8.221   -115.158    158.911   -403.755    -68.823    -85.430     50.067
     -8.223   -115.020    159.082   -403.855    -68.956    -85.494     50.078
     -8.225   -114.882    159.253   -403.956    -69.090    -85.558     50.088
     -8.227   -114.744    159.424   -404.056    -69.223    -85.623     50.098
     -8.229   -114.605    159.595   -404.156    -69.356    -85.687     50.109
     -8.231   -114.466    159.767   -404.256    -69.489    -85.751     50.119
     -8.233   -114.327    159.938   -404.356    -69.623    -85.815     50.129
     -8.235   -114.188    160.110   -404.457    -69.757    -85.880     50.140
     -8.237   -114.048    160.282   -404.557    -69.890    -85.944     50.150
     -8.239   -113.908    160.454   -404.657    -70.024    -86.009     50.160
     -8.241   -113.768    160.626   -404.758    -70.158    -86.073     50.171
     -8.243   -113.628    160.798   -404.858    -70.292    -86.138     50.181
     -8.245   -113.487    160.970   -404.958    -70.426    -86.202     50.192
     -8.247   -113.346    161.143   -405.059    -70.560    -86.267     50.202
     -8.249   -113.205    161.315   -405.159    -70.695    -86.332     50.212
     -8.251   -113.063    161.488   -405.260    -70.829    -86.396     50.223
     -8.253   -112.921    161.661   -405.360    -70.964    -86.461     50.233
     -8.255   -112.779    161.834   -405.461    -71.098    -86.526     50.244
     -8.257   -112.637    162.007   -405.561    -71.233    -86.591     50.254
     -8.259   -112.494    162.180   -405.662    -71.368    -86.655     50.265
     -8.261   -112.351    162.354   -405.762    -71.503    -86.720     50.275
     -8.263   -112.208    162.527   -405.863    -71.638    -86.785     50.286
     -8.265   -112.065    162.701   -405.963    -71.773    -86.850     50.296
     -8.267   -111.921    162.875   -406.064    -71.909    -86.915     50.307
     -8.269   -111.777    163.048   -406.164    -72.044    -86.980     50.317
     -8.271   -111.633    163.223   -406.265    -72.180    -87.045     50.328
     -8.273   -111.488    163.397   -406.366    -72.315    -87.111     50.339
     -8.275   -111.344    163.571   -406.466    -72.451    -87.176     50.349
     -8.277   -111.199    163.745   -406.567    -72.587    -87.241     50.360
     -8.279   -111.053    163.920   -406.668    -72.723    -87.306     50.370
     -8.281   -110.908    164.095   -406.769    -72.859    -87.371     50.381
     -8.283   -110.762    164.269   -406.869    -72.995    -87.437     50.392
     -8.285   -110.616    164.444   -406.970    -73.131    -87.502     50.402
     -8.287   -110.469    164.619   -407.071    -73.268    -87.568     50.413
     -8.289   -110.323    164.795   -407.172    -73.404    -87.633     50.424
     -8.291   -110.176    164.970   -407.273    -73.541    -87.699     50.434
     -8.293   -110.029    165.145   -407.374    -73.678    -87.764     50.445
     -8.295   -109.881    165.321   -407.475    -73.815    -87.830     50.456
     -8.297   -109.733    165.497   -407.575    -73.952    -87.895     50.466
     -8.299   -109.585    165.673   -407.676    -74.089    -87.961     50.477
     -8.301   -109.437    165.849   -407.777    -74.226    -88.027     50.488
     -8.303   -109.288    166.025   -407.878    -74.363    -88.092     50.499
     -8.305   -109.140    166.201   -407.979    -74.501    -88.158     50.509
     -8.307   -108.990    166.377   -408.080    -74.638    -88.224     50.520
     -8.309   -108.841    166.554   -408.181    -74.776    -88.290     50.531
     -8.311   -108.691    166.730   -408.282    -74.914    -88.356     50.542
     -8.313   -108.541    166.907   -408.384    -75.052    -88.422     50.553
     -8.315   -108.391    167.084   -408.485    -75.190    -88.488     50.563
     -8.317   -108.241    167.261   -408.586    -75.328    -88.554     50.574
     -8.319   -108.090    167.438   -408.687    -75.466    -88.620     50.585
     -8.321   -107.939    167.616   -408.788    -75.605    -88.686     50.596
     -8.323   -107.787    167.793   -408.889    -75.743    -88.752     50.607
     -8.325   -107.636    167.971   -408.991    -75.882    -88.819     50.618
     -8.327   -107.484    168.148   -409.092    -76.020    -88.885     50.629
     -8.329   -107.332    168.326   -409.193    -76.159    -88.951     50.639
     -8.331   -107.179    168.504   -409.294    -76.298    -89.018     50.650
     -8.333   -107.026    168.682   -409.396    -76.437    -89.084     50.661
     -8.335   -106.873    168.861   -409.497    -76.577    -89.151     50.672
     -8.337   -106.720    169.039   -409.598    -76.716    -89.217     50.683
     -8.339   -106.567    169.217   -409.700    -76.855    -89.284     50.694
     -8.341   -106.413    169.396   -409.801    -76.995    -89.350     50.705
     -8.343   -106.259    169.575   -409.903    -77.135    -89.417     50.716
     -8.345   -106.104    169.754   -410.004    -77.275    -89.484     50.727
     -8.347   -105.949    169.933   -410.106    -77.415    -89.550     50.738
     -8.349   -105.794    170.112   -410.207    -77.555    -89.617     50.749
     -8.351   -105.639    170.291   -410.309    -77.695    -89.684     50.760
     -8.353   -105.484    170.471   -410.410    -77.835    -89.751     50.771
     -8.355   -105.328    170.650   -410.512    -77.976    -89.818     50.782
     -8.357   -105.172    170.830   -410.613    -78.116    -89.885     50.794
     -8.359   -105.015    171.010   -410.715    -78.257    -89.952     50.805
     -8.361   -104.859    171.190   -410.816    -78.398    -90.019     50.816
     -8.363   -104.702    171.370   -410.918    -78.539    -90.086     50.827
     -8.365   -104.545    171.550   -411.020    -78.680    -90.153     50.838
     -8.367   -104.387    171.730   -411.121    -78.821    -90.220     50.849
     -8.369   -104.229    171.911   -411.223    -78.963    -90.288     50.860
     -8.371   -104.071    172.092   -411.325    -79.104    -90.355     50.872
     -8.373   -103.913    172.272   -411.427    -79.246    -90.422     50.883
     -8.375   -103.754    172.453   -411.528    -79.388    -90.490     50.894
     -8.377   -103.595    172.634   -411.630    -79.529    -90.557     50.905
     -8.379   -103.436    172.816   -411.732    -79.671    -90.625     50.916
     -8.381   -103.277    172.997   -411.834    -79.814    -90.692     50.928
     -8.383   -103.117    173.178   -411.936    -79.956    -90.760     50.939
     -8.385   -102.957    173.360   -412.038    -80.098    -90.828     50.950
     -8.387   -102.797    173.542   -412.139    -80.241    -90.895     50.962
     -8.389   -102.636    173.723   -412.241    -80.384    -90.963     50.973
     -8.391   -102.475    173.905   -412.343    -80.526    -91.031     50.984
     -8.393   -102.314    174.088   -412.445    -80.669    -91.099     50.995
     -8.395   -102.152    174.270   -412.547    -80.812    -91.167     51.007
     -8.397   -101.991    174.452   -412.649    -80.956    -91.235     51.018
     -8.399   -101.828    174.635   -412.751    -81.099    -91.303     51.030
     -8.401   -101.666    174.817   -412.854    -81.242    -91.371     51.041
     -8.403   -101.504    175.000   -412.956    -81.386    -91.439     51.052
     -8.405   -101.341    175.183   -413.058    -81.530    -91.507     51.064
     -8.407   -101.177    175.366   -413.160    -81.674    -91.575     51.075
     -8.409   -101.014    175.550   -413.262    -81.818    -91.644     51.087
     -8.411   -100.850    175.733   -413.364    -81.962    -91.712     51.098
     -8.413   -100.686    175.916   -413.466    -82.106    -91.780     51.110
     -8.415   -100.522    176.100   -413.569    -82.251    -91.849     51.121
     -8.417   -100.357    176.284   -413.671    -82.395    -91.917     51.133
     -8.419   -100.192    176.468   -413.773    -82.540    -91.986     51.144
     -8.421   -100.027    176.652   -413.875    -82.685    -92.054     51.156
     -8.423    -99.861    176.836   -413.978    -82.830    -92.123     51.167
     -8.425    -99.696    177.020   -414.080    -82.975    -92.192     51.179
     -8.427    -99.529    177.205   -414.183    -83.120    -92.260     51.190
     -8.429    -99.363    177.389   -414.285    -83.266    -92.329     51.202
     -8.431    -99.196    177.574   -414.387    -83.411    -92.398     51.213
     -8.433    -99.029    177.759   -414.490    -83.557    -92.467     51.225
     -8.435    -98.862    177.944   -414.592    -83.703    -92.536     51.237
     -8.437    -98.695    178.129   -414.695    -83.849    -92.605     51.248
     -8.439    -98.527    178.314   -414.797    -83.995    -92.674     51.260
     -8.441    -98.359    178.500   -414.900    -84.141    -92.743     51.272
     -8.443    -98.190    178.685   -415.002    -84.288    -92.812     51.283
     -8.445    -98.022    178.871   -415.105    -84.435    -92.882     51.295
     -8.447    -97.852    179.057   -415.207    -84.581    -92.951     51.307
     -8.449    -97.683    179.243   -415.310    -84.728    -93.020     51.319
     -8.451    -97.514    179.429   -415.413    -84.875    -93.090     51.330
     -8.453    -97.344    179.615   -415.515    -85.022    -93.159     51.342
     -8.455    -97.173    179.801   -415.618    -85.170    -93.229     51.354
     -8.457    -97.003    179.988   -415.721    -85.317    -93.298     51.366
     -8.459    -96.832    180.175   -415.824    -85.465    -93.368     51.377
     -8.461    -96.661    180.361   -415.926    -85.613    -93.438     51.389
     -8.463    -96.490    180.548   -416.029    -85.761    -93.507     51.401
     -8.465    -96.318    180.735   -416.132    -85.909    -93.577     51.413
     -8.467    -96.146    180.923   -416.235    -86.057    -93.647     51.425
     -8.469    -95.974    181.110   -416.338    -86.205    -93.717     51.437
     -8.471    -95.801    181.298   -416.441    -86.354    -93.787     51.449
     -8.473    -95.628    181.485   -416.543    -86.503    -93.857     51.460
     -8.475    -95.455    181.673   -416.646    -86.651    -93.927     51.472
     -8.477    -95.282    181.861   -416.749    -86.800    -93.997     51.484
     -8.479    -95.108    182.049   -416.852    -86.950    -94.067     51.496
     -8.481    -94.934    182.237   -416.955    -87.099    -94.138     51.508
     -8.483    -94.760    182.426   -417.058    -87.248    -94.208     51.520
     -8.485    -94.585    182.614   -417.161    -87.398    -94.278     51.532
     -8.487    -94.410    182.803   -417.264    -87.548    -94.349     51.544
     -8.489    -94.235    182.991   -417.368    -87.698    -94.419     51.556
     -8.491    -94.059    183.180   -417.471    -87.848    -94.490     51.568
     -8.493    -93.883    183.369   -417.574    -87.998    -94.561     51.581
     -8.495    -93.707    183.559   -417.677    -88.149    -94.631     51.593
     -8.497    -93.531    183.748   -417.780    -88.299    -94.702     51.605
     -8.499    -93.354    183.937   -417.883    -88.450    -94.773     51.617
     -8.501    -93.177    184.127   -417.987    -88.601    -94.844     51.629
     -8.503    -93.000    184.317   -418.090    -88.752    -94.915     51.641
     -8.505    -92.822    184.507   -418.193    -88.903    -94.986     51.653
     -8.507    -92.644    184.697   -418.297    -89.055    -95.057     51.665
     -8.509    -92.466    184.887   -418.400    -89.206    -95.128     51.678
     -8.511    -92.287    185.077   -418.503    -89.358    -95.199     51.690
     -8.513    -92.108    185.268   -418.607    -89.510    -95.270     51.702
     -8.515    -91.929    185.458   -418.710    -89.662    -95.342     51.714
     -8.517    -91.750    185.649   -418.814    -89.814    -95.413     51.727
     -8.519    -91.570    185.840   -418.917    -89.966    -95.485     51.739
     -8.521    -91.390    186.031   -419.020    -90.119    -95.556     51.751
     -8.523    -91.210    186.222   -419.124    -90.272    -95.628     51.764
     -8.525    -91.029    186.414   -419.228    -90.425    -95.699     51.776
     -8.527    -90.848    186.605   -419.331    -90.578    -95.771     51.788
     -8.529    -90.667    186.797   -419.435    -90.731    -95.843     51.801
     -8.531    -90.485    186.988   -419.538    -90.884    -95.915     51.813
     -8.533    -90.303    187.180   -419.642    -91.038    -95.986     51.825
     -8.535    -90.121    187.372   -419.746    -91.192    -96.058     51.838
     -8.537    -89.938    187.564   -419.849    -91.345    -96.130     51.850
     -8.539    -89.755    187.757   -419.953    -91.499    -96.203     51.863
     -8.541    -89.572    187.949   -420.057    -91.654    -96.275     51.875
     -8.543    -89.389    188.142   -420.161    -91.808    -96.347     51.888
     -8.545    -89.205    188.335   -420.264    -91.963    -96.419     51.900
     -8.547    -89.021    188.528   -420.368    -92.118    -96.492     51.913
     -8.549    -88.837    188.721   -420.472    -92.273    -96.564     51.925
     -8.551    -88.652    188.914   -420.576    -92.428    -96.637     51.938
     -8.553    -88.467    189.107   -420.680    -92.583    -96.709     51.950
     -8.555    -88.281    189.301   -420.784    -92.738    -96.782     51.963
     -8.557    -88.096    189.494   -420.888    -92.894    -96.854     51.976
     -8.559    -87.910    189.688   -420.992    -93.050    -96.927     51.988
     -8.561    -87.724    189.882   -421.096    -93.206    -97.000     52.001
     -8.563    -87.537    190.076   -421.200    -93.362    -97.073     52.014
     -8.565    -87.350    190.270   -421.304    -93.519    -97.146     52.026
     -8.567    -87.163    190.465   -421.408    -93.675    -97.219     52.039
     -8.569    -86.975    190.659   -421.512    -93.832    -97.292     52.052
     -8.571    -86.788    190.854   -421.616    -93.989    -97.365     52.064
     -8.573    -86.600    191.049   -421.720    -94.146    -97.438     52.077
     -8.575    -86.411    191.244   -421.824    -94.303    -97.512     52.090
     -8.577    -86.222    191.439   -421.928    -94.461    -97.585     52.103
     -8.579    -86.033    191.634   -422.033    -94.618    -97.659     52.115
     -8.581    -85.844    191.829   -422.137    -94.776    -97.732     52.128
     -8.583    -85.654    192.025   -422.241    -94.934    -97.806     52.141
     -8.585    -85.464    192.221   -422.345    -95.092    -97.879     52.154
     -8.587    -85.274    192.416   -422.450    -95.251    -97.953     52.167
     -8.589    -85.083    192.612   -422.554    -95.409    -98.027     52.180
     -8.591    -84.892    192.809   -422.658    -95.568    -98.101     52.193
     -8.593    -84.701    193.005   -422.763    -95.727    -98.175     52.206
     -8.595    -84.509    193.201   -422.867    -95.886    -98.249     52.219
     -8.597    -84.317    193.398   -422.972    -96.046    -98.323     52.232
     -8.599    -84.125    193.595   -423.076    -96.205    -98.397     52.245
     -8.601    -83.932    193.791   -423.181    -96.365    -98.471     52.258
     -8.603    -83.740    193.988   -423.285    -96.525    -98.546     52.271
     -8.605    -83.546    194.186   -423.390    -96.685    -98.620     52.284
     -8.607    -83.353    194.383   -423.494    -96.846    -98.695     52.297
     -8.609    -83.159    194.580   -423.599    -97.006    -98.769     52.310
     -8.611    -82.965    194.778   -423.704    -97.167    -98.844     52.323
     -8.613    -82.770    194.976   -423.808    -97.328    -98.919     52.336
     -8.615    -82.576    195.174   -423.913    -97.489    -98.993     52.349
     -8.617    -82.380    195.372   -424.018    -97.650    -99.068     52.362
     -8.619    -82.185    195.570   -424.122    -97.812    -99.143     52.376
     -8.621    -81.989    195.768   -424.227    -97.973    -99.218     52.389
     -8.623    -81.793    195.967   -424.332    -98.135    -99.293     52.402
     -8.625    -81.597    196.165   -424.437    -98.297    -99.368     52.415
     -8.627    -81.400    196.364   -424.542    -98.460    -99.444     52.429
     -8.629    -81.203    196.563   -424.646    -98.622    -99.519     52.442
     -8.631    -81.005    196.762   -424.751    -98.785    -99.594     52.455
     -8.633    -80.808    196.962   -424.856    -98.948    -99.670     52.469
     -8.635    -80.610    197.161   -424.961    -99.111    -99.745     52.482
     -8.637    -80.411    197.361   -425.066    -99.274    -99.821     52.495
     -8.639    -80.212    197.560   -425.171    -99.438    -99.897     52.509
     -8.641    -80.013    197.760   -425.276    -99.602    -99.973     52.522
     -8.643    -79.814    197.960   -425.381    -99.766   -100.049     52.535
     -8.645    -79.614    198.160   -425.486    -99.930   -100.124     52.549
     -8.647    -79.414    198.361   -425.591   -100.094   -100.201     52.562
     -8.649    -79.214    198.561   -425.697   -100.259   -100.277     52.576
     -8.651    -79.013    198.762   -425.802   -100.424   -100.353     52.589
     -8.653    -78.812    198.963   -425.907   -100.589   -100.429     52.603
     -8.655    -78.611    199.163   -426.012   -100.754   -100.505     52.616
     -8.657    -78.409    199.365   -426.117   -100.919   -100.582     52.630
     -8.659    -78.207    199.566   -426.223   -101.085   -100.658     52.644
     -8.661    -78.005    199.767   -426.328   -101.251   -100.735     52.657
     -8.663    -77.802    199.969   -426.433   -101.417   -100.812     52.671
     -8.665    -77.599    200.170   -426.539   -101.583   -100.889     52.685
     -8.667    -77.396    200.372   -426.644   -101.750   -100.965     52.698
     -8.669    -77.192    200.574   -426.749   -101.917   -101.042     52.712
     -8.671    -76.988    200.776   -426.855   -102.084   -101.119     52.726
     -8.673    -76.784    200.979   -426.960   -102.251   -101.196     52.739
     -8.675    -76.579    201.181   -427.066   -102.418   -101.274     52.753
     -8.677    -76.374    201.384   -427.171   -102.586   -101.351     52.767
     -8.679    -76.169    201.587   -427.277   -102.754   -101.428     52.781
     -8.681    -75.963    201.790   -427.383   -102.922   -101.506     52.795
     -8.683    -75.757    201.993   -427.488   -103.090   -101.583     52.808
     -8.685    -75.551    202.196   -427.594   -103.259   -101.661     52.822
     -8.687    -75.344    202.399   -427.699   -103.428   -101.739     52.836
     -8.689    -75.137    202.603   -427.805   -103.597   -101.817     52.850
     -8.691    -74.930    202.807   -427.911   -103.766   -101.894     52.864
     -8.693    -74.722    203.010   -428.017   -103.935   -101.972     52.878
     -8.695    -74.514    203.214   -428.122   -104.105   -102.050     52.892
     -8.697    -74.306    203.419   -428.228   -104.275   -102.129     52.906
     -8.699    -74.097    203.623   -428.334   -104.445   -102.207     52.920
     -8.701    -73.888    203.828   -428.440   -104.616   -102.285     52.934
     -8.703    -73.678    204.032   -428.546   -104.786   -102.364     52.948
     -8.705    -73.469    204.237   -428.652   -104.957   -102.442     52.962
     -8.707    -73.259    204.442   -428.758   -105.128   -102.521     52.977
     -8.709    -73.048    204.647   -428.864   -105.299   -102.599     52.991
     -8.711    -72.837    204.852   -428.970   -105.471   -102.678     53.005
     -8.713    -72.626    205.058   -429.076   -105.643   -102.757     53.019
     -8.715    -72.415    205.263   -429.182   -105.815   -102.836     53.033
     -8.717    -72.203    205.469   -429.288   -105.987   -102.915     53.047
     -8.719    -71.991    205.675   -429.394   -106.160   -102.994     53.062
     -8.721    -71.778    205.881   -429.500   -106.332   -103.074     53.076
     -8.723    -71.566    206.087   -429.606   -106.505   -103.153     53.090
     -8.725    -71.352    206.294   -429.712   -106.679   -103.232     53.105
     -8.727    -71.139    206.500   -429.818   -106.852   -103.312     53.119
     -8.729    -70.925    206.707   -429.925   -107.026   -103.392     53.133
     -8.731    -70.711    206.914   -430.031   -107.200   -103.471     53.148
     -8.733    -70.496    207.121   -430.137   -107.374   -103.551     53.162
     -8.735    -70.281    207.328   -430.244   -107.549   -103.631     53.177
     -8.737    -70.066    207.535   -430.350   -107.724   -103.711     53.191
     -8.739    -69.850    207.743   -430.456   -107.899   -103.791     53.206
     -8.741    -69.634    207.951   -430.563   -108.074   -103.871     53.220
     -8.743    -69.418    208.158   -430.669   -108.249   -103.952     53.235
     -8.745    -69.201    208.366   -430.776   -108.425   -104.032     53.249
     -8.747    -68.984    208.574   -430.882   -108.601   -104.112     53.264
     -8.749    -68.767    208.783   -430.989   -108.777   -104.193     53.279
     -8.751    -68.549    208.991   -431.095   -108.954   -104.274     53.293
     -8.753    -68.331    209.200   -431.202   -109.131   -104.355     53.308
     -8.755    -68.113    209.409   -431.309   -109.308   -104.435     53.323
     -8.757    -67.894    209.618   -431.415   -109.485   -104.516     53.337
     -8.759    -67.675    209.827   -431.522   -109.663   -104.598     53.352
     -8.761    -67.455    210.036   -431.629   -109.841   -104.679     53.367
     -8.763    -67.235    210.245   -431.735   -110.019   -104.760     53.382
     -8.765    -67.015    210.455   -431.842   -110.197   -104.841     53.397
     -8.767    -66.795    210.665   -431.949   -110.376   -104.923     53.411
     -8.769    -66.574    210.875   -432.056   -110.555   -105.005     53.426
     -8.771    -66.352    211.085   -432.163   -110.734   -105.086     53.441
     -8.773    -66.131    211.295   -432.270   -110.913   -105.168     53.456
     -8.775    -65.909    211.505   -432.377   -111.093   -105.250     53.471
     -8.777    -65.686    211.716   -432.484   -111.273   -105.332     53.486
     -8.779    -65.464    211.927   -432.591   -111.453   -105.414     53.501
     -8.781    -65.241    212.138   -432.698   -111.634   -105.496     53.516
     -8.783    -65.017    212.349   -432.805   -111.815   -105.579     53.531
     -8.785    -64.793    212.560   -432.912   -111.996   -105.661     53.546
     -8.787    -64.569    212.771   -433.019   -112.177   -105.744     53.562
     -8.789    -64.345    212.983   -433.126   -112.359   -105.826     53.577
     -8.791    -64.120    213.195   -433.233   -112.541   -105.909     53.592
     -8.793    -63.894    213.407   -433.340   -112.723   -105.992     53.607
     -8.795    -63.669    213.619   -433.448   -112.905   -106.075     53.622
     -8.797    -63.443    213.831   -433.555   -113.088   -106.158     53.638
     -8.799    -63.217    214.043   -433.662   -113.271   -106.241     53.653
     -8.801    -62.990    214.256   -433.769   -113.454   -106.324     53.668
     -8.803    -62.763    214.469   -433.877   -113.638   -106.408     53.684
     -8.805    -62.535    214.682   -433.984   -113.822   -106.491     53.699
     -8.807    -62.307    214.895   -434.092   -114.006   -106.575     53.714
     -8.809    -62.079    215.108   -434.199   -114.191   -106.659     53.730
     -8.811    -61.851    215.321   -434.306   -114.376   -106.743     53.745
     -8.813    -61.622    215.535   -434.414   -114.561   -106.827     53.761
     -8.815    -61.392    215.749   -434.522   -114.746   -106.911     53.776
     -8.817    -61.163    215.962   -434.629   -114.932   -106.995     53.792
     -8.819    -60.933    216.177   -434.737   -115.118   -107.079     53.807
     -8.821    -60.702    216.391   -434.844   -115.304   -107.164     53.823
     -8.823    -60.471    216.605   -434.952   -115.491   -107.248     53.839
     -8.825    -60.240    216.820   -435.060   -115.677   -107.333     53.854
     -8.827    -60.009    217.035   -435.167   -115.865   -107.417     53.870
     -8.829    -59.777    217.249   -435.275   -116.052   -107.502     53.886
     -8.831    -59.545    217.465   -435.383   -116.240   -107.587     53.901
     -8.833    -59.312    217.680   -435.491   -116.428   -107.672     53.917
     -8.835    -59.079    217.895   -435.599   -116.616   -107.758     53.933
     -8.837    -58.845    218.111   -435.706   -116.805   -107.843     53.949
     -8.839    -58.612    218.327   -435.814   -116.994   -107.928     53.965
     -8.841    -58.377    218.543   -435.922   -117.184   -108.014     53.981
     -8.843    -58.143    218.759   -436.030   -117.373   -108.100     53.997
     -8.845    -57.908    218.975   -436.138   -117.563   -108.186     54.013
     -8.847    -57.673    219.191   -436.246   -117.753   -108.272     54.029
     -8.849    -57.437    219.408   -436.354   -117.944   -108.358     54.045
     -8.851    -57.201    219.625   -436.463   -118.135   -108.444     54.061
     -8.853    -56.964    219.842   -436.571   -118.326   -108.530     54.077
     -8.855    -56.728    220.059   -436.679   -118.518   -108.617     54.093
     -8.857    -56.490    220.276   -436.787   -118.710   -108.703     54.109
     -8.859    -56.253    220.494   -436.895   -118.902   -108.790     54.125
     -8.861    -56.015    220.711   -437.004   -119.094   -108.877     54.141
     -8.863    -55.776    220.929   -437.112   -119.287   -108.964     54.158
     -8.865    -55.538    221.147   -437.220   -119.480   -109.051     54.174
     -8.867    -55.298    221.365   -437.329   -119.674   -109.138     54.190
     -8.869    -55.059    221.584   -437.437   -119.868   -109.225     54.206
     -8.871    -54.819    221.802   -437.545   -120.062   -109.312     54.223
     -8.873    -54.579    222.021   -437.654   -120.257   -109.400     54.239
     -8.875    -54.338    222.240   -437.762   -120.451   -109.488     54.256
     -8.877    -54.097    222.459   -437.871   -120.647   -109.576     54.272
     -8.879    -53.855    222.678   -437.979   -120.842   -109.664     54.289
     -8.881    -53.613    222.898   -438.088   -121.038   -109.752     54.305
     -8.883    -53.371    223.117   -438.197   -121.234   -109.840     54.322
     -8.885    -53.128    223.337   -438.305   -121.431   -109.928     54.338
     -8.887    -52.885    223.557   -438.414   -121.628   -110.017     54.355
     -8.889    -52.642    223.777   -438.523   -121.825   -110.105     54.372
     -8.891    -52.398    223.997   -438.631   -122.023   -110.194     54.388
     -8.893    -52.154    224.218   -438.740   -122.221   -110.283     54.405
     -8.895    -51.909    224.439   -438.849   -122.419   -110.372     54.422
     -8.897    -51.664    224.659   -438.958   -122.617   -110.461     54.439
     -8.899    -51.419    224.880   -439.067   -122.816   -110.550     54.456
     -8.901    -51.173    225.102   -439.176   -123.016   -110.640     54.472
     -8.903    -50.927    225.323   -439.285   -123.216   -110.729     54.489
     -8.905    -50.680    225.544   -439.394   -123.416   -110.819     54.506
     -8.907    -50.433    225.766   -439.503   -123.616   -110.909     54.523
     -8.909    -50.186    225.988   -439.612   -123.817   -110.999     54.540
     -8.911    -49.938    226.210   -439.721   -124.018   -111.089     54.557
     -8.913    -49.690    226.432   -439.830   -124.220   -111.179     54.574
     -8.915    -49.441    226.655   -439.939   -124.422   -111.269     54.592
     -8.917    -49.192    226.878   -440.048   -124.624   -111.360     54.609
     -8.919    -48.942    227.100   -440.158   -124.827   -111.450     54.626
     -8.921    -48.693    227.323   -440.267   -125.030   -111.541     54.643
     -8.923    -48.442    227.547   -440.376   -125.233   -111.632     54.660
     -8.925    -48.192    227.770   -440.486   -125.437   -111.723     54.678
     -8.927    -47.941    227.993   -440.595   -125.641   -111.814     54.695
     -8.929    -47.689    228.217   -440.704   -125.846   -111.906     54.712
     -8.931    -47.437    228.441   -440.814   -126.050   -111.997     54.730
     -8.933    -47.185    228.665   -440.923   -126.256   -112.089     54.747
     -8.935    -46.932    228.889   -441.033   -126.461   -112.181     54.765
     -8.937    -46.679    229.114   -441.142   -126.668   -112.273     54.782
     -8.939    -46.425    229.338   -441.252   -126.874   -112.365     54.800
     -8.941    -46.172    229.563   -441.362   -127.081   -112.457     54.817
     -8.943    -45.917    229.788   -441.471   -127.288   -112.549     54.835
     -8.945    -45.662    230.014   -441.581   -127.496   -112.642     54.853
     -8.947    -45.407    230.239   -441.691   -127.704   -112.735     54.871
     -8.949    -45.152    230.464   -441.800   -127.912   -112.828     54.888
     -8.951    -44.896    230.690   -441.910   -128.121   -112.921     54.906
     -8.953    -44.639    230.916   -442.020   -128.331   -113.014     54.924
     -8.955    -44.382    231.142   -442.130   -128.540   -113.107     54.942
     -8.957    -44.125    231.369   -442.240   -128.750   -113.200     54.960
     -8.959    -43.867    231.595   -442.350   -128.961   -113.294     54.978
     -8.961    -43.609    231.822   -442.460   -129.172   -113.388     54.996
     -8.963    -43.350    232.049   -442.570   -129.383   -113.482     55.014
     -8.965    -43.092    232.276   -442.680   -129.595   -113.576     55.032
     -8.967    -42.832    232.503   -442.790   -129.807   -113.670     55.050
     -8.969    -42.572    232.730   -442.900   -130.019   -113.764     55.068
     -8.971    -42.312    232.958   -443.010   -130.232   -113.859     55.086
     -8.973    -42.051    233.186   -443.120   -130.446   -113.954     55.105
     -8.975    -41.790    233.414   -443.230   -130.660   -114.049     55.123
     -8.977    -41.529    233.642   -443.341   -130.874   -114.144     55.141
     -8.979    -41.267    233.870   -443.451   -131.089   -114.239     55.160
     -8.981    -41.004    234.099   -443.561   -131.304   -114.334     55.178
     -8.983    -40.742    234.328   -443.672   -131.519   -114.430     55.196
     -8.985    -40.478    234.557   -443.782   -131.735   -114.525     55.215
     -8.987    -40.215    234.786   -443.893   -131.952   -114.621     55.233
     -8.989    -39.950    235.015   -444.003   -132.169   -114.717     55.252
     -8.991    -39.686    235.245   -444.114   -132.386   -114.813     55.271
     -8.993    -39.421    235.474   -444.224   -132.604   -114.910     55.289
     -8.995    -39.156    235.704   -444.335   -132.822   -115.006     55.308
     -8.997    -38.890    235.934   -444.445   -133.041   -115.103     55.327
     -8.999    -38.623    236.165   -444.556   -133.260   -115.200     55.346
     -9.001    -38.357    236.395   -444.667   -133.479   -115.297     55.364
     -9.003    -38.089    236.626   -444.778   -133.699   -115.394     55.383
     -9.005    -37.822    236.857   -444.888   -133.920   -115.491     55.402
     -9.007    -37.554    237.088   -444.999   -134.141   -115.589     55.421
     -9.009    -37.285    237.319   -445.110   -134.362   -115.687     55.440
     -9.011    -37.016    237.551   -445.221   -134.584   -115.785     55.459
     -9.013    -36.747    237.782   -445.332   -134.807   -115.883     55.478
     -9.015    -36.477    238.014   -445.443   -135.029   -115.981     55.498
     -9.017    -36.207    238.246   -445.554   -135.253   -116.079     55.517
     -9.019    -35.936    238.478   -445.665   -135.476   -116.178     55.536
     -9.021    -35.665    238.711   -445.776   -135.701   -116.277     55.555
     -9.023    -35.393    238.944   -445.887   -135.925   -116.376     55.575
     -9.025    -35.121    239.176   -445.998   -136.151   -116.475     55.594
     -9.027    -34.849    239.409   -446.110   -136.376   -116.574     55.614
     -9.029    -34.576    239.643   -446.221   -136.603   -116.674     55.633
     -9.031    -34.302    239.876   -446.332   -136.829   -116.773     55.653
     -9.033    -34.028    240.110   -446.443   -137.056   -116.873     55.672
     -9.035    -33.754    240.344   -446.555   -137.284   -116.973     55.692
     -9.037    -33.479    240.578   -446.666   -137.512   -117.073     55.712
     -9.039    -33.204    240.812   -446.778   -137.741   -117.174     55.731
     -9.041    -32.928    241.046   -446.889   -137.970   -117.274     55.751
     -9.043    -32.652    241.281   -447.001   -138.200   -117.375     55.771
     -9.045    -32.375    241.516   -447.112   -138.430   -117.476     55.791
     -9.047    -32.098    241.751   -447.224   -138.661   -117.577     55.811
     -9.049    -31.821    241.986   -447.335   -138.892   -117.679     55.831
     -9.051    -31.543    242.222   -447.447   -139.124   -117.780     55.851
     -9.053    -31.264    242.457   -447.559   -139.356   -117.882     55.871
     -9.055    -30.985    242.693   -447.671   -139.589   -117.984     55.891
     -9.057    -30.706    242.929   -447.782   -139.822   -118.086     55.911
     -9.059    -30.426    243.166   -447.894   -140.056   -118.189     55.932
     -9.061    -30.146    243.402   -448.006   -140.290   -118.291     55.952
     -9.063    -29.865    243.639   -448.118   -140.525   -118.394     55.972
     -9.065    -29.584    243.876   -448.230   -140.761   -118.497     55.993
     -9.067    -29.302    244.113   -448.342   -140.997   -118.600     56.013
     -9.069    -29.020    244.350   -448.454   -141.233   -118.703     56.034
     -9.071    -28.737    244.588   -448.566   -141.470   -118.807     56.054
     -9.073    -28.454    244.825   -448.678   -141.708   -118.911     56.075
     -9.075    -28.170    245.063   -448.790   -141.946   -119.015     56.095
     -9.077    -27.886    245.301   -448.903   -142.185   -119.119     56.116
     -9.079    -27.601    245.540   -449.015   -142.424   -119.223     56.137
     -9.081    -27.316    245.778   -449.127   -142.664   -119.328     56.158
     -9.083    -27.031    246.017   -449.240   -142.904   -119.433     56.179
     -9.085    -26.745    246.256   -449.352   -143.145   -119.538     56.200
     -9.087    -26.458    246.495   -449.464   -143.387   -119.643     56.221
     -9.089    -26.171    246.734   -449.577   -143.629   -119.748     56.242
     -9.091    -25.884    246.974   -449.689   -143.872   -119.854     56.263
     -9.093    -25.596    247.214   -449.802   -144.115   -119.960     56.284
     -9.095    -25.307    247.454   -449.914   -144.359   -120.066     56.305
     -9.097    -25.018    247.694   -450.027   -144.604   -120.172     56.327
     -9.099    -24.729    247.935   -450.140   -144.849   -120.279     56.348
     -9.101    -24.439    248.175   -450.252   -145.094   -120.385     56.370
     -9.103    -24.148    248.416   -450.365   -145.341   -120.492     56.391
     -9.105    -23.857    248.657   -450.478   -145.587   -120.599     56.413
     -9.107    -23.566    248.899   -450.591   -145.835   -120.707     56.434
     -9.109    -23.274    249.140   -450.704   -146.083   -120.814     56.456
     -9.111    -22.982    249.382   -450.817   -146.332   -120.922     56.478
     -9.113    -22.689    249.624   -450.930   -146.581   -121.030     56.499
     -9.115    -22.395    249.866   -451.043   -146.831   -121.139     56.521
     -9.117    -22.101    250.108   -451.156   -147.082   -121.247     56.543
     -9.119    -21.807    250.351   -451.269   -147.333   -121.356     56.565
     -9.121    -21.512    250.594   -451.382   -147.585   -121.465     56.587
     -9.123    -21.217    250.837   -451.495   -147.837   -121.574     56.609
     -9.125    -20.921    251.080   -451.608   -148.090   -121.684     56.631
     -9.127    -20.624    251.324   -451.722   -148.344   -121.793     56.654
     -9.129    -20.327    251.567   -451.835   -148.598   -121.903     56.676
     -9.131    -20.030    251.811   -451.948   -148.853   -122.013     56.698
     -9.133    -19.732    252.055   -452.062   -149.109   -122.124     56.721
     -9.135    -19.434    252.300   -452.175   -149.365   -122.234     56.743
     -9.137    -19.135    252.544   -452.289   -149.622   -122.345     56.766
     -9.139    -18.835    252.789   -452.402   -149.880   -122.456     56.788
     -9.141    -18.535    253.034   -452.516   -150.138   -122.568     56.811
     -9.143    -18.234    253.279   -452.630   -150.397   -122.679     56.834
     -9.145    -17.933    253.525   -452.743   -150.657   -122.791     56.857
     -9.147    -17.632    253.770   -452.857   -150.917   -122.903     56.880
     -9.149    -17.330    254.016   -452.971   -151.178   -123.016     56.903
     -9.151    -17.027    254.263   -453.085   -151.440   -123.128     56.926
     -9.153    -16.724    254.509   -453.199   -151.702   -123.241     56.949
     -9.155    -16.420    254.755   -453.312   -151.966   -123.354     56.972
     -9.157    -16.116    255.002   -453.426   -152.229   -123.468     56.995
     -9.159    -15.811    255.249   -453.540   -152.494   -123.581     57.018
     -9.161    -15.506    255.497   -453.654   -152.759   -123.695     57.042
     -9.163    -15.200    255.744   -453.769   -153.025   -123.809     57.065
     -9.165    -14.894    255.992   -453.883   -153.292   -123.924     57.089
     -9.167    -14.587    256.240   -453.997   -153.559   -124.038     57.112
     -9.169    -14.280    256.488   -454.111   -153.827   -124.153     57.136
     -9.171    -13.972    256.736   -454.225   -154.096   -124.269     57.160
     -9.173    -13.663    256.985   -454.340   -154.366   -124.384     57.184
     -9.175    -13.354    257.234   -454.454   -154.636   -124.500     57.208
     -9.177    -13.045    257.483   -454.569   -154.907   -124.616     57.232
     -9.179    -12.735    257.732   -454.683   -155.179   -124.732     57.256
     -9.181    -12.424    257.982   -454.798   -155.452   -124.849     57.280
     -9.183    -12.113    258.232   -454.912   -155.725   -124.966     57.304
     -9.185    -11.801    258.482   -455.027   -155.999   -125.083     57.328
     -9.187    -11.489    258.732   -455.142   -156.274   -125.200     57.353
     -9.189    -11.176    258.983   -455.256   -156.550   -125.318     57.377
     -9.191    -10.863    259.233   -455.371   -156.827   -125.436     57.402
     -9.193    -10.549    259.484   -455.486   -157.104   -125.554     57.426
     -9.195    -10.234    259.736   -455.601   -157.382   -125.672     57.451
     -9.197     -9.919    259.987   -455.716   -157.661   -125.791     57.476
     -9.199     -9.604    260.239   -455.831   -157.940   -125.910     57.501
     -9.201     -9.288    260.491   -455.946   -158.221   -126.030     57.526
     -9.203     -8.971    260.743   -456.061   -158.502   -126.149     57.551
     -9.205     -8.654    260.995   -456.176   -158.784   -126.269     57.576
     -9.207     -8.336    261.248   -456.291   -159.067   -126.390     57.601
     -9.209     -8.017    261.501   -456.406   -159.351   -126.510     57.626
     -9.211     -7.698    261.754   -456.522   -159.636   -126.631     57.652
     -9.213     -7.379    262.007   -456.637   -159.921   -126.752     57.677
     -9.215     -7.059    262.261   -456.752   -160.207   -126.874     57.703
     -9.217     -6.738    262.515   -456.868   -160.494   -126.995     57.728
     -9.219     -6.417    262.769   -456.983   -160.782   -127.118     57.754
     -9.221     -6.095    263.023   -457.099   -161.071   -127.240     57.780
     -9.223     -5.772    263.278   -457.214   -161.361   -127.363     57.806
     -9.225     -5.449    263.533   -457.330   -161.652   -127.486     57.832
     -9.227     -5.126    263.788   -457.446   -161.943   -127.609     57.858
     -9.229     -4.802    264.043   -457.561   -162.235   -127.733     57.884
     -9.231     -4.477    264.299   -457.677   -162.529   -127.857     57.910
     -9.233     -4.151    264.555   -457.793   -162.823   -127.981     57.937
     -9.235     -3.825    264.811   -457.909   -163.118   -128.105     57.963
     -9.237     -3.499    265.067   -458.025   -163.414   -128.230     57.990
     -9.239     -3.172    265.324   -458.141   -163.711   -128.356     58.016
     -9.241     -2.844    265.581   -458.257   -164.009   -128.481     58.043
     -9.243     -2.516    265.838   -458.373   -164.307   -128.607     58.070
     -9.245     -2.187    266.095   -458.489   -164.607   -128.733     58.097
     -9.247     -1.857    266.353   -458.605   -164.908   -128.860     58.124
     -9.249     -1.527    266.610   -458.722   -165.209   -128.987     58.151
     -9.251     -1.197    266.869   -458.838   -165.512   -129.114     58.178
     -9.253     -0.865    267.127   -458.954   -165.815   -129.242     58.205
     -9.255     -0.533    267.385   -459.071   -166.120   -129.370     58.233
     -9.257     -0.201    267.644   -459.187   -166.425   -129.498     58.260
     -9.259      0.132    267.903   -459.304   -166.732   -129.627     58.288
     -9.261      0.466    268.163   -459.421   -167.039   -129.755     58.316
     -9.263      0.801    268.423   -459.537   -167.348   -129.885     58.344
     -9.265      1.136    268.682   -459.654   -167.657   -130.014     58.372
     -9.267      1.471    268.943   -459.771   -167.967   -130.145     58.400
     -9.269      1.807    269.203   -459.888   -168.279   -130.275     58.428
     -9.271      2.144    269.464   -460.004   -168.591   -130.406     58.456
     -9.273      2.482    269.725   -460.121   -168.905   -130.537     58.484
     -9.275      2.820    269.986   -460.238   -169.220   -130.668     58.513
     -9.277      3.159    270.247   -460.355   -169.535   -130.800     58.542
     -9.279      3.498    270.509   -460.473   -169.852   -130.932     58.570
     -9.281      3.838    270.771   -460.590   -170.170   -131.065     58.599
     -9.283      4.179    271.033   -460.707   -170.488   -131.198     58.628
     -9.285      4.520    271.296   -460.824   -170.808   -131.331     58.657
     -9.287      4.862    271.559   -460.942   -171.129   -131.465     58.686
     -9.289      5.205    271.822   -461.059   -171.452   -131.599     58.716
     -9.291      5.548    272.085   -461.176   -171.775   -131.734     58.745
     -9.293      5.892    272.349   -461.294   -172.099   -131.868     58.775
     -9.295      6.236    272.612   -461.411   -172.425   -132.004     58.804
     -9.297      6.581    272.877   -461.529   -172.751   -132.139     58.834
     -9.299      6.927    273.141   -461.647   -173.079   -132.276     58.864
     -9.301      7.274    273.406   -461.765   -173.408   -132.412     58.894
     -9.303      7.621    273.671   -461.882   -173.738   -132.549     58.924
     -9.305      7.969    273.936   -462.000   -174.069   -132.686     58.954
     -9.307      8.317    274.201   -462.118   -174.402   -132.824     58.985
     -9.309      8.666    274.467   -462.236   -174.735   -132.962     59.015
     -9.311      9.016    274.733   -462.354   -175.070   -133.100     59.046
     -9.313      9.367    275.000   -462.472   -175.406   -133.239     59.077
     -9.315      9.718    275.266   -462.591   -175.743   -133.379     59.108
     -9.317     10.070    275.533   -462.709   -176.082   -133.518     59.139
     -9.319     10.422    275.800   -462.827   -176.421   -133.659     59.170
     -9.321     10.775    276.068   -462.946   -176.762   -133.799     59.201
     -9.323     11.129    276.335   -463.064   -177.104   -133.940     59.233
     -9.325     11.484    276.604   -463.182   -177.448   -134.082     59.264
     -9.327     11.839    276.872   -463.301   -177.793   -134.224     59.296
     -9.329     12.195    277.140   -463.420   -178.139   -134.366     59.328
     -9.331     12.551    277.409   -463.538   -178.486   -134.509     59.360
     -9.333     12.909    277.678   -463.657   -178.835   -134.652     59.392
     -9.335     13.267    277.948   -463.776   -179.185   -134.796     59.424
     -9.337     13.625    278.218   -463.895   -179.536   -134.940     59.457
     -9.339     13.985    278.488   -464.014   -179.888   -135.084     59.489
     -9.341     14.345    278.758   -464.133   -180.242   -135.230     59.522
     -9.343     14.706    279.029   -464.252   -180.598   -135.375     59.555
     -9.345     15.067    279.299   -464.371   -180.954   -135.521     59.588
     -9.347     15.430    279.571   -464.490   -181.313   -135.667     59.621
     -9.349     15.793    279.842   -464.609   -181.672   -135.814     59.654
     -9.351     16.156    280.114   -464.729   -182.033   -135.962     59.688
     -9.353     16.521    280.386   -464.848   -182.395   -136.110     59.722
     -9.355     16.886    280.658   -464.968   -182.759   -136.258     59.755
     -9.357     17.252    280.931   -465.087   -183.124   -136.407     59.789
     -9.359     17.618    281.204   -465.207   -183.491   -136.556     59.824
     -9.361     17.986    281.477   -465.327   -183.859   -136.706     59.858
     -9.363     18.354    281.751   -465.446   -184.229   -136.856     59.892
     -9.365     18.723    282.025   -465.566   -184.600   -137.007     59.927
     -9.367     19.092    282.299   -465.686   -184.972   -137.159     59.962
     -9.369     19.463    282.573   -465.806   -185.346   -137.311     59.997
     -9.371     19.834    282.848   -465.926   -185.722   -137.463     60.032
     -9.373     20.206    283.123   -466.046   -186.099   -137.616     60.067
     -9.375     20.578    283.399   -466.166   -186.478   -137.769     60.103
     -9.377     20.951    283.674   -466.286   -186.859   -137.923     60.138
     -9.379     21.326    283.950   -466.407   -187.241   -138.078     60.174
     -9.381     21.700    284.227   -466.527   -187.624   -138.233     60.210
     -9.383     22.076    284.503   -466.648   -188.009   -138.388     60.246
     -9.385     22.452    284.780   -466.768   -188.396   -138.544     60.283
     -9.387     22.830    285.057   -466.889   -188.785   -138.701     60.319
     -9.389     23.208    285.335   -467.009   -189.175   -138.858     60.356
     -9.391     23.586    285.613   -467.130   -189.567   -139.016     60.393
     -9.393     23.966    285.891   -467.251   -189.960   -139.174     60.430
     -9.395     24.346    286.169   -467.372   -190.355   -139.333     60.468
     -9.397     24.727    286.448   -467.493   -190.752   -139.492     60.505
     -9.399     25.109    286.727   -467.614   -191.151   -139.652     60.543
     -9.401     25.492    287.007   -467.735   -191.552   -139.813     60.581
     -9.403     25.875    287.287   -467.856   -191.954   -139.974     60.619
     -9.405     26.260    287.567   -467.978   -192.358   -140.136     60.657
     -9.407     26.645    287.847   -468.099   -192.764   -140.298     60.696
     -9.409     27.031    288.128   -468.220   -193.172   -140.461     60.735
     -9.411     27.418    288.409   -468.342   -193.581   -140.625     60.774
     -9.413     27.805    288.691   -468.463   -193.993   -140.789     60.813
     -9.415     28.193    288.972   -468.585   -194.406   -140.954     60.852
     -9.417     28.583    289.254   -468.707   -194.821   -141.119     60.892
     -9.419     28.973    289.537   -468.829   -195.238   -141.285     60.932
     -9.421     29.364    289.819   -468.951   -195.657   -141.452     60.972
     -9.423     29.755    290.103   -469.072   -196.078   -141.619     61.012
     -9.425     30.148    290.386   -469.195   -196.501   -141.787     61.053
     -9.427     30.541    290.670   -469.317   -196.926   -141.955     61.093
     -9.429     30.936    290.954   -469.439   -197.353   -142.125     61.134
     -9.431     31.331    291.238   -469.561   -197.782   -142.294     61.176
     -9.433     31.727    291.523   -469.684   -198.214   -142.465     61.217
     -9.435     32.124    291.808   -469.806   -198.647   -142.636     61.259
     -9.437     32.521    292.093   -469.929   -199.082   -142.808     61.301
     -9.439     32.920    292.379   -470.051   -199.520   -142.980     61.343
     -9.441     33.319    292.665   -470.174   -199.959   -143.154     61.385
     -9.443     33.720    292.952   -470.297   -200.401   -143.328     61.428
     -9.445     34.121    293.239   -470.420   -200.845   -143.502     61.471
     -9.447     34.523    293.526   -470.543   -201.291   -143.677     61.514
     -9.449     34.926    293.813   -470.666   -201.739   -143.853     61.558
     -9.451     35.330    294.101   -470.789   -202.190   -144.030     61.602
     -9.453     35.735    294.390   -470.912   -202.643   -144.208     61.646
     -9.455     36.141    294.678   -471.036   -203.098   -144.386     61.690
     -9.457     36.547    294.967   -471.159   -203.556   -144.565     61.735
     -9.459     36.955    295.256   -471.283   -204.016   -144.744     61.780
     -9.461     37.363    295.546   -471.406   -204.478   -144.925     61.825
     -9.463     37.773    295.836   -471.530   -204.943   -145.106     61.870
     -9.465     38.183    296.126   -471.654   -205.410   -145.288     61.916
     -9.467     38.595    296.417   -471.777   -205.880   -145.470     61.962
     -9.469     39.007    296.708   -471.901   -206.352   -145.654     62.009
     -9.471     39.420    297.000   -472.026   -206.827   -145.838     62.055
     -9.473     39.834    297.292   -472.150   -207.304   -146.023     62.102
     -9.475     40.249    297.584   -472.274   -207.784   -146.209     62.150
     -9.477     40.665    297.877   -472.398   -208.266   -146.396     62.197
     -9.479     41.082    298.170   -472.523   -208.751   -146.583     62.245
     -9.481     41.500    298.463   -472.647   -209.239   -146.771     62.293
     -9.483     41.919    298.757   -472.772   -209.730   -146.961     62.342
     -9.485     42.339    299.051   -472.897   -210.223   -147.150     62.391
     -9.487     42.760    299.345   -473.021   -210.719   -147.341     62.440
     -9.489     43.182    299.640   -473.146   -211.217   -147.533     62.490
     -9.491     43.605    299.935   -473.271   -211.719   -147.725     62.540
     -9.493     44.029    300.231   -473.397   -212.223   -147.919     62.590
     -9.495     44.454    300.527   -473.522   -212.731   -148.113     62.641
     -9.497     44.880    300.823   -473.647   -213.241   -148.308     62.692
     -9.499     45.307    301.120   -473.773   -213.754   -148.504     62.743
     -9.501     45.735    301.417   -473.898   -214.271   -148.701     62.795
     -9.503     46.164    301.715   -474.024   -214.790   -148.899     62.848
     -9.505     46.594    302.013   -474.149   -215.312   -149.098     62.900
     -9.507     47.025    302.311   -474.275   -215.838   -149.297     62.953
     -9.509     47.457    302.610   -474.401   -216.366   -149.498     63.006
     -9.511     47.891    302.909   -474.527   -216.898   -149.700     63.060
     -9.513     48.325    303.209   -474.654   -217.433   -149.902     63.114
     -9.515     48.760    303.509   -474.780   -217.972   -150.106     63.169
     -9.517     49.197    303.809   -474.906   -218.513   -150.310     63.224
     -9.519     49.634    304.110   -475.033   -219.058   -150.516     63.280
     -9.521     50.073    304.412   -475.159   -219.607   -150.722     63.335
     -9.523     50.513    304.713   -475.286   -220.159   -150.930     63.392
     -9.525     50.954    305.015   -475.413   -220.714   -151.138     63.449
     -9.527     51.396    305.318   -475.540   -221.273   -151.348     63.506
     -9.529     51.839    305.621   -475.667   -221.836   -151.558     63.564
     -9.531     52.283    305.924   -475.794   -222.402   -151.770     63.622
     -9.533     52.728    306.228   -475.921   -222.972   -151.983     63.681
     -9.535     53.175    306.532   -476.049   -223.545   -152.197     63.740
     -9.537     53.623    306.837   -476.176   -224.123   -152.412     63.799
     -9.539     54.071    307.142   -476.304   -224.704   -152.628     63.860
     -9.541     54.521    307.447   -476.432   -225.289   -152.845     63.920
     -9.543     54.973    307.753   -476.560   -225.878   -153.063     63.981
     -9.545     55.425    308.059   -476.688   -226.471   -153.282     64.043
     -9.547     55.878    308.366   -476.816   -227.069   -153.503     64.105
     -9.549     56.333    308.673   -476.944   -227.670   -153.725     64.168
     -9.551     56.789    308.981   -477.073   -228.275   -153.948     64.232
     -9.553     57.246    309.289   -477.201   -228.885   -154.172     64.296
     -9.555     57.705    309.598   -477.330   -229.499   -154.397     64.360
     -9.557     58.164    309.907   -477.459   -230.117   -154.623     64.425
     -9.559     58.625    310.216   -477.587   -230.740   -154.851     64.491
     -9.561     59.087    310.526   -477.716   -231.368   -155.080     64.557
     -9.563     59.551    310.836   -477.846   -231.999   -155.311     64.624
     -9.565     60.015    311.147   -477.975   -232.636   -155.542     64.692
     -9.567     60.481    311.459   -478.104   -233.277   -155.775     64.760
     -9.569     60.948    311.770   -478.234   -233.923   -156.009     64.829
     -9.571     61.417    312.083   -478.364   -234.574   -156.245     64.899
     -9.573     61.887    312.395   -478.494   -235.230   -156.481     64.969
     -9.575     62.358    312.709   -478.624   -235.891   -156.720     65.040
     -9.577     62.830    313.022   -478.754   -236.556   -156.959     65.111
     -9.579     63.304    313.336   -478.884   -237.227   -157.200     65.184
     -9.581     63.779    313.651   -479.014   -237.904   -157.442     65.257
     -9.583     64.256    313.966   -479.145   -238.585   -157.686     65.331
     -9.585     64.734    314.282   -479.276   -239.272   -157.931     65.405
     -9.587     65.213    314.598   -479.407   -239.965   -158.178     65.481
     -9.589     65.693    314.915   -479.538   -240.663   -158.426     65.557
     -9.591     66.175    315.232   -479.669   -241.367   -158.676     65.634
     -9.593     66.659    315.549   -479.800   -242.076   -158.927     65.712
     -9.595     67.144    315.867   -479.932   -242.792   -159.180     65.790
     -9.597     67.630    316.186   -480.063   -243.513   -159.434     65.870
     -9.599     68.118    316.505   -480.195   -244.241   -159.690     65.950
     -9.601     68.607    316.825   -480.327   -244.975   -159.947     66.031
     -9.603     69.098    317.145   -480.459   -245.715   -160.206     66.114
     -9.605     69.590    317.466   -480.592   -246.461   -160.467     66.197
     -9.607     70.084    317.787   -480.724   -247.214   -160.729     66.281
     -9.609     70.579    318.108   -480.857   -247.974   -160.993     66.366
     -9.611     71.075    318.431   -480.990   -248.740   -161.259     66.452
     -9.613     71.574    318.754   -481.123   -249.514   -161.526     66.539
     -9.615     72.074    319.077   -481.256   -250.294   -161.796     66.627
     -9.617     72.575    319.401   -481.389   -251.082   -162.067     66.716
     -9.619     73.078    319.725   -481.523   -251.876   -162.339     66.807
     -9.621     73.582    320.050   -481.656   -252.679   -162.614     66.898
     -9.623     74.089    320.376   -481.790   -253.489   -162.890     66.991
     -9.625     74.596    320.702   -481.924   -254.306   -163.169     67.084
     -9.627     75.106    321.028   -482.059   -255.132   -163.449     67.179
     -9.629     75.617    321.355   -482.193   -255.965   -163.731     67.276
     -9.631     76.130    321.683   -482.328   -256.807   -164.015     67.373
     -9.633     76.644    322.011   -482.463   -257.657   -164.301     67.472
     -9.635     77.160    322.340   -482.598   -258.516   -164.589     67.572
     -9.637     77.678    322.670   -482.733   -259.383   -164.879     67.673
     -9.639     78.198    323.000   -482.868   -260.259   -165.172     67.776
     -9.641     78.719    323.331   -483.004   -261.145   -165.466     67.880
     -9.643     79.242    323.662   -483.140   -262.039   -165.762     67.986
     -9.645     79.767    323.994   -483.276   -262.943   -166.061     68.093
     -9.647     80.294    324.326   -483.412   -263.857   -166.362     68.202
     -9.649     80.823    324.659   -483.549   -264.781   -166.665     68.312
     -9.651     81.353    324.993   -483.685   -265.715   -166.970     68.424
     -9.653     81.886    325.327   -483.822   -266.659   -167.277     68.538
     -9.655     82.420    325.662   -483.960   -267.614   -167.587     68.653
     -9.657     82.956    325.997   -484.097   -268.579   -167.899     68.770
     -9.659     83.494    326.333   -484.235   -269.556   -168.214     68.889
     -9.661     84.034    326.670   -484.373   -270.544   -168.531     69.010
     -9.663     84.577    327.008   -484.511   -271.544   -168.851     69.133
     -9.665     85.121    327.346   -484.649   -272.555   -169.173     69.258
     -9.667     85.667    327.684   -484.788   -273.579   -169.497     69.385
     -9.669     86.215    328.024   -484.927   -274.616   -169.824     69.514
     -9.671     86.765    328.364   -485.066   -275.665   -170.154     69.645
     -9.673     87.318    328.704   -485.205   -276.727   -170.486     69.778
     -9.675     87.872    329.045   -485.345   -277.803   -170.822     69.914
     -9.677     88.429    329.387   -485.485   -278.893   -171.159     70.052
     -9.679     88.988    329.730   -485.625   -279.997   -171.500     70.193
     -9.681     89.549    330.073   -485.766   -281.115   -171.844     70.336
     -9.683     90.112    330.417   -485.906   -282.249   -172.190     70.482
     -9.685     90.678    330.762   -486.048   -283.398   -172.539     70.630
     -9.687     91.246    331.108   -486.189   -284.563   -172.892     70.782
     -9.689     91.816    331.454   -486.331   -285.744   -173.247     70.936
     -9.691     92.389    331.801   -486.473   -286.942   -173.605     71.094
     -9.693     92.964    332.148   -486.615   -288.157   -173.967     71.254
     -9.695     93.541    332.496   -486.758   -289.390   -174.331     71.418
     -9.697     94.121    332.846   -486.901   -290.642   -174.699     71.585
     -9.699     94.704    333.195   -487.044   -291.912   -175.070     71.756
     -9.701     95.289    333.546   -487.188   -293.202   -175.445     71.931
     -9.703     95.877    333.897   -487.332   -294.512   -175.822     72.109
     -9.705     96.467    334.249   -487.476   -295.843   -176.204     72.291
     -9.707     97.060    334.602   -487.621   -297.195   -176.588     72.478
     -9.709     97.656    334.955   -487.766   -298.570   -176.976     72.669
     -9.711     98.255    335.310   -487.912   -299.967   -177.368     72.864
     -9.713     98.856    335.665   -488.058   -301.389   -177.763     73.064
     -9.715     99.460    336.021   -488.204   -302.835   -178.162     73.269
     -9.717    100.067    336.378   -488.351   -304.306   -178.564     73.479
     -9.719    100.677    336.735   -488.498   -305.804   -178.971     73.695
     -9.721    101.291    337.093   -488.645   -307.329   -179.381     73.916
     -9.723    101.907    337.453   -488.794   -308.883   -179.795     74.143
     -9.725    102.526    337.813   -488.942   -310.467   -180.212     74.377
     -9.727    103.149    338.173   -489.091   -312.081   -180.634     74.617
     -9.729    103.774    338.535   -489.241   -313.728   -181.060     74.863
     -9.731    104.404    338.898   -489.391   -315.407   -181.489     75.118
     -9.733    105.036    339.261   -489.541   -317.122   -181.923     75.379
     -9.735    105.672    339.625   -489.692   -318.873   -182.360     75.649
     -9.737    106.312    339.991   -489.844   -320.662   -182.801     75.928
     -9.739    106.955    340.357   -489.996   -322.491   -183.247     76.216
     -9.741    107.602    340.724   -490.148   -324.361   -183.696     76.513
     -9.743    108.252    341.091   -490.302   -326.275   -184.149     76.821
     -9.745    108.907    341.460   -490.456   -328.235   -184.606     77.139
     -9.747    109.565    341.830   -490.610   -330.242   -185.067     77.469
     -9.749    110.228    342.200   -490.766   -332.300   -185.532     77.812
     -9.751    110.895    342.572   -490.922   -334.412   -186.000     78.168
     -9.753    111.566    342.944   -491.078   -336.580   -186.472     78.538
     -9.755    112.241    343.318   -491.236   -338.807   -186.946     78.923
     -9.757    112.921    343.692   -491.394   -341.097   -187.424     79.326
     -9.759    113.605    344.068   -491.553   -343.453   -187.905     79.746
     -9.761    114.295    344.444   -491.713   -345.880   -188.388     80.185
     -9.763    114.989    344.821   -491.874   -348.383   -188.872     80.645
     -9.765    115.688    345.199   -492.036   -350.966   -189.358     81.128
     -9.767    116.393    345.579   -492.198   -353.634   -189.845     81.636
     -9.769    117.103    345.959   -492.362   -356.395   -190.332     82.172
     -9.771    117.819    346.340   -492.527   -359.254   -190.817     82.737
     -9.773    118.540    346.722   -492.693   -362.219   -191.301     83.336
     -9.775    119.268    347.105   -492.861   -365.299   -191.780     83.971
     -9.777    120.001    347.489   -493.029   -368.502   -192.254     84.648
     -9.779    120.742    347.874   -493.199   -371.841   -192.720     85.369
     -9.781    121.489    348.260   -493.371   -375.326   -193.176     86.143
     -9.783    122.243    348.647   -493.544   -378.972   -193.618     86.973
     -9.785    123.005    349.034   -493.719   -382.793   -194.042     87.870
     -9.787    123.775    349.423   -493.895   -386.809   -194.442     88.841
     -9.789    124.552    349.812   -494.074   -391.040   -194.813     89.899
     -9.791    125.339    350.202   -494.255   -395.510   -195.145     91.056
     -9.793    126.135    350.593   -494.438   -400.246   -195.427     92.329
     -9.795    126.940    350.984   -494.624   -405.283   -195.646     93.738
     -9.797    127.756    351.375   -494.814   -410.658   -195.782     95.308
     -9.799    128.583    351.767   -495.006   -416.417   -195.811     97.071
     -9.801    129.422    352.158   -495.202   -422.614   -195.700     99.065
     -9.803    130.274    352.549   -495.402   -429.313   -195.403    101.343
     -9.805    131.140    352.940   -495.608   -436.590   -194.857    103.967
     -9.807    132.021    353.329   -495.819   -444.533   -193.975    107.021
     -9.809    132.919    353.715   -496.036   -453.241   -192.628    110.612
     -9.811    133.835    354.098   -496.262   -462.821   -190.636    114.872
     -9.813    134.771    354.477   -496.497   -473.371   -187.729    119.961
     -9.815    135.730    354.848   -496.743   -484.946   -183.511    126.047
     -9.817    136.712    355.209   -497.002   -497.471   -177.406    133.230
     -9.819    137.720    355.555   -497.277   -510.562   -168.618    141.321
     -9.821    138.754    355.880   -497.567   -523.206   -156.221    149.258
     -9.823    139.810    356.176   -497.871   -533.380   -139.697    154.184
     -9.825    140.882    356.436   -498.177   -538.433   -120.129    152.461
     -9.827    141.958    356.656   -498.474   -537.114   -100.512    144.613
     -9.829    143.026    356.840   -498.753   -530.794    -83.523    134.392
     -9.831    144.078    356.994   -499.012   -521.792    -69.984    124.419
     -9.833    145.112    357.123   -499.252   -511.839    -59.531    115.701
     -9.835    146.126    357.234   -499.476   -501.892    -51.498    108.403
     -9.837    147.120    357.331   -499.687   -492.394    -45.277    102.378
     -9.839    148.096    357.417   -499.887   -483.516    -40.400     97.405
     -9.841    149.055    357.494   -500.078   -475.292    -36.522     93.273
     -9.843    149.998    357.564   -500.261   -467.695    -33.397     89.809
     -9.845    150.926    357.628   -500.437   -460.673    -30.847     86.873
     -9.847    151.841    357.687   -500.609   -454.169    -28.740     84.359
     -9.849    152.743    357.743   -500.775   -448.124    -26.983     82.184
     -9.851    153.634    357.796   -500.938   -442.487    -25.503     80.284
     -9.853    154.513    357.845   -501.096   -437.213    -24.247     78.610
     -9.855    155.383    357.893   -501.252   -432.261    -23.173     77.122
     -9.857    156.243    357.938   -501.405   -427.595    -22.248     75.790
     -9.859    157.094    357.982   -501.555   -423.187    -21.449     74.590
     -9.861    157.936    358.024   -501.704   -419.009    -20.755     73.500
     -9.863    158.770    358.065   -501.850   -415.039    -20.149     72.507
     -9.865    159.596    358.105   -501.994   -411.257    -19.619     71.595
     -9.867    160.415    358.144   -502.136   -407.646    -19.154     70.755
     -9.869    161.227    358.181   -502.277   -404.192    -18.745     69.977
     -9.871    162.032    358.219   -502.416   -400.881    -18.385     69.254
     -9.873    162.830    358.255   -502.554   -397.701    -18.068     68.579
     -9.875    163.623    358.291   -502.690   -394.642    -17.788     67.948
     -9.877    164.409    358.326   -502.826   -391.695    -17.541     67.355
     -9.879    165.190    358.361   -502.960   -388.852    -17.323     66.796
     -9.881    165.965    358.396   -503.093   -386.105    -17.132     66.268
     -9.883    166.734    358.430   -503.225   -383.448    -16.964     65.768
     -9.885    167.499    358.463   -503.356   -380.876    -16.816     65.294
     -9.887    168.258    358.497   -503.486   -378.382    -16.688     64.842
     -9.889    169.012    358.530   -503.615   -375.961    -16.576     64.412
     -9.891    169.762    358.563   -503.744   -373.611    -16.479     64.001
     -9.893    170.507    358.596   -503.871   -371.325    -16.397     63.607
     -9.895    171.247    358.629   -503.998   -369.102    -16.327     63.230
     -9.897    171.983    358.661   -504.124   -366.936    -16.268     62.869
     -9.899    172.715    358.694   -504.250   -364.826    -16.219     62.521
     -9.901    173.442    358.726   -504.374   -362.769    -16.181     62.186
     -9.903    174.166    358.759   -504.498   -360.761    -16.151     61.863
     -9.905    174.886    358.791   -504.622   -358.800    -16.129     61.551
     -9.907    175.601    358.823   -504.745   -356.885    -16.114     61.250
     -9.909    176.313    358.855   -504.867   -355.012    -16.106     60.959
     -9.911    177.021    358.888   -504.989   -353.180    -16.104     60.676
     -9.913    177.726    358.920   -505.110   -351.388    -16.108     60.403
     -9.915    178.427    358.952   -505.230   -349.633    -16.117     60.137
     -9.917    179.124    358.984   -505.350   -347.914    -16.131     59.880
     -9.919    179.819    359.017   -505.470   -346.229    -16.150     59.629
     -9.921    180.509    359.049   -505.589   -344.578    -16.173     59.385
     -9.923    181.197    359.081   -505.707   -342.958    -16.199     59.148
     -9.925    181.881    359.114   -505.825   -341.368    -16.230     58.917
     -9.927    182.562    359.146   -505.943   -339.808    -16.263     58.691
     -9.929    183.241    359.179   -506.060   -338.276    -16.300     58.471
     -9.931    183.916    359.211   -506.177   -336.771    -16.339     58.257
     -9.933    184.588    359.244   -506.293   -335.292    -16.382     58.047
     -9.935    185.257    359.277   -506.409   -333.839    -16.427     57.842
     -9.937    185.923    359.310   -506.524   -332.410    -16.474     57.641
     -9.939    186.586    359.343   -506.640   -331.005    -16.523     57.445
     -9.941    187.247    359.376   -506.754   -329.622    -16.574     57.253
     -9.943    187.905    359.409   -506.869   -328.261    -16.627     57.065
     -9.945    188.560    359.442   -506.982   -326.922    -16.682     56.880
     -9.947    189.213    359.476   -507.096   -325.603    -16.739     56.699
     -9.949    189.863    359.509   -507.209   -324.305    -16.797     56.522
     -9.951    190.510    359.543   -507.322   -323.026    -16.857     56.348
     -9.953    191.155    359.577   -507.435   -321.765    -16.917     56.177
     -9.955    191.797    359.611   -507.547   -320.523    -16.980     56.009
     -9.957    192.437    359.645   -507.659   -319.298    -17.043     55.845
     -9.959    193.074    359.679   -507.770   -318.091    -17.107     55.682
     -9.961    193.709    359.713   -507.881   -316.900    -17.172     55.523
     -9.963    194.342    359.748   -507.992   -315.726    -17.239     55.366
     -9.965    194.972    359.782   -508.103   -314.567    -17.306     55.212
     -9.967    195.600    359.817   -508.213   -313.424    -17.374     55.061
     -9.969    196.226    359.852   -508.323   -312.295    -17.442     54.911
     -9.971    196.849    359.887   -508.433   -311.182    -17.512     54.764
     -9.973    197.471    359.922   -508.542   -310.082    -17.582     54.619
     -9.975    198.090    359.957   -508.651   -308.996    -17.653     54.476
     -9.977    198.707    359.992   -508.760   -307.924    -17.724     54.336
     -9.979    199.321    360.028   -508.869   -306.864    -17.795     54.197
     -9.981    199.934    360.063   -508.977   -305.818    -17.868     54.060
     -9.983    200.545    360.099   -509.085   -304.784    -17.940     53.925
     -9.985    201.153    360.135   -509.193   -303.762    -18.013     53.792
     -9.987    201.760    360.171   -509.300   -302.752    -18.087     53.661
     -9.989    202.364    360.208   -509.407   -301.753    -18.161     53.531
     -9.991    202.967    360.244   -509.514   -300.766    -18.235     53.403
     -9.993    203.567    360.280   -509.621   -299.790    -18.309     53.277
     -9.995    204.166    360.317   -509.727   -298.825    -18.384     53.152
     -9.997    204.763    360.354   -509.834   -297.870    -18.459     53.029
     -9.999    205.357    360.391   -509.939   -296.926    -18.534     52.907
    -10.001    205.950    360.428   -510.045   -295.991    -18.609     52.786
    -10.003    206.541    360.465   -510.151   -295.067    -18.685     52.667
    -10.005    207.131    360.503   -510.256   -294.152    -18.760     52.549
    -10.007    207.718    360.540   -510.361   -293.247    -18.836     52.433
    -10.009    208.304    360.578   -510.466   -292.351    -18.912     52.318
    -10.011    208.887    360.616   -510.570   -291.464    -18.988     52.204
    -10.013    209.469    360.654   -510.674   -290.586    -19.064     52.092
    -10.015    210.050    360.692   -510.778   -289.716    -19.140     51.980
    -10.017    210.628    360.731   -510.882   -288.855    -19.216     51.870
    -10.019    211.205    360.769   -510.986   -288.003    -19.292     51.761
    -10.021    211.780    360.808   -511.089   -287.158    -19.369     51.653
    -10.023    212.354    360.847   -511.193   -286.322    -19.445     51.546
    -10.025    212.926    360.886   -511.296   -285.493    -19.521     51.440
    -10.027    213.496    360.925   -511.398   -284.673    -19.597     51.335
    -10.029    214.064    360.964   -511.501   -283.859    -19.674     51.231
    -10.031    214.631    361.003   -511.603   -283.053    -19.750     51.128
    -10.033    215.197    361.043   -511.705   -282.255    -19.826     51.026
    -10.035    215.760    361.083   -511.807   -281.464    -19.902     50.925
    -10.037    216.322    361.123   -511.909   -280.679    -19.978     50.825
    -10.039    216.883    361.163   -512.011   -279.902    -20.054     50.726
    -10.041    217.442    361.203   -512.112   -279.131    -20.130     50.627
    -10.043    217.999    361.243   -512.213   -278.367    -20.206     50.530
    -10.045    218.555    361.284   -512.314   -277.609    -20.282     50.433
    -10.047    219.110    361.324   -512.415   -276.858    -20.358     50.337
    -10.049    219.663    361.365   -512.515   -276.113    -20.434     50.242
    -10.051    220.214    361.406   -512.616   -275.374    -20.509     50.148
    -10.053    220.764    361.447   -512.716   -274.642    -20.585     50.055
    -10.055    221.313    361.488   -512.816   -273.915    -20.660     49.962
    -10.057    221.860    361.530   -512.916   -273.194    -20.735     49.870
    -10.059    222.406    361.571   -513.016   -272.479    -20.810     49.779
    -10.061    222.950    361.613   -513.115   -271.770    -20.885     49.688
    -10.063    223.493    361.655   -513.214   -271.066    -20.960     49.599
    -10.065    224.034    361.697   -513.313   -270.368    -21.035     49.509
    -10.067    224.574    361.739   -513.412   -269.675    -21.109     49.421
    -10.069    225.113    361.781   -513.511   -268.987    -21.184     49.333
    -10.071    225.650    361.824   -513.610   -268.305    -21.258     49.246
    -10.073    226.186    361.866   -513.708   -267.627    -21.332     49.160
    -10.075    226.721    361.909   -513.806   -266.955    -21.406     49.074
    -10.077    227.254    361.952   -513.904   -266.288    -21.480     48.989
    -10.079    227.786    361.995   -514.002   -265.626    -21.554     48.904
    -10.081    228.317    362.038   -514.100   -264.968    -21.627     48.820
    -10.083    228.846    362.082   -514.198   -264.316    -21.701     48.736
    -10.085    229.374    362.125   -514.295   -263.668    -21.774     48.653
    -10.087    229.900    362.169   -514.392   -263.024    -21.847     48.571
    -10.089    230.426    362.212   -514.489   -262.386    -21.920     48.489
    -10.091    230.950    362.256   -514.586   -261.751    -21.992     48.408
    -10.093    231.473    362.300   -514.683   -261.121    -22.065     48.327
    -10.095    231.995    362.345   -514.779   -260.496    -22.137     48.247
    -10.097    232.515    362.389   -514.876   -259.874    -22.210     48.168
    -10.099    233.034    362.433   -514.972   -259.257    -22.282     48.088
    -10.101    233.552    362.478   -515.068   -258.644    -22.353     48.010
    -10.103    234.069    362.523   -515.164   -258.035    -22.425     47.932
    -10.105    234.584    362.568   -515.260   -257.431    -22.497     47.854
    -10.107    235.098    362.613   -515.356   -256.830    -22.568     47.777
    -10.109    235.611    362.658   -515.451   -256.233    -22.639     47.700
    -10.111    236.123    362.703   -515.546   -255.640    -22.710     47.624
    -10.113    236.634    362.749   -515.642   -255.051    -22.781     47.548
    -10.115    237.143    362.794   -515.737   -254.465    -22.851     47.473
    -10.117    237.652    362.840   -515.831   -253.884    -22.922     47.398
    -10.119    238.159    362.886   -515.926   -253.306    -22.992     47.323
    -10.121    238.665    362.932   -516.021   -252.731    -23.062     47.249
    -10.123    239.170    362.978   -516.115   -252.160    -23.132     47.176
    -10.125    239.674    363.025   -516.209   -251.593    -23.201     47.103
    -10.127    240.176    363.071   -516.304   -251.029    -23.271     47.030
    -10.129    240.678    363.118   -516.398   -250.469    -23.340     46.958
    -10.131    241.178    363.165   -516.491   -249.912    -23.409     46.886
    -10.133    241.677    363.211   -516.585   -249.358    -23.478     46.814
    -10.135    242.176    363.258   -516.679   -248.808    -23.547     46.743
    -10.137    242.673    363.306   -516.772   -248.260    -23.615     46.672
    -10.139    243.169    363.353   -516.865   -247.717    -23.683     46.602
    -10.141    243.664    363.400   -516.958   -247.176    -23.751     46.532
    -10.143    244.157    363.448   -517.051   -246.638    -23.819     46.462
    -10.145    244.650    363.496   -517.144   -246.104    -23.887     46.393
    -10.147    245.142    363.544   -517.237   -245.572    -23.955     46.324
    -10.149    245.632    363.591   -517.330   -245.044    -24.022     46.255
    -10.151    246.122    363.640   -517.422   -244.518    -24.089     46.187
    -10.153    246.610    363.688   -517.514   -243.996    -24.156     46.119
    -10.155    247.098    363.736   -517.607   -243.476    -24.223     46.052
    -10.157    247.584    363.785   -517.699   -242.960    -24.289     45.985
    -10.159    248.070    363.833   -517.790   -242.446    -24.356     45.918
    -10.161    248.554    363.882   -517.882   -241.935    -24.422     45.851
    -10.163    249.038    363.931   -517.974   -241.426    -24.488     45.785
    -10.165    249.520    363.980   -518.065   -240.921    -24.554     45.719
    -10.167    250.001    364.029   -518.157   -240.418    -24.619     45.654
    -10.169    250.482    364.079   -518.248   -239.918    -24.685     45.589
    -10.171    250.961    364.128   -518.339   -239.420    -24.750     45.524
    -10.173    251.439    364.178   -518.430   -238.925    -24.815     45.459
    -10.175    251.917    364.227   -518.521   -238.433    -24.880     45.395
    -10.177    252.393    364.277   -518.612   -237.943    -24.944     45.331
    -10.179    252.868    364.327   -518.702   -237.456    -25.009     45.267
    -10.181    253.343    364.377   -518.793   -236.971    -25.073     45.204
    -10.183    253.816    364.427   -518.883   -236.489    -25.137     45.141
    -10.185    254.289    364.478   -518.973   -236.009    -25.201     45.078
    -10.187    254.760    364.528   -519.063   -235.532    -25.264     45.015
    -10.189    255.231    364.579   -519.153   -235.057    -25.328     44.953
    -10.191    255.701    364.629   -519.243   -234.584    -25.391     44.891
    -10.193    256.169    364.680   -519.333   -234.114    -25.454     44.829
    -10.195    256.637    364.731   -519.422   -233.646    -25.517     44.768
    -10.197    257.104    364.782   -519.512   -233.180    -25.580     44.707
    -10.199    257.570    364.834   -519.601   -232.716    -25.642     44.646
    -10.201    258.035    364.885   -519.691   -232.255    -25.705     44.585
    -10.203    258.499    364.936   -519.780   -231.796    -25.767     44.525
    -10.205    258.962    364.988   -519.869   -231.339    -25.829     44.465
    -10.207    259.424    365.040   -519.958   -230.885    -25.891     44.405
    -10.209    259.885    365.092   -520.046   -230.432    -25.952     44.346
    -10.211    260.346    365.144   -520.135   -229.982    -26.014     44.286
    -10.213    260.805    365.196   -520.223   -229.534    -26.075     44.227
    -10.215    261.264    365.248   -520.312   -229.087    -26.136     44.168
    -10.217    261.722    365.300   -520.400   -228.643    -26.197     44.110
    -10.219    262.179    365.353   -520.488   -228.201    -26.257     44.052
    -10.221    262.634    365.405   -520.576   -227.761    -26.318     43.993
    -10.223    263.090    365.458   -520.664   -227.323    -26.378     43.936
    -10.225    263.544    365.511   -520.752   -226.887    -26.438     43.878
    -10.227    263.997    365.564   -520.840   -226.453    -26.498     43.821
    -10.229    264.450    365.617   -520.927   -226.020    -26.558     43.764
    -10.231    264.901    365.670   -521.015   -225.590    -26.618     43.707
    -10.233    265.352    365.723   -521.102   -225.162    -26.677     43.650
    -10.235    265.802    365.777   -521.189   -224.735    -26.736     43.593
    -10.237    266.251    365.830   -521.277   -224.310    -26.795     43.537
    -10.239    266.699    365.884   -521.364   -223.888    -26.854     43.481
    -10.241    267.146    365.938   -521.450   -223.466    -26.913     43.425
    -10.243    267.593    365.991   -521.537   -223.047    -26.971     43.370
    -10.245    268.039    366.045   -521.624   -222.630    -27.029     43.315
    -10.247    268.483    366.100   -521.711   -222.214    -27.087     43.259
    -10.249    268.928    366.154   -521.797   -221.800    -27.145     43.205
    -10.251    269.371    366.208   -521.883   -221.388    -27.203     43.150
    -10.253    269.813    366.263   -521.970   -220.978    -27.261     43.095
    -10.255    270.255    366.317   -522.056   -220.569    -27.318     43.041
    -10.257    270.695    366.372   -522.142   -220.162    -27.375     42.987
    -10.259    271.135    366.427   -522.228   -219.757    -27.432     42.933
    -10.261    271.574    366.482   -522.313   -219.353    -27.489     42.879
    -10.263    272.013    366.537   -522.399   -218.951    -27.546     42.826
    -10.265    272.450    366.592   -522.485   -218.550    -27.602     42.773
    -10.267    272.887    366.647   -522.570   -218.152    -27.659     42.720
    -10.269    273.323    366.702   -522.656   -217.754    -27.715     42.667
    -10.271    273.758    366.758   -522.741   -217.359    -27.771     42.614
    -10.273    274.192    366.813   -522.826   -216.965    -27.827     42.561
    -10.275    274.626    366.869   -522.911   -216.572    -27.882     42.509
    -10.277    275.059    366.925   -522.996   -216.181    -27.938     42.457
    -10.279    275.490    366.981   -523.081   -215.792    -27.993     42.405
    -10.281    275.922    367.037   -523.166   -215.404    -28.048     42.353
    -10.283    276.352    367.093   -523.250   -215.018    -28.103     42.302
    -10.285    276.782    367.149   -523.335   -214.633    -28.158     42.250
    -10.287    277.211    367.206   -523.419   -214.249    -28.212     42.199
    -10.289    277.639    367.262   -523.504   -213.867    -28.267     42.148
    -10.291    278.066    367.319   -523.588   -213.487    -28.321     42.097
    -10.293    278.493    367.376   -523.672   -213.108    -28.375     42.047
    -10.295    278.919    367.432   -523.756   -212.730    -28.429     41.996
    -10.297    279.344    367.489   -523.840   -212.354    -28.483     41.946
    -10.299    279.768    367.546   -523.924   -211.979    -28.537     41.896
    -10.301    280.192    367.603   -524.008   -211.605    -28.590     41.846
    -10.303    280.614    367.661   -524.091   -211.233    -28.643     41.796
    -10.305    281.036    367.718   -524.175   -210.862    -28.696     41.747
    -10.307    281.458    367.775   -524.258   -210.493    -28.749     41.697
    -10.309    281.878    367.833   -524.342   -210.125    -28.802     41.648
    -10.311    282.298    367.891   -524.425   -209.758    -28.855     41.599
    -10.313    282.717    367.948   -524.508   -209.393    -28.907     41.550
    -10.315    283.136    368.006   -524.591   -209.029    -28.959     41.501
    -10.317    283.554    368.064   -524.674   -208.666    -29.011     41.453
    -10.319    283.971    368.122   -524.757   -208.305    -29.063     41.405
    -10.321    284.387    368.180   -524.840   -207.944    -29.115     41.356
    -10.323    284.802    368.239   -524.922   -207.585    -29.167     41.308
    -10.325    285.217    368.297   -525.005   -207.228    -29.218     41.260
    -10.327    285.631    368.356   -525.087   -206.871    -29.270     41.213
    -10.329    286.045    368.414   -525.170   -206.516    -29.321     41.165
    -10.331    286.457    368.473   -525.252   -206.162    -29.372     41.118
    -10.333    286.869    368.532   -525.334   -205.809    -29.423     41.070
    -10.335    287.281    368.591   -525.416   -205.458    -29.473     41.023
    -10.337    287.691    368.650   -525.498   -205.108    -29.524     40.976
    -10.339    288.101    368.709   -525.580   -204.758    -29.574     40.929
    -10.341    288.510    368.768   -525.662   -204.411    -29.624     40.883
    -10.343    288.919    368.827   -525.744   -204.064    -29.674     40.836
    -10.345    289.326    368.887   -525.825   -203.718    -29.724     40.790
    -10.347    289.733    368.946   -525.907   -203.374    -29.774     40.744
    -10.349    290.140    369.006   -525.988   -203.030    -29.823     40.698
    -10.351    290.546    369.065   -526.070   -202.688    -29.873     40.652
    -10.353    290.951    369.125   -526.151   -202.347    -29.922     40.606
    -10.355    291.355    369.185   -526.232   -202.007    -29.971     40.561
    -10.357    291.759    369.245   -526.313   -201.668    -30.020     40.515
    -10.359    292.162    369.305   -526.394   -201.330    -30.069     40.470
    -10.361    292.564    369.365   -526.475   -200.994    -30.117     40.425
    -10.363    292.966    369.426   -526.556   -200.658    -30.166     40.380
    -10.365    293.367    369.486   -526.637   -200.324    -30.214     40.335
    -10.367    293.767    369.546   -526.717   -199.990    -30.262     40.290
    -10.369    294.167    369.607   -526.798   -199.658    -30.310     40.246
    -10.371    294.566    369.668   -526.878   -199.327    -30.358     40.201
    -10.373    294.964    369.728   -526.959   -198.996    -30.406     40.157
    -10.375    295.362    369.789   -527.039   -198.667    -30.454     40.113
    -10.377    295.759    369.850   -527.119   -198.339    -30.501     40.069
    -10.379    296.155    369.911   -527.199   -198.012    -30.548     40.025
    -10.381    296.551    369.972   -527.279   -197.686    -30.595     39.981
    -10.383    296.946    370.034   -527.359   -197.361    -30.642     39.938
    -10.385    297.340    370.095   -527.439   -197.036    -30.689     39.894
    -10.387    297.734    370.156   -527.519   -196.713    -30.736     39.851
    -10.389    298.127    370.218   -527.598   -196.391    -30.782     39.808
    -10.391    298.519    370.280   -527.678   -196.070    -30.829     39.765
    -10.393    298.911    370.341   -527.757   -195.750    -30.875     39.722
    -10.395    299.302    370.403   -527.837   -195.430    -30.921     39.679
    -10.397    299.693    370.465   -527.916   -195.112    -30.967     39.636
    -10.399    300.083    370.527   -527.995   -194.795    -31.013     39.594
    -10.401    300.472    370.589   -528.074   -194.479    -31.058     39.551
    -10.403    300.861    370.651   -528.154   -194.163    -31.104     39.509
    -10.405    301.249    370.713   -528.233   -193.849    -31.149     39.467
    -10.407    301.636    370.776   -528.311   -193.535    -31.194     39.425
    -10.409    302.023    370.838   -528.390   -193.222    -31.239     39.383
    -10.411    302.409    370.901   -528.469   -192.911    -31.284     39.342
    -10.413    302.795    370.963   -528.548   -192.600    -31.329     39.300
    -10.415    303.179    371.026   -528.626   -192.290    -31.374     39.259
    -10.417    303.564    371.089   -528.705   -191.981    -31.418     39.217
    -10.419    303.947    371.152   -528.783   -191.673    -31.463     39.176
    -10.421    304.330    371.215   -528.861   -191.365    -31.507     39.135
    -10.423    304.713    371.278   -528.940   -191.059    -31.551     39.094
    -10.425    305.095    371.341   -529.018   -190.754    -31.595     39.053
    -10.427    305.476    371.404   -529.096   -190.449    -31.639     39.012
    -10.429    305.856    371.467   -529.174   -190.145    -31.682     38.972
    -10.431    306.236    371.531   -529.252   -189.842    -31.726     38.931
    -10.433    306.616    371.594   -529.329   -189.540    -31.769     38.891
    -10.435    306.995    371.658   -529.407   -189.239    -31.812     38.851
    -10.437    307.373    371.722   -529.485   -188.938    -31.855     38.811
    -10.439    307.750    371.785   -529.562   -188.639    -31.898     38.771
    -10.441    308.127    371.849   -529.640   -188.340    -31.941     38.731
    -10.443    308.504    371.913   -529.717   -188.042    -31.984     38.691
    -10.445    308.879    371.977   -529.795   -187.745    -32.026     38.652
    -10.447    309.255    372.041   -529.872   -187.449    -32.069     38.612
    -10.449    309.629    372.105   -529.949   -187.153    -32.111     38.573
    -10.451    310.003    372.170   -530.026   -186.859    -32.153     38.534
    -10.453    310.377    372.234   -530.103   -186.565    -32.195     38.495
    -10.455    310.750    372.298   -530.180   -186.272    -32.237     38.456
    -10.457    311.122    372.363   -530.257   -185.980    -32.279     38.417
    -10.459    311.493    372.428   -530.334   -185.688    -32.320     38.378
    -10.461    311.865    372.492   -530.411   -185.397    -32.362     38.339
    -10.463    312.235    372.557   -530.487   -185.107    -32.403     38.301
    -10.465    312.605    372.622   -530.564   -184.818    -32.444     38.262
    -10.467    312.974    372.687   -530.640   -184.530    -32.485     38.224
    -10.469    313.343    372.752   -530.717   -184.242    -32.526     38.186
    -10.471    313.711    372.817   -530.793   -183.955    -32.567     38.148
    -10.473    314.079    372.882   -530.869   -183.669    -32.608     38.110
    -10.475    314.446    372.947   -530.946   -183.384    -32.648     38.072
    -10.477    314.812    373.013   -531.022   -183.099    -32.689     38.034
    -10.479    315.178    373.078   -531.098   -182.815    -32.729     37.997
    -10.481    315.544    373.144   -531.174   -182.532    -32.769     37.959
    -10.483    315.909    373.209   -531.249   -182.249    -32.809     37.922
    -10.485    316.273    373.275   -531.325   -181.968    -32.849     37.884
    -10.487    316.636    373.341   -531.401   -181.687    -32.889     37.847
    -10.489    316.999    373.406   -531.477   -181.406    -32.928     37.810
    -10.491    317.362    373.472   -531.552   -181.127    -32.968     37.773
    -10.493    317.724    373.538   -531.628   -180.848    -33.007     37.736
    -10.495    318.085    373.604   -531.703   -180.570    -33.046     37.700
    -10.497    318.446    373.670   -531.779   -180.292    -33.085     37.663
    -10.499    318.807    373.737   -531.854   -180.015    -33.124     37.627
    -10.501    319.166    373.803   -531.929   -179.739    -33.163     37.590
    -10.503    319.526    373.869   -532.004   -179.464    -33.202     37.554
    -10.505    319.884    373.936   -532.079   -179.189    -33.240     37.518
    -10.507    320.242    374.002   -532.154   -178.915    -33.279     37.482
    -10.509    320.600    374.069   -532.229   -178.642    -33.317     37.446
    -10.511    320.957    374.136   -532.304   -178.369    -33.355     37.410
    -10.513    321.313    374.202   -532.379   -178.097    -33.393     37.374
    -10.515    321.669    374.269   -532.454   -177.826    -33.431     37.338
    -10.517    322.025    374.336   -532.528   -177.555    -33.469     37.303
    -10.519    322.379    374.403   -532.603   -177.285    -33.507     37.268
    -10.521    322.734    374.470   -532.677   -177.015    -33.545     37.232
    -10.523    323.088    374.537   -532.752   -176.747    -33.582     37.197
    -10.525    323.441    374.604   -532.826   -176.479    -33.619     37.162
    -10.527    323.793    374.672   -532.900   -176.211    -33.657     37.127
    -10.529    324.146    374.739   -532.975   -175.944    -33.694     37.092
    -10.531    324.497    374.806   -533.049   -175.678    -33.731     37.057
    -10.533    324.848    374.874   -533.123   -175.413    -33.767     37.022
    -10.535    325.199    374.941   -533.197   -175.148    -33.804     36.988
    -10.537    325.549    375.009   -533.271   -174.883    -33.841     36.953
    -10.539    325.898    375.077   -533.345   -174.620    -33.877     36.919
    -10.541    326.247    375.145   -533.418   -174.357    -33.914     36.885
    -10.543    326.596    375.213   -533.492   -174.094    -33.950     36.851
    -10.545    326.944    375.280   -533.566   -173.832    -33.986     36.816
    -10.547    327.291    375.348   -533.639   -173.571    -34.022     36.782
    -10.549    327.638    375.417   -533.713   -173.311    -34.058     36.749
    -10.551    327.984    375.485   -533.786   -173.051    -34.093     36.715
    -10.553    328.330    375.553   -533.860   -172.791    -34.129     36.681
    -10.555    328.676    375.621   -533.933   -172.532    -34.165     36.648
    -10.557    329.020    375.690   -534.006   -172.274    -34.200     36.614
    -10.559    329.365    375.758   -534.080   -172.017    -34.235     36.581
    -10.561    329.708    375.827   -534.153   -171.760    -34.270     36.547
    -10.563    330.052    375.895   -534.226   -171.503    -34.305     36.514
    -10.565    330.394    375.964   -534.299   -171.247    -34.340     36.481
    -10.567    330.737    376.032   -534.372   -170.992    -34.375     36.448
    -10.569    331.078    376.101   -534.445   -170.737    -34.410     36.415
    -10.571    331.420    376.170   -534.517   -170.483    -34.444     36.383
    -10.573    331.760    376.239   -534.590   -170.230    -34.479     36.350
    -10.575    332.101    376.308   -534.663   -169.977    -34.513     36.317
    -10.577    332.440    376.377   -534.735   -169.724    -34.547     36.285
    -10.579    332.779    376.446   -534.808   -169.472    -34.581     36.252
    -10.581    333.118    376.515   -534.880   -169.221    -34.615     36.220
    -10.583    333.456    376.585   -534.953   -168.970    -34.649     36.188
    -10.585    333.794    376.654   -535.025   -168.720    -34.683     36.156
    -10.587    334.131    376.723   -535.097   -168.470    -34.717     36.124
    -10.589    334.468    376.793   -535.170   -168.221    -34.750     36.092
    -10.591    334.804    376.862   -535.242   -167.973    -34.784     36.060
    -10.593    335.140    376.932   -535.314   -167.725    -34.817     36.028
    -10.595    335.475    377.002   -535.386   -167.477    -34.850     35.997
    -10.597    335.810    377.071   -535.458   -167.230    -34.883     35.965
    -10.599    336.144    377.141   -535.530   -166.984    -34.916     35.934
    -10.601    336.478    377.211   -535.602   -166.738    -34.949     35.902
    -10.603    336.811    377.281   -535.673   -166.493    -34.982     35.871
    -10.605    337.144    377.351   -535.745   -166.248    -35.014     35.840
    -10.607    337.476    377.421   -535.817   -166.004    -35.047     35.809
    -10.609    337.808    377.491   -535.888   -165.760    -35.079     35.778
    -10.611    338.139    377.561   -535.960   -165.517    -35.111     35.747
    -10.613    338.470    377.632   -536.031   -165.274    -35.144     35.716
    -10.615    338.800    377.702   -536.103   -165.032    -35.176     35.686
    -10.617    339.130    377.772   -536.174   -164.790    -35.208     35.655
    -10.619    339.459    377.843   -536.245   -164.549    -35.239     35.625
    -10.621    339.788    377.913   -536.317   -164.309    -35.271     35.594
    -10.623    340.116    377.984   -536.388   -164.068    -35.303     35.564
    -10.625    340.444    378.054   -536.459   -163.829    -35.334     35.534
    -10.627    340.772    378.125   -536.530   -163.590    -35.366     35.503
    -10.629    341.099    378.196   -536.601   -163.351    -35.397     35.473
    -10.631    341.425    378.267   -536.672   -163.113    -35.428     35.443
    -10.633    341.751    378.338   -536.743   -162.875    -35.459     35.414
    -10.635    342.077    378.409   -536.813   -162.638    -35.490     35.384
    -10.637    342.402    378.480   -536.884   -162.401    -35.521     35.354
    -10.639    342.726    378.551   -536.955   -162.165    -35.552     35.325
    -10.641    343.050    378.622   -537.025   -161.930    -35.582     35.295
    -10.643    343.374    378.693   -537.096   -161.694    -35.613     35.266
    -10.645    343.697    378.764   -537.167   -161.460    -35.643     35.236
    -10.647    344.020    378.836   -537.237   -161.226    -35.674     35.207
    -10.649    344.342    378.907   -537.307   -160.992    -35.704     35.178
    -10.651    344.664    378.978   -537.378   -160.759    -35.734     35.149
    -10.653    344.985    379.050   -537.448   -160.526    -35.764     35.120
    -10.655    345.306    379.121   -537.518   -160.293    -35.794     35.091
    -10.657    345.626    379.193   -537.588   -160.062    -35.823     35.062
    -10.659    345.946    379.265   -537.658   -159.830    -35.853     35.034
    -10.661    346.266    379.336   -537.728   -159.599    -35.883     35.005
    -10.663    346.585    379.408   -537.798   -159.369    -35.912     34.976
    -10.665    346.903    379.480   -537.868   -159.139    -35.941     34.948
    -10.667    347.221    379.552   -537.938   -158.909    -35.971     34.920
    -10.669    347.539    379.624   -538.008   -158.680    -36.000     34.891
    -10.671    347.856    379.696   -538.078   -158.452    -36.029     34.863
    -10.673    348.172    379.768   -538.147   -158.224    -36.058     34.835
    -10.675    348.489    379.840   -538.217   -157.996    -36.087     34.807
    -10.677    348.804    379.912   -538.287   -157.769    -36.115     34.779
    -10.679    349.120    379.985   -538.356   -157.542    -36.144     34.752
    -10.681    349.435    380.057   -538.426   -157.316    -36.173     34.724
    -10.683    349.749    380.129   -538.495   -157.090    -36.201     34.696
    -10.685    350.063    380.202   -538.564   -156.864    -36.229     34.669
    -10.687    350.376    380.274   -538.634   -156.639    -36.258     34.641
    -10.689    350.690    380.347   -538.703   -156.415    -36.286     34.614
    -10.691    351.002    380.419   -538.772   -156.191    -36.314     34.586
    -10.693    351.314    380.492   -538.841   -155.967    -36.342     34.559
    -10.695    351.626    380.565   -538.910   -155.744    -36.369     34.532
    -10.697    351.937    380.638   -538.980   -155.521    -36.397     34.505
    -10.699    352.248    380.710   -539.049   -155.299    -36.425     34.478
    -10.701    352.558    380.783   -539.117   -155.077    -36.452     34.451
    -10.703    352.868    380.856   -539.186   -154.855    -36.480     34.424
    -10.705    353.178    380.929   -539.255   -154.634    -36.507     34.398
    -10.707    353.487    381.002   -539.324   -154.414    -36.534     34.371
    -10.709    353.796    381.075   -539.393   -154.193    -36.561     34.345
    -10.711    354.104    381.149   -539.461   -153.974    -36.588     34.318
    -10.713    354.411    381.222   -539.530   -153.754    -36.615     34.292
    -10.715    354.719    381.295   -539.598   -153.535    -36.642     34.265
    -10.717    355.026    381.368   -539.667   -153.317    -36.669     34.239
    -10.719    355.332    381.442   -539.735   -153.099    -36.695     34.213
    -10.721    355.638    381.515   -539.804   -152.881    -36.722     34.187
    -10.723    355.944    381.589   -539.872   -152.664    -36.748     34.161
    -10.725    356.249    381.662   -539.940   -152.447    -36.774     34.135
    -10.727    356.553    381.736   -540.009   -152.230    -36.801     34.110
    -10.729    356.858    381.809   -540.077   -152.014    -36.827     34.084
    -10.731    357.161    381.883   -540.145   -151.799    -36.853     34.058
    -10.733    357.465    381.957   -540.213   -151.583    -36.879     34.033
    -10.735    357.768    382.030   -540.281   -151.369    -36.905     34.007
    -10.737    358.070    382.104   -540.349   -151.154    -36.930     33.982
    -10.739    358.372    382.178   -540.417   -150.940    -36.956     33.957
    -10.741    358.674    382.252   -540.485   -150.727    -36.982     33.931
    -10.743    358.975    382.326   -540.553   -150.513    -37.007     33.906
    -10.745    359.276    382.400   -540.621   -150.301    -37.032     33.881
    -10.747    359.576    382.474   -540.688   -150.088    -37.058     33.856
    -10.749    359.876    382.548   -540.756   -149.876    -37.083     33.831
    -10.751    360.176    382.623   -540.824   -149.664    -37.108     33.807
    -10.753    360.475    382.697   -540.891   -149.453    -37.133     33.782
    -10.755    360.774    382.771   -540.959   -149.242    -37.158     33.757
    -10.757    361.072    382.845   -541.026   -149.032    -37.182     33.733
    -10.759    361.370    382.920   -541.094   -148.822    -37.207     33.708
    -10.761    361.667    382.994   -541.161   -148.612    -37.232     33.684
    -10.763    361.964    383.069   -541.228   -148.403    -37.256     33.659
    -10.765    362.261    383.143   -541.296   -148.194    -37.281     33.635
    -10.767    362.557    383.218   -541.363   -147.985    -37.305     33.611
    -10.769    362.853    383.293   -541.430   -147.777    -37.329     33.587
    -10.771    363.148    383.367   -541.497   -147.569    -37.353     33.563
    -10.773    363.443    383.442   -541.564   -147.362    -37.377     33.539
    -10.775    363.738    383.517   -541.631   -147.155    -37.401     33.515
    -10.777    364.032    383.592   -541.699   -146.948    -37.425     33.491
    -10.779    364.325    383.666   -541.765   -146.742    -37.449     33.468
    -10.781    364.619    383.741   -541.832   -146.536    -37.473     33.444
    -10.783    364.912    383.816   -541.899   -146.331    -37.496     33.421
    -10.785    365.204    383.891   -541.966   -146.126    -37.520     33.397
    -10.787    365.496    383.966   -542.033   -145.921    -37.543     33.374
    -10.789    365.788    384.041   -542.100   -145.717    -37.567     33.351
    -10.791    366.079    384.117   -542.166   -145.513    -37.590     33.327
    -10.793    366.370    384.192   -542.233   -145.309    -37.613     33.304
    -10.795    366.660    384.267   -542.299   -145.106    -37.636     33.281
    -10.797    366.950    384.342   -542.366   -144.903    -37.659     33.258
    -10.799    367.240    384.418   -542.432   -144.700    -37.682     33.235
    -10.801    367.529    384.493   -542.499   -144.498    -37.705     33.213
    -10.803    367.818    384.569   -542.565   -144.296    -37.727     33.190
    -10.805    368.106    384.644   -542.632   -144.095    -37.750     33.167
    -10.807    368.394    384.720   -542.698   -143.893    -37.773     33.145
    -10.809    368.682    384.795   -542.764   -143.693    -37.795     33.122
    -10.811    368.969    384.871   -542.830   -143.492    -37.817     33.100
    -10.813    369.256    384.946   -542.897   -143.292    -37.840     33.077
    -10.815    369.542    385.022   -542.963   -143.092    -37.862     33.055
    -10.817    369.828    385.098   -543.029   -142.893    -37.884     33.033
    -10.819    370.114    385.174   -543.095   -142.694    -37.906     33.011
    -10.821    370.399    385.249   -543.161   -142.495    -37.928     32.989
    -10.823    370.684    385.325   -543.227   -142.297    -37.950     32.967
    -10.825    370.968    385.401   -543.293   -142.099    -37.972     32.945
    -10.827    371.252    385.477   -543.359   -141.902    -37.993     32.923
    -10.829    371.536    385.553   -543.424   -141.704    -38.015     32.901
    -10.831    371.819    385.629   -543.490   -141.507    -38.037     32.880
    -10.833    372.102    385.705   -543.556   -141.311    -38.058     32.858
    -10.835    372.384    385.782   -543.622   -141.115    -38.079     32.837
    -10.837    372.666    385.858   -543.687   -140.919    -38.101     32.815
    -10.839    372.948    385.934   -543.753   -140.723    -38.122     32.794
    -10.841    373.229    386.010   -543.819   -140.528    -38.143     32.773
    -10.843    373.510    386.086   -543.884   -140.333    -38.164     32.751
    -10.845    373.790    386.163   -543.950   -140.139    -38.185     32.730
    -10.847    374.070    386.239   -544.015   -139.944    -38.206     32.709
    -10.849    374.350    386.316   -544.080   -139.751    -38.227     32.688
    -10.851    374.629    386.392   -544.146   -139.557    -38.247     32.667
    -10.853    374.908    386.469   -544.211   -139.364    -38.268     32.646
    -10.855    375.187    386.545   -544.276   -139.171    -38.289     32.626
    -10.857    375.465    386.622   -544.342   -138.979    -38.309     32.605
    -10.859    375.743    386.698   -544.407   -138.786    -38.329     32.584
    -10.861    376.020    386.775   -544.472   -138.595    -38.350     32.564
    -10.863    376.297    386.852   -544.537   -138.403    -38.370     32.543
    -10.865    376.574    386.929   -544.602   -138.212    -38.390     32.523
    -10.867    376.850    387.005   -544.667   -138.021    -38.410     32.502
    -10.869    377.126    387.082   -544.732   -137.830    -38.430     32.482
    -10.871    377.401    387.159   -544.797   -137.640    -38.450     32.462
    -10.873    377.676    387.236   -544.862   -137.450    -38.470     32.442
    -10.875    377.951    387.313   -544.927   -137.261    -38.490     32.422
    -10.877    378.226    387.390   -544.992   -137.071    -38.510     32.402
    -10.879    378.499    387.467   -545.056   -136.882    -38.529     32.382
    -10.881    378.773    387.544   -545.121   -136.694    -38.549     32.362
    -10.883    379.046    387.621   -545.186   -136.505    -38.568     32.342
    -10.885    379.319    387.698   -545.251   -136.317    -38.588     32.323
    -10.887    379.592    387.776   -545.315   -136.130    -38.607     32.303
    -10.889    379.864    387.853   -545.380   -135.942    -38.626     32.284
    -10.891    380.135    387.930   -545.444   -135.755    -38.645     32.264
    -10.893    380.407    388.007   -545.509   -135.569    -38.665     32.245
    -10.895    380.678    388.085   -545.573   -135.382    -38.684     32.225
    -10.897    380.948    388.162   -545.638   -135.196    -38.703     32.206
    -10.899    381.218    388.240   -545.702   -135.010    -38.721     32.187
    -10.901    381.488    388.317   -545.766   -134.825    -38.740     32.168
    -10.903    381.758    388.395   -545.831   -134.640    -38.759     32.149
    -10.905    382.027    388.472   -545.895   -134.455    -38.778     32.130
    -10.907    382.295    388.550   -545.959   -134.270    -38.796     32.111
    -10.909    382.564    388.627   -546.023   -134.086    -38.815     32.092
    -10.911    382.832    388.705   -546.088   -133.902    -38.833     32.073
    -10.913    383.099    388.783   -546.152   -133.718    -38.852     32.054
    -10.915    383.367    388.860   -546.216   -133.535    -38.870     32.036
    -10.917    383.634    388.938   -546.280   -133.352    -38.888     32.017
    -10.919    383.900    389.016   -546.344   -133.169    -38.907     31.999
    -10.921    384.166    389.094   -546.408   -132.987    -38.925     31.980
    -10.923    384.432    389.172   -546.472   -132.805    -38.943     31.962
    -10.925    384.697    389.249   -546.536   -132.623    -38.961     31.943
    -10.927    384.963    389.327   -546.600   -132.441    -38.979     31.925
    -10.929    385.227    389.405   -546.663   -132.260    -38.997     31.907
    -10.931    385.492    389.483   -546.727   -132.079    -39.014     31.889
    -10.933    385.756    389.561   -546.791   -131.899    -39.032     31.871
    -10.935    386.019    389.640   -546.855   -131.718    -39.050     31.853
    -10.937    386.282    389.718   -546.918   -131.538    -39.067     31.835
    -10.939    386.545    389.796   -546.982   -131.358    -39.085     31.817
    -10.941    386.808    389.874   -547.046   -131.179    -39.102     31.799
    -10.943    387.070    389.952   -547.109   -131.000    -39.120     31.781
    -10.945    387.332    390.030   -547.173   -130.821    -39.137     31.764
    -10.947    387.593    390.109   -547.236   -130.642    -39.154     31.746
    -10.949    387.854    390.187   -547.300   -130.464    -39.172     31.729
    -10.951    388.115    390.265   -547.363   -130.286    -39.189     31.711
    -10.953    388.376    390.344   -547.427   -130.108    -39.206     31.694
    -10.955    388.636    390.422   -547.490   -129.931    -39.223     31.676
    -10.957    388.895    390.501   -547.553   -129.753    -39.240     31.659
    -10.959    389.155    390.579   -547.617   -129.577    -39.257     31.642
    -10.961    389.414    390.658   -547.680   -129.400    -39.273     31.625
    -10.963    389.672    390.736   -547.743   -129.224    -39.290     31.608
    -10.965    389.931    390.815   -547.806   -129.048    -39.307     31.590
    -10.967    390.188    390.894   -547.869   -128.872    -39.324     31.573
    -10.969    390.446    390.972   -547.933   -128.696    -39.340     31.557
    -10.971    390.703    391.051   -547.996   -128.521    -39.357     31.540
    -10.973    390.960    391.130   -548.059   -128.346    -39.373     31.523
    -10.975    391.217    391.208   -548.122   -128.171    -39.389     31.506
    -10.977    391.473    391.287   -548.185   -127.997    -39.406     31.489
    -10.979    391.729    391.366   -548.248   -127.823    -39.422     31.473
    -10.981    391.984    391.445   -548.311   -127.649    -39.438     31.456
    -10.983    392.239    391.524   -548.374   -127.476    -39.454     31.440
    -10.985    392.494    391.603   -548.436   -127.302    -39.471     31.423
    -10.987    392.748    391.682   -548.499   -127.129    -39.487     31.407
    -10.989    393.002    391.761   -548.562   -126.957    -39.503     31.391
    -10.991    393.256    391.840   -548.625   -126.784    -39.518     31.374
    -10.993    393.510    391.919   -548.688   -126.612    -39.534     31.358
    -10.995    393.763    391.998   -548.750   -126.440    -39.550     31.342
    -10.997    394.015    392.077   -548.813   -126.268    -39.566     31.326
    -10.999    394.268    392.156   -548.876   -126.097    -39.582     31.310
    -11.001    394.520    392.235   -548.938   -125.926    -39.597     31.294
    -11.003    394.771    392.314   -549.001   -125.755    -39.613     31.278
    -11.005    395.023    392.394   -549.063   -125.584    -39.628     31.262
    -11.007    395.274    392.473   -549.126   -125.414    -39.644     31.246
    -11.009    395.524    392.552   -549.188   -125.244    -39.659     31.230
    -11.011    395.775    392.632   -549.251   -125.074    -39.675     31.215
    -11.013    396.025    392.711   -549.313   -124.905    -39.690     31.199
    -11.015    396.274    392.790   -549.376   -124.735    -39.705     31.183
    -11.017    396.524    392.870   -549.438   -124.566    -39.720     31.168
    -11.019    396.773    392.949   -549.500   -124.398    -39.735     31.152
    -11.021    397.021    393.029   -549.562   -124.229    -39.751     31.137
    -11.023    397.270    393.108   -549.625   -124.061    -39.766     31.122
    -11.025    397.518    393.188   -549.687   -123.893    -39.781     31.106
    -11.027    397.765    393.267   -549.749   -123.725    -39.795     31.091
    -11.029    398.012    393.347   -549.811   -123.558    -39.810     31.076
    -11.031    398.259    393.427   -549.873   -123.391    -39.825     31.061
    -11.033    398.506    393.506   -549.936   -123.224    -39.840     31.046
    -11.035    398.752    393.586   -549.998   -123.057    -39.855     31.031
    -11.037    398.998    393.666   -550.060   -122.890    -39.869     31.016
    -11.039    399.244    393.745   -550.122   -122.724    -39.884     31.001
    -11.041    399.489    393.825   -550.184   -122.558    -39.898     30.986
    -11.043    399.734    393.905   -550.246   -122.393    -39.913     30.971
    -11.045    399.979    393.985   -550.308   -122.227    -39.927     30.956
    -11.047    400.223    394.065   -550.369   -122.062    -39.942     30.941
    -11.049    400.467    394.145   -550.431   -121.897    -39.956     30.927
    -11.051    400.711    394.225   -550.493   -121.732    -39.970     30.912
    -11.053    400.954    394.305   -550.555   -121.568    -39.985     30.897
    -11.055    401.197    394.384   -550.617   -121.404    -39.999     30.883
    -11.057    401.439    394.465   -550.679   -121.240    -40.013     30.868
    -11.059    401.682    394.545   -550.740   -121.076    -40.027     30.854
    -11.061    401.924    394.625   -550.802   -120.913    -40.041     30.840
    -11.063    402.165    394.705   -550.864   -120.749    -40.055     30.825
    -11.065    402.407    394.785   -550.925   -120.586    -40.069     30.811
    -11.067    402.648    394.865   -550.987   -120.424    -40.083     30.797
    -11.069    402.888    394.945   -551.048   -120.261    -40.097     30.783
    -11.071    403.129    395.025   -551.110   -120.099    -40.111     30.768
    -11.073    403.369    395.106   -551.172   -119.937    -40.125     30.754
    -11.075    403.609    395.186   -551.233   -119.775    -40.138     30.740
    -11.077    403.848    395.266   -551.294   -119.613    -40.152     30.726
    -11.079    404.087    395.346   -551.356   -119.452    -40.166     30.712
    -11.081    404.326    395.427   -551.417   -119.291    -40.179     30.698
    -11.083    404.564    395.507   -551.479   -119.130    -40.193     30.684
    -11.085    404.802    395.588   -551.540   -118.970    -40.206     30.671
    -11.087    405.040    395.668   -551.601   -118.809    -40.220     30.657
    -11.089    405.278    395.748   -551.663   -118.649    -40.233     30.643
    -11.091    405.515    395.829   -551.724   -118.489    -40.246     30.630
    -11.093    405.751    395.909   -551.785   -118.330    -40.260     30.616
    -11.095    405.988    395.990   -551.846   -118.170    -40.273     30.602
    -11.097    406.224    396.071   -551.908   -118.011    -40.286     30.589
    -11.099    406.460    396.151   -551.969   -117.852    -40.299     30.575
    -11.101    406.696    396.232   -552.030   -117.693    -40.312     30.562
    -11.103    406.931    396.312   -552.091   -117.535    -40.325     30.548
    -11.105    407.166    396.393   -552.152   -117.377    -40.338     30.535
    -11.107    407.400    396.474   -552.213   -117.218    -40.351     30.522
    -11.109    407.635    396.554   -552.274   -117.061    -40.364     30.508
    -11.111    407.869    396.635   -552.335   -116.903    -40.377     30.495
    -11.113    408.102    396.716   -552.396   -116.746    -40.390     30.482
    -11.115    408.336    396.797   -552.457   -116.589    -40.403     30.469
    -11.117    408.569    396.878   -552.518   -116.432    -40.416     30.456
    -11.119    408.801    396.958   -552.579   -116.275    -40.428     30.443
    -11.121    409.034    397.039   -552.640   -116.118    -40.441     30.430
    -11.123    409.266    397.120   -552.701   -115.962    -40.454     30.417
    -11.125    409.498    397.201   -552.761   -115.806    -40.466     30.404
    -11.127    409.729    397.282   -552.822   -115.650    -40.479     30.391
    -11.129    409.960    397.363   -552.883   -115.495    -40.491     30.378
    -11.131    410.191    397.444   -552.944   -115.339    -40.504     30.365
    -11.133    410.421    397.525   -553.005   -115.184    -40.516     30.353
    -11.135    410.652    397.606   -553.065   -115.029    -40.529     30.340
    -11.137    410.882    397.687   -553.126   -114.873    -40.541     30.327
    -11.139    411.111    397.768   -553.187   -114.717    -40.553     30.314
    -11.141    411.340    397.849   -553.247   -114.561    -40.565     30.301
    -11.143    411.569    397.931   -553.308   -114.406    -40.577     30.288
    -11.145    411.798    398.012   -553.368   -114.251    -40.589     30.276
    -11.147    412.026    398.093   -553.429   -114.096    -40.601     30.263
    -11.149    412.254    398.174   -553.489   -113.941    -40.613     30.250
    -11.151    412.482    398.255   -553.550   -113.787    -40.625     30.238
    -11.153    412.710    398.337   -553.610   -113.633    -40.637     30.225
    -11.155    412.937    398.418   -553.671   -113.479    -40.649     30.213
    -11.157    413.164    398.499   -553.731   -113.325    -40.660     30.200
    -11.159    413.390    398.581   -553.792   -113.172    -40.672     30.188
    -11.161    413.616    398.662   -553.852   -113.019    -40.684     30.176
    -11.163    413.842    398.743   -553.912   -112.866    -40.695     30.163
    -11.165    414.068    398.825   -553.973   -112.714    -40.707     30.151
    -11.167    414.293    398.906   -554.033   -112.562    -40.718     30.139
    -11.169    414.518    398.988   -554.093   -112.410    -40.730     30.127
    -11.171    414.743    399.069   -554.153   -112.258    -40.741     30.115
    -11.173    414.967    399.150   -554.214   -112.107    -40.753     30.103
    -11.175    415.191    399.232   -554.274   -111.955    -40.764     30.090
    -11.177    415.415    399.314   -554.334   -111.805    -40.775     30.078
    -11.179    415.638    399.395   -554.394   -111.654    -40.786     30.067
    -11.181    415.861    399.477   -554.454   -111.503    -40.798     30.055
    -11.183    416.084    399.558   -554.514   -111.353    -40.809     30.043
    -11.185    416.307    399.640   -554.574   -111.203    -40.820     30.031
    -11.187    416.529    399.722   -554.634   -111.054    -40.831     30.019
    -11.189    416.751    399.803   -554.694   -110.904    -40.842     30.007
    -11.191    416.973    399.885   -554.754   -110.755    -40.853     29.996
    -11.193    417.194    399.967   -554.814   -110.606    -40.864     29.984
    -11.195    417.415    400.048   -554.874   -110.458    -40.875     29.973
    -11.197    417.636    400.130   -554.934   -110.309    -40.885     29.961
    -11.199    417.856    400.212   -554.994   -110.161    -40.896     29.949
    -11.201    418.077    400.294   -555.054   -110.013    -40.907     29.938
    -11.203    418.296    400.376   -555.114   -109.866    -40.918     29.926
    -11.205    418.516    400.457   -555.174   -109.718    -40.928     29.915
    -11.207    418.735    400.539   -555.234   -109.571    -40.939     29.904
    -11.209    418.954    400.621   -555.293   -109.424    -40.949     29.892
    -11.211    419.173    400.703   -555.353   -109.278    -40.960     29.881
    -11.213    419.391    400.785   -555.413   -109.131    -40.970     29.870
    -11.215    419.610    400.867   -555.473   -108.985    -40.981     29.859
    -11.217    419.827    400.949   -555.532   -108.839    -40.991     29.848
    -11.219    420.045    401.031   -555.592   -108.694    -41.002     29.836
    -11.221    420.262    401.113   -555.652   -108.548    -41.012     29.825
    -11.223    420.479    401.195   -555.711   -108.403    -41.022     29.814
    -11.225    420.696    401.277   -555.771   -108.258    -41.033     29.803
    -11.227    420.912    401.359   -555.831   -108.113    -41.043     29.792
    -11.229    421.128    401.441   -555.890   -107.969    -41.053     29.781
    -11.231    421.344    401.523   -555.950   -107.825    -41.063     29.771
    -11.233    421.559    401.605   -556.009   -107.681    -41.073     29.760
    -11.235    421.775    401.688   -556.069   -107.537    -41.083     29.749
    -11.237    421.990    401.770   -556.128   -107.393    -41.093     29.738
    -11.239    422.204    401.852   -556.188   -107.250    -41.103     29.727
    -11.241    422.419    401.934   -556.247   -107.107    -41.113     29.717
    -11.243    422.633    402.016   -556.307   -106.964    -41.123     29.706
    -11.245    422.846    402.099   -556.366   -106.821    -41.133     29.695
    -11.247    423.060    402.181   -556.425   -106.679    -41.143     29.685
    -11.249    423.273    402.263   -556.485   -106.537    -41.152     29.674
    -11.251    423.486    402.346   -556.544   -106.395    -41.162     29.664
    -11.253    423.699    402.428   -556.603   -106.253    -41.172     29.653
    -11.255    423.911    402.510   -556.663   -106.112    -41.182     29.643
    -11.257    424.123    402.593   -556.722   -105.971    -41.191     29.632
    -11.259    424.335    402.675   -556.781   -105.830    -41.201     29.622
    -11.261    424.547    402.757   -556.840   -105.689    -41.210     29.612
    -11.263    424.758    402.840   -556.900   -105.548    -41.220     29.601
    -11.265    424.969    402.922   -556.959   -105.408    -41.229     29.591
    -11.267    425.179    403.005   -557.018   -105.268    -41.239     29.581
    -11.269    425.390    403.087   -557.077   -105.128    -41.248     29.571
    -11.271    425.600    403.170   -557.136   -104.988    -41.258     29.560
    -11.273    425.810    403.252   -557.195   -104.849    -41.267     29.550
    -11.275    426.019    403.335   -557.254   -104.709    -41.276     29.540
    -11.277    426.229    403.417   -557.314   -104.570    -41.285     29.530
    -11.279    426.438    403.500   -557.373   -104.431    -41.295     29.520
    -11.281    426.646    403.583   -557.432   -104.293    -41.304     29.510
    -11.283    426.855    403.665   -557.491   -104.154    -41.313     29.500
    -11.285    427.063    403.748   -557.550   -104.016    -41.322     29.490
    -11.287    427.271    403.830   -557.609   -103.878    -41.331     29.480
    -11.289    427.478    403.913   -557.668   -103.741    -41.340     29.470
    -11.291    427.686    403.996   -557.726   -103.603    -41.349     29.461
    -11.293    427.893    404.079   -557.785   -103.466    -41.358     29.451
    -11.295    428.100    404.161   -557.844   -103.329    -41.367     29.441
    -11.297    428.306    404.244   -557.903   -103.192    -41.376     29.431
    -11.299    428.512    404.327   -557.962   -103.055    -41.385     29.421
    -11.301    428.718    404.410   -558.021   -102.919    -41.394     29.412
    -11.303    428.924    404.492   -558.080   -102.782    -41.403     29.402
    -11.305    429.130    404.575   -558.138   -102.646    -41.412     29.393
    -11.307    429.335    404.658   -558.197   -102.510    -41.420     29.383
    -11.309    429.540    404.741   -558.256   -102.375    -41.429     29.373
    -11.311    429.744    404.824   -558.315   -102.239    -41.438     29.364
    -11.313    429.949    404.907   -558.373   -102.104    -41.446     29.354
    -11.315    430.153    404.990   -558.432   -101.969    -41.455     29.345
    -11.317    430.356    405.072   -558.491   -101.834    -41.464     29.335
    -11.319    430.560    405.155   -558.549   -101.700    -41.472     29.326
    -11.321    430.763    405.238   -558.608   -101.565    -41.481     29.317
    -11.323    430.966    405.321   -558.667   -101.431    -41.489     29.307
    -11.325    431.169    405.404   -558.725   -101.297    -41.498     29.298
    -11.327    431.371    405.487   -558.784   -101.163    -41.506     29.289
    -11.329    431.574    405.570   -558.843   -101.030    -41.514     29.279
    -11.331    431.776    405.653   -558.901   -100.896    -41.523     29.270
    -11.333    431.977    405.736   -558.960   -100.763    -41.531     29.261
    -11.335    432.179    405.819   -559.018   -100.630    -41.539     29.252
    -11.337    432.380    405.903   -559.077   -100.497    -41.548     29.243
    -11.339    432.581    405.986   -559.135   -100.365    -41.556     29.233
    -11.341    432.781    406.069   -559.194   -100.232    -41.564     29.224
    -11.343    432.981    406.152   -559.252   -100.100    -41.572     29.215
    -11.345    433.182    406.235   -559.310    -99.968    -41.580     29.206
    -11.347    433.381    406.318   -559.369    -99.836    -41.589     29.197
    -11.349    433.581    406.401   -559.427    -99.704    -41.597     29.188
    -11.351    433.780    406.485   -559.486    -99.573    -41.605     29.179
    -11.353    433.979    406.568   -559.544    -99.442    -41.613     29.170
    -11.355    434.178    406.651   -559.602    -99.311    -41.621     29.161
    -11.357    434.376    406.734   -559.661    -99.180    -41.629     29.153
    -11.359    434.575    406.818   -559.719    -99.049    -41.637     29.144
    -11.361    434.773    406.901   -559.777    -98.919    -41.645     29.135
    -11.363    434.970    406.984   -559.835    -98.788    -41.652     29.126
    -11.365    435.168    407.067   -559.894    -98.658    -41.660     29.117
    -11.367    435.365    407.151   -559.952    -98.528    -41.668     29.109
    -11.369    435.562    407.234   -560.010    -98.399    -41.676     29.100
    -11.371    435.759    407.318   -560.068    -98.269    -41.684     29.091
    -11.373    435.955    407.401   -560.126    -98.140    -41.691     29.083
    -11.375    436.151    407.484   -560.185    -98.010    -41.699     29.074
    -11.377    436.347    407.568   -560.243    -97.881    -41.707     29.065
    -11.379    436.543    407.651   -560.301    -97.753    -41.714     29.057
    -11.381    436.738    407.735   -560.359    -97.624    -41.722     29.048
    -11.383    436.933    407.818   -560.417    -97.496    -41.730     29.040
    -11.385    437.128    407.901   -560.475    -97.367    -41.737     29.031
    -11.387    437.323    407.985   -560.533    -97.239    -41.745     29.023
    -11.389    437.517    408.068   -560.591    -97.111    -41.752     29.014
    -11.391    437.711    408.152   -560.649    -96.984    -41.760     29.006
    -11.393    437.905    408.235   -560.707    -96.856    -41.767     28.997
    -11.395    438.098    408.319   -560.765    -96.729    -41.774     28.989
    -11.397    438.292    408.403   -560.823    -96.602    -41.782     28.980
    -11.399    438.485    408.486   -560.881    -96.475    -41.789     28.972
    -11.401    438.678    408.570   -560.939    -96.348    -41.797     28.964
    -11.403    438.870    408.653   -560.997    -96.221    -41.804     28.955
    -11.405    439.063    408.737   -561.055    -96.095    -41.811     28.947
    -11.407    439.255    408.821   -561.113    -95.968    -41.818     28.939
    -11.409    439.446    408.904   -561.171    -95.842    -41.826     28.931
    -11.411    439.638    408.988   -561.228    -95.716    -41.833     28.922
    -11.413    439.829    409.072   -561.286    -95.591    -41.840     28.914
    -11.415    440.020    409.155   -561.344    -95.465    -41.847     28.906
    -11.417    440.211    409.239   -561.402    -95.340    -41.854     28.898
    -11.419    440.402    409.323   -561.460    -95.214    -41.861     28.890
    -11.421    440.592    409.406   -561.518    -95.089    -41.868     28.882
    -11.423    440.782    409.490   -561.575    -94.964    -41.875     28.874
    -11.425    440.972    409.574   -561.633    -94.840    -41.882     28.866
    -11.427    441.161    409.658   -561.691    -94.715    -41.889     28.858
    -11.429    441.351    409.741   -561.748    -94.591    -41.896     28.849
    -11.431    441.540    409.825   -561.806    -94.466    -41.903     28.842
    -11.433    441.729    409.909   -561.864    -94.342    -41.910     28.834
    -11.435    441.917    409.993   -561.921    -94.219    -41.917     28.826
    -11.437    442.106    410.077   -561.979    -94.095    -41.924     28.818
    -11.439    442.294    410.161   -562.037    -93.971    -41.931     28.810
    -11.441    442.481    410.244   -562.094    -93.848    -41.938     28.802
    -11.443    442.669    410.328   -562.152    -93.725    -41.944     28.794
    -11.445    442.856    410.412   -562.210    -93.602    -41.951     28.786
    -11.447    443.043    410.496   -562.267    -93.479    -41.958     28.778
    -11.449    443.230    410.580   -562.325    -93.356    -41.965     28.771
    -11.451    443.417    410.664   -562.382    -93.234    -41.971     28.763
    -11.453    443.603    410.748   -562.440    -93.111    -41.978     28.755
    -11.455    443.789    410.832   -562.497    -92.989    -41.985     28.747
    -11.457    443.975    410.916   -562.555    -92.867    -41.991     28.739
    -11.459    444.161    411.000   -562.612    -92.745    -41.998     28.732
    -11.461    444.346    411.084   -562.670    -92.623    -42.004     28.724
    -11.463    444.531    411.168   -562.727    -92.502    -42.011     28.716
    -11.465    444.716    411.252   -562.784    -92.380    -42.017     28.709
    -11.467    444.901    411.336   -562.842    -92.259    -42.024     28.701
    -11.469    445.085    411.420   -562.899    -92.138    -42.030     28.694
    -11.471    445.269    411.504   -562.957    -92.017    -42.037     28.686
    -11.473    445.453    411.588   -563.014    -91.896    -42.043     28.678
    -11.475    445.637    411.672   -563.071    -91.776    -42.050     28.671
    -11.477    445.820    411.756   -563.129    -91.655    -42.056     28.663
    -11.479    446.003    411.840   -563.186    -91.535    -42.062     28.656
    -11.481    446.186    411.925   -563.243    -91.415    -42.069     28.648
    -11.483    446.369    412.009   -563.301    -91.295    -42.075     28.641
    -11.485    446.552    412.093   -563.358    -91.175    -42.081     28.633
    -11.487    446.734    412.177   -563.415    -91.055    -42.088     28.626
    -11.489    446.916    412.261   -563.472    -90.936    -42.094     28.619
    -11.491    447.098    412.345   -563.530    -90.816    -42.100     28.611
    -11.493    447.279    412.430   -563.587    -90.697    -42.106     28.604
    -11.495    447.460    412.514   -563.644    -90.578    -42.112     28.596
    -11.497    447.641    412.598   -563.701    -90.459    -42.118     28.589
    -11.499    447.822    412.682   -563.758    -90.341    -42.125     28.582
    -11.501    448.003    412.767   -563.816    -90.222    -42.131     28.574
    -11.503    448.183    412.851   -563.873    -90.104    -42.137     28.567
    -11.505    448.363    412.935   -563.930    -89.985    -42.143     28.560
    -11.507    448.543    413.019   -563.987    -89.867    -42.149     28.553
    -11.509    448.723    413.104   -564.044    -89.749    -42.155     28.545
    -11.511    448.902    413.188   -564.101    -89.631    -42.161     28.538
    -11.513    449.081    413.272   -564.158    -89.514    -42.167     28.531
    -11.515    449.260    413.357   -564.215    -89.396    -42.173     28.524
    -11.517    449.439    413.441   -564.272    -89.279    -42.179     28.516
    -11.519    449.617    413.525   -564.329    -89.161    -42.184     28.509
    -11.521    449.795    413.610   -564.386    -89.044    -42.190     28.502
    -11.523    449.973    413.694   -564.443    -88.927    -42.196     28.495
    -11.525    450.151    413.779   -564.500    -88.811    -42.202     28.488
    -11.527    450.329    413.863   -564.557    -88.694    -42.208     28.481
    -11.529    450.506    413.947   -564.614    -88.577    -42.214     28.474
    -11.531    450.683    414.032   -564.671    -88.461    -42.219     28.467
    -11.533    450.860    414.116   -564.728    -88.345    -42.225     28.460
    -11.535    451.036    414.201   -564.785    -88.229    -42.231     28.453
    -11.537    451.213    414.285   -564.842    -88.113    -42.236     28.446
    -11.539    451.389    414.370   -564.899    -87.997    -42.242     28.439
    -11.541    451.565    414.454   -564.956    -87.881    -42.248     28.432
    -11.543    451.740    414.539   -565.012    -87.766    -42.253     28.425
    -11.545    451.916    414.623   -565.069    -87.651    -42.259     28.418
    -11.547    452.091    414.708   -565.126    -87.535    -42.265     28.411
    -11.549    452.266    414.792   -565.183    -87.420    -42.270     28.404
    -11.551    452.441    414.877   -565.240    -87.305    -42.276     28.397
    -11.553    452.615    414.961   -565.297    -87.191    -42.281     28.390
    -11.555    452.789    415.046   -565.353    -87.076    -42.287     28.383
    -11.557    452.963    415.131   -565.410    -86.961    -42.292     28.376
    -11.559    453.137    415.215   -565.467    -86.847    -42.298     28.369
    -11.561    453.311    415.300   -565.524    -86.733    -42.303     28.363
    -11.563    453.484    415.384   -565.580    -86.619    -42.309     28.356
    -11.565    453.657    415.469   -565.637    -86.505    -42.314     28.349
    -11.567    453.830    415.554   -565.694    -86.391    -42.319     28.342
    -11.569    454.003    415.638   -565.750    -86.277    -42.325     28.335
    -11.571    454.175    415.723   -565.807    -86.164    -42.330     28.329
    -11.573    454.347    415.808   -565.864    -86.050    -42.335     28.322
    -11.575    454.519    415.892   -565.920    -85.937    -42.341     28.315
    -11.577    454.691    415.977   -565.977    -85.824    -42.346     28.308
    -11.579    454.863    416.062   -566.034    -85.711    -42.351     28.302
    -11.581    455.034    416.146   -566.090    -85.598    -42.357     28.295
    -11.583    455.205    416.231   -566.147    -85.485    -42.362     28.288
    -11.585    455.376    416.316   -566.203    -85.373    -42.367     28.282
    -11.587    455.547    416.400   -566.260    -85.260    -42.372     28.275
    -11.589    455.717    416.485   -566.316    -85.148    -42.377     28.268
    -11.591    455.887    416.570   -566.373    -85.036    -42.382     28.262
    -11.593    456.057    416.655   -566.429    -84.924    -42.388     28.255
    -11.595    456.227    416.740   -566.486    -84.812    -42.393     28.249
    -11.597    456.396    416.824   -566.542    -84.700    -42.398     28.242
    -11.599    456.566    416.909   -566.599    -84.588    -42.403     28.235
    -11.601    456.735    416.994   -566.655    -84.477    -42.408     28.229
    -11.603    456.904    417.079   -566.712    -84.365    -42.413     28.222
    -11.605    457.072    417.164   -566.768    -84.254    -42.418     28.216
    -11.607    457.241    417.248   -566.825    -84.143    -42.423     28.209
    -11.609    457.409    417.333   -566.881    -84.032    -42.428     28.203
    -11.611    457.577    417.418   -566.938    -83.921    -42.433     28.196
    -11.613    457.744    417.503   -566.994    -83.810    -42.438     28.190
    -11.615    457.912    417.588   -567.050    -83.700    -42.443     28.183
    -11.617    458.079    417.673   -567.107    -83.589    -42.448     28.177
    -11.619    458.246    417.758   -567.163    -83.479    -42.452     28.170
    -11.621    458.413    417.843   -567.219    -83.368    -42.457     28.164
    -11.623    458.580    417.928   -567.276    -83.258    -42.462     28.158
    -11.625    458.746    418.012   -567.332    -83.148    -42.467     28.151
    -11.627    458.912    418.097   -567.388    -83.039    -42.472     28.145
    -11.629    459.078    418.182   -567.445    -82.929    -42.477     28.138
    -11.631    459.244    418.267   -567.501    -82.819    -42.481     28.132
    -11.633    459.410    418.352   -567.557    -82.710    -42.486     28.126
    -11.635    459.575    418.437   -567.613    -82.600    -42.491     28.119
    -11.637    459.740    418.522   -567.670    -82.491    -42.496     28.113
    -11.639    459.905    418.607   -567.726    -82.382    -42.500     28.107
    -11.641    460.070    418.692   -567.782    -82.273    -42.505     28.100
    -11.643    460.234    418.777   -567.838    -82.164    -42.510     28.094
    -11.645    460.398    418.862   -567.894    -82.055    -42.514     28.088
    -11.647    460.562    418.947   -567.951    -81.947    -42.519     28.082
    -11.649    460.726    419.032   -568.007    -81.838    -42.523     28.075
    -11.651    460.890    419.117   -568.063    -81.730    -42.528     28.069
    -11.653    461.053    419.202   -568.119    -81.622    -42.533     28.063
    -11.655    461.216    419.288   -568.175    -81.513    -42.537     28.057
    -11.657    461.379    419.373   -568.231    -81.405    -42.542     28.050
    -11.659    461.542    419.458   -568.287    -81.297    -42.546     28.044
    -11.661    461.704    419.543   -568.343    -81.190    -42.551     28.038
    -11.663    461.866    419.628   -568.399    -81.082    -42.555     28.032
    -11.665    462.029    419.713   -568.455    -80.974    -42.560     28.026
    -11.667    462.190    419.798   -568.512    -80.867    -42.564     28.019
    -11.669    462.352    419.883   -568.568    -80.760    -42.569     28.013
    -11.671    462.513    419.968   -568.624    -80.653    -42.573     28.007
    -11.673    462.675    420.054   -568.680    -80.546    -42.577     28.001
    -11.675    462.836    420.139   -568.736    -80.439    -42.582     27.995
    -11.677    462.996    420.224   -568.792    -80.332    -42.586     27.989
    -11.679    463.157    420.309   -568.848    -80.225    -42.590     27.983
    -11.681    463.317    420.394   -568.903    -80.118    -42.595     27.977
    -11.683    463.477    420.479   -568.959    -80.012    -42.599     27.971
    -11.685    463.637    420.565   -569.015    -79.906    -42.603     27.964
    -11.687    463.797    420.650   -569.071    -79.799    -42.608     27.958
    -11.689    463.957    420.735   -569.127    -79.693    -42.612     27.952
    -11.691    464.116    420.820   -569.183    -79.587    -42.616     27.946
    -11.693    464.275    420.906   -569.239    -79.481    -42.620     27.940
    -11.695    464.434    420.991   -569.295    -79.375    -42.625     27.934
    -11.697    464.592    421.076   -569.351    -79.270    -42.629     27.928
    -11.699    464.751    421.161   -569.407    -79.164    -42.633     27.922
    -11.701    464.909    421.247   -569.462    -79.059    -42.637     27.916
    -11.703    465.067    421.332   -569.518    -78.953    -42.641     27.910
    -11.705    465.225    421.417   -569.574    -78.848    -42.645     27.904
    -11.707    465.382    421.502   -569.630    -78.743    -42.649     27.898
    -11.709    465.540    421.588   -569.686    -78.638    -42.654     27.892
    -11.711    465.697    421.673   -569.741    -78.533    -42.658     27.887
    -11.713    465.854    421.758   -569.797    -78.428    -42.662     27.881
    -11.715    466.011    421.844   -569.853    -78.324    -42.666     27.875
    -11.717    466.167    421.929   -569.909    -78.219    -42.670     27.869
    -11.719    466.324    422.014   -569.964    -78.115    -42.674     27.863
    -11.721    466.480    422.100   -570.020    -78.010    -42.678     27.857
    -11.723    466.636    422.185   -570.076    -77.906    -42.682     27.851
    -11.725    466.791    422.270   -570.132    -77.802    -42.686     27.845
    -11.727    466.947    422.356   -570.187    -77.698    -42.690     27.839
    -11.729    467.102    422.441   -570.243    -77.594    -42.694     27.833
    -11.731    467.257    422.527   -570.299    -77.490    -42.698     27.828
    -11.733    467.412    422.612   -570.354    -77.387    -42.701     27.822
    -11.735    467.567    422.697   -570.410    -77.283    -42.705     27.816
    -11.737    467.721    422.783   -570.465    -77.180    -42.709     27.810
    -11.739    467.875    422.868   -570.521    -77.076    -42.713     27.804
    -11.741    468.030    422.954   -570.577    -76.973    -42.717     27.799
    -11.743    468.183    423.039   -570.632    -76.870    -42.721     27.793
    -11.745    468.337    423.125   -570.688    -76.767    -42.724     27.787
    -11.747    468.490    423.210   -570.743    -76.664    -42.728     27.781
    -11.749    468.644    423.295   -570.799    -76.561    -42.732     27.775
    -11.751    468.797    423.381   -570.855    -76.458    -42.736     27.770
    -11.753    468.949    423.466   -570.910    -76.356    -42.740     27.764
    -11.755    469.102    423.552   -570.966    -76.253    -42.743     27.758
    -11.757    469.254    423.637   -571.021    -76.151    -42.747     27.752
    -11.759    469.407    423.723   -571.077    -76.049    -42.751     27.747
    -11.761    469.559    423.808   -571.132    -75.946    -42.754     27.741
    -11.763    469.710    423.894   -571.188    -75.844    -42.758     27.735
    -11.765    469.862    423.979   -571.243    -75.742    -42.762     27.730
    -11.767    470.013    424.065   -571.298    -75.640    -42.765     27.724
    -11.769    470.165    424.150   -571.354    -75.539    -42.769     27.718
    -11.771    470.316    424.236   -571.409    -75.437    -42.773     27.713
    -11.773    470.466    424.322   -571.465    -75.335    -42.776     27.707
    -11.775    470.617    424.407   -571.520    -75.234    -42.780     27.701
    -11.777    470.767    424.493   -571.576    -75.132    -42.783     27.696
    -11.779    470.917    424.578   -571.631    -75.031    -42.787     27.690
    -11.781    471.067    424.664   -571.686    -74.930    -42.790     27.684
    -11.783    471.217    424.749   -571.742    -74.829    -42.794     27.679
    -11.785    471.367    424.835   -571.797    -74.728    -42.797     27.673
    -11.787    471.516    424.921   -571.852    -74.627    -42.801     27.667
    -11.789    471.665    425.006   -571.908    -74.526    -42.804     27.662
    -11.791    471.814    425.092   -571.963    -74.426    -42.808     27.656
    -11.793    471.963    425.177   -572.018    -74.325    -42.811     27.651
    -11.795    472.112    425.263   -572.074    -74.225    -42.815     27.645
    -11.797    472.260    425.349   -572.129    -74.124    -42.818     27.639
    -11.799    472.408    425.434   -572.184    -74.024    -42.821     27.634
    -11.801    472.556    425.520   -572.239    -73.924    -42.825     27.628
    -11.803    472.704    425.606   -572.295    -73.824    -42.828     27.623
    -11.805    472.851    425.691   -572.350    -73.724    -42.832     27.617
    -11.807    472.999    425.777   -572.405    -73.624    -42.835     27.612
    -11.809    473.146    425.863   -572.460    -73.524    -42.838     27.606
    -11.811    473.293    425.948   -572.516    -73.424    -42.842     27.601
    -11.813    473.439    426.034   -572.571    -73.325    -42.845     27.595
    -11.815    473.586    426.120   -572.626    -73.225    -42.848     27.590
    -11.817    473.732    426.205   -572.681    -73.126    -42.851     27.584
    -11.819    473.878    426.291   -572.736    -73.026    -42.855     27.579
    -11.821    474.024    426.377   -572.791    -72.927    -42.858     27.573
    -11.823    474.170    426.463   -572.847    -72.828    -42.861     27.568
    -11.825    474.316    426.548   -572.902    -72.729    -42.864     27.562
    -11.827    474.461    426.634   -572.957    -72.630    -42.868     27.557
    -11.829    474.606    426.720   -573.012    -72.531    -42.871     27.551
    -11.831    474.751    426.805   -573.067    -72.433    -42.874     27.546
    -11.833    474.896    426.891   -573.122    -72.334    -42.877     27.540
    -11.835    475.041    426.977   -573.177    -72.235    -42.880     27.535
    -11.837    475.185    427.063   -573.232    -72.137    -42.883     27.529
    -11.839    475.329    427.149   -573.287    -72.039    -42.886     27.524
    -11.841    475.473    427.234   -573.342    -71.940    -42.890     27.519
    -11.843    475.617    427.320   -573.397    -71.842    -42.893     27.513
    -11.845    475.760    427.406   -573.452    -71.744    -42.896     27.508
    -11.847    475.904    427.492   -573.507    -71.646    -42.899     27.502
    -11.849    476.047    427.577   -573.562    -71.548    -42.902     27.497
    -11.851    476.190    427.663   -573.617    -71.450    -42.905     27.492
    -11.853    476.333    427.749   -573.672    -71.353    -42.908     27.486
    -11.855    476.475    427.835   -573.727    -71.255    -42.911     27.481
    -11.857    476.618    427.921   -573.782    -71.158    -42.914     27.475
    -11.859    476.760    428.007   -573.837    -71.060    -42.917     27.470
    -11.861    476.902    428.092   -573.892    -70.963    -42.920     27.465
    -11.863    477.044    428.178   -573.947    -70.865    -42.923     27.459
    -11.865    477.186    428.264   -574.002    -70.768    -42.926     27.454
    -11.867    477.327    428.350   -574.057    -70.671    -42.929     27.449
    -11.869    477.468    428.436   -574.112    -70.574    -42.932     27.443
    -11.871    477.609    428.522   -574.167    -70.477    -42.934     27.438
    -11.873    477.750    428.608   -574.222    -70.381    -42.937     27.433
    -11.875    477.891    428.693   -574.276    -70.284    -42.940     27.427
    -11.877    478.031    428.779   -574.331    -70.187    -42.943     27.422
    -11.879    478.172    428.865   -574.386    -70.091    -42.946     27.417
    -11.881    478.312    428.951   -574.441    -69.994    -42.949     27.411
    -11.883    478.452    429.037   -574.496    -69.898    -42.952     27.406
    -11.885    478.591    429.123   -574.551    -69.801    -42.954     27.401
    -11.887    478.731    429.209   -574.605    -69.705    -42.957     27.396
    -11.889    478.870    429.295   -574.660    -69.609    -42.960     27.390
    -11.891    479.009    429.381   -574.715    -69.513    -42.963     27.385
    -11.893    479.148    429.467   -574.770    -69.417    -42.965     27.380
    -11.895    479.287    429.553   -574.824    -69.321    -42.968     27.374
    -11.897    479.425    429.638   -574.879    -69.226    -42.971     27.369
    -11.899    479.564    429.724   -574.934    -69.130    -42.974     27.364
    -11.901    479.702    429.810   -574.989    -69.034    -42.976     27.359
    -11.903    479.840    429.896   -575.043    -68.939    -42.979     27.353
    -11.905    479.978    429.982   -575.098    -68.843    -42.982     27.348
    -11.907    480.115    430.068   -575.153    -68.748    -42.984     27.343
    -11.909    480.253    430.154   -575.207    -68.653    -42.987     27.338
    -11.911    480.390    430.240   -575.262    -68.558    -42.990     27.333
    -11.913    480.527    430.326   -575.317    -68.463    -42.992     27.327
    -11.915    480.664    430.412   -575.371    -68.368    -42.995     27.322
    -11.917    480.800    430.498   -575.426    -68.273    -42.997     27.317
    -11.919    480.937    430.584   -575.481    -68.178    -43.000     27.312
    -11.921    481.073    430.670   -575.535    -68.083    -43.003     27.307
    -11.923    481.209    430.756   -575.590    -67.988    -43.005     27.301
    -11.925    481.345    430.842   -575.645    -67.894    -43.008     27.296
    -11.927    481.481    430.928   -575.699    -67.799    -43.010     27.291
    -11.929    481.616    431.014   -575.754    -67.705    -43.013     27.286
    -11.931    481.752    431.100   -575.808    -67.611    -43.015     27.281
    -11.933    481.887    431.186   -575.863    -67.516    -43.018     27.275
    -11.935    482.022    431.272   -575.917    -67.422    -43.020     27.270
    -11.937    482.156    431.358   -575.972    -67.328    -43.023     27.265
    -11.939    482.291    431.444   -576.026    -67.234    -43.025     27.260
    -11.941    482.425    431.530   -576.081    -67.140    -43.028     27.255
    -11.943    482.560    431.616   -576.135    -67.046    -43.030     27.250
    -11.945    482.694    431.703   -576.190    -66.953    -43.033     27.245
    -11.947    482.827    431.789   -576.244    -66.859    -43.035     27.239
    -11.949    482.961    431.875   -576.299    -66.765    -43.037     27.234
    -11.951    483.094    431.961   -576.353    -66.672    -43.040     27.229
    -11.953    483.228    432.047   -576.408    -66.578    -43.042     27.224
    -11.955    483.361    432.133   -576.462    -66.485    -43.044     27.219
    -11.957    483.494    432.219   -576.517    -66.392    -43.047     27.214
    -11.959    483.626    432.305   -576.571    -66.298    -43.049     27.209
    -11.961    483.759    432.391   -576.626    -66.205    -43.051     27.204
    -11.963    483.891    432.477   -576.680    -66.112    -43.054     27.199
    -11.965    484.023    432.563   -576.734    -66.019    -43.056     27.194
    -11.967    484.155    432.650   -576.789    -65.926    -43.058     27.188
    -11.969    484.287    432.736   -576.843    -65.834    -43.061     27.183
    -11.971    484.418    432.822   -576.897    -65.741    -43.063     27.178
    -11.973    484.550    432.908   -576.952    -65.648    -43.065     27.173
    -11.975    484.681    432.994   -577.006    -65.556    -43.067     27.168
    -11.977    484.812    433.080   -577.060    -65.463    -43.070     27.163
    -11.979    484.943    433.166   -577.115    -65.371    -43.072     27.158
    -11.981    485.074    433.252   -577.169    -65.278    -43.074     27.153
    -11.983    485.204    433.339   -577.223    -65.186    -43.076     27.148
    -11.985    485.334    433.425   -577.278    -65.094    -43.078     27.143
    -11.987    485.464    433.511   -577.332    -65.002    -43.081     27.138
    -11.989    485.594    433.597   -577.386    -64.910    -43.083     27.133
    -11.991    485.724    433.683   -577.441    -64.818    -43.085     27.128
    -11.993    485.854    433.769   -577.495    -64.726    -43.087     27.123
    -11.995    485.983    433.856   -577.549    -64.634    -43.089     27.118
    -11.997    486.112    433.942   -577.603    -64.542    -43.091     27.113
    -11.999    486.241    434.028   -577.657    -64.451    -43.093     27.108
    -12.001    486.370    434.114   -577.712    -64.359    -43.096     27.103
    -12.003    486.499    434.200   -577.766    -64.268    -43.098     27.098
    -12.005    486.627    434.287   -577.820    -64.176    -43.100     27.093
    -12.007    486.755    434.373   -577.874    -64.085    -43.102     27.088
    -12.009    486.883    434.459   -577.928    -63.994    -43.104     27.083
    -12.011    487.011    434.545   -577.983    -63.902    -43.106     27.078
    -12.013    487.139    434.631   -578.037    -63.811    -43.108     27.073
    -12.015    487.267    434.718   -578.091    -63.720    -43.110     27.068
    -12.017    487.394    434.804   -578.145    -63.629    -43.112     27.063
    -12.019    487.521    434.890   -578.199    -63.538    -43.114     27.058
    -12.021    487.648    434.976   -578.253    -63.447    -43.116     27.053
    -12.023    487.775    435.063   -578.307    -63.357    -43.118     27.048
    -12.025    487.901    435.149   -578.361    -63.266    -43.120     27.043
    -12.027    488.028    435.235   -578.415    -63.175    -43.122     27.038
    -12.029    488.154    435.321   -578.470    -63.085    -43.124     27.033
    -12.031    488.280    435.408   -578.524    -62.994    -43.125     27.028
    -12.033    488.406    435.494   -578.578    -62.904    -43.127     27.023
    -12.035    488.532    435.580   -578.632    -62.814    -43.129     27.018
    -12.037    488.657    435.666   -578.686    -62.723    -43.131     27.013
    -12.039    488.783    435.753   -578.740    -62.633    -43.133     27.008
    -12.041    488.908    435.839   -578.794    -62.543    -43.135     27.003
    -12.043    489.033    435.925   -578.848    -62.453    -43.137     26.998
    -12.045    489.158    436.011   -578.902    -62.363    -43.139     26.993
    -12.047    489.282    436.098   -578.956    -62.273    -43.140     26.989
    -12.049    489.407    436.184   -579.010    -62.183    -43.142     26.984
    -12.051    489.531    436.270   -579.064    -62.093    -43.144     26.979
    -12.053    489.655    436.356   -579.118    -62.004    -43.146     26.974
    -12.055    489.779    436.443   -579.172    -61.914    -43.148     26.969
    -12.057    489.903    436.529   -579.226    -61.825    -43.149     26.964
    -12.059    490.026    436.615   -579.279    -61.735    -43.151     26.959
    -12.061    490.150    436.702   -579.333    -61.646    -43.153     26.954
    -12.063    490.273    436.788   -579.387    -61.556    -43.155     26.949
    -12.065    490.396    436.874   -579.441    -61.467    -43.156     26.944
    -12.067    490.519    436.961   -579.495    -61.378    -43.158     26.939
    -12.069    490.642    437.047   -579.549    -61.289    -43.160     26.935
    -12.071    490.764    437.133   -579.603    -61.200    -43.161     26.930
    -12.073    490.886    437.220   -579.657    -61.111    -43.163     26.925
    -12.075    491.008    437.306   -579.710    -61.022    -43.165     26.920
    -12.077    491.130    437.392   -579.764    -60.933    -43.167     26.915
    -12.079    491.252    437.479   -579.818    -60.844    -43.168     26.910
    -12.081    491.374    437.565   -579.872    -60.755    -43.170     26.905
    -12.083    491.495    437.651   -579.926    -60.667    -43.171     26.900
    -12.085    491.616    437.738   -579.980    -60.578    -43.173     26.896
    -12.087    491.738    437.824   -580.033    -60.489    -43.175     26.891
    -12.089    491.858    437.910   -580.087    -60.401    -43.176     26.886
    -12.091    491.979    437.997   -580.141    -60.313    -43.178     26.881
    -12.093    492.100    438.083   -580.195    -60.224    -43.179     26.876
    -12.095    492.220    438.169   -580.248    -60.136    -43.181     26.871
    -12.097    492.340    438.256   -580.302    -60.048    -43.183     26.866
    -12.099    492.460    438.342   -580.356    -59.960    -43.184     26.862
    -12.101    492.580    438.428   -580.410    -59.872    -43.186     26.857
    -12.103    492.700    438.515   -580.463    -59.784    -43.187     26.852
    -12.105    492.819    438.601   -580.517    -59.696    -43.189     26.847
    -12.107    492.938    438.688   -580.571    -59.608    -43.190     26.842
    -12.109    493.058    438.774   -580.624    -59.520    -43.192     26.837
    -12.111    493.177    438.860   -580.678    -59.432    -43.193     26.833
    -12.113    493.295    438.947   -580.732    -59.345    -43.195     26.828
    -12.115    493.414    439.033   -580.785    -59.257    -43.196     26.823
    -12.117    493.532    439.120   -580.839    -59.169    -43.198     26.818
    -12.119    493.651    439.206   -580.893    -59.082    -43.199     26.813
    -12.121    493.769    439.292   -580.946    -58.994    -43.200     26.809
    -12.123    493.887    439.379   -581.000    -58.907    -43.202     26.804
    -12.125    494.004    439.465   -581.053    -58.820    -43.203     26.799
    -12.127    494.122    439.552   -581.107    -58.733    -43.205     26.794
    -12.129    494.239    439.638   -581.161    -58.645    -43.206     26.789
    -12.131    494.356    439.724   -581.214    -58.558    -43.207     26.785
    -12.133    494.473    439.811   -581.268    -58.471    -43.209     26.780
    -12.135    494.590    439.897   -581.321    -58.384    -43.210     26.775
    -12.137    494.707    439.984   -581.375    -58.297    -43.211     26.770
    -12.139    494.824    440.070   -581.428    -58.211    -43.213     26.765
    -12.141    494.940    440.156   -581.482    -58.124    -43.214     26.761
    -12.143    495.056    440.243   -581.535    -58.037    -43.215     26.756
    -12.145    495.172    440.329   -581.589    -57.950    -43.217     26.751
    -12.147    495.288    440.416   -581.642    -57.864    -43.218     26.746
    -12.149    495.403    440.502   -581.696    -57.777    -43.219     26.742
    -12.151    495.519    440.589   -581.749    -57.691    -43.221     26.737
    -12.153    495.634    440.675   -581.803    -57.604    -43.222     26.732
    -12.155    495.749    440.762   -581.856    -57.518    -43.223     26.727
    -12.157    495.864    440.848   -581.910    -57.432    -43.224     26.722
    -12.159    495.979    440.934   -581.963    -57.345    -43.226     26.718
    -12.161    496.094    441.021   -582.017    -57.259    -43.227     26.713
    -12.163    496.208    441.107   -582.070    -57.173    -43.228     26.708
    -12.165    496.322    441.194   -582.123    -57.087    -43.229     26.703
    -12.167    496.436    441.280   -582.177    -57.001    -43.230     26.699
    -12.169    496.550    441.367   -582.230    -56.915    -43.232     26.694
    -12.171    496.664    441.453   -582.284    -56.829    -43.233     26.689
    -12.173    496.778    441.540   -582.337    -56.744    -43.234     26.684
    -12.175    496.891    441.626   -582.390    -56.658    -43.235     26.680
    -12.177    497.004    441.713   -582.444    -56.572    -43.236     26.675
    -12.179    497.117    441.799   -582.497    -56.486    -43.237     26.670
    -12.181    497.230    441.886   -582.550    -56.401    -43.239     26.665
    -12.183    497.343    441.972   -582.604    -56.315    -43.240     26.661
    -12.185    497.456    442.059   -582.657    -56.230    -43.241     26.656
    -12.187    497.568    442.145   -582.710    -56.145    -43.242     26.651
    -12.189    497.680    442.231   -582.764    -56.059    -43.243     26.647
    -12.191    497.792    442.318   -582.817    -55.974    -43.244     26.642
    -12.193    497.904    442.404   -582.870    -55.889    -43.245     26.637
    -12.195    498.016    442.491   -582.924    -55.804    -43.246     26.632
    -12.197    498.127    442.577   -582.977    -55.718    -43.247     26.628
    -12.199    498.239    442.664   -583.030    -55.633    -43.248     26.623
    -12.201    498.350    442.750   -583.083    -55.548    -43.249     26.618
    -12.203    498.461    442.837   -583.136    -55.464    -43.250     26.614
    -12.205    498.572    442.923   -583.190    -55.379    -43.251     26.609
    -12.207    498.682    443.010   -583.243    -55.294    -43.252     26.604
    -12.209    498.793    443.096   -583.296    -55.209    -43.253     26.599
    -12.211    498.903    443.183   -583.349    -55.124    -43.254     26.595
    -12.213    499.013    443.269   -583.403    -55.040    -43.255     26.590
    -12.215    499.123    443.356   -583.456    -54.955    -43.256     26.585
    -12.217    499.233    443.442   -583.509    -54.871    -43.257     26.581
    -12.219    499.343    443.529   -583.562    -54.786    -43.258     26.576
    -12.221    499.452    443.616   -583.615    -54.702    -43.259     26.571
    -12.223    499.562    443.702   -583.668    -54.617    -43.260     26.566
    -12.225    499.671    443.789   -583.721    -54.533    -43.261     26.562
    -12.227    499.780    443.875   -583.775    -54.449    -43.262     26.557
    -12.229    499.889    443.962   -583.828    -54.365    -43.263     26.552
    -12.231    499.997    444.048   -583.881    -54.281    -43.264     26.548
    -12.233    500.106    444.135   -583.934    -54.197    -43.264     26.543
    -12.235    500.214    444.221   -583.987    -54.113    -43.265     26.538
    -12.237    500.322    444.308   -584.040    -54.029    -43.266     26.534
    -12.239    500.430    444.394   -584.093    -53.945    -43.267     26.529
    -12.241    500.538    444.481   -584.146    -53.861    -43.268     26.524
    -12.243    500.645    444.567   -584.199    -53.777    -43.269     26.520
    -12.245    500.753    444.654   -584.252    -53.693    -43.269     26.515
    -12.247    500.860    444.740   -584.305    -53.610    -43.270     26.510
    -12.249    500.967    444.827   -584.358    -53.526    -43.271     26.506
    -12.251    501.074    444.913   -584.411    -53.442    -43.272     26.501
    -12.253    501.181    445.000   -584.464    -53.359    -43.273     26.496
    -12.255    501.288    445.087   -584.517    -53.275    -43.273     26.492
    -12.257    501.394    445.173   -584.570    -53.192    -43.274     26.487
    -12.259    501.501    445.260   -584.623    -53.109    -43.275     26.482
    -12.261    501.607    445.346   -584.676    -53.025    -43.276     26.478
    -12.263    501.713    445.433   -584.729    -52.942    -43.276     26.473
    -12.265    501.818    445.519   -584.782    -52.859    -43.277     26.468
    -12.267    501.924    445.606   -584.835    -52.776    -43.278     26.464
    -12.269    502.030    445.692   -584.888    -52.693    -43.279     26.459
    -12.271    502.135    445.779   -584.941    -52.610    -43.279     26.454
    -12.273    502.240    445.866   -584.994    -52.527    -43.280     26.450
    -12.275    502.345    445.952   -585.047    -52.444    -43.281     26.445
    -12.277    502.450    446.039   -585.099    -52.361    -43.281     26.440
    -12.279    502.554    446.125   -585.152    -52.278    -43.282     26.436
    -12.281    502.659    446.212   -585.205    -52.195    -43.283     26.431
    -12.283    502.763    446.298   -585.258    -52.112    -43.283     26.427
    -12.285    502.867    446.385   -585.311    -52.030    -43.284     26.422
    -12.287    502.971    446.471   -585.364    -51.947    -43.284     26.417
    -12.289    503.075    446.558   -585.417    -51.864    -43.285     26.413
    -12.291    503.179    446.645   -585.469    -51.782    -43.286     26.408
    -12.293    503.282    446.731   -585.522    -51.699    -43.286     26.403
    -12.295    503.386    446.818   -585.575    -51.617    -43.287     26.399
    -12.297    503.489    446.904   -585.628    -51.535    -43.287     26.394
    -12.299    503.592    446.991   -585.681    -51.452    -43.288     26.389
    -12.301    503.695    447.078   -585.733    -51.370    -43.289     26.385
    -12.303    503.797    447.164   -585.786    -51.288    -43.289     26.380
    -12.305    503.900    447.251   -585.839    -51.206    -43.290     26.376
    -12.307    504.002    447.337   -585.892    -51.124    -43.290     26.371
    -12.309    504.104    447.424   -585.944    -51.042    -43.291     26.366
    -12.311    504.206    447.510   -585.997    -50.960    -43.291     26.362
    -12.313    504.308    447.597   -586.050    -50.878    -43.292     26.357
    -12.315    504.410    447.684   -586.103    -50.796    -43.292     26.352
    -12.317    504.511    447.770   -586.155    -50.714    -43.293     26.348
    -12.319    504.613    447.857   -586.208    -50.632    -43.293     26.343
    -12.321    504.714    447.943   -586.261    -50.550    -43.294     26.339
    -12.323    504.815    448.030   -586.313    -50.469    -43.294     26.334
    -12.325    504.916    448.117   -586.366    -50.387    -43.295     26.329
    -12.327    505.016    448.203   -586.419    -50.305    -43.295     26.325
    -12.329    505.117    448.290   -586.471    -50.224    -43.295     26.320
    -12.331    505.217    448.376   -586.524    -50.142    -43.296     26.316
    -12.333    505.317    448.463   -586.577    -50.061    -43.296     26.311
    -12.335    505.417    448.549   -586.629    -49.979    -43.297     26.306
    -12.337    505.517    448.636   -586.682    -49.898    -43.297     26.302
    -12.339    505.617    448.723   -586.734    -49.817    -43.297     26.297
    -12.341    505.717    448.809   -586.787    -49.735    -43.298     26.292
    -12.343    505.816    448.896   -586.839    -49.654    -43.298     26.288
    -12.345    505.915    448.982   -586.892    -49.573    -43.299     26.283
    -12.347    506.014    449.069   -586.945    -49.492    -43.299     26.279
    -12.349    506.113    449.156   -586.997    -49.411    -43.299     26.274
    -12.351    506.212    449.242   -587.050    -49.330    -43.300     26.269
    -12.353    506.310    449.329   -587.102    -49.249    -43.300     26.265
    -12.355    506.409    449.415   -587.155    -49.168    -43.300     26.260
    -12.357    506.507    449.502   -587.207    -49.087    -43.300     26.256
    -12.359    506.605    449.589   -587.260    -49.006    -43.301     26.251
    -12.361    506.703    449.675   -587.312    -48.925    -43.301     26.246
    -12.363    506.801    449.762   -587.365    -48.845    -43.301     26.242
    -12.365    506.899    449.848   -587.417    -48.764    -43.302     26.237
    -12.367    506.996    449.935   -587.470    -48.683    -43.302     26.233
    -12.369    507.093    450.022   -587.522    -48.603    -43.302     26.228
    -12.371    507.190    450.108   -587.575    -48.522    -43.302     26.224
    -12.373    507.287    450.195   -587.627    -48.442    -43.303     26.219
    -12.375    507.384    450.281   -587.680    -48.361    -43.303     26.214
    -12.377    507.481    450.368   -587.732    -48.281    -43.303     26.210
    -12.379    507.577    450.455   -587.784    -48.200    -43.303     26.205
    -12.381    507.674    450.541   -587.837    -48.120    -43.304     26.201
    -12.383    507.770    450.628   -587.889    -48.040    -43.304     26.196
    -12.385    507.866    450.715   -587.942    -47.959    -43.304     26.191
    -12.387    507.962    450.801   -587.994    -47.879    -43.304     26.187
    -12.389    508.057    450.888   -588.046    -47.799    -43.304     26.182
    -12.391    508.153    450.974   -588.099    -47.719    -43.304     26.178
    -12.393    508.248    451.061   -588.151    -47.639    -43.305     26.173
    -12.395    508.343    451.148   -588.203    -47.559    -43.305     26.169
    -12.397    508.438    451.234   -588.256    -47.479    -43.305     26.164
    -12.399    508.533    451.321   -588.308    -47.399    -43.305     26.159
    -12.401    508.628    451.407   -588.360    -47.319    -43.305     26.155
    -12.403    508.723    451.494   -588.413    -47.239    -43.305     26.150
    -12.405    508.817    451.581   -588.465    -47.160    -43.305     26.146
    -12.407    508.911    451.667   -588.517    -47.080    -43.305     26.141
    -12.409    509.005    451.754   -588.569    -47.000    -43.305     26.136
    -12.411    509.099    451.840   -588.622    -46.921    -43.306     26.132
    -12.413    509.193    451.927   -588.674    -46.841    -43.306     26.127
    -12.415    509.287    452.014   -588.726    -46.761    -43.306     26.123
    -12.417    509.380    452.100   -588.779    -46.682    -43.306     26.118
    -12.419    509.473    452.187   -588.831    -46.602    -43.306     26.114
    -12.421    509.566    452.273   -588.883    -46.523    -43.306     26.109
    -12.423    509.659    452.360   -588.935    -46.444    -43.306     26.105
    -12.425    509.752    452.447   -588.987    -46.364    -43.306     26.100
    -12.427    509.845    452.533   -589.040    -46.285    -43.306     26.095
    -12.429    509.937    452.620   -589.092    -46.206    -43.306     26.091
    -12.431    510.030    452.707   -589.144    -46.127    -43.306     26.086
    -12.433    510.122    452.793   -589.196    -46.047    -43.306     26.082
    -12.435    510.214    452.880   -589.248    -45.968    -43.306     26.077
    -12.437    510.306    452.966   -589.300    -45.889    -43.306     26.073
    -12.439    510.397    453.053   -589.353    -45.810    -43.306     26.068
    -12.441    510.489    453.140   -589.405    -45.731    -43.306     26.063
    -12.443    510.580    453.226   -589.457    -45.652    -43.306     26.059
    -12.445    510.672    453.313   -589.509    -45.573    -43.306     26.054
    -12.447    510.763    453.399   -589.561    -45.494    -43.305     26.050
    -12.449    510.854    453.486   -589.613    -45.416    -43.305     26.045
    -12.451    510.944    453.573   -589.665    -45.337    -43.305     26.041
    -12.453    511.035    453.659   -589.717    -45.258    -43.305     26.036
    -12.455    511.125    453.746   -589.769    -45.179    -43.305     26.032
    -12.457    511.216    453.832   -589.821    -45.101    -43.305     26.027
    -12.459    511.306    453.919   -589.873    -45.022    -43.305     26.022
    -12.461    511.396    454.006   -589.926    -44.944    -43.305     26.018
    -12.463    511.486    454.092   -589.978    -44.865    -43.305     26.013
    -12.465    511.575    454.179   -590.030    -44.786    -43.304     26.009
    -12.467    511.665    454.266   -590.082    -44.708    -43.304     26.004
    -12.469    511.754    454.352   -590.134    -44.630    -43.304     26.000
    -12.471    511.843    454.439   -590.186    -44.551    -43.304     25.995
    -12.473    511.932    454.525   -590.238    -44.473    -43.304     25.991
    -12.475    512.021    454.612   -590.290    -44.395    -43.304     25.986
    -12.477    512.110    454.699   -590.342    -44.316    -43.303     25.981
    -12.479    512.198    454.785   -590.393    -44.238    -43.303     25.977
    -12.481    512.287    454.872   -590.445    -44.160    -43.303     25.972
    -12.483    512.375    454.958   -590.497    -44.082    -43.303     25.968
    -12.485    512.463    455.045   -590.549    -44.004    -43.303     25.963
    -12.487    512.551    455.132   -590.601    -43.926    -43.302     25.959
    -12.489    512.639    455.218   -590.653    -43.848    -43.302     25.954
    -12.491    512.726    455.305   -590.705    -43.770    -43.302     25.950
    -12.493    512.814    455.391   -590.757    -43.692    -43.302     25.945
    -12.495    512.901    455.478   -590.809    -43.614    -43.301     25.940
    -12.497    512.988    455.565   -590.861    -43.536    -43.301     25.936
    -12.499    513.075    455.651   -590.913    -43.458    -43.301     25.931
    -12.501    513.162    455.738   -590.964    -43.381    -43.300     25.927
    -12.503    513.249    455.824   -591.016    -43.303    -43.300     25.922
    -12.505    513.335    455.911   -591.068    -43.225    -43.300     25.918
    -12.507    513.422    455.998   -591.120    -43.148    -43.299     25.913
    -12.509    513.508    456.084   -591.172    -43.070    -43.299     25.909
    -12.511    513.594    456.171   -591.224    -42.992    -43.299     25.904
    -12.513    513.680    456.257   -591.275    -42.915    -43.298     25.900
    -12.515    513.766    456.344   -591.327    -42.837    -43.298     25.895
    -12.517    513.851    456.431   -591.379    -42.760    -43.298     25.890
    -12.519    513.937    456.517   -591.431    -42.683    -43.297     25.886
    -12.521    514.022    456.604   -591.482    -42.605    -43.297     25.881
    -12.523    514.107    456.690   -591.534    -42.528    -43.297     25.877
    -12.525    514.192    456.777   -591.586    -42.451    -43.296     25.872
    -12.527    514.277    456.864   -591.638    -42.373    -43.296     25.868
    -12.529    514.362    456.950   -591.689    -42.296    -43.295     25.863
    -12.531    514.446    457.037   -591.741    -42.219    -43.295     25.859
    -12.533    514.530    457.123   -591.793    -42.142    -43.295     25.854
    -12.535    514.615    457.210   -591.845    -42.065    -43.294     25.850
    -12.537    514.699    457.297   -591.896    -41.988    -43.294     25.845
    -12.539    514.783    457.383   -591.948    -41.911    -43.293     25.840
    -12.541    514.866    457.470   -592.000    -41.834    -43.293     25.836
    -12.543    514.950    457.556   -592.051    -41.757    -43.292     25.831
    -12.545    515.033    457.643   -592.103    -41.680    -43.292     25.827
    -12.547    515.117    457.729   -592.155    -41.603    -43.291     25.822
    -12.549    515.200    457.816   -592.206    -41.526    -43.291     25.818
    -12.551    515.283    457.903   -592.258    -41.449    -43.290     25.813
    -12.553    515.366    457.989   -592.310    -41.372    -43.290     25.809
    -12.555    515.448    458.076   -592.361    -41.296    -43.289     25.804
    -12.557    515.531    458.162   -592.413    -41.219    -43.289     25.800
    -12.559    515.613    458.249   -592.464    -41.142    -43.288     25.795
    -12.561    515.695    458.336   -592.516    -41.066    -43.288     25.790
    -12.563    515.777    458.422   -592.567    -40.989    -43.287     25.786
    -12.565    515.859    458.509   -592.619    -40.913    -43.287     25.781
    -12.567    515.941    458.595   -592.671    -40.836    -43.286     25.777
    -12.569    516.023    458.682   -592.722    -40.760    -43.286     25.772
    -12.571    516.104    458.768   -592.774    -40.683    -43.285     25.768
    -12.573    516.185    458.855   -592.825    -40.607    -43.284     25.763
    -12.575    516.267    458.942   -592.877    -40.530    -43.284     25.759
    -12.577    516.348    459.028   -592.928    -40.454    -43.283     25.754
    -12.579    516.428    459.115   -592.980    -40.378    -43.283     25.750
    -12.581    516.509    459.201   -593.031    -40.301    -43.282     25.745
    -12.583    516.590    459.288   -593.083    -40.225    -43.281     25.741
    -12.585    516.670    459.374   -593.134    -40.149    -43.281     25.736
    -12.587    516.750    459.461   -593.186    -40.073    -43.280     25.731
    -12.589    516.830    459.547   -593.237    -39.997    -43.280     25.727
    -12.591    516.910    459.634   -593.289    -39.921    -43.279     25.722
    -12.593    516.990    459.721   -593.340    -39.845    -43.278     25.718
    -12.595    517.070    459.807   -593.391    -39.769    -43.278     25.713
    -12.597    517.149    459.894   -593.443    -39.693    -43.277     25.709
    -12.599    517.228    459.980   -593.494    -39.617    -43.276     25.704
    -12.601    517.307    460.067   -593.546    -39.541    -43.276     25.700
    -12.603    517.386    460.153   -593.597    -39.465    -43.275     25.695
    -12.605    517.465    460.240   -593.649    -39.389    -43.274     25.691
    -12.607    517.544    460.326   -593.700    -39.313    -43.273     25.686
    -12.609    517.623    460.413   -593.751    -39.238    -43.273     25.681
    -12.611    517.701    460.500   -593.803    -39.162    -43.272     25.677
    -12.613    517.779    460.586   -593.854    -39.086    -43.271     25.672
    -12.615    517.857    460.673   -593.905    -39.010    -43.270     25.668
    -12.617    517.935    460.759   -593.957    -38.935    -43.270     25.663
    -12.619    518.013    460.846   -594.008    -38.859    -43.269     25.659
    -12.621    518.091    460.932   -594.059    -38.784    -43.268     25.654
    -12.623    518.168    461.019   -594.111    -38.708    -43.267     25.650
    -12.625    518.246    461.105   -594.162    -38.633    -43.267     25.645
    -12.627    518.323    461.192   -594.213    -38.557    -43.266     25.641
    -12.629    518.400    461.278   -594.264    -38.482    -43.265     25.636
    -12.631    518.477    461.365   -594.316    -38.406    -43.264     25.632
    -12.633    518.553    461.451   -594.367    -38.331    -43.263     25.627
    -12.635    518.630    461.538   -594.418    -38.256    -43.263     25.622
    -12.637    518.706    461.624   -594.469    -38.180    -43.262     25.618
    -12.639    518.783    461.711   -594.521    -38.105    -43.261     25.613
    -12.641    518.859    461.798   -594.572    -38.030    -43.260     25.609
    -12.643    518.935    461.884   -594.623    -37.955    -43.259     25.604
    -12.645    519.011    461.971   -594.674    -37.879    -43.258     25.600
    -12.647    519.086    462.057   -594.726    -37.804    -43.258     25.595
    -12.649    519.162    462.144   -594.777    -37.729    -43.257     25.591
    -12.651    519.237    462.230   -594.828    -37.654    -43.256     25.586
    -12.653    519.312    462.317   -594.879    -37.579    -43.255     25.582
    -12.655    519.388    462.403   -594.930    -37.504    -43.254     25.577
    -12.657    519.462    462.490   -594.981    -37.429    -43.253     25.572
    -12.659    519.537    462.576   -595.032    -37.354    -43.252     25.568
    -12.661    519.612    462.663   -595.084    -37.279    -43.251     25.563
    -12.663    519.686    462.749   -595.135    -37.204    -43.250     25.559
    -12.665    519.761    462.836   -595.186    -37.130    -43.249     25.554
    -12.667    519.835    462.922   -595.237    -37.055    -43.249     25.550
    -12.669    519.909    463.009   -595.288    -36.980    -43.248     25.545
    -12.671    519.983    463.095   -595.339    -36.905    -43.247     25.541
    -12.673    520.057    463.182   -595.390    -36.831    -43.246     25.536
    -12.675    520.130    463.268   -595.441    -36.756    -43.245     25.532
    -12.677    520.204    463.355   -595.492    -36.681    -43.244     25.527
    -12.679    520.277    463.441   -595.543    -36.607    -43.243     25.522
    -12.681    520.350    463.528   -595.594    -36.532    -43.242     25.518
    -12.683    520.423    463.614   -595.645    -36.457    -43.241     25.513
    -12.685    520.496    463.701   -595.696    -36.383    -43.240     25.509
    -12.687    520.569    463.787   -595.747    -36.308    -43.239     25.504
    -12.689    520.641    463.873   -595.798    -36.234    -43.238     25.500
    -12.691    520.713    463.960   -595.849    -36.160    -43.237     25.495
    -12.693    520.786    464.046   -595.900    -36.085    -43.236     25.491
    -12.695    520.858    464.133   -595.951    -36.011    -43.235     25.486
    -12.697    520.930    464.219   -596.002    -35.936    -43.234     25.481
    -12.699    521.002    464.306   -596.053    -35.862    -43.232     25.477
    -12.701    521.073    464.392   -596.104    -35.788    -43.231     25.472
    -12.703    521.145    464.479   -596.155    -35.714    -43.230     25.468
    -12.705    521.216    464.565   -596.206    -35.639    -43.229     25.463
    -12.707    521.287    464.652   -596.257    -35.565    -43.228     25.459
    -12.709    521.358    464.738   -596.308    -35.491    -43.227     25.454
    -12.711    521.429    464.825   -596.359    -35.417    -43.226     25.450
    -12.713    521.500    464.911   -596.410    -35.343    -43.225     25.445
    -12.715    521.571    464.997   -596.461    -35.269    -43.224     25.441
    -12.717    521.641    465.084   -596.512    -35.195    -43.223     25.436
    -12.719    521.711    465.170   -596.562    -35.121    -43.221     25.431
    -12.721    521.782    465.257   -596.613    -35.047    -43.220     25.427
    -12.723    521.852    465.343   -596.664    -34.973    -43.219     25.422
    -12.725    521.921    465.430   -596.715    -34.899    -43.218     25.418
    -12.727    521.991    465.516   -596.766    -34.825    -43.217     25.413
    -12.729    522.061    465.603   -596.817    -34.751    -43.216     25.409
    -12.731    522.130    465.689   -596.867    -34.677    -43.215     25.404
    -12.733    522.199    465.775   -596.918    -34.603    -43.213     25.399
    -12.735    522.269    465.862   -596.969    -34.530    -43.212     25.395
    -12.737    522.338    465.948   -597.020    -34.456    -43.211     25.390
    -12.739    522.406    466.035   -597.071    -34.382    -43.210     25.386
    -12.741    522.475    466.121   -597.121    -34.308    -43.209     25.381
    -12.743    522.544    466.208   -597.172    -34.235    -43.207     25.377
    -12.745    522.612    466.294   -597.223    -34.161    -43.206     25.372
    -12.747    522.680    466.380   -597.274    -34.088    -43.205     25.368
    -12.749    522.748    466.467   -597.324    -34.014    -43.204     25.363
    -12.751    522.816    466.553   -597.375    -33.940    -43.202     25.358
    -12.753    522.884    466.640   -597.426    -33.867    -43.201     25.354
    -12.755    522.952    466.726   -597.477    -33.793    -43.200     25.349
    -12.757    523.019    466.812   -597.527    -33.720    -43.199     25.345
    -12.759    523.087    466.899   -597.578    -33.647    -43.197     25.340
    -12.761    523.154    466.985   -597.629    -33.573    -43.196     25.336
    -12.763    523.221    467.072   -597.679    -33.500    -43.195     25.331
    -12.765    523.288    467.158   -597.730    -33.426    -43.193     25.326
    -12.767    523.355    467.244   -597.781    -33.353    -43.192     25.322
    -12.769    523.421    467.331   -597.831    -33.280    -43.191     25.317
    -12.771    523.488    467.417   -597.882    -33.207    -43.189     25.313
    -12.773    523.554    467.503   -597.932    -33.133    -43.188     25.308
    -12.775    523.620    467.590   -597.983    -33.060    -43.187     25.304
    -12.777    523.686    467.676   -598.034    -32.987    -43.185     25.299
    -12.779    523.752    467.763   -598.084    -32.914    -43.184     25.294
    -12.781    523.818    467.849   -598.135    -32.841    -43.183     25.290
    -12.783    523.884    467.935   -598.185    -32.767    -43.181     25.285
    -12.785    523.949    468.022   -598.236    -32.694    -43.180     25.281
    -12.787    524.014    468.108   -598.287    -32.621    -43.179     25.276
    -12.789    524.080    468.194   -598.337    -32.548    -43.177     25.272
    -12.791    524.145    468.281   -598.388    -32.475    -43.176     25.267
    -12.793    524.209    468.367   -598.438    -32.402    -43.174     25.262
    -12.795    524.274    468.453   -598.489    -32.329    -43.173     25.258
    -12.797    524.339    468.540   -598.539    -32.257    -43.172     25.253
    -12.799    524.403    468.626   -598.590    -32.184    -43.170     25.249
    -12.801    524.468    468.712   -598.640    -32.111    -43.169     25.244
    -12.803    524.532    468.799   -598.691    -32.038    -43.167     25.240
    -12.805    524.596    468.885   -598.741    -31.965    -43.166     25.235
    -12.807    524.660    468.971   -598.792    -31.892    -43.164     25.230
    -12.809    524.723    469.058   -598.842    -31.820    -43.163     25.226
    -12.811    524.787    469.144   -598.892    -31.747    -43.162     25.221
    -12.813    524.850    469.230   -598.943    -31.674    -43.160     25.217
    -12.815    524.914    469.317   -598.993    -31.601    -43.159     25.212
    -12.817    524.977    469.403   -599.044    -31.529    -43.157     25.207
    -12.819    525.040    469.489   -599.094    -31.456    -43.156     25.203
    -12.821    525.102    469.576   -599.145    -31.384    -43.154     25.198
    -12.823    525.165    469.662   -599.195    -31.311    -43.153     25.194
    -12.825    525.228    469.748   -599.245    -31.238    -43.151     25.189
    -12.827    525.290    469.835   -599.296    -31.166    -43.150     25.185
    -12.829    525.352    469.921   -599.346    -31.093    -43.148     25.180
    -12.831    525.414    470.007   -599.396    -31.021    -43.146     25.175
    -12.833    525.476    470.093   -599.447    -30.949    -43.145     25.171
    -12.835    525.538    470.180   -599.497    -30.876    -43.143     25.166
    -12.837    525.600    470.266   -599.547    -30.804    -43.142     25.162
    -12.839    525.662    470.352   -599.598    -30.731    -43.140     25.157
    -12.841    525.723    470.439   -599.648    -30.659    -43.139     25.152
    -12.843    525.784    470.525   -599.698    -30.587    -43.137     25.148
    -12.845    525.845    470.611   -599.749    -30.514    -43.135     25.143
    -12.847    525.906    470.697   -599.799    -30.442    -43.134     25.139
    -12.849    525.967    470.784   -599.849    -30.370    -43.132     25.134
    -12.851    526.028    470.870   -599.900    -30.298    -43.131     25.129
    -12.853    526.088    470.956   -599.950    -30.225    -43.129     25.125
    -12.855    526.149    471.042   -600.000    -30.153    -43.127     25.120
    -12.857    526.209    471.129   -600.050    -30.081    -43.126     25.116
    -12.859    526.269    471.215   -600.100    -30.009    -43.124     25.111
    -12.861    526.329    471.301   -600.151    -29.937    -43.123     25.106
    -12.863    526.389    471.387   -600.201    -29.865    -43.121     25.102
    -12.865    526.448    471.474   -600.251    -29.793    -43.119     25.097
    -12.867    526.508    471.560   -600.301    -29.721    -43.118     25.093
    -12.869    526.567    471.646   -600.351    -29.649    -43.116     25.088
    -12.871    526.626    471.732   -600.402    -29.577    -43.114     25.083
    -12.873    526.686    471.819   -600.452    -29.505    -43.112     25.079
    -12.875    526.744    471.905   -600.502    -29.433    -43.111     25.074
    -12.877    526.803    471.991   -600.552    -29.361    -43.109     25.070
    -12.879    526.862    472.077   -600.602    -29.289    -43.107     25.065
    -12.881    526.920    472.163   -600.652    -29.217    -43.106     25.060
    -12.883    526.979    472.250   -600.702    -29.145    -43.104     25.056
    -12.885    527.037    472.336   -600.753    -29.073    -43.102     25.051
    -12.887    527.095    472.422   -600.803    -29.002    -43.100     25.047
    -12.889    527.153    472.508   -600.853    -28.930    -43.099     25.042
    -12.891    527.211    472.595   -600.903    -28.858    -43.097     25.037
    -12.893    527.268    472.681   -600.953    -28.786    -43.095     25.033
    -12.895    527.326    472.767   -601.003    -28.715    -43.093     25.028
    -12.897    527.383    472.853   -601.053    -28.643    -43.092     25.023
    -12.899    527.440    472.939   -601.103    -28.571    -43.090     25.019
    -12.901    527.498    473.025   -601.153    -28.500    -43.088     25.014
    -12.903    527.554    473.112   -601.203    -28.428    -43.086     25.010
    -12.905    527.611    473.198   -601.253    -28.357    -43.085     25.005
    -12.907    527.668    473.284   -601.303    -28.285    -43.083     25.000
    -12.909    527.724    473.370   -601.353    -28.213    -43.081     24.996
    -12.911    527.781    473.456   -601.403    -28.142    -43.079     24.991
    -12.913    527.837    473.542   -601.453    -28.070    -43.077     24.986
    -12.915    527.893    473.629   -601.503    -27.999    -43.075     24.982
    -12.917    527.949    473.715   -601.553    -27.928    -43.074     24.977
    -12.919    528.005    473.801   -601.603    -27.856    -43.072     24.973
    -12.921    528.060    473.887   -601.653    -27.785    -43.070     24.968
    -12.923    528.116    473.973   -601.703    -27.713    -43.068     24.963
    -12.925    528.171    474.059   -601.753    -27.642    -43.066     24.959
    -12.927    528.226    474.145   -601.803    -27.571    -43.064     24.954
    -12.929    528.282    474.232   -601.853    -27.499    -43.062     24.949
    -12.931    528.336    474.318   -601.902    -27.428    -43.061     24.945
    -12.933    528.391    474.404   -601.952    -27.357    -43.059     24.940
    -12.935    528.446    474.490   -602.002    -27.286    -43.057     24.936
    -12.937    528.500    474.576   -602.052    -27.214    -43.055     24.931
    -12.939    528.555    474.662   -602.102    -27.143    -43.053     24.926
    -12.941    528.609    474.748   -602.152    -27.072    -43.051     24.922
    -12.943    528.663    474.834   -602.202    -27.001    -43.049     24.917
    -12.945    528.717    474.920   -602.251    -26.930    -43.047     24.912
    -12.947    528.771    475.007   -602.301    -26.858    -43.045     24.908
    -12.949    528.824    475.093   -602.351    -26.787    -43.043     24.903
    -12.951    528.878    475.179   -602.401    -26.716    -43.041     24.898
    -12.953    528.931    475.265   -602.451    -26.645    -43.039     24.894
    -12.955    528.984    475.351   -602.500    -26.574    -43.037     24.889
    -12.957    529.038    475.437   -602.550    -26.503    -43.035     24.884
    -12.959    529.090    475.523   -602.600    -26.432    -43.033     24.880
    -12.961    529.143    475.609   -602.650    -26.361    -43.031     24.875
    -12.963    529.196    475.695   -602.700    -26.290    -43.029     24.870
    -12.965    529.248    475.781   -602.749    -26.219    -43.027     24.866
    -12.967    529.301    475.867   -602.799    -26.148    -43.025     24.861
    -12.969    529.353    475.953   -602.849    -26.077    -43.023     24.857
    -12.971    529.405    476.039   -602.898    -26.007    -43.021     24.852
    -12.973    529.457    476.125   -602.948    -25.936    -43.019     24.847
    -12.975    529.509    476.211   -602.998    -25.865    -43.017     24.843
    -12.977    529.561    476.297   -603.047    -25.794    -43.015     24.838
    -12.979    529.612    476.383   -603.097    -25.723    -43.013     24.833
    -12.981    529.663    476.469   -603.147    -25.653    -43.011     24.829
    -12.983    529.715    476.555   -603.196    -25.582    -43.009     24.824
    -12.985    529.766    476.642   -603.246    -25.511    -43.007     24.819
    -12.987    529.817    476.728   -603.296    -25.440    -43.005     24.815
    -12.989    529.868    476.814   -603.345    -25.370    -43.003     24.810
    -12.991    529.918    476.900   -603.395    -25.299    -43.001     24.805
    -12.993    529.969    476.986   -603.445    -25.228    -42.998     24.801
    -12.995    530.019    477.072   -603.494    -25.158    -42.996     24.796
    -12.997    530.069    477.158   -603.544    -25.087    -42.994     24.791
    -12.999    530.119    477.244   -603.593    -25.016    -42.992     24.787
    -13.001    530.169    477.329   -603.643    -24.946    -42.990     24.782
    -13.003    530.219    477.415   -603.692    -24.875    -42.988     24.777
    -13.005    530.269    477.501   -603.742    -24.805    -42.986     24.773
    -13.007    530.318    477.587   -603.792    -24.734    -42.983     24.768
    -13.009    530.368    477.673   -603.841    -24.664    -42.981     24.763
    -13.011    530.417    477.759   -603.891    -24.593    -42.979     24.758
    -13.013    530.466    477.845   -603.940    -24.523    -42.977     24.754
    -13.015    530.515    477.931   -603.990    -24.452    -42.975     24.749
    -13.017    530.564    478.017   -604.039    -24.382    -42.973     24.744
    -13.019    530.613    478.103   -604.089    -24.312    -42.970     24.740
    -13.021    530.661    478.189   -604.138    -24.241    -42.968     24.735
    -13.023    530.710    478.275   -604.188    -24.171    -42.966     24.730
    -13.025    530.758    478.361   -604.237    -24.101    -42.964     24.726
    -13.027    530.806    478.447   -604.286    -24.030    -42.962     24.721
    -13.029    530.854    478.533   -604.336    -23.960    -42.959     24.716
    -13.031    530.902    478.619   -604.385    -23.890    -42.957     24.712
    -13.033    530.950    478.705   -604.435    -23.819    -42.955     24.707
    -13.035    530.997    478.791   -604.484    -23.749    -42.953     24.702
    -13.037    531.045    478.876   -604.534    -23.679    -42.950     24.698
    -13.039    531.092    478.962   -604.583    -23.609    -42.948     24.693
    -13.041    531.139    479.048   -604.632    -23.538    -42.946     24.688
    -13.043    531.186    479.134   -604.682    -23.468    -42.944     24.683
    -13.045    531.233    479.220   -604.731    -23.398    -42.941     24.679
    -13.047    531.280    479.306   -604.780    -23.328    -42.939     24.674
    -13.049    531.326    479.392   -604.830    -23.258    -42.937     24.669
    -13.051    531.373    479.478   -604.879    -23.188    -42.934     24.665
    -13.053    531.419    479.563   -604.928    -23.118    -42.932     24.660
    -13.055    531.465    479.649   -604.978    -23.048    -42.930     24.655
    -13.057    531.511    479.735   -605.027    -22.978    -42.927     24.650
    -13.059    531.557    479.821   -605.076    -22.907    -42.925     24.646
    -13.061    531.603    479.907   -605.126    -22.837    -42.923     24.641
    -13.063    531.648    479.993   -605.175    -22.767    -42.920     24.636
    -13.065    531.694    480.079   -605.224    -22.697    -42.918     24.632
    -13.067    531.739    480.164   -605.273    -22.628    -42.916     24.627
    -13.069    531.784    480.250   -605.323    -22.558    -42.913     24.622
    -13.071    531.829    480.336   -605.372    -22.488    -42.911     24.617
    -13.073    531.874    480.422   -605.421    -22.418    -42.908     24.613
    -13.075    531.919    480.508   -605.470    -22.348    -42.906     24.608
    -13.077    531.964    480.594   -605.520    -22.278    -42.904     24.603
    -13.079    532.008    480.679   -605.569    -22.208    -42.901     24.599
    -13.081    532.053    480.765   -605.618    -22.138    -42.899     24.594
    -13.083    532.097    480.851   -605.667    -22.068    -42.896     24.589
    -13.085    532.141    480.937   -605.716    -21.999    -42.894     24.584
    -13.087    532.185    481.022   -605.765    -21.929    -42.892     24.580
    -13.089    532.229    481.108   -605.815    -21.859    -42.889     24.575
    -13.091    532.272    481.194   -605.864    -21.789    -42.887     24.570
    -13.093    532.316    481.280   -605.913    -21.720    -42.884     24.566
    -13.095    532.359    481.366   -605.962    -21.650    -42.882     24.561
    -13.097    532.402    481.451   -606.011    -21.580    -42.879     24.556
    -13.099    532.445    481.537   -606.060    -21.510    -42.877     24.551
    -13.101    532.488    481.623   -606.109    -21.441    -42.874     24.547
    -13.103    532.531    481.709   -606.158    -21.371    -42.872     24.542
    -13.105    532.574    481.794   -606.208    -21.301    -42.869     24.537
    -13.107    532.616    481.880   -606.257    -21.232    -42.867     24.532
    -13.109    532.659    481.966   -606.306    -21.162    -42.864     24.528
    -13.111    532.701    482.052   -606.355    -21.093    -42.862     24.523
    -13.113    532.743    482.137   -606.404    -21.023    -42.859     24.518
    -13.115    532.785    482.223   -606.453    -20.953    -42.857     24.513
    -13.117    532.827    482.309   -606.502    -20.884    -42.854     24.509
    -13.119    532.869    482.394   -606.551    -20.814    -42.852     24.504
    -13.121    532.910    482.480   -606.600    -20.745    -42.849     24.499
    -13.123    532.952    482.566   -606.649    -20.675    -42.847     24.494
    -13.125    532.993    482.651   -606.698    -20.606    -42.844     24.490
    -13.127    533.034    482.737   -606.747    -20.536    -42.842     24.485
    -13.129    533.075    482.823   -606.796    -20.467    -42.839     24.480
    -13.131    533.116    482.909   -606.845    -20.398    -42.836     24.475
    -13.133    533.157    482.994   -606.894    -20.328    -42.834     24.471
    -13.135    533.197    483.080   -606.943    -20.259    -42.831     24.466
    -13.137    533.238    483.166   -606.992    -20.189    -42.829     24.461
    -13.139    533.278    483.251   -607.040    -20.120    -42.826     24.456
    -13.141    533.318    483.337   -607.089    -20.051    -42.823     24.451
    -13.143    533.358    483.422   -607.138    -19.981    -42.821     24.447
    -13.145    533.398    483.508   -607.187    -19.912    -42.818     24.442
    -13.147    533.438    483.594   -607.236    -19.843    -42.815     24.437
    -13.149    533.477    483.679   -607.285    -19.773    -42.813     24.432
    -13.151    533.517    483.765   -607.334    -19.704    -42.810     24.428
    -13.153    533.556    483.851   -607.383    -19.635    -42.808     24.423
    -13.155    533.595    483.936   -607.431    -19.565    -42.805     24.418
    -13.157    533.635    484.022   -607.480    -19.496    -42.802     24.413
    -13.159    533.673    484.107   -607.529    -19.427    -42.799     24.408
    -13.161    533.712    484.193   -607.578    -19.358    -42.797     24.404
    -13.163    533.751    484.279   -607.627    -19.289    -42.794     24.399
    -13.165    533.789    484.364   -607.675    -19.219    -42.791     24.394
    -13.167    533.828    484.450   -607.724    -19.150    -42.789     24.389
    -13.169    533.866    484.535   -607.773    -19.081    -42.786     24.385
    -13.171    533.904    484.621   -607.822    -19.012    -42.783     24.380
    -13.173    533.942    484.706   -607.871    -18.943    -42.781     24.375
    -13.175    533.980    484.792   -607.919    -18.874    -42.778     24.370
    -13.177    534.018    484.878   -607.968    -18.805    -42.775     24.365
    -13.179    534.055    484.963   -608.017    -18.736    -42.772     24.361
    -13.181    534.092    485.049   -608.065    -18.666    -42.770     24.356
    -13.183    534.130    485.134   -608.114    -18.597    -42.767     24.351
    -13.185    534.167    485.220   -608.163    -18.528    -42.764     24.346
    -13.187    534.204    485.305   -608.212    -18.459    -42.761     24.341
    -13.189    534.241    485.391   -608.260    -18.390    -42.758     24.337
    -13.191    534.277    485.476   -608.309    -18.321    -42.756     24.332
    -13.193    534.314    485.562   -608.358    -18.252    -42.753     24.327
    -13.195    534.350    485.647   -608.406    -18.183    -42.750     24.322
    -13.197    534.387    485.733   -608.455    -18.114    -42.747     24.317
    -13.199    534.423    485.818   -608.503    -18.046    -42.744     24.312
    -13.201    534.459    485.904   -608.552    -17.977    -42.742     24.308
    -13.203    534.495    485.989   -608.601    -17.908    -42.739     24.303
    -13.205    534.531    486.075   -608.649    -17.839    -42.736     24.298
    -13.207    534.566    486.160   -608.698    -17.770    -42.733     24.293
    -13.209    534.602    486.246   -608.747    -17.701    -42.730     24.288
    -13.211    534.637    486.331   -608.795    -17.632    -42.727     24.284
    -13.213    534.672    486.417   -608.844    -17.563    -42.725     24.279
    -13.215    534.707    486.502   -608.892    -17.494    -42.722     24.274
    -13.217    534.742    486.587   -608.941    -17.426    -42.719     24.269
    -13.219    534.777    486.673   -608.989    -17.357    -42.716     24.264
    -13.221    534.812    486.758   -609.038    -17.288    -42.713     24.259
    -13.223    534.846    486.844   -609.086    -17.219    -42.710     24.255
    -13.225    534.880    486.929   -609.135    -17.150    -42.707     24.250
    -13.227    534.915    487.015   -609.183    -17.082    -42.704     24.245
    -13.229    534.949    487.100   -609.232    -17.013    -42.701     24.240
    -13.231    534.983    487.185   -609.280    -16.944    -42.698     24.235
    -13.233    535.017    487.271   -609.329    -16.875    -42.696     24.230
    -13.235    535.050    487.356   -609.377    -16.807    -42.693     24.226
    -13.237    535.084    487.442   -609.426    -16.738    -42.690     24.221
    -13.239    535.117    487.527   -609.474    -16.669    -42.687     24.216
    -13.241    535.150    487.612   -609.522    -16.601    -42.684     24.211
    -13.243    535.184    487.698   -609.571    -16.532    -42.681     24.206
    -13.245    535.217    487.783   -609.619    -16.463    -42.678     24.201
    -13.247    535.249    487.868   -609.668    -16.395    -42.675     24.196
    -13.249    535.282    487.954   -609.716    -16.326    -42.672     24.192
    -13.251    535.315    488.039   -609.764    -16.258    -42.669     24.187
    -13.253    535.347    488.124   -609.813    -16.189    -42.666     24.182
    -13.255    535.379    488.210   -609.861    -16.120    -42.663     24.177
    -13.257    535.412    488.295   -609.910    -16.052    -42.660     24.172
    -13.259    535.444    488.380   -609.958    -15.983    -42.657     24.167
    -13.261    535.476    488.466   -610.006    -15.915    -42.654     24.162
    -13.263    535.507    488.551   -610.055    -15.846    -42.651     24.158
    -13.265    535.539    488.636   -610.103    -15.778    -42.648     24.153
    -13.267    535.570    488.722   -610.151    -15.709    -42.645     24.148
    -13.269    535.602    488.807   -610.199    -15.641    -42.642     24.143
    -13.271    535.633    488.892   -610.248    -15.572    -42.639     24.138
    -13.273    535.664    488.977   -610.296    -15.504    -42.635     24.133
    -13.275    535.695    489.063   -610.344    -15.435    -42.632     24.128
    -13.277    535.726    489.148   -610.393    -15.367    -42.629     24.123
    -13.279    535.757    489.233   -610.441    -15.298    -42.626     24.119
    -13.281    535.787    489.318   -610.489    -15.230    -42.623     24.114
    -13.283    535.817    489.404   -610.537    -15.161    -42.620     24.109
    -13.285    535.848    489.489   -610.585    -15.093    -42.617     24.104
    -13.287    535.878    489.574   -610.634    -15.025    -42.614     24.099
    -13.289    535.908    489.659   -610.682    -14.956    -42.611     24.094
    -13.291    535.938    489.745   -610.730    -14.888    -42.608     24.089
    -13.293    535.967    489.830   -610.778    -14.819    -42.604     24.084
    -13.295    535.997    489.915   -610.826    -14.751    -42.601     24.079
    -13.297    536.026    490.000   -610.874    -14.683    -42.598     24.075
    -13.299    536.056    490.085   -610.923    -14.614    -42.595     24.070
    -13.301    536.085    490.171   -610.971    -14.546    -42.592     24.065
    -13.303    536.114    490.256   -611.019    -14.478    -42.589     24.060
    -13.305    536.143    490.341   -611.067    -14.409    -42.585     24.055
    -13.307    536.171    490.426   -611.115    -14.341    -42.582     24.050
    -13.309    536.200    490.511   -611.163    -14.273    -42.579     24.045
    -13.311    536.229    490.596   -611.211    -14.205    -42.576     24.040
    -13.313    536.257    490.682   -611.259    -14.136    -42.573     24.035
    -13.315    536.285    490.767   -611.307    -14.068    -42.569     24.030
    -13.317    536.313    490.852   -611.355    -14.000    -42.566     24.025
    -13.319    536.341    490.937   -611.404    -13.932    -42.563     24.020
    -13.321    536.369    491.022   -611.452    -13.863    -42.560     24.016
    -13.323    536.397    491.107   -611.500    -13.795    -42.556     24.011
    -13.325    536.424    491.192   -611.548    -13.727    -42.553     24.006
    -13.327    536.451    491.277   -611.596    -13.659    -42.550     24.001
    -13.329    536.479    491.363   -611.644    -13.591    -42.547     23.996
    -13.331    536.506    491.448   -611.692    -13.522    -42.543     23.991
    -13.333    536.533    491.533   -611.740    -13.454    -42.540     23.986
    -13.335    536.560    491.618   -611.788    -13.386    -42.537     23.981
    -13.337    536.586    491.703   -611.836    -13.318    -42.534     23.976
    -13.339    536.613    491.788   -611.883    -13.250    -42.530     23.971
    -13.341    536.639    491.873   -611.931    -13.182    -42.527     23.966
    -13.343    536.666    491.958   -611.979    -13.114    -42.524     23.961
    -13.345    536.692    492.043   -612.027    -13.045    -42.520     23.956
    -13.347    536.718    492.128   -612.075    -12.977    -42.517     23.951
    -13.349    536.744    492.213   -612.123    -12.909    -42.514     23.946
    -13.351    536.769    492.298   -612.171    -12.841    -42.510     23.942
    -13.353    536.795    492.383   -612.219    -12.773    -42.507     23.937
    -13.355    536.821    492.468   -612.267    -12.705    -42.504     23.932
    -13.357    536.846    492.553   -612.315    -12.637    -42.500     23.927
    -13.359    536.871    492.638   -612.362    -12.569    -42.497     23.922
    -13.361    536.896    492.723   -612.410    -12.501    -42.493     23.917
    -13.363    536.921    492.808   -612.458    -12.433    -42.490     23.912
    -13.365    536.946    492.893   -612.506    -12.365    -42.487     23.907
    -13.367    536.971    492.978   -612.554    -12.297    -42.483     23.902
    -13.369    536.995    493.063   -612.601    -12.229    -42.480     23.897
    -13.371    537.019    493.148   -612.649    -12.161    -42.477     23.892
    -13.373    537.044    493.233   -612.697    -12.093    -42.473     23.887
    -13.375    537.068    493.318   -612.745    -12.025    -42.470     23.882
    -13.377    537.092    493.403   -612.793    -11.957    -42.466     23.877
    -13.379    537.116    493.488   -612.840    -11.889    -42.463     23.872
    -13.381    537.139    493.573   -612.888    -11.821    -42.459     23.867
    -13.383    537.163    493.658   -612.936    -11.753    -42.456     23.862
    -13.385    537.186    493.743   -612.984    -11.685    -42.452     23.857
    -13.387    537.210    493.827   -613.031    -11.617    -42.449     23.852
    -13.389    537.233    493.912   -613.079    -11.549    -42.446     23.847
    -13.391    537.256    493.997   -613.127    -11.482    -42.442     23.842
    -13.393    537.279    494.082   -613.174    -11.414    -42.439     23.837
    -13.395    537.302    494.167   -613.222    -11.346    -42.435     23.832
    -13.397    537.324    494.252   -613.270    -11.278    -42.432     23.827
    -13.399    537.347    494.337   -613.317    -11.210    -42.428     23.822
    -13.401    537.369    494.422   -613.365    -11.142    -42.425     23.817
    -13.403    537.391    494.506   -613.413    -11.074    -42.421     23.812
    -13.405    537.413    494.591   -613.460    -11.006    -42.417     23.807
    -13.407    537.435    494.676   -613.508    -10.939    -42.414     23.802
    -13.409    537.457    494.761   -613.555    -10.871    -42.410     23.797
    -13.411    537.479    494.846   -613.603    -10.803    -42.407     23.792
    -13.413    537.500    494.931   -613.651    -10.735    -42.403     23.787
    -13.415    537.522    495.015   -613.698    -10.667    -42.400     23.782
    -13.417    537.543    495.100   -613.746    -10.600    -42.396     23.777
    -13.419    537.564    495.185   -613.793    -10.532    -42.393     23.772
    -13.421    537.585    495.270   -613.841    -10.464    -42.389     23.767
    -13.423    537.606    495.354   -613.888    -10.396    -42.385     23.762
    -13.425    537.627    495.439   -613.936    -10.328    -42.382     23.757
    -13.427    537.647    495.524   -613.983    -10.261    -42.378     23.752
    -13.429    537.668    495.609   -614.031    -10.193    -42.375     23.747
    -13.431    537.688    495.693   -614.078    -10.125    -42.371     23.742
    -13.433    537.708    495.778   -614.126    -10.057    -42.367     23.737
    -13.435    537.728    495.863   -614.173     -9.990    -42.364     23.732
    -13.437    537.748    495.948   -614.221     -9.922    -42.360     23.727
    -13.439    537.768    496.032   -614.268     -9.854    -42.356     23.722
    -13.441    537.788    496.117   -614.316     -9.787    -42.353     23.717
    -13.443    537.807    496.202   -614.363     -9.719    -42.349     23.712
    -13.445    537.826    496.287   -614.410     -9.651    -42.345     23.707
    -13.447    537.846    496.371   -614.458     -9.583    -42.342     23.702
    -13.449    537.865    496.456   -614.505     -9.516    -42.338     23.696
    -13.451    537.884    496.541   -614.553     -9.448    -42.334     23.691
    -13.453    537.903    496.625   -614.600     -9.380    -42.331     23.686
    -13.455    537.921    496.710   -614.647     -9.313    -42.327     23.681
    -13.457    537.940    496.795   -614.695     -9.245    -42.323     23.676
    -13.459    537.958    496.879   -614.742     -9.178    -42.320     23.671
    -13.461    537.977    496.964   -614.789     -9.110    -42.316     23.666
    -13.463    537.995    497.048   -614.837     -9.042    -42.312     23.661
    -13.465    538.013    497.133   -614.884     -8.975    -42.308     23.656
    -13.467    538.031    497.218   -614.931     -8.907    -42.305     23.651
    -13.469    538.048    497.302   -614.979     -8.839    -42.301     23.646
    -13.471    538.066    497.387   -615.026     -8.772    -42.297     23.641
    -13.473    538.083    497.471   -615.073     -8.704    -42.293     23.636
    -13.475    538.101    497.556   -615.120     -8.637    -42.290     23.631
    -13.477    538.118    497.641   -615.168     -8.569    -42.286     23.626
    -13.479    538.135    497.725   -615.215     -8.501    -42.282     23.620
    -13.481    538.152    497.810   -615.262     -8.434    -42.278     23.615
    -13.483    538.169    497.894   -615.309     -8.366    -42.274     23.610
    -13.485    538.185    497.979   -615.357     -8.299    -42.271     23.605
    -13.487    538.202    498.063   -615.404     -8.231    -42.267     23.600
    -13.489    538.218    498.148   -615.451     -8.164    -42.263     23.595
    -13.491    538.235    498.232   -615.498     -8.096    -42.259     23.590
    -13.493    538.251    498.317   -615.545     -8.028    -42.255     23.585
    -13.495    538.267    498.401   -615.593     -7.961    -42.251     23.580
    -13.497    538.283    498.486   -615.640     -7.893    -42.248     23.575
    -13.499    538.298    498.570   -615.687     -7.826    -42.244     23.569
    -13.501    538.314    498.655   -615.734     -7.758    -42.240     23.564
    -13.503    538.329    498.739   -615.781     -7.691    -42.236     23.559
    -13.505    538.345    498.824   -615.828     -7.623    -42.232     23.554
    -13.507    538.360    498.908   -615.875     -7.556    -42.228     23.549
    -13.509    538.375    498.993   -615.922     -7.488    -42.224     23.544
    -13.511    538.390    499.077   -615.970     -7.421    -42.220     23.539
    -13.513    538.405    499.162   -616.017     -7.353    -42.216     23.534
    -13.515    538.419    499.246   -616.064     -7.286    -42.213     23.529
    -13.517    538.434    499.331   -616.111     -7.218    -42.209     23.523
    -13.519    538.448    499.415   -616.158     -7.151    -42.205     23.518
    -13.521    538.462    499.499   -616.205     -7.083    -42.201     23.513
    -13.523    538.476    499.584   -616.252     -7.016    -42.197     23.508
    -13.525    538.490    499.668   -616.299     -6.948    -42.193     23.503
    -13.527    538.504    499.752   -616.346     -6.881    -42.189     23.498
    -13.529    538.518    499.837   -616.393     -6.814    -42.185     23.493
    -13.531    538.531    499.921   -616.440     -6.746    -42.181     23.487
    -13.533    538.545    500.006   -616.487     -6.679    -42.177     23.482
    -13.535    538.558    500.090   -616.534     -6.611    -42.173     23.477
    -13.537    538.571    500.174   -616.581     -6.544    -42.169     23.472
    -13.539    538.584    500.259   -616.628     -6.476    -42.165     23.467
    -13.541    538.597    500.343   -616.675     -6.409    -42.161     23.462
    -13.543    538.610    500.427   -616.721     -6.342    -42.157     23.457
    -13.545    538.623    500.512   -616.768     -6.274    -42.153     23.451
    -13.547    538.635    500.596   -616.815     -6.207    -42.149     23.446
    -13.549    538.647    500.680   -616.862     -6.139    -42.145     23.441
    -13.551    538.660    500.764   -616.909     -6.072    -42.141     23.436
    -13.553    538.672    500.849   -616.956     -6.004    -42.137     23.431
    -13.555    538.684    500.933   -617.003     -5.937    -42.133     23.426
    -13.557    538.695    501.017   -617.050     -5.870    -42.129     23.420
    -13.559    538.707    501.102   -617.096     -5.802    -42.124     23.415
    -13.561    538.719    501.186   -617.143     -5.735    -42.120     23.410
    -13.563    538.730    501.270   -617.190     -5.668    -42.116     23.405
    -13.565    538.741    501.354   -617.237     -5.600    -42.112     23.400
    -13.567    538.752    501.438   -617.284     -5.533    -42.108     23.394
    -13.569    538.763    501.523   -617.330     -5.465    -42.104     23.389
    -13.571    538.774    501.607   -617.377     -5.398    -42.100     23.384
    -13.573    538.785    501.691   -617.424     -5.331    -42.096     23.379
    -13.575    538.796    501.775   -617.471     -5.263    -42.092     23.374
    -13.577    538.806    501.859   -617.517     -5.196    -42.087     23.369
    -13.579    538.816    501.944   -617.564     -5.129    -42.083     23.363
    -13.581    538.827    502.028   -617.611     -5.061    -42.079     23.358
    -13.583    538.837    502.112   -617.658     -4.994    -42.075     23.353
    -13.585    538.847    502.196   -617.704     -4.927    -42.071     23.348
    -13.587    538.856    502.280   -617.751     -4.859    -42.067     23.342
    -13.589    538.866    502.364   -617.798     -4.792    -42.062     23.337
    -13.591    538.876    502.448   -617.844     -4.725    -42.058     23.332
    -13.593    538.885    502.533   -617.891     -4.657    -42.054     23.327
    -13.595    538.894    502.617   -617.938     -4.590    -42.050     23.322
    -13.597    538.903    502.701   -617.984     -4.523    -42.046     23.316
    -13.599    538.912    502.785   -618.031     -4.455    -42.041     23.311
    -13.601    538.921    502.869   -618.078     -4.388    -42.037     23.306
    -13.603    538.930    502.953   -618.124     -4.321    -42.033     23.301
    -13.605    538.938    503.037   -618.171     -4.253    -42.029     23.295
    -13.607    538.947    503.121   -618.217     -4.186    -42.024     23.290
    -13.609    538.955    503.205   -618.264     -4.119    -42.020     23.285
    -13.611    538.963    503.289   -618.311     -4.051    -42.016     23.280
    -13.613    538.971    503.373   -618.357     -3.984    -42.012     23.275
    -13.615    538.979    503.457   -618.404     -3.917    -42.007     23.269
    -13.617    538.987    503.541   -618.450     -3.850    -42.003     23.264
    -13.619    538.995    503.625   -618.497     -3.782    -41.999     23.259
    -13.621    539.002    503.709   -618.543     -3.715    -41.995     23.254
    -13.623    539.010    503.793   -618.590     -3.648    -41.990     23.248
    -13.625    539.017    503.877   -618.636     -3.580    -41.986     23.243
    -13.627    539.024    503.961   -618.683     -3.513    -41.982     23.238
    -13.629    539.031    504.045   -618.729     -3.446    -41.977     23.232
    -13.631    539.038    504.129   -618.776     -3.379    -41.973     23.227
    -13.633    539.044    504.213   -618.822     -3.311    -41.969     23.222
    -13.635    539.051    504.297   -618.868     -3.244    -41.964     23.217
    -13.637    539.057    504.381   -618.915     -3.177    -41.960     23.211
    -13.639    539.064    504.465   -618.961     -3.110    -41.955     23.206
    -13.641    539.070    504.549   -619.008     -3.042    -41.951     23.201
    -13.643    539.076    504.633   -619.054     -2.975    -41.947     23.196
    -13.645    539.082    504.716   -619.101     -2.908    -41.942     23.190
    -13.647    539.087    504.800   -619.147     -2.840    -41.938     23.185
    -13.649    539.093    504.884   -619.193     -2.773    -41.934     23.180
    -13.651    539.098    504.968   -619.240     -2.706    -41.929     23.174
    -13.653    539.104    505.052   -619.286     -2.639    -41.925     23.169
    -13.655    539.109    505.136   -619.332     -2.571    -41.920     23.164
    -13.657    539.114    505.220   -619.379     -2.504    -41.916     23.159
    -13.659    539.119    505.303   -619.425     -2.437    -41.911     23.153
    -13.661    539.124    505.387   -619.471     -2.370    -41.907     23.148
    -13.663    539.129    505.471   -619.518     -2.302    -41.902     23.143
    -13.665    539.133    505.555   -619.564     -2.235    -41.898     23.137
    -13.667    539.137    505.639   -619.610     -2.168    -41.894     23.132
    -13.669    539.142    505.722   -619.656     -2.101    -41.889     23.127
    -13.671    539.146    505.806   -619.703     -2.033    -41.885     23.121
    -13.673    539.150    505.890   -619.749     -1.966    -41.880     23.116
    -13.675    539.154    505.974   -619.795     -1.899    -41.876     23.111
    -13.677    539.157    506.058   -619.841     -1.832    -41.871     23.105
    -13.679    539.161    506.141   -619.887     -1.765    -41.867     23.100
    -13.681    539.165    506.225   -619.934     -1.697    -41.862     23.095
    -13.683    539.168    506.309   -619.980     -1.630    -41.857     23.089
    -13.685    539.171    506.392   -620.026     -1.563    -41.853     23.084
    -13.687    539.174    506.476   -620.072     -1.496    -41.848     23.079
    -13.689    539.177    506.560   -620.118     -1.428    -41.844     23.073
    -13.691    539.180    506.643   -620.164     -1.361    -41.839     23.068
    -13.693    539.182    506.727   -620.211     -1.294    -41.835     23.063
    -13.695    539.185    506.811   -620.257     -1.227    -41.830     23.057
    -13.697    539.187    506.894   -620.303     -1.159    -41.826     23.052
    -13.699    539.190    506.978   -620.349     -1.092    -41.821     23.047
    -13.701    539.192    507.062   -620.395     -1.025    -41.816     23.041
    -13.703    539.194    507.145   -620.441     -0.958    -41.812     23.036
    -13.705    539.196    507.229   -620.487     -0.891    -41.807     23.031
    -13.707    539.197    507.313   -620.533     -0.823    -41.802     23.025
    -13.709    539.199    507.396   -620.579     -0.756    -41.798     23.020
    -13.711    539.200    507.480   -620.625     -0.689    -41.793     23.014
    -13.713    539.202    507.563   -620.671     -0.622    -41.789     23.009
    -13.715    539.203    507.647   -620.717     -0.554    -41.784     23.004
    -13.717    539.204    507.731   -620.763     -0.487    -41.779     22.998
    -13.719    539.205    507.814   -620.809     -0.420    -41.775     22.993
    -13.721    539.206    507.898   -620.855     -0.353    -41.770     22.988
    -13.723    539.206    507.981   -620.901     -0.285    -41.765     22.982
    -13.725    539.207    508.065   -620.947     -0.218    -41.761     22.977
    -13.727    539.207    508.148   -620.993     -0.151    -41.756     22.971
    -13.729    539.207    508.232   -621.039     -0.084    -41.751     22.966
    -13.731    539.207    508.315   -621.085     -0.017    -41.746     22.961
    -13.733    539.207    508.399   -621.131      0.051    -41.742     22.955
    -13.735    539.207    508.482   -621.177      0.118    -41.737     22.950
    -13.737    539.207    508.566   -621.223      0.185    -41.732     22.944
    -13.739    539.206    508.649   -621.269      0.252    -41.727     22.939
    -13.741    539.206    508.733   -621.315      0.320    -41.723     22.934
    -13.743    539.205    508.816   -621.360      0.387    -41.718     22.928
    -13.745    539.204    508.899   -621.406      0.454    -41.713     22.923
    -13.747    539.203    508.983   -621.452      0.521    -41.708     22.917
    -13.749    539.202    509.066   -621.498      0.589    -41.704     22.912
    -13.751    539.201    509.150   -621.544      0.656    -41.699     22.907
    -13.753    539.200    509.233   -621.590      0.723    -41.694     22.901
    -13.755    539.198    509.316   -621.635      0.790    -41.689     22.896
    -13.757    539.196    509.400   -621.681      0.858    -41.684     22.890
    -13.759    539.195    509.483   -621.727      0.925    -41.680     22.885
    -13.761    539.193    509.567   -621.773      0.992    -41.675     22.879
    -13.763    539.191    509.650   -621.818      1.059    -41.670     22.874
    -13.765    539.188    509.733   -621.864      1.126    -41.665     22.868
    -13.767    539.186    509.817   -621.910      1.194    -41.660     22.863
    -13.769    539.184    509.900   -621.956      1.261    -41.655     22.858
    -13.771    539.181    509.983   -622.001      1.328    -41.650     22.852
    -13.773    539.178    510.066   -622.047      1.395    -41.646     22.847
    -13.775    539.176    510.150   -622.093      1.463    -41.641     22.841
    -13.777    539.173    510.233   -622.138      1.530    -41.636     22.836
    -13.779    539.169    510.316   -622.184      1.597    -41.631     22.830
    -13.781    539.166    510.400   -622.230      1.664    -41.626     22.825
    -13.783    539.163    510.483   -622.275      1.732    -41.621     22.819
    -13.785    539.159    510.566   -622.321      1.799    -41.616     22.814
    -13.787    539.156    510.649   -622.367      1.866    -41.611     22.808
    -13.789    539.152    510.732   -622.412      1.933    -41.606     22.803
    -13.791    539.148    510.816   -622.458      2.001    -41.601     22.797
    -13.793    539.144    510.899   -622.503      2.068    -41.596     22.792
    -13.795    539.140    510.982   -622.549      2.135    -41.591     22.786
    -13.797    539.135    511.065   -622.595      2.203    -41.587     22.781
    -13.799    539.131    511.148   -622.640      2.270    -41.582     22.775
    -13.801    539.126    511.232   -622.686      2.337    -41.577     22.770
    -13.803    539.121    511.315   -622.731      2.404    -41.572     22.764
    -13.805    539.117    511.398   -622.777      2.472    -41.567     22.759
    -13.807    539.112    511.481   -622.822      2.539    -41.562     22.753
    -13.809    539.106    511.564   -622.868      2.606    -41.557     22.748
    -13.811    539.101    511.647   -622.913      2.673    -41.551     22.742
    -13.813    539.096    511.730   -622.959      2.741    -41.546     22.737
    -13.815    539.090    511.813   -623.004      2.808    -41.541     22.731
    -13.817    539.084    511.896   -623.050      2.875    -41.536     22.726
    -13.819    539.079    511.980   -623.095      2.943    -41.531     22.720
    -13.821    539.073    512.063   -623.140      3.010    -41.526     22.715
    -13.823    539.067    512.146   -623.186      3.077    -41.521     22.709
    -13.825    539.060    512.229   -623.231      3.145    -41.516     22.704
    -13.827    539.054    512.312   -623.277      3.212    -41.511     22.698
    -13.829    539.048    512.395   -623.322      3.279    -41.506     22.693
    -13.831    539.041    512.478   -623.367      3.346    -41.501     22.687
    -13.833    539.034    512.561   -623.413      3.414    -41.496     22.682
    -13.835    539.027    512.644   -623.458      3.481    -41.491     22.676
    -13.837    539.020    512.727   -623.504      3.548    -41.485     22.670
    -13.839    539.013    512.810   -623.549      3.616    -41.480     22.665
    -13.841    539.006    512.893   -623.594      3.683    -41.475     22.659
    -13.843    538.998    512.976   -623.640      3.750    -41.470     22.654
    -13.845    538.991    513.058   -623.685      3.818    -41.465     22.648
    -13.847    538.983    513.141   -623.730      3.885    -41.460     22.643
    -13.849    538.975    513.224   -623.775      3.952    -41.455     22.637
    -13.851    538.967    513.307   -623.821      4.020    -41.449     22.632
    -13.853    538.959    513.390   -623.866      4.087    -41.444     22.626
    -13.855    538.951    513.473   -623.911      4.154    -41.439     22.620
    -13.857    538.943    513.556   -623.956      4.222    -41.434     22.615
    -13.859    538.934    513.639   -624.002      4.289    -41.429     22.609
    -13.861    538.925    513.722   -624.047      4.356    -41.423     22.604
    -13.863    538.917    513.804   -624.092      4.424    -41.418     22.598
    -13.865    538.908    513.887   -624.137      4.491    -41.413     22.592
    -13.867    538.899    513.970   -624.182      4.559    -41.408     22.587
    -13.869    538.889    514.053   -624.228      4.626    -41.402     22.581
    -13.871    538.880    514.136   -624.273      4.693    -41.397     22.576
    -13.873    538.871    514.218   -624.318      4.761    -41.392     22.570
    -13.875    538.861    514.301   -624.363      4.828    -41.387     22.564
    -13.877    538.851    514.384   -624.408      4.895    -41.381     22.559
    -13.879    538.841    514.467   -624.453      4.963    -41.376     22.553
    -13.881    538.831    514.550   -624.498      5.030    -41.371     22.548
    -13.883    538.821    514.632   -624.543      5.098    -41.365     22.542
    -13.885    538.811    514.715   -624.589      5.165    -41.360     22.536
    -13.887    538.801    514.798   -624.634      5.232    -41.355     22.531
    -13.889    538.790    514.880   -624.679      5.300    -41.349     22.525
    -13.891    538.780    514.963   -624.724      5.367    -41.344     22.519
    -13.893    538.769    515.046   -624.769      5.435    -41.339     22.514
    -13.895    538.758    515.128   -624.814      5.502    -41.333     22.508
    -13.897    538.747    515.211   -624.859      5.570    -41.328     22.503
    -13.899    538.735    515.294   -624.904      5.637    -41.323     22.497
    -13.901    538.724    515.376   -624.949      5.704    -41.317     22.491
    -13.903    538.713    515.459   -624.994      5.772    -41.312     22.486
    -13.905    538.701    515.542   -625.039      5.839    -41.306     22.480
    -13.907    538.689    515.624   -625.084      5.907    -41.301     22.474
    -13.909    538.677    515.707   -625.129      5.974    -41.296     22.469
    -13.911    538.665    515.789   -625.174      6.042    -41.290     22.463
    -13.913    538.653    515.872   -625.218      6.109    -41.285     22.457
    -13.915    538.641    515.955   -625.263      6.177    -41.279     22.452
    -13.917    538.629    516.037   -625.308      6.244    -41.274     22.446
    -13.919    538.616    516.120   -625.353      6.312    -41.268     22.440
    -13.921    538.603    516.202   -625.398      6.379    -41.263     22.435
    -13.923    538.590    516.285   -625.443      6.447    -41.257     22.429
    -13.925    538.578    516.367   -625.488      6.514    -41.252     22.423
    -13.927    538.564    516.450   -625.533      6.582    -41.246     22.417
    -13.929    538.551    516.532   -625.577      6.649    -41.241     22.412
    -13.931    538.538    516.615   -625.622      6.717    -41.235     22.406
    -13.933    538.524    516.697   -625.667      6.784    -41.230     22.400
    -13.935    538.511    516.780   -625.712      6.852    -41.224     22.395
    -13.937    538.497    516.862   -625.757      6.919    -41.219     22.389
    -13.939    538.483    516.944   -625.801      6.987    -41.213     22.383
    -13.941    538.469    517.027   -625.846      7.054    -41.208     22.378
    -13.943    538.455    517.109   -625.891      7.122    -41.202     22.372
    -13.945    538.440    517.192   -625.936      7.189    -41.197     22.366
    -13.947    538.426    517.274   -625.980      7.257    -41.191     22.360
    -13.949    538.411    517.356   -626.025      7.324    -41.185     22.355
    -13.951    538.397    517.439   -626.070      7.392    -41.180     22.349
    -13.953    538.382    517.521   -626.114      7.460    -41.174     22.343
    -13.955    538.367    517.604   -626.159      7.527    -41.169     22.337
    -13.957    538.352    517.686   -626.204      7.595    -41.163     22.332
    -13.959    538.337    517.768   -626.248      7.662    -41.157     22.326
    -13.961    538.321    517.851   -626.293      7.730    -41.152     22.320
    -13.963    538.306    517.933   -626.338      7.798    -41.146     22.314
    -13.965    538.290    518.015   -626.382      7.865    -41.140     22.309
    -13.967    538.274    518.097   -626.427      7.933    -41.135     22.303
    -13.969    538.258    518.180   -626.472      8.000    -41.129     22.297
    -13.971    538.242    518.262   -626.516      8.068    -41.123     22.291
    -13.973    538.226    518.344   -626.561      8.136    -41.118     22.286
    -13.975    538.210    518.426   -626.605      8.203    -41.112     22.280
    -13.977    538.193    518.509   -626.650      8.271    -41.106     22.274
    -13.979    538.177    518.591   -626.694      8.339    -41.101     22.268
    -13.981    538.160    518.673   -626.739      8.406    -41.095     22.263
    -13.983    538.143    518.755   -626.783      8.474    -41.089     22.257
    -13.985    538.126    518.837   -626.828      8.542    -41.084     22.251
    -13.987    538.109    518.920   -626.872      8.609    -41.078     22.245
    -13.989    538.091    519.002   -626.917      8.677    -41.072     22.239
    -13.991    538.074    519.084   -626.961      8.745    -41.066     22.234
    -13.993    538.056    519.166   -627.006      8.812    -41.060     22.228
    -13.995    538.039    519.248   -627.050      8.880    -41.055     22.222
    -13.997    538.021    519.330   -627.095      8.948    -41.049     22.216
    -13.999    538.003    519.412   -627.139      9.015    -41.043     22.210
    -14.001    537.985    519.494   -627.184      9.083    -41.037     22.205
    -14.003    537.967    519.576   -627.228      9.151    -41.032     22.199
    -14.005    537.948    519.658   -627.272      9.219    -41.026     22.193
    -14.007    537.930    519.740   -627.317      9.286    -41.020     22.187
    -14.009    537.911    519.823   -627.361      9.354    -41.014     22.181
    -14.011    537.892    519.905   -627.406      9.422    -41.008     22.175
    -14.013    537.873    519.987   -627.450      9.490    -41.002     22.170
    -14.015    537.854    520.069   -627.494      9.558    -40.996     22.164
    -14.017    537.835    520.151   -627.539      9.625    -40.991     22.158
    -14.019    537.816    520.233   -627.583      9.693    -40.985     22.152
    -14.021    537.796    520.314   -627.627      9.761    -40.979     22.146
    -14.023    537.777    520.396   -627.671      9.829    -40.973     22.140
    -14.025    537.757    520.478   -627.716      9.897    -40.967     22.135
    -14.027    537.737    520.560   -627.760      9.964    -40.961     22.129
    -14.029    537.717    520.642   -627.804     10.032    -40.955     22.123
    -14.031    537.697    520.724   -627.848     10.100    -40.949     22.117
    -14.033    537.677    520.806   -627.893     10.168    -40.943     22.111
    -14.035    537.656    520.888   -627.937     10.236    -40.937     22.105
    -14.037    537.636    520.970   -627.981     10.304    -40.931     22.099
    -14.039    537.615    521.052   -628.025     10.372    -40.925     22.093
    -14.041    537.594    521.133   -628.069     10.439    -40.919     22.088
    -14.043    537.573    521.215   -628.114     10.507    -40.913     22.082
    -14.045    537.552    521.297   -628.158     10.575    -40.907     22.076
    -14.047    537.531    521.379   -628.202     10.643    -40.901     22.070
    -14.049    537.510    521.461   -628.246     10.711    -40.895     22.064
    -14.051    537.488    521.542   -628.290     10.779    -40.889     22.058
    -14.053    537.467    521.624   -628.334     10.847    -40.883     22.052
    -14.055    537.445    521.706   -628.378     10.915    -40.877     22.046
    -14.057    537.423    521.788   -628.422     10.983    -40.871     22.040
    -14.059    537.401    521.870   -628.467     11.051    -40.865     22.034
    -14.061    537.379    521.951   -628.511     11.119    -40.859     22.029
    -14.063    537.357    522.033   -628.555     11.187    -40.853     22.023
    -14.065    537.334    522.115   -628.599     11.255    -40.847     22.017
    -14.067    537.312    522.196   -628.643     11.323    -40.841     22.011
    -14.069    537.289    522.278   -628.687     11.391    -40.835     22.005
    -14.071    537.266    522.360   -628.731     11.459    -40.829     21.999
    -14.073    537.243    522.441   -628.775     11.527    -40.823     21.993
    -14.075    537.220    522.523   -628.819     11.595    -40.817     21.987
    -14.077    537.197    522.605   -628.863     11.663    -40.810     21.981
    -14.079    537.173    522.686   -628.907     11.731    -40.804     21.975
    -14.081    537.150    522.768   -628.951     11.799    -40.798     21.969
    -14.083    537.126    522.849   -628.995     11.867    -40.792     21.963
    -14.085    537.102    522.931   -629.038     11.935    -40.786     21.957
    -14.087    537.078    523.013   -629.082     12.003    -40.780     21.951
    -14.089    537.054    523.094   -629.126     12.071    -40.773     21.945
    -14.091    537.030    523.176   -629.170     12.139    -40.767     21.939
    -14.093    537.006    523.257   -629.214     12.207    -40.761     21.933
    -14.095    536.981    523.339   -629.258     12.276    -40.755     21.927
    -14.097    536.957    523.420   -629.302     12.344    -40.749     21.921
    -14.099    536.932    523.502   -629.346     12.412    -40.742     21.915
    -14.101    536.907    523.583   -629.389     12.480    -40.736     21.909
    -14.103    536.882    523.665   -629.433     12.548    -40.730     21.903
    -14.105    536.857    523.746   -629.477     12.616    -40.724     21.897
    -14.107    536.831    523.828   -629.521     12.684    -40.717     21.891
    -14.109    536.806    523.909   -629.565     12.753    -40.711     21.885
    -14.111    536.780    523.990   -629.608     12.821    -40.705     21.879
    -14.113    536.755    524.072   -629.652     12.889    -40.698     21.873
    -14.115    536.729    524.153   -629.696     12.957    -40.692     21.867
    -14.117    536.703    524.235   -629.740     13.026    -40.686     21.861
    -14.119    536.677    524.316   -629.783     13.094    -40.679     21.855
    -14.121    536.650    524.397   -629.827     13.162    -40.673     21.849
    -14.123    536.624    524.479   -629.871     13.230    -40.667     21.843
    -14.125    536.598    524.560   -629.914     13.299    -40.660     21.837
    -14.127    536.571    524.641   -629.958     13.367    -40.654     21.831
    -14.129    536.544    524.723   -630.002     13.435    -40.648     21.825
    -14.131    536.517    524.804   -630.045     13.503    -40.641     21.819
    -14.133    536.490    524.885   -630.089     13.572    -40.635     21.813
    -14.135    536.463    524.966   -630.133     13.640    -40.629     21.807
    -14.137    536.436    525.048   -630.176     13.708    -40.622     21.801
    -14.139    536.408    525.129   -630.220     13.777    -40.616     21.795
    -14.141    536.380    525.210   -630.263     13.845    -40.609     21.789
    -14.143    536.353    525.291   -630.307     13.914    -40.603     21.783
    -14.145    536.325    525.372   -630.350     13.982    -40.596     21.777
    -14.147    536.297    525.454   -630.394     14.050    -40.590     21.770
    -14.149    536.269    525.535   -630.438     14.119    -40.583     21.764
    -14.151    536.240    525.616   -630.481     14.187    -40.577     21.758
    -14.153    536.212    525.697   -630.525     14.256    -40.571     21.752
    -14.155    536.183    525.778   -630.568     14.324    -40.564     21.746
    -14.157    536.155    525.859   -630.612     14.392    -40.558     21.740
    -14.159    536.126    525.941   -630.655     14.461    -40.551     21.734
    -14.161    536.097    526.022   -630.699     14.529    -40.545     21.728
    -14.163    536.068    526.103   -630.742     14.598    -40.538     21.722
    -14.165    536.038    526.184   -630.785     14.666    -40.531     21.716
    -14.167    536.009    526.265   -630.829     14.735    -40.525     21.709
    -14.169    535.979    526.346   -630.872     14.803    -40.518     21.703
    -14.171    535.950    526.427   -630.916     14.872    -40.512     21.697
    -14.173    535.920    526.508   -630.959     14.940    -40.505     21.691
    -14.175    535.890    526.589   -631.002     15.009    -40.499     21.685
    -14.177    535.860    526.670   -631.046     15.078    -40.492     21.679
    -14.179    535.830    526.751   -631.089     15.146    -40.485     21.673
    -14.181    535.799    526.832   -631.132     15.215    -40.479     21.667
    -14.183    535.769    526.913   -631.176     15.283    -40.472     21.660
    -14.185    535.738    526.994   -631.219     15.352    -40.466     21.654
    -14.187    535.707    527.075   -631.262     15.421    -40.459     21.648
    -14.189    535.676    527.156   -631.306     15.489    -40.452     21.642
    -14.191    535.645    527.236   -631.349     15.558    -40.446     21.636
    -14.193    535.614    527.317   -631.392     15.626    -40.439     21.630
    -14.195    535.583    527.398   -631.435     15.695    -40.432     21.623
    -14.197    535.551    527.479   -631.479     15.764    -40.426     21.617
    -14.199    535.520    527.560   -631.522     15.833    -40.419     21.611
    -14.201    535.488    527.641   -631.565     15.901    -40.412     21.605
    -14.203    535.456    527.722   -631.608     15.970    -40.405     21.599
    -14.205    535.424    527.802   -631.652     16.039    -40.399     21.593
    -14.207    535.392    527.883   -631.695     16.107    -40.392     21.586
    -14.209    535.360    527.964   -631.738     16.176    -40.385     21.580
    -14.211    535.327    528.045   -631.781     16.245    -40.378     21.574
    -14.213    535.295    528.125   -631.824     16.314    -40.372     21.568
    -14.215    535.262    528.206   -631.867     16.383    -40.365     21.561
    -14.217    535.229    528.287   -631.910     16.451    -40.358     21.555
    -14.219    535.196    528.368   -631.954     16.520    -40.351     21.549
    -14.221    535.163    528.448   -631.997     16.589    -40.345     21.543
    -14.223    535.130    528.529   -632.040     16.658    -40.338     21.537
    -14.225    535.097    528.610   -632.083     16.727    -40.331     21.530
    -14.227    535.063    528.690   -632.126     16.796    -40.324     21.524
    -14.229    535.029    528.771   -632.169     16.865    -40.317     21.518
    -14.231    534.996    528.852   -632.212     16.933    -40.310     21.512
    -14.233    534.962    528.932   -632.255     17.002    -40.304     21.505
    -14.235    534.928    529.013   -632.298     17.071    -40.297     21.499
    -14.237    534.893    529.093   -632.341     17.140    -40.290     21.493
    -14.239    534.859    529.174   -632.384     17.209    -40.283     21.487
    -14.241    534.825    529.255   -632.427     17.278    -40.276     21.480
    -14.243    534.790    529.335   -632.470     17.347    -40.269     21.474
    -14.245    534.755    529.416   -632.513     17.416    -40.262     21.468
    -14.247    534.720    529.496   -632.556     17.485    -40.255     21.462
    -14.249    534.685    529.577   -632.599     17.554    -40.248     21.455
    -14.251    534.650    529.657   -632.642     17.623    -40.241     21.449
    -14.253    534.615    529.738   -632.684     17.692    -40.234     21.443
    -14.255    534.579    529.818   -632.727     17.761    -40.227     21.436
    -14.257    534.544    529.899   -632.770     17.830    -40.220     21.430
    -14.259    534.508    529.979   -632.813     17.899    -40.213     21.424
    -14.261    534.472    530.059   -632.856     17.969    -40.206     21.417
    -14.263    534.436    530.140   -632.899     18.038    -40.199     21.411
    -14.265    534.400    530.220   -632.942     18.107    -40.192     21.405
    -14.267    534.364    530.301   -632.984     18.176    -40.185     21.398
    -14.269    534.327    530.381   -633.027     18.245    -40.178     21.392
    -14.271    534.291    530.461   -633.070     18.314    -40.171     21.386
    -14.273    534.254    530.542   -633.113     18.384    -40.164     21.380
    -14.275    534.217    530.622   -633.155     18.453    -40.157     21.373
    -14.277    534.180    530.702   -633.198     18.522    -40.150     21.367
    -14.279    534.143    530.783   -633.241     18.591    -40.143     21.360
    -14.281    534.106    530.863   -633.284     18.660    -40.136     21.354
    -14.283    534.068    530.943   -633.326     18.730    -40.129     21.348
    -14.285    534.031    531.023   -633.369     18.799    -40.122     21.341
    -14.287    533.993    531.104   -633.412     18.868    -40.114     21.335
    -14.289    533.955    531.184   -633.454     18.938    -40.107     21.329
    -14.291    533.917    531.264   -633.497     19.007    -40.100     21.322
    -14.293    533.879    531.344   -633.540     19.076    -40.093     21.316
    -14.295    533.841    531.424   -633.582     19.146    -40.086     21.310
    -14.297    533.803    531.505   -633.625     19.215    -40.079     21.303
    -14.299    533.764    531.585   -633.667     19.284    -40.071     21.297
    -14.301    533.726    531.665   -633.710     19.354    -40.064     21.290
    -14.303    533.687    531.745   -633.753     19.423    -40.057     21.284
    -14.305    533.648    531.825   -633.795     19.493    -40.050     21.278
    -14.307    533.609    531.905   -633.838     19.562    -40.043     21.271
    -14.309    533.570    531.985   -633.880     19.632    -40.035     21.265
    -14.311    533.530    532.065   -633.923     19.701    -40.028     21.258
    -14.313    533.491    532.145   -633.965     19.771    -40.021     21.252
    -14.315    533.451    532.225   -634.008     19.840    -40.014     21.246
    -14.317    533.412    532.305   -634.050     19.910    -40.006     21.239
    -14.319    533.372    532.385   -634.093     19.979    -39.999     21.233
    -14.321    533.332    532.465   -634.135     20.049    -39.992     21.226
    -14.323    533.291    532.545   -634.178     20.118    -39.984     21.220
    -14.325    533.251    532.625   -634.220     20.188    -39.977     21.213
    -14.327    533.211    532.705   -634.262     20.258    -39.970     21.207
    -14.329    533.170    532.785   -634.305     20.327    -39.962     21.200
    -14.331    533.129    532.865   -634.347     20.397    -39.955     21.194
    -14.333    533.088    532.945   -634.390     20.466    -39.948     21.188
    -14.335    533.047    533.025   -634.432     20.536    -39.940     21.181
    -14.337    533.006    533.105   -634.474     20.606    -39.933     21.175
    -14.339    532.965    533.185   -634.517     20.676    -39.925     21.168
    -14.341    532.924    533.264   -634.559     20.745    -39.918     21.162
    -14.343    532.882    533.344   -634.601     20.815    -39.911     21.155
    -14.345    532.840    533.424   -634.644     20.885    -39.903     21.149
    -14.347    532.799    533.504   -634.686     20.955    -39.896     21.142
    -14.349    532.757    533.584   -634.728     21.024    -39.888     21.136
    -14.351    532.714    533.663   -634.771     21.094    -39.881     21.129
    -14.353    532.672    533.743   -634.813     21.164    -39.873     21.123
    -14.355    532.630    533.823   -634.855     21.234    -39.866     21.116
    -14.357    532.587    533.903   -634.897     21.304    -39.858     21.110
    -14.359    532.545    533.982   -634.939     21.374    -39.851     21.103
    -14.361    532.502    534.062   -634.982     21.443    -39.843     21.097
    -14.363    532.459    534.142   -635.024     21.513    -39.836     21.090
    -14.365    532.416    534.221   -635.066     21.583    -39.828     21.084
    -14.367    532.372    534.301   -635.108     21.653    -39.821     21.077
    -14.369    532.329    534.381   -635.150     21.723    -39.813     21.070
    -14.371    532.286    534.460   -635.192     21.793    -39.806     21.064
    -14.373    532.242    534.540   -635.235     21.863    -39.798     21.057
    -14.375    532.198    534.620   -635.277     21.933    -39.790     21.051
    -14.377    532.154    534.699   -635.319     22.003    -39.783     21.044
    -14.379    532.110    534.779   -635.361     22.073    -39.775     21.038
    -14.381    532.066    534.858   -635.403     22.143    -39.768     21.031
    -14.383    532.022    534.938   -635.445     22.213    -39.760     21.025
    -14.385    531.977    535.017   -635.487     22.283    -39.752     21.018
    -14.387    531.932    535.097   -635.529     22.354    -39.745     21.011
    -14.389    531.888    535.176   -635.571     22.424    -39.737     21.005
    -14.391    531.843    535.256   -635.613     22.494    -39.729     20.998
    -14.393    531.798    535.335   -635.655     22.564    -39.722     20.992
    -14.395    531.752    535.415   -635.697     22.634    -39.714     20.985
    -14.397    531.707    535.494   -635.739     22.704    -39.706     20.978
    -14.399    531.662    535.573   -635.781     22.775    -39.699     20.972
    -14.401    531.616    535.653   -635.823     22.845    -39.691     20.965
    -14.403    531.570    535.732   -635.865     22.915    -39.683     20.959
    -14.405    531.524    535.811   -635.907     22.985    -39.675     20.952
    -14.407    531.478    535.891   -635.949     23.056    -39.668     20.945
    -14.409    531.432    535.970   -635.991     23.126    -39.660     20.939
    -14.411    531.386    536.049   -636.032     23.196    -39.652     20.932
    -14.413    531.339    536.129   -636.074     23.267    -39.644     20.925
    -14.415    531.293    536.208   -636.116     23.337    -39.636     20.919
    -14.417    531.246    536.287   -636.158     23.408    -39.629     20.912
    -14.419    531.199    536.367   -636.200     23.478    -39.621     20.905
    -14.421    531.152    536.446   -636.242     23.548    -39.613     20.899
    -14.423    531.105    536.525   -636.283     23.619    -39.605     20.892
    -14.425    531.058    536.604   -636.325     23.689    -39.597     20.885
    -14.427    531.010    536.683   -636.367     23.760    -39.589     20.879
    -14.429    530.963    536.763   -636.409     23.830    -39.581     20.872
    -14.431    530.915    536.842   -636.450     23.901    -39.574     20.865
    -14.433    530.867    536.921   -636.492     23.971    -39.566     20.859
    -14.435    530.819    537.000   -636.534     24.042    -39.558     20.852
    -14.437    530.771    537.079   -636.575     24.113    -39.550     20.845
    -14.439    530.723    537.158   -636.617     24.183    -39.542     20.839
    -14.441    530.674    537.237   -636.659     24.254    -39.534     20.832
    -14.443    530.625    537.316   -636.700     24.324    -39.526     20.825
    -14.445    530.577    537.395   -636.742     24.395    -39.518     20.818
    -14.447    530.528    537.474   -636.784     24.466    -39.510     20.812
    -14.449    530.479    537.553   -636.825     24.537    -39.502     20.805
    -14.451    530.430    537.632   -636.867     24.607    -39.494     20.798
    -14.453    530.380    537.711   -636.909     24.678    -39.486     20.791
    -14.455    530.331    537.790   -636.950     24.749    -39.478     20.785
    -14.457    530.281    537.869   -636.992     24.820    -39.470     20.778
    -14.459    530.232    537.948   -637.033     24.890    -39.462     20.771
    -14.461    530.182    538.027   -637.075     24.961    -39.454     20.764
    -14.463    530.132    538.106   -637.116     25.032    -39.446     20.758
    -14.465    530.082    538.185   -637.158     25.103    -39.438     20.751
    -14.467    530.032    538.264   -637.199     25.174    -39.430     20.744
    -14.469    529.981    538.343   -637.241     25.245    -39.421     20.737
    -14.471    529.931    538.421   -637.282     25.316    -39.413     20.731
    -14.473    529.880    538.500   -637.324     25.387    -39.405     20.724
    -14.475    529.829    538.579   -637.365     25.458    -39.397     20.717
    -14.477    529.778    538.658   -637.407     25.529    -39.389     20.710
    -14.479    529.727    538.737   -637.448     25.600    -39.381     20.703
    -14.481    529.676    538.815   -637.489     25.671    -39.373     20.697
    -14.483    529.624    538.894   -637.531     25.742    -39.364     20.690
    -14.485    529.573    538.973   -637.572     25.813    -39.356     20.683
    -14.487    529.521    539.052   -637.614     25.884    -39.348     20.676
    -14.489    529.469    539.130   -637.655     25.955    -39.340     20.669
    -14.491    529.417    539.209   -637.696     26.026    -39.331     20.662
    -14.493    529.365    539.288   -637.738     26.097    -39.323     20.656
    -14.495    529.313    539.366   -637.779     26.168    -39.315     20.649
    -14.497    529.260    539.445   -637.820     26.240    -39.307     20.642
    -14.499    529.208    539.523   -637.861     26.311    -39.298     20.635
    -14.501    529.155    539.602   -637.903     26.382    -39.290     20.628
    -14.503    529.102    539.681   -637.944     26.453    -39.282     20.621
    -14.505    529.049    539.759   -637.985     26.525    -39.273     20.614
    -14.507    528.996    539.838   -638.026     26.596    -39.265     20.608
    -14.509    528.943    539.916   -638.068     26.667    -39.257     20.601
    -14.511    528.889    539.995   -638.109     26.739    -39.248     20.594
    -14.513    528.836    540.073   -638.150     26.810    -39.240     20.587
    -14.515    528.782    540.152   -638.191     26.881    -39.232     20.580
    -14.517    528.728    540.230   -638.232     26.953    -39.223     20.573
    -14.519    528.674    540.309   -638.273     27.024    -39.215     20.566
    -14.521    528.620    540.387   -638.315     27.096    -39.206     20.559
    -14.523    528.566    540.465   -638.356     27.167    -39.198     20.552
    -14.525    528.512    540.544   -638.397     27.239    -39.190     20.545
    -14.527    528.457    540.622   -638.438     27.310    -39.181     20.539
    -14.529    528.402    540.701   -638.479     27.382    -39.173     20.532
    -14.531    528.348    540.779   -638.520     27.453    -39.164     20.525
    -14.533    528.293    540.857   -638.561     27.525    -39.156     20.518
    -14.535    528.237    540.935   -638.602     27.597    -39.147     20.511
    -14.537    528.182    541.014   -638.643     27.668    -39.139     20.504
    -14.539    528.127    541.092   -638.684     27.740    -39.130     20.497
    -14.541    528.071    541.170   -638.725     27.812    -39.122     20.490
    -14.543    528.016    541.249   -638.766     27.883    -39.113     20.483
    -14.545    527.960    541.327   -638.807     27.955    -39.105     20.476
    -14.547    527.904    541.405   -638.848     28.027    -39.096     20.469
    -14.549    527.848    541.483   -638.889     28.099    -39.087     20.462
    -14.551    527.791    541.561   -638.930     28.171    -39.079     20.455
    -14.553    527.735    541.639   -638.971     28.242    -39.070     20.448
    -14.555    527.678    541.718   -639.012     28.314    -39.062     20.441
    -14.557    527.622    541.796   -639.052     28.386    -39.053     20.434
    -14.559    527.565    541.874   -639.093     28.458    -39.044     20.427
    -14.561    527.508    541.952   -639.134     28.530    -39.036     20.420
    -14.563    527.451    542.030   -639.175     28.602    -39.027     20.413
    -14.565    527.393    542.108   -639.216     28.674    -39.018     20.406
    -14.567    527.336    542.186   -639.257     28.746    -39.010     20.399
    -14.569    527.278    542.264   -639.297     28.818    -39.001     20.392
    -14.571    527.221    542.342   -639.338     28.890    -38.992     20.385
    -14.573    527.163    542.420   -639.379     28.962    -38.983     20.378
    -14.575    527.105    542.498   -639.420     29.034    -38.975     20.371
    -14.577    527.047    542.576   -639.460     29.106    -38.966     20.364
    -14.579    526.988    542.654   -639.501     29.178    -38.957     20.357
    -14.581    526.930    542.732   -639.542     29.251    -38.948     20.350
    -14.583    526.871    542.810   -639.583     29.323    -38.940     20.342
    -14.585    526.813    542.887   -639.623     29.395    -38.931     20.335
    -14.587    526.754    542.965   -639.664     29.467    -38.922     20.328
    -14.589    526.695    543.043   -639.705     29.539    -38.913     20.321
    -14.591    526.636    543.121   -639.745     29.612    -38.904     20.314
    -14.593    526.576    543.199   -639.786     29.684    -38.895     20.307
    -14.595    526.517    543.277   -639.826     29.756    -38.887     20.300
    -14.597    526.457    543.354   -639.867     29.829    -38.878     20.293
    -14.599    526.398    543.432   -639.908     29.901    -38.869     20.286
    -14.601    526.338    543.510   -639.948     29.974    -38.860     20.279
    -14.603    526.278    543.588   -639.989     30.046    -38.851     20.271
    -14.605    526.218    543.665   -640.029     30.118    -38.842     20.264
    -14.607    526.157    543.743   -640.070     30.191    -38.833     20.257
    -14.609    526.097    543.821   -640.110     30.263    -38.824     20.250
    -14.611    526.036    543.898   -640.151     30.336    -38.815     20.243
    -14.613    525.975    543.976   -640.191     30.409    -38.806     20.236
    -14.615    525.915    544.053   -640.232     30.481    -38.797     20.229
    -14.617    525.854    544.131   -640.272     30.554    -38.788     20.221
    -14.619    525.792    544.209   -640.313     30.626    -38.779     20.214
    -14.621    525.731    544.286   -640.353     30.699    -38.770     20.207
    -14.623    525.670    544.364   -640.393     30.772    -38.761     20.200
    -14.625    525.608    544.441   -640.434     30.845    -38.752     20.193
    -14.627    525.546    544.519   -640.474     30.917    -38.743     20.185
    -14.629    525.484    544.596   -640.514     30.990    -38.734     20.178
    -14.631    525.422    544.674   -640.555     31.063    -38.725     20.171
    -14.633    525.360    544.751   -640.595     31.136    -38.716     20.164
    -14.635    525.298    544.828   -640.636     31.209    -38.706     20.157
    -14.637    525.235    544.906   -640.676     31.281    -38.697     20.149
    -14.639    525.173    544.983   -640.716     31.354    -38.688     20.142
    -14.641    525.110    545.061   -640.756     31.427    -38.679     20.135
    -14.643    525.047    545.138   -640.797     31.500    -38.670     20.128
    -14.645    524.984    545.215   -640.837     31.573    -38.661     20.120
    -14.647    524.921    545.293   -640.877     31.646    -38.651     20.113
    -14.649    524.857    545.370   -640.917     31.719    -38.642     20.106
    -14.651    524.794    545.447   -640.958     31.792    -38.633     20.099
    -14.653    524.730    545.524   -640.998     31.865    -38.624     20.091
    -14.655    524.666    545.602   -641.038     31.938    -38.615     20.084
    -14.657    524.602    545.679   -641.078     32.012    -38.605     20.077
    -14.659    524.538    545.756   -641.118     32.085    -38.596     20.070
    -14.661    524.474    545.833   -641.158     32.158    -38.587     20.062
    -14.663    524.410    545.910   -641.198     32.231    -38.577     20.055
    -14.665    524.345    545.988   -641.239     32.304    -38.568     20.048
    -14.667    524.280    546.065   -641.279     32.378    -38.559     20.040
    -14.669    524.216    546.142   -641.319     32.451    -38.549     20.033
    -14.671    524.151    546.219   -641.359     32.524    -38.540     20.026
    -14.673    524.085    546.296   -641.399     32.598    -38.531     20.018
    -14.675    524.020    546.373   -641.439     32.671    -38.521     20.011
    -14.677    523.955    546.450   -641.479     32.745    -38.512     20.004
    -14.679    523.889    546.527   -641.519     32.818    -38.502     19.996
    -14.681    523.823    546.604   -641.559     32.892    -38.493     19.989
    -14.683    523.758    546.681   -641.599     32.965    -38.483     19.982
    -14.685    523.692    546.758   -641.639     33.039    -38.474     19.974
    -14.687    523.625    546.835   -641.679     33.112    -38.465     19.967
    -14.689    523.559    546.912   -641.719     33.186    -38.455     19.960
    -14.691    523.493    546.989   -641.759     33.259    -38.446     19.952
    -14.693    523.426    547.066   -641.798     33.333    -38.436     19.945
    -14.695    523.359    547.142   -641.838     33.407    -38.427     19.937
    -14.697    523.292    547.219   -641.878     33.480    -38.417     19.930
    -14.699    523.225    547.296   -641.918     33.554    -38.407     19.923
    -14.701    523.158    547.373   -641.958     33.628    -38.398     19.915
    -14.703    523.091    547.450   -641.998     33.702    -38.388     19.908
    -14.705    523.023    547.527   -642.038     33.775    -38.379     19.900
    -14.707    522.956    547.603   -642.077     33.849    -38.369     19.893
    -14.709    522.888    547.680   -642.117     33.923    -38.359     19.886
    -14.711    522.820    547.757   -642.157     33.997    -38.350     19.878
    -14.713    522.752    547.833   -642.197     34.071    -38.340     19.871
    -14.715    522.684    547.910   -642.236     34.145    -38.330     19.863
    -14.717    522.616    547.987   -642.276     34.219    -38.321     19.856
    -14.719    522.547    548.063   -642.316     34.293    -38.311     19.848
    -14.721    522.478    548.140   -642.355     34.367    -38.301     19.841
    -14.723    522.410    548.217   -642.395     34.441    -38.292     19.833
    -14.725    522.341    548.293   -642.435     34.515    -38.282     19.826
    -14.727    522.271    548.370   -642.474     34.589    -38.272     19.818
    -14.729    522.202    548.446   -642.514     34.664    -38.262     19.811
    -14.731    522.133    548.523   -642.554     34.738    -38.253     19.803
    -14.733    522.063    548.599   -642.593     34.812    -38.243     19.796
    -14.735    521.994    548.676   -642.633     34.886    -38.233     19.788
    -14.737    521.924    548.752   -642.672     34.961    -38.223     19.781
    -14.739    521.854    548.829   -642.712     35.035    -38.213     19.773
    -14.741    521.784    548.905   -642.752     35.109    -38.204     19.766
    -14.743    521.713    548.981   -642.791     35.184    -38.194     19.758
    -14.745    521.643    549.058   -642.831     35.258    -38.184     19.751
    -14.747    521.572    549.134   -642.870     35.333    -38.174     19.743
    -14.749    521.502    549.210   -642.910     35.407    -38.164     19.736
    -14.751    521.431    549.287   -642.949     35.482    -38.154     19.728
    -14.753    521.360    549.363   -642.988     35.556    -38.144     19.720
    -14.755    521.288    549.439   -643.028     35.631    -38.134     19.713
    -14.757    521.217    549.516   -643.067     35.705    -38.124     19.705
    -14.759    521.146    549.592   -643.107     35.780    -38.114     19.698
    -14.761    521.074    549.668   -643.146     35.855    -38.104     19.690
    -14.763    521.002    549.744   -643.185     35.929    -38.094     19.683
    -14.765    520.930    549.820   -643.225     36.004    -38.084     19.675
    -14.767    520.858    549.897   -643.264     36.079    -38.074     19.667
    -14.769    520.786    549.973   -643.303     36.154    -38.064     19.660
    -14.771    520.714    550.049   -643.343     36.228    -38.054     19.652
    -14.773    520.641    550.125   -643.382     36.303    -38.044     19.644
    -14.775    520.568    550.201   -643.421     36.378    -38.034     19.637
    -14.777    520.495    550.277   -643.461     36.453    -38.024     19.629
    -14.779    520.423    550.353   -643.500     36.528    -38.014     19.622
    -14.781    520.349    550.429   -643.539     36.603    -38.003     19.614
    -14.783    520.276    550.505   -643.578     36.678    -37.993     19.606
    -14.785    520.203    550.581   -643.618     36.753    -37.983     19.599
    -14.787    520.129    550.657   -643.657     36.828    -37.973     19.591
    -14.789    520.055    550.733   -643.696     36.903    -37.963     19.583
    -14.791    519.981    550.809   -643.735     36.978    -37.953     19.576
    -14.793    519.907    550.885   -643.774     37.054    -37.942     19.568
    -14.795    519.833    550.961   -643.813     37.129    -37.932     19.560
    -14.797    519.759    551.037   -643.852     37.204    -37.922     19.552
    -14.799    519.684    551.112   -643.892     37.279    -37.912     19.545
    -14.801    519.610    551.188   -643.931     37.355    -37.901     19.537
    -14.803    519.535    551.264   -643.970     37.430    -37.891     19.529
    -14.805    519.460    551.340   -644.009     37.505    -37.881     19.522
    -14.807    519.385    551.416   -644.048     37.581    -37.870     19.514
    -14.809    519.310    551.491   -644.087     37.656    -37.860     19.506
    -14.811    519.234    551.567   -644.126     37.732    -37.850     19.498
    -14.813    519.159    551.643   -644.165     37.807    -37.839     19.491
    -14.815    519.083    551.718   -644.204     37.883    -37.829     19.483
    -14.817    519.007    551.794   -644.243     37.958    -37.818     19.475
    -14.819    518.931    551.870   -644.282     38.034    -37.808     19.467
    -14.821    518.855    551.945   -644.321     38.110    -37.797     19.459
    -14.823    518.779    552.021   -644.360     38.185    -37.787     19.452
    -14.825    518.702    552.096   -644.398     38.261    -37.777     19.444
    -14.827    518.626    552.172   -644.437     38.337    -37.766     19.436
    -14.829    518.549    552.247   -644.476     38.413    -37.756     19.428
    -14.831    518.472    552.323   -644.515     38.488    -37.745     19.420
    -14.833    518.395    552.398   -644.554     38.564    -37.734     19.413
    -14.835    518.318    552.474   -644.593     38.640    -37.724     19.405
    -14.837    518.241    552.549   -644.631     38.716    -37.713     19.397
    -14.839    518.163    552.625   -644.670     38.792    -37.703     19.389
    -14.841    518.085    552.700   -644.709     38.868    -37.692     19.381
    -14.843    518.008    552.775   -644.748     38.944    -37.682     19.373
    -14.845    517.930    552.851   -644.787     39.020    -37.671     19.365
    -14.847    517.851    552.926   -644.825     39.096    -37.660     19.358
    -14.849    517.773    553.001   -644.864     39.172    -37.650     19.350
    -14.851    517.695    553.077   -644.903     39.248    -37.639     19.342
    -14.853    517.616    553.152   -644.941     39.325    -37.628     19.334
    -14.855    517.538    553.227   -644.980     39.401    -37.618     19.326
    -14.857    517.459    553.303   -645.019     39.477    -37.607     19.318
    -14.859    517.380    553.378   -645.057     39.553    -37.596     19.310
    -14.861    517.300    553.453   -645.096     39.630    -37.585     19.302
    -14.863    517.221    553.528   -645.134     39.706    -37.575     19.294
    -14.865    517.142    553.603   -645.173     39.783    -37.564     19.286
    -14.867    517.062    553.678   -645.212     39.859    -37.553     19.279
    -14.869    516.982    553.753   -645.250     39.936    -37.542     19.271
    -14.871    516.902    553.828   -645.289     40.012    -37.531     19.263
    -14.873    516.822    553.904   -645.327     40.089    -37.520     19.255
    -14.875    516.742    553.979   -645.366     40.165    -37.510     19.247
    -14.877    516.661    554.054   -645.404     40.242    -37.499     19.239
    -14.879    516.581    554.129   -645.443     40.318    -37.488     19.231
    -14.881    516.500    554.204   -645.481     40.395    -37.477     19.223
    -14.883    516.419    554.278   -645.520     40.472    -37.466     19.215
    -14.885    516.338    554.353   -645.558     40.549    -37.455     19.207
    -14.887    516.257    554.428   -645.596     40.626    -37.444     19.199
    -14.889    516.176    554.503   -645.635     40.702    -37.433     19.191
    -14.891    516.094    554.578   -645.673     40.779    -37.422     19.183
    -14.893    516.013    554.653   -645.711     40.856    -37.411     19.175
    -14.895    515.931    554.728   -645.750     40.933    -37.400     19.167
    -14.897    515.849    554.802   -645.788     41.010    -37.389     19.159
    -14.899    515.767    554.877   -645.826     41.087    -37.378     19.151
    -14.901    515.685    554.952   -645.865     41.164    -37.367     19.142
    -14.903    515.602    555.027   -645.903     41.241    -37.356     19.134
    -14.905    515.520    555.101   -645.941     41.319    -37.345     19.126
    -14.907    515.437    555.176   -645.980     41.396    -37.333     19.118
    -14.909    515.354    555.251   -646.018     41.473    -37.322     19.110
    -14.911    515.271    555.325   -646.056     41.550    -37.311     19.102
    -14.913    515.188    555.400   -646.094     41.628    -37.300     19.094
    -14.915    515.105    555.475   -646.132     41.705    -37.289     19.086
    -14.917    515.021    555.549   -646.171     41.782    -37.278     19.078
    -14.919    514.937    555.624   -646.209     41.860    -37.266     19.070
    -14.921    514.854    555.698   -646.247     41.937    -37.255     19.062
    -14.923    514.770    555.773   -646.285     42.015    -37.244     19.053
    -14.925    514.686    555.847   -646.323     42.092    -37.233     19.045
    -14.927    514.601    555.922   -646.361     42.170    -37.221     19.037
    -14.929    514.517    555.996   -646.399     42.247    -37.210     19.029
    -14.931    514.432    556.070   -646.437     42.325    -37.199     19.021
    -14.933    514.348    556.145   -646.475     42.403    -37.187     19.013
    -14.935    514.263    556.219   -646.513     42.480    -37.176     19.004
    -14.937    514.178    556.294   -646.551     42.558    -37.164     18.996
    -14.939    514.092    556.368   -646.589     42.636    -37.153     18.988
    -14.941    514.007    556.442   -646.627     42.714    -37.142     18.980
    -14.943    513.922    556.516   -646.665     42.792    -37.130     18.972
    -14.945    513.836    556.591   -646.703     42.870    -37.119     18.963
    -14.947    513.750    556.665   -646.741     42.948    -37.107     18.955
    -14.949    513.664    556.739   -646.779     43.026    -37.096     18.947
    -14.951    513.578    556.813   -646.817     43.104    -37.084     18.939
    -14.953    513.492    556.887   -646.855     43.182    -37.073     18.930
    -14.955    513.405    556.962   -646.893     43.260    -37.061     18.922
    -14.957    513.319    557.036   -646.930     43.338    -37.050     18.914
    -14.959    513.232    557.110   -646.968     43.416    -37.038     18.906
    -14.961    513.145    557.184   -647.006     43.495    -37.026     18.897
    -14.963    513.058    557.258   -647.044     43.573    -37.015     18.889
    -14.965    512.971    557.332   -647.082     43.651    -37.003     18.881
    -14.967    512.883    557.406   -647.119     43.730    -36.992     18.873
    -14.969    512.796    557.480   -647.157     43.808    -36.980     18.864
    -14.971    512.708    557.554   -647.195     43.886    -36.968     18.856
    -14.973    512.620    557.628   -647.232     43.965    -36.957     18.848
    -14.975    512.532    557.702   -647.270     44.043    -36.945     18.839
    -14.977    512.444    557.776   -647.308     44.122    -36.933     18.831
    -14.979    512.356    557.849   -647.345     44.201    -36.921     18.823
    -14.981    512.267    557.923   -647.383     44.279    -36.910     18.814
    -14.983    512.179    557.997   -647.421     44.358    -36.898     18.806
    -14.985    512.090    558.071   -647.458     44.437    -36.886     18.798
    -14.987    512.001    558.145   -647.496     44.516    -36.874     18.789
    -14.989    511.912    558.218   -647.533     44.594    -36.862     18.781
    -14.991    511.823    558.292   -647.571     44.673    -36.850     18.772
    -14.993    511.733    558.366   -647.609     44.752    -36.839     18.764
    -14.995    511.643    558.439   -647.646     44.831    -36.827     18.756
    -14.997    511.554    558.513   -647.684     44.910    -36.815     18.747
    -14.999    511.464    558.587   -647.721     44.989    -36.803     18.739
    -15.001    511.374    558.660   -647.759     45.068    -36.791     18.730
